"id","company_id","snapshot_id","taxonomy","concept","unit","ordinal","value","value_state","start_date","end_date","accession","filed_date","form","fiscal_year","fiscal_period","frame","native_path","native_json","concept_json"
"[""companyfacts-0000320193"",""us-gaap"",""CashAndCashEquivalentsAtCarryingValue"",""USD"",""217""]","0000320193","companyfacts-0000320193","us-gaap","CashAndCashEquivalentsAtCarryingValue","USD","217","29943000000","present","\N","2024-09-28","0000320193-25-000079","2025-10-31","10-K","2025","FY","CY2024Q3I","/facts/us-gaap/CashAndCashEquivalentsAtCarryingValue/units/USD/217","{""end"":""2024-09-28"",""val"":29943000000,""accn"":""0000320193-25-000079"",""fy"":2025,""fp"":""FY"",""form"":""10-K"",""filed"":""2025-10-31"",""frame"":""CY2024Q3I""}","{""label"":""Cash and Cash Equivalents, at Carrying Value"",""description"":""Amount of currency on hand as well as demand deposits with banks or financial institutions. Includes other kinds of accounts that have the general characteristics of demand deposits. Also includes short-term, highly liquid investments that are both readily convertible to known amounts of cash and so near their maturity that they present insignificant risk of changes in value because of changes in interest rates. Excludes cash and cash equivalents within disposal group and discontinued operation.""}"
"[""companyfacts-0000320193"",""us-gaap"",""CashAndCashEquivalentsAtCarryingValue"",""USD"",""221""]","0000320193","companyfacts-0000320193","us-gaap","CashAndCashEquivalentsAtCarryingValue","USD","221","35934000000","present","\N","2025-09-27","0000320193-25-000079","2025-10-31","10-K","2025","FY","\N","/facts/us-gaap/CashAndCashEquivalentsAtCarryingValue/units/USD/221","{""end"":""2025-09-27"",""val"":35934000000,""accn"":""0000320193-25-000079"",""fy"":2025,""fp"":""FY"",""form"":""10-K"",""filed"":""2025-10-31""}","{""label"":""Cash and Cash Equivalents, at Carrying Value"",""description"":""Amount of currency on hand as well as demand deposits with banks or financial institutions. Includes other kinds of accounts that have the general characteristics of demand deposits. Also includes short-term, highly liquid investments that are both readily convertible to known amounts of cash and so near their maturity that they present insignificant risk of changes in value because of changes in interest rates. Excludes cash and cash equivalents within disposal group and discontinued operation.""}"
"[""companyfacts-0000320193"",""us-gaap"",""CashAndCashEquivalentsAtCarryingValue"",""USD"",""222""]","0000320193","companyfacts-0000320193","us-gaap","CashAndCashEquivalentsAtCarryingValue","USD","222","35934000000","present","\N","2025-09-27","0000320193-26-000006","2026-01-30","10-Q","2026","Q1","\N","/facts/us-gaap/CashAndCashEquivalentsAtCarryingValue/units/USD/222","{""end"":""2025-09-27"",""val"":35934000000,""accn"":""0000320193-26-000006"",""fy"":2026,""fp"":""Q1"",""form"":""10-Q"",""filed"":""2026-01-30""}","{""label"":""Cash and Cash Equivalents, at Carrying Value"",""description"":""Amount of currency on hand as well as demand deposits with banks or financial institutions. Includes other kinds of accounts that have the general characteristics of demand deposits. Also includes short-term, highly liquid investments that are both readily convertible to known amounts of cash and so near their maturity that they present insignificant risk of changes in value because of changes in interest rates. Excludes cash and cash equivalents within disposal group and discontinued operation.""}"
"[""companyfacts-0000320193"",""us-gaap"",""CashAndCashEquivalentsAtCarryingValue"",""USD"",""223""]","0000320193","companyfacts-0000320193","us-gaap","CashAndCashEquivalentsAtCarryingValue","USD","223","35934000000","present","\N","2025-09-27","0000320193-26-000013","2026-05-01","10-Q","2026","Q2","\N","/facts/us-gaap/CashAndCashEquivalentsAtCarryingValue/units/USD/223","{""end"":""2025-09-27"",""val"":35934000000,""accn"":""0000320193-26-000013"",""fy"":2026,""fp"":""Q2"",""form"":""10-Q"",""filed"":""2026-05-01""}","{""label"":""Cash and Cash Equivalents, at Carrying Value"",""description"":""Amount of currency on hand as well as demand deposits with banks or financial institutions. Includes other kinds of accounts that have the general characteristics of demand deposits. Also includes short-term, highly liquid investments that are both readily convertible to known amounts of cash and so near their maturity that they present insignificant risk of changes in value because of changes in interest rates. Excludes cash and cash equivalents within disposal group and discontinued operation.""}"
"[""companyfacts-0000320193"",""us-gaap"",""CashAndCashEquivalentsAtCarryingValue"",""USD"",""224""]","0000320193","companyfacts-0000320193","us-gaap","CashAndCashEquivalentsAtCarryingValue","USD","224","35934000000","present","\N","2025-09-27","0000320193-26-000020","2026-07-31","10-Q","2026","Q3","CY2025Q3I","/facts/us-gaap/CashAndCashEquivalentsAtCarryingValue/units/USD/224","{""end"":""2025-09-27"",""val"":35934000000,""accn"":""0000320193-26-000020"",""fy"":2026,""fp"":""Q3"",""form"":""10-Q"",""filed"":""2026-07-31"",""frame"":""CY2025Q3I""}","{""label"":""Cash and Cash Equivalents, at Carrying Value"",""description"":""Amount of currency on hand as well as demand deposits with banks or financial institutions. Includes other kinds of accounts that have the general characteristics of demand deposits. Also includes short-term, highly liquid investments that are both readily convertible to known amounts of cash and so near their maturity that they present insignificant risk of changes in value because of changes in interest rates. Excludes cash and cash equivalents within disposal group and discontinued operation.""}"
"[""companyfacts-0000320193"",""us-gaap"",""CashAndCashEquivalentsAtCarryingValue"",""USD"",""225""]","0000320193","companyfacts-0000320193","us-gaap","CashAndCashEquivalentsAtCarryingValue","USD","225","45317000000","present","\N","2025-12-27","0000320193-26-000006","2026-01-30","10-Q","2026","Q1","CY2025Q4I","/facts/us-gaap/CashAndCashEquivalentsAtCarryingValue/units/USD/225","{""end"":""2025-12-27"",""val"":45317000000,""accn"":""0000320193-26-000006"",""fy"":2026,""fp"":""Q1"",""form"":""10-Q"",""filed"":""2026-01-30"",""frame"":""CY2025Q4I""}","{""label"":""Cash and Cash Equivalents, at Carrying Value"",""description"":""Amount of currency on hand as well as demand deposits with banks or financial institutions. Includes other kinds of accounts that have the general characteristics of demand deposits. Also includes short-term, highly liquid investments that are both readily convertible to known amounts of cash and so near their maturity that they present insignificant risk of changes in value because of changes in interest rates. Excludes cash and cash equivalents within disposal group and discontinued operation.""}"
"[""companyfacts-0000320193"",""us-gaap"",""CashAndCashEquivalentsAtCarryingValue"",""USD"",""226""]","0000320193","companyfacts-0000320193","us-gaap","CashAndCashEquivalentsAtCarryingValue","USD","226","45572000000","present","\N","2026-03-28","0000320193-26-000013","2026-05-01","10-Q","2026","Q2","CY2026Q1I","/facts/us-gaap/CashAndCashEquivalentsAtCarryingValue/units/USD/226","{""end"":""2026-03-28"",""val"":45572000000,""accn"":""0000320193-26-000013"",""fy"":2026,""fp"":""Q2"",""form"":""10-Q"",""filed"":""2026-05-01"",""frame"":""CY2026Q1I""}","{""label"":""Cash and Cash Equivalents, at Carrying Value"",""description"":""Amount of currency on hand as well as demand deposits with banks or financial institutions. Includes other kinds of accounts that have the general characteristics of demand deposits. Also includes short-term, highly liquid investments that are both readily convertible to known amounts of cash and so near their maturity that they present insignificant risk of changes in value because of changes in interest rates. Excludes cash and cash equivalents within disposal group and discontinued operation.""}"
"[""companyfacts-0000320193"",""us-gaap"",""CashAndCashEquivalentsAtCarryingValue"",""USD"",""227""]","0000320193","companyfacts-0000320193","us-gaap","CashAndCashEquivalentsAtCarryingValue","USD","227","39544000000","present","\N","2026-06-27","0000320193-26-000020","2026-07-31","10-Q","2026","Q3","CY2026Q2I","/facts/us-gaap/CashAndCashEquivalentsAtCarryingValue/units/USD/227","{""end"":""2026-06-27"",""val"":39544000000,""accn"":""0000320193-26-000020"",""fy"":2026,""fp"":""Q3"",""form"":""10-Q"",""filed"":""2026-07-31"",""frame"":""CY2026Q2I""}","{""label"":""Cash and Cash Equivalents, at Carrying Value"",""description"":""Amount of currency on hand as well as demand deposits with banks or financial institutions. Includes other kinds of accounts that have the general characteristics of demand deposits. Also includes short-term, highly liquid investments that are both readily convertible to known amounts of cash and so near their maturity that they present insignificant risk of changes in value because of changes in interest rates. Excludes cash and cash equivalents within disposal group and discontinued operation.""}"
"[""companyfacts-0000320193"",""us-gaap"",""LongTermDebtCurrent"",""USD"",""79""]","0000320193","companyfacts-0000320193","us-gaap","LongTermDebtCurrent","USD","79","10912000000","present","\N","2024-09-28","0000320193-25-000079","2025-10-31","10-K","2025","FY","CY2024Q3I","/facts/us-gaap/LongTermDebtCurrent/units/USD/79","{""end"":""2024-09-28"",""val"":10912000000,""accn"":""0000320193-25-000079"",""fy"":2025,""fp"":""FY"",""form"":""10-K"",""filed"":""2025-10-31"",""frame"":""CY2024Q3I""}","{""label"":""Long-term Debt, Current Maturities"",""description"":""Amount, after unamortized (discount) premium and debt issuance costs, of long-term debt, classified as current. Includes, but not limited to, notes payable, bonds payable, debentures, mortgage loans and commercial paper. Excludes capital lease obligations.""}"
"[""companyfacts-0000320193"",""us-gaap"",""LongTermDebtCurrent"",""USD"",""83""]","0000320193","companyfacts-0000320193","us-gaap","LongTermDebtCurrent","USD","83","12350000000","present","\N","2025-09-27","0000320193-25-000079","2025-10-31","10-K","2025","FY","\N","/facts/us-gaap/LongTermDebtCurrent/units/USD/83","{""end"":""2025-09-27"",""val"":12350000000,""accn"":""0000320193-25-000079"",""fy"":2025,""fp"":""FY"",""form"":""10-K"",""filed"":""2025-10-31""}","{""label"":""Long-term Debt, Current Maturities"",""description"":""Amount, after unamortized (discount) premium and debt issuance costs, of long-term debt, classified as current. Includes, but not limited to, notes payable, bonds payable, debentures, mortgage loans and commercial paper. Excludes capital lease obligations.""}"
"[""companyfacts-0000320193"",""us-gaap"",""LongTermDebtCurrent"",""USD"",""84""]","0000320193","companyfacts-0000320193","us-gaap","LongTermDebtCurrent","USD","84","12350000000","present","\N","2025-09-27","0000320193-26-000006","2026-01-30","10-Q","2026","Q1","\N","/facts/us-gaap/LongTermDebtCurrent/units/USD/84","{""end"":""2025-09-27"",""val"":12350000000,""accn"":""0000320193-26-000006"",""fy"":2026,""fp"":""Q1"",""form"":""10-Q"",""filed"":""2026-01-30""}","{""label"":""Long-term Debt, Current Maturities"",""description"":""Amount, after unamortized (discount) premium and debt issuance costs, of long-term debt, classified as current. Includes, but not limited to, notes payable, bonds payable, debentures, mortgage loans and commercial paper. Excludes capital lease obligations.""}"
"[""companyfacts-0000320193"",""us-gaap"",""LongTermDebtCurrent"",""USD"",""85""]","0000320193","companyfacts-0000320193","us-gaap","LongTermDebtCurrent","USD","85","12350000000","present","\N","2025-09-27","0000320193-26-000013","2026-05-01","10-Q","2026","Q2","\N","/facts/us-gaap/LongTermDebtCurrent/units/USD/85","{""end"":""2025-09-27"",""val"":12350000000,""accn"":""0000320193-26-000013"",""fy"":2026,""fp"":""Q2"",""form"":""10-Q"",""filed"":""2026-05-01""}","{""label"":""Long-term Debt, Current Maturities"",""description"":""Amount, after unamortized (discount) premium and debt issuance costs, of long-term debt, classified as current. Includes, but not limited to, notes payable, bonds payable, debentures, mortgage loans and commercial paper. Excludes capital lease obligations.""}"
"[""companyfacts-0000320193"",""us-gaap"",""LongTermDebtCurrent"",""USD"",""86""]","0000320193","companyfacts-0000320193","us-gaap","LongTermDebtCurrent","USD","86","12350000000","present","\N","2025-09-27","0000320193-26-000020","2026-07-31","10-Q","2026","Q3","CY2025Q3I","/facts/us-gaap/LongTermDebtCurrent/units/USD/86","{""end"":""2025-09-27"",""val"":12350000000,""accn"":""0000320193-26-000020"",""fy"":2026,""fp"":""Q3"",""form"":""10-Q"",""filed"":""2026-07-31"",""frame"":""CY2025Q3I""}","{""label"":""Long-term Debt, Current Maturities"",""description"":""Amount, after unamortized (discount) premium and debt issuance costs, of long-term debt, classified as current. Includes, but not limited to, notes payable, bonds payable, debentures, mortgage loans and commercial paper. Excludes capital lease obligations.""}"
"[""companyfacts-0000320193"",""us-gaap"",""LongTermDebtCurrent"",""USD"",""87""]","0000320193","companyfacts-0000320193","us-gaap","LongTermDebtCurrent","USD","87","11827000000","present","\N","2025-12-27","0000320193-26-000006","2026-01-30","10-Q","2026","Q1","CY2025Q4I","/facts/us-gaap/LongTermDebtCurrent/units/USD/87","{""end"":""2025-12-27"",""val"":11827000000,""accn"":""0000320193-26-000006"",""fy"":2026,""fp"":""Q1"",""form"":""10-Q"",""filed"":""2026-01-30"",""frame"":""CY2025Q4I""}","{""label"":""Long-term Debt, Current Maturities"",""description"":""Amount, after unamortized (discount) premium and debt issuance costs, of long-term debt, classified as current. Includes, but not limited to, notes payable, bonds payable, debentures, mortgage loans and commercial paper. Excludes capital lease obligations.""}"
"[""companyfacts-0000320193"",""us-gaap"",""LongTermDebtCurrent"",""USD"",""88""]","0000320193","companyfacts-0000320193","us-gaap","LongTermDebtCurrent","USD","88","8310000000","present","\N","2026-03-28","0000320193-26-000013","2026-05-01","10-Q","2026","Q2","CY2026Q1I","/facts/us-gaap/LongTermDebtCurrent/units/USD/88","{""end"":""2026-03-28"",""val"":8310000000,""accn"":""0000320193-26-000013"",""fy"":2026,""fp"":""Q2"",""form"":""10-Q"",""filed"":""2026-05-01"",""frame"":""CY2026Q1I""}","{""label"":""Long-term Debt, Current Maturities"",""description"":""Amount, after unamortized (discount) premium and debt issuance costs, of long-term debt, classified as current. Includes, but not limited to, notes payable, bonds payable, debentures, mortgage loans and commercial paper. Excludes capital lease obligations.""}"
"[""companyfacts-0000320193"",""us-gaap"",""LongTermDebtCurrent"",""USD"",""89""]","0000320193","companyfacts-0000320193","us-gaap","LongTermDebtCurrent","USD","89","11007000000","present","\N","2026-06-27","0000320193-26-000020","2026-07-31","10-Q","2026","Q3","CY2026Q2I","/facts/us-gaap/LongTermDebtCurrent/units/USD/89","{""end"":""2026-06-27"",""val"":11007000000,""accn"":""0000320193-26-000020"",""fy"":2026,""fp"":""Q3"",""form"":""10-Q"",""filed"":""2026-07-31"",""frame"":""CY2026Q2I""}","{""label"":""Long-term Debt, Current Maturities"",""description"":""Amount, after unamortized (discount) premium and debt issuance costs, of long-term debt, classified as current. Includes, but not limited to, notes payable, bonds payable, debentures, mortgage loans and commercial paper. Excludes capital lease obligations.""}"
"[""companyfacts-0000320193"",""us-gaap"",""LongTermDebtNoncurrent"",""USD"",""79""]","0000320193","companyfacts-0000320193","us-gaap","LongTermDebtNoncurrent","USD","79","85750000000","present","\N","2024-09-28","0000320193-25-000079","2025-10-31","10-K","2025","FY","CY2024Q3I","/facts/us-gaap/LongTermDebtNoncurrent/units/USD/79","{""end"":""2024-09-28"",""val"":85750000000,""accn"":""0000320193-25-000079"",""fy"":2025,""fp"":""FY"",""form"":""10-K"",""filed"":""2025-10-31"",""frame"":""CY2024Q3I""}","{""label"":""Long-term Debt, Excluding Current Maturities"",""description"":""Amount after unamortized (discount) premium and debt issuance costs of long-term debt classified as noncurrent and excluding amounts to be repaid within one year or the normal operating cycle, if longer. Includes, but not limited to, notes payable, bonds payable, debentures, mortgage loans and commercial paper. Excludes capital lease obligations.""}"
"[""companyfacts-0000320193"",""us-gaap"",""LongTermDebtNoncurrent"",""USD"",""83""]","0000320193","companyfacts-0000320193","us-gaap","LongTermDebtNoncurrent","USD","83","78328000000","present","\N","2025-09-27","0000320193-25-000079","2025-10-31","10-K","2025","FY","\N","/facts/us-gaap/LongTermDebtNoncurrent/units/USD/83","{""end"":""2025-09-27"",""val"":78328000000,""accn"":""0000320193-25-000079"",""fy"":2025,""fp"":""FY"",""form"":""10-K"",""filed"":""2025-10-31""}","{""label"":""Long-term Debt, Excluding Current Maturities"",""description"":""Amount after unamortized (discount) premium and debt issuance costs of long-term debt classified as noncurrent and excluding amounts to be repaid within one year or the normal operating cycle, if longer. Includes, but not limited to, notes payable, bonds payable, debentures, mortgage loans and commercial paper. Excludes capital lease obligations.""}"
"[""companyfacts-0000320193"",""us-gaap"",""LongTermDebtNoncurrent"",""USD"",""84""]","0000320193","companyfacts-0000320193","us-gaap","LongTermDebtNoncurrent","USD","84","78328000000","present","\N","2025-09-27","0000320193-26-000006","2026-01-30","10-Q","2026","Q1","\N","/facts/us-gaap/LongTermDebtNoncurrent/units/USD/84","{""end"":""2025-09-27"",""val"":78328000000,""accn"":""0000320193-26-000006"",""fy"":2026,""fp"":""Q1"",""form"":""10-Q"",""filed"":""2026-01-30""}","{""label"":""Long-term Debt, Excluding Current Maturities"",""description"":""Amount after unamortized (discount) premium and debt issuance costs of long-term debt classified as noncurrent and excluding amounts to be repaid within one year or the normal operating cycle, if longer. Includes, but not limited to, notes payable, bonds payable, debentures, mortgage loans and commercial paper. Excludes capital lease obligations.""}"
"[""companyfacts-0000320193"",""us-gaap"",""LongTermDebtNoncurrent"",""USD"",""85""]","0000320193","companyfacts-0000320193","us-gaap","LongTermDebtNoncurrent","USD","85","78328000000","present","\N","2025-09-27","0000320193-26-000013","2026-05-01","10-Q","2026","Q2","\N","/facts/us-gaap/LongTermDebtNoncurrent/units/USD/85","{""end"":""2025-09-27"",""val"":78328000000,""accn"":""0000320193-26-000013"",""fy"":2026,""fp"":""Q2"",""form"":""10-Q"",""filed"":""2026-05-01""}","{""label"":""Long-term Debt, Excluding Current Maturities"",""description"":""Amount after unamortized (discount) premium and debt issuance costs of long-term debt classified as noncurrent and excluding amounts to be repaid within one year or the normal operating cycle, if longer. Includes, but not limited to, notes payable, bonds payable, debentures, mortgage loans and commercial paper. Excludes capital lease obligations.""}"
"[""companyfacts-0000320193"",""us-gaap"",""LongTermDebtNoncurrent"",""USD"",""86""]","0000320193","companyfacts-0000320193","us-gaap","LongTermDebtNoncurrent","USD","86","78328000000","present","\N","2025-09-27","0000320193-26-000020","2026-07-31","10-Q","2026","Q3","CY2025Q3I","/facts/us-gaap/LongTermDebtNoncurrent/units/USD/86","{""end"":""2025-09-27"",""val"":78328000000,""accn"":""0000320193-26-000020"",""fy"":2026,""fp"":""Q3"",""form"":""10-Q"",""filed"":""2026-07-31"",""frame"":""CY2025Q3I""}","{""label"":""Long-term Debt, Excluding Current Maturities"",""description"":""Amount after unamortized (discount) premium and debt issuance costs of long-term debt classified as noncurrent and excluding amounts to be repaid within one year or the normal operating cycle, if longer. Includes, but not limited to, notes payable, bonds payable, debentures, mortgage loans and commercial paper. Excludes capital lease obligations.""}"
"[""companyfacts-0000320193"",""us-gaap"",""LongTermDebtNoncurrent"",""USD"",""87""]","0000320193","companyfacts-0000320193","us-gaap","LongTermDebtNoncurrent","USD","87","76685000000","present","\N","2025-12-27","0000320193-26-000006","2026-01-30","10-Q","2026","Q1","CY2025Q4I","/facts/us-gaap/LongTermDebtNoncurrent/units/USD/87","{""end"":""2025-12-27"",""val"":76685000000,""accn"":""0000320193-26-000006"",""fy"":2026,""fp"":""Q1"",""form"":""10-Q"",""filed"":""2026-01-30"",""frame"":""CY2025Q4I""}","{""label"":""Long-term Debt, Excluding Current Maturities"",""description"":""Amount after unamortized (discount) premium and debt issuance costs of long-term debt classified as noncurrent and excluding amounts to be repaid within one year or the normal operating cycle, if longer. Includes, but not limited to, notes payable, bonds payable, debentures, mortgage loans and commercial paper. Excludes capital lease obligations.""}"
"[""companyfacts-0000320193"",""us-gaap"",""LongTermDebtNoncurrent"",""USD"",""88""]","0000320193","companyfacts-0000320193","us-gaap","LongTermDebtNoncurrent","USD","88","74404000000","present","\N","2026-03-28","0000320193-26-000013","2026-05-01","10-Q","2026","Q2","CY2026Q1I","/facts/us-gaap/LongTermDebtNoncurrent/units/USD/88","{""end"":""2026-03-28"",""val"":74404000000,""accn"":""0000320193-26-000013"",""fy"":2026,""fp"":""Q2"",""form"":""10-Q"",""filed"":""2026-05-01"",""frame"":""CY2026Q1I""}","{""label"":""Long-term Debt, Excluding Current Maturities"",""description"":""Amount after unamortized (discount) premium and debt issuance costs of long-term debt classified as noncurrent and excluding amounts to be repaid within one year or the normal operating cycle, if longer. Includes, but not limited to, notes payable, bonds payable, debentures, mortgage loans and commercial paper. Excludes capital lease obligations.""}"
"[""companyfacts-0000320193"",""us-gaap"",""LongTermDebtNoncurrent"",""USD"",""89""]","0000320193","companyfacts-0000320193","us-gaap","LongTermDebtNoncurrent","USD","89","71340000000","present","\N","2026-06-27","0000320193-26-000020","2026-07-31","10-Q","2026","Q3","CY2026Q2I","/facts/us-gaap/LongTermDebtNoncurrent/units/USD/89","{""end"":""2026-06-27"",""val"":71340000000,""accn"":""0000320193-26-000020"",""fy"":2026,""fp"":""Q3"",""form"":""10-Q"",""filed"":""2026-07-31"",""frame"":""CY2026Q2I""}","{""label"":""Long-term Debt, Excluding Current Maturities"",""description"":""Amount after unamortized (discount) premium and debt issuance costs of long-term debt classified as noncurrent and excluding amounts to be repaid within one year or the normal operating cycle, if longer. Includes, but not limited to, notes payable, bonds payable, debentures, mortgage loans and commercial paper. Excludes capital lease obligations.""}"
"[""companyfacts-0000320193"",""us-gaap"",""RevenueFromContractWithCustomerExcludingAssessedTax"",""USD"",""88""]","0000320193","companyfacts-0000320193","us-gaap","RevenueFromContractWithCustomerExcludingAssessedTax","USD","88","383285000000","present","2022-09-25","2023-09-30","0000320193-25-000079","2025-10-31","10-K","2025","FY","CY2023","/facts/us-gaap/RevenueFromContractWithCustomerExcludingAssessedTax/units/USD/88","{""start"":""2022-09-25"",""end"":""2023-09-30"",""val"":383285000000,""accn"":""0000320193-25-000079"",""fy"":2025,""fp"":""FY"",""form"":""10-K"",""filed"":""2025-10-31"",""frame"":""CY2023""}","{""label"":""Revenue from Contract with Customer, Excluding Assessed Tax"",""description"":""Amount, excluding tax collected from customer, of revenue from satisfaction of performance obligation by transferring promised good or service to customer. Tax collected from customer is tax assessed by governmental authority that is both imposed on and concurrent with specific revenue-producing transaction, including, but not limited to, sales, use, value added and excise.""}"
"[""companyfacts-0000320193"",""us-gaap"",""RevenueFromContractWithCustomerExcludingAssessedTax"",""USD"",""100""]","0000320193","companyfacts-0000320193","us-gaap","RevenueFromContractWithCustomerExcludingAssessedTax","USD","100","391035000000","present","2023-10-01","2024-09-28","0000320193-25-000079","2025-10-31","10-K","2025","FY","CY2024","/facts/us-gaap/RevenueFromContractWithCustomerExcludingAssessedTax/units/USD/100","{""start"":""2023-10-01"",""end"":""2024-09-28"",""val"":391035000000,""accn"":""0000320193-25-000079"",""fy"":2025,""fp"":""FY"",""form"":""10-K"",""filed"":""2025-10-31"",""frame"":""CY2024""}","{""label"":""Revenue from Contract with Customer, Excluding Assessed Tax"",""description"":""Amount, excluding tax collected from customer, of revenue from satisfaction of performance obligation by transferring promised good or service to customer. Tax collected from customer is tax assessed by governmental authority that is both imposed on and concurrent with specific revenue-producing transaction, including, but not limited to, sales, use, value added and excise.""}"
"[""companyfacts-0000320193"",""us-gaap"",""RevenueFromContractWithCustomerExcludingAssessedTax"",""USD"",""102""]","0000320193","companyfacts-0000320193","us-gaap","RevenueFromContractWithCustomerExcludingAssessedTax","USD","102","124300000000","present","2024-09-29","2024-12-28","0000320193-26-000006","2026-01-30","10-Q","2026","Q1","CY2024Q4","/facts/us-gaap/RevenueFromContractWithCustomerExcludingAssessedTax/units/USD/102","{""start"":""2024-09-29"",""end"":""2024-12-28"",""val"":124300000000,""accn"":""0000320193-26-000006"",""fy"":2026,""fp"":""Q1"",""form"":""10-Q"",""filed"":""2026-01-30"",""frame"":""CY2024Q4""}","{""label"":""Revenue from Contract with Customer, Excluding Assessed Tax"",""description"":""Amount, excluding tax collected from customer, of revenue from satisfaction of performance obligation by transferring promised good or service to customer. Tax collected from customer is tax assessed by governmental authority that is both imposed on and concurrent with specific revenue-producing transaction, including, but not limited to, sales, use, value added and excise.""}"
"[""companyfacts-0000320193"",""us-gaap"",""RevenueFromContractWithCustomerExcludingAssessedTax"",""USD"",""104""]","0000320193","companyfacts-0000320193","us-gaap","RevenueFromContractWithCustomerExcludingAssessedTax","USD","104","219659000000","present","2024-09-29","2025-03-29","0000320193-26-000013","2026-05-01","10-Q","2026","Q2","\N","/facts/us-gaap/RevenueFromContractWithCustomerExcludingAssessedTax/units/USD/104","{""start"":""2024-09-29"",""end"":""2025-03-29"",""val"":219659000000,""accn"":""0000320193-26-000013"",""fy"":2026,""fp"":""Q2"",""form"":""10-Q"",""filed"":""2026-05-01""}","{""label"":""Revenue from Contract with Customer, Excluding Assessed Tax"",""description"":""Amount, excluding tax collected from customer, of revenue from satisfaction of performance obligation by transferring promised good or service to customer. Tax collected from customer is tax assessed by governmental authority that is both imposed on and concurrent with specific revenue-producing transaction, including, but not limited to, sales, use, value added and excise.""}"
"[""companyfacts-0000320193"",""us-gaap"",""RevenueFromContractWithCustomerExcludingAssessedTax"",""USD"",""106""]","0000320193","companyfacts-0000320193","us-gaap","RevenueFromContractWithCustomerExcludingAssessedTax","USD","106","95359000000","present","2024-12-29","2025-03-29","0000320193-26-000013","2026-05-01","10-Q","2026","Q2","CY2025Q1","/facts/us-gaap/RevenueFromContractWithCustomerExcludingAssessedTax/units/USD/106","{""start"":""2024-12-29"",""end"":""2025-03-29"",""val"":95359000000,""accn"":""0000320193-26-000013"",""fy"":2026,""fp"":""Q2"",""form"":""10-Q"",""filed"":""2026-05-01"",""frame"":""CY2025Q1""}","{""label"":""Revenue from Contract with Customer, Excluding Assessed Tax"",""description"":""Amount, excluding tax collected from customer, of revenue from satisfaction of performance obligation by transferring promised good or service to customer. Tax collected from customer is tax assessed by governmental authority that is both imposed on and concurrent with specific revenue-producing transaction, including, but not limited to, sales, use, value added and excise.""}"
"[""companyfacts-0000320193"",""us-gaap"",""RevenueFromContractWithCustomerExcludingAssessedTax"",""USD"",""108""]","0000320193","companyfacts-0000320193","us-gaap","RevenueFromContractWithCustomerExcludingAssessedTax","USD","108","313695000000","present","2024-09-29","2025-06-28","0000320193-26-000020","2026-07-31","10-Q","2026","Q3","\N","/facts/us-gaap/RevenueFromContractWithCustomerExcludingAssessedTax/units/USD/108","{""start"":""2024-09-29"",""end"":""2025-06-28"",""val"":313695000000,""accn"":""0000320193-26-000020"",""fy"":2026,""fp"":""Q3"",""form"":""10-Q"",""filed"":""2026-07-31""}","{""label"":""Revenue from Contract with Customer, Excluding Assessed Tax"",""description"":""Amount, excluding tax collected from customer, of revenue from satisfaction of performance obligation by transferring promised good or service to customer. Tax collected from customer is tax assessed by governmental authority that is both imposed on and concurrent with specific revenue-producing transaction, including, but not limited to, sales, use, value added and excise.""}"
"[""companyfacts-0000320193"",""us-gaap"",""RevenueFromContractWithCustomerExcludingAssessedTax"",""USD"",""110""]","0000320193","companyfacts-0000320193","us-gaap","RevenueFromContractWithCustomerExcludingAssessedTax","USD","110","94036000000","present","2025-03-30","2025-06-28","0000320193-26-000020","2026-07-31","10-Q","2026","Q3","CY2025Q2","/facts/us-gaap/RevenueFromContractWithCustomerExcludingAssessedTax/units/USD/110","{""start"":""2025-03-30"",""end"":""2025-06-28"",""val"":94036000000,""accn"":""0000320193-26-000020"",""fy"":2026,""fp"":""Q3"",""form"":""10-Q"",""filed"":""2026-07-31"",""frame"":""CY2025Q2""}","{""label"":""Revenue from Contract with Customer, Excluding Assessed Tax"",""description"":""Amount, excluding tax collected from customer, of revenue from satisfaction of performance obligation by transferring promised good or service to customer. Tax collected from customer is tax assessed by governmental authority that is both imposed on and concurrent with specific revenue-producing transaction, including, but not limited to, sales, use, value added and excise.""}"
"[""companyfacts-0000320193"",""us-gaap"",""RevenueFromContractWithCustomerExcludingAssessedTax"",""USD"",""111""]","0000320193","companyfacts-0000320193","us-gaap","RevenueFromContractWithCustomerExcludingAssessedTax","USD","111","416161000000","present","2024-09-29","2025-09-27","0000320193-25-000079","2025-10-31","10-K","2025","FY","CY2025","/facts/us-gaap/RevenueFromContractWithCustomerExcludingAssessedTax/units/USD/111","{""start"":""2024-09-29"",""end"":""2025-09-27"",""val"":416161000000,""accn"":""0000320193-25-000079"",""fy"":2025,""fp"":""FY"",""form"":""10-K"",""filed"":""2025-10-31"",""frame"":""CY2025""}","{""label"":""Revenue from Contract with Customer, Excluding Assessed Tax"",""description"":""Amount, excluding tax collected from customer, of revenue from satisfaction of performance obligation by transferring promised good or service to customer. Tax collected from customer is tax assessed by governmental authority that is both imposed on and concurrent with specific revenue-producing transaction, including, but not limited to, sales, use, value added and excise.""}"
"[""companyfacts-0000320193"",""us-gaap"",""RevenueFromContractWithCustomerExcludingAssessedTax"",""USD"",""112""]","0000320193","companyfacts-0000320193","us-gaap","RevenueFromContractWithCustomerExcludingAssessedTax","USD","112","143756000000","present","2025-09-28","2025-12-27","0000320193-26-000006","2026-01-30","10-Q","2026","Q1","CY2025Q4","/facts/us-gaap/RevenueFromContractWithCustomerExcludingAssessedTax/units/USD/112","{""start"":""2025-09-28"",""end"":""2025-12-27"",""val"":143756000000,""accn"":""0000320193-26-000006"",""fy"":2026,""fp"":""Q1"",""form"":""10-Q"",""filed"":""2026-01-30"",""frame"":""CY2025Q4""}","{""label"":""Revenue from Contract with Customer, Excluding Assessed Tax"",""description"":""Amount, excluding tax collected from customer, of revenue from satisfaction of performance obligation by transferring promised good or service to customer. Tax collected from customer is tax assessed by governmental authority that is both imposed on and concurrent with specific revenue-producing transaction, including, but not limited to, sales, use, value added and excise.""}"
"[""companyfacts-0000320193"",""us-gaap"",""RevenueFromContractWithCustomerExcludingAssessedTax"",""USD"",""113""]","0000320193","companyfacts-0000320193","us-gaap","RevenueFromContractWithCustomerExcludingAssessedTax","USD","113","254940000000","present","2025-09-28","2026-03-28","0000320193-26-000013","2026-05-01","10-Q","2026","Q2","\N","/facts/us-gaap/RevenueFromContractWithCustomerExcludingAssessedTax/units/USD/113","{""start"":""2025-09-28"",""end"":""2026-03-28"",""val"":254940000000,""accn"":""0000320193-26-000013"",""fy"":2026,""fp"":""Q2"",""form"":""10-Q"",""filed"":""2026-05-01""}","{""label"":""Revenue from Contract with Customer, Excluding Assessed Tax"",""description"":""Amount, excluding tax collected from customer, of revenue from satisfaction of performance obligation by transferring promised good or service to customer. Tax collected from customer is tax assessed by governmental authority that is both imposed on and concurrent with specific revenue-producing transaction, including, but not limited to, sales, use, value added and excise.""}"
"[""companyfacts-0000320193"",""us-gaap"",""RevenueFromContractWithCustomerExcludingAssessedTax"",""USD"",""114""]","0000320193","companyfacts-0000320193","us-gaap","RevenueFromContractWithCustomerExcludingAssessedTax","USD","114","111184000000","present","2025-12-28","2026-03-28","0000320193-26-000013","2026-05-01","10-Q","2026","Q2","CY2026Q1","/facts/us-gaap/RevenueFromContractWithCustomerExcludingAssessedTax/units/USD/114","{""start"":""2025-12-28"",""end"":""2026-03-28"",""val"":111184000000,""accn"":""0000320193-26-000013"",""fy"":2026,""fp"":""Q2"",""form"":""10-Q"",""filed"":""2026-05-01"",""frame"":""CY2026Q1""}","{""label"":""Revenue from Contract with Customer, Excluding Assessed Tax"",""description"":""Amount, excluding tax collected from customer, of revenue from satisfaction of performance obligation by transferring promised good or service to customer. Tax collected from customer is tax assessed by governmental authority that is both imposed on and concurrent with specific revenue-producing transaction, including, but not limited to, sales, use, value added and excise.""}"
"[""companyfacts-0000320193"",""us-gaap"",""RevenueFromContractWithCustomerExcludingAssessedTax"",""USD"",""115""]","0000320193","companyfacts-0000320193","us-gaap","RevenueFromContractWithCustomerExcludingAssessedTax","USD","115","364357000000","present","2025-09-28","2026-06-27","0000320193-26-000020","2026-07-31","10-Q","2026","Q3","\N","/facts/us-gaap/RevenueFromContractWithCustomerExcludingAssessedTax/units/USD/115","{""start"":""2025-09-28"",""end"":""2026-06-27"",""val"":364357000000,""accn"":""0000320193-26-000020"",""fy"":2026,""fp"":""Q3"",""form"":""10-Q"",""filed"":""2026-07-31""}","{""label"":""Revenue from Contract with Customer, Excluding Assessed Tax"",""description"":""Amount, excluding tax collected from customer, of revenue from satisfaction of performance obligation by transferring promised good or service to customer. Tax collected from customer is tax assessed by governmental authority that is both imposed on and concurrent with specific revenue-producing transaction, including, but not limited to, sales, use, value added and excise.""}"
"[""companyfacts-0000320193"",""us-gaap"",""RevenueFromContractWithCustomerExcludingAssessedTax"",""USD"",""116""]","0000320193","companyfacts-0000320193","us-gaap","RevenueFromContractWithCustomerExcludingAssessedTax","USD","116","109417000000","present","2026-03-29","2026-06-27","0000320193-26-000020","2026-07-31","10-Q","2026","Q3","CY2026Q2","/facts/us-gaap/RevenueFromContractWithCustomerExcludingAssessedTax/units/USD/116","{""start"":""2026-03-29"",""end"":""2026-06-27"",""val"":109417000000,""accn"":""0000320193-26-000020"",""fy"":2026,""fp"":""Q3"",""form"":""10-Q"",""filed"":""2026-07-31"",""frame"":""CY2026Q2""}","{""label"":""Revenue from Contract with Customer, Excluding Assessed Tax"",""description"":""Amount, excluding tax collected from customer, of revenue from satisfaction of performance obligation by transferring promised good or service to customer. Tax collected from customer is tax assessed by governmental authority that is both imposed on and concurrent with specific revenue-producing transaction, including, but not limited to, sales, use, value added and excise.""}"
"[""companyfacts-0000789019"",""us-gaap"",""CashAndCashEquivalentsAtCarryingValue"",""USD"",""258""]","0000789019","companyfacts-0000789019","us-gaap","CashAndCashEquivalentsAtCarryingValue","USD","258","30242000000","present","\N","2025-06-30","0001193125-25-256321","2025-10-29","10-Q","2026","Q1","\N","/facts/us-gaap/CashAndCashEquivalentsAtCarryingValue/units/USD/258","{""end"":""2025-06-30"",""val"":30242000000,""accn"":""0001193125-25-256321"",""fy"":2026,""fp"":""Q1"",""form"":""10-Q"",""filed"":""2025-10-29""}","{""label"":""Cash and Cash Equivalents, at Carrying Value"",""description"":""Amount of currency on hand as well as demand deposits with banks or financial institutions. Includes other kinds of accounts that have the general characteristics of demand deposits. Also includes short-term, highly liquid investments that are both readily convertible to known amounts of cash and so near their maturity that they present insignificant risk of changes in value because of changes in interest rates. Excludes cash and cash equivalents within disposal group and discontinued operation.""}"
"[""companyfacts-0000789019"",""us-gaap"",""CashAndCashEquivalentsAtCarryingValue"",""USD"",""259""]","0000789019","companyfacts-0000789019","us-gaap","CashAndCashEquivalentsAtCarryingValue","USD","259","30242000000","present","\N","2025-06-30","0001193125-26-027207","2026-01-28","10-Q","2026","Q2","\N","/facts/us-gaap/CashAndCashEquivalentsAtCarryingValue/units/USD/259","{""end"":""2025-06-30"",""val"":30242000000,""accn"":""0001193125-26-027207"",""fy"":2026,""fp"":""Q2"",""form"":""10-Q"",""filed"":""2026-01-28""}","{""label"":""Cash and Cash Equivalents, at Carrying Value"",""description"":""Amount of currency on hand as well as demand deposits with banks or financial institutions. Includes other kinds of accounts that have the general characteristics of demand deposits. Also includes short-term, highly liquid investments that are both readily convertible to known amounts of cash and so near their maturity that they present insignificant risk of changes in value because of changes in interest rates. Excludes cash and cash equivalents within disposal group and discontinued operation.""}"
"[""companyfacts-0000789019"",""us-gaap"",""CashAndCashEquivalentsAtCarryingValue"",""USD"",""260""]","0000789019","companyfacts-0000789019","us-gaap","CashAndCashEquivalentsAtCarryingValue","USD","260","30242000000","present","\N","2025-06-30","0001193125-26-191507","2026-04-29","10-Q","2026","Q3","\N","/facts/us-gaap/CashAndCashEquivalentsAtCarryingValue/units/USD/260","{""end"":""2025-06-30"",""val"":30242000000,""accn"":""0001193125-26-191507"",""fy"":2026,""fp"":""Q3"",""form"":""10-Q"",""filed"":""2026-04-29""}","{""label"":""Cash and Cash Equivalents, at Carrying Value"",""description"":""Amount of currency on hand as well as demand deposits with banks or financial institutions. Includes other kinds of accounts that have the general characteristics of demand deposits. Also includes short-term, highly liquid investments that are both readily convertible to known amounts of cash and so near their maturity that they present insignificant risk of changes in value because of changes in interest rates. Excludes cash and cash equivalents within disposal group and discontinued operation.""}"
"[""companyfacts-0000789019"",""us-gaap"",""CashAndCashEquivalentsAtCarryingValue"",""USD"",""261""]","0000789019","companyfacts-0000789019","us-gaap","CashAndCashEquivalentsAtCarryingValue","USD","261","30242000000","present","\N","2025-06-30","0001193125-26-323660","2026-07-29","10-K","2026","FY","CY2025Q2I","/facts/us-gaap/CashAndCashEquivalentsAtCarryingValue/units/USD/261","{""end"":""2025-06-30"",""val"":30242000000,""accn"":""0001193125-26-323660"",""fy"":2026,""fp"":""FY"",""form"":""10-K"",""filed"":""2026-07-29"",""frame"":""CY2025Q2I""}","{""label"":""Cash and Cash Equivalents, at Carrying Value"",""description"":""Amount of currency on hand as well as demand deposits with banks or financial institutions. Includes other kinds of accounts that have the general characteristics of demand deposits. Also includes short-term, highly liquid investments that are both readily convertible to known amounts of cash and so near their maturity that they present insignificant risk of changes in value because of changes in interest rates. Excludes cash and cash equivalents within disposal group and discontinued operation.""}"
"[""companyfacts-0000789019"",""us-gaap"",""CashAndCashEquivalentsAtCarryingValue"",""USD"",""262""]","0000789019","companyfacts-0000789019","us-gaap","CashAndCashEquivalentsAtCarryingValue","USD","262","28849000000","present","\N","2025-09-30","0001193125-25-256321","2025-10-29","10-Q","2026","Q1","CY2025Q3I","/facts/us-gaap/CashAndCashEquivalentsAtCarryingValue/units/USD/262","{""end"":""2025-09-30"",""val"":28849000000,""accn"":""0001193125-25-256321"",""fy"":2026,""fp"":""Q1"",""form"":""10-Q"",""filed"":""2025-10-29"",""frame"":""CY2025Q3I""}","{""label"":""Cash and Cash Equivalents, at Carrying Value"",""description"":""Amount of currency on hand as well as demand deposits with banks or financial institutions. Includes other kinds of accounts that have the general characteristics of demand deposits. Also includes short-term, highly liquid investments that are both readily convertible to known amounts of cash and so near their maturity that they present insignificant risk of changes in value because of changes in interest rates. Excludes cash and cash equivalents within disposal group and discontinued operation.""}"
"[""companyfacts-0000789019"",""us-gaap"",""CashAndCashEquivalentsAtCarryingValue"",""USD"",""263""]","0000789019","companyfacts-0000789019","us-gaap","CashAndCashEquivalentsAtCarryingValue","USD","263","24296000000","present","\N","2025-12-31","0001193125-26-027207","2026-01-28","10-Q","2026","Q2","CY2025Q4I","/facts/us-gaap/CashAndCashEquivalentsAtCarryingValue/units/USD/263","{""end"":""2025-12-31"",""val"":24296000000,""accn"":""0001193125-26-027207"",""fy"":2026,""fp"":""Q2"",""form"":""10-Q"",""filed"":""2026-01-28"",""frame"":""CY2025Q4I""}","{""label"":""Cash and Cash Equivalents, at Carrying Value"",""description"":""Amount of currency on hand as well as demand deposits with banks or financial institutions. Includes other kinds of accounts that have the general characteristics of demand deposits. Also includes short-term, highly liquid investments that are both readily convertible to known amounts of cash and so near their maturity that they present insignificant risk of changes in value because of changes in interest rates. Excludes cash and cash equivalents within disposal group and discontinued operation.""}"
"[""companyfacts-0000789019"",""us-gaap"",""CashAndCashEquivalentsAtCarryingValue"",""USD"",""264""]","0000789019","companyfacts-0000789019","us-gaap","CashAndCashEquivalentsAtCarryingValue","USD","264","32105000000","present","\N","2026-03-31","0001193125-26-191507","2026-04-29","10-Q","2026","Q3","CY2026Q1I","/facts/us-gaap/CashAndCashEquivalentsAtCarryingValue/units/USD/264","{""end"":""2026-03-31"",""val"":32105000000,""accn"":""0001193125-26-191507"",""fy"":2026,""fp"":""Q3"",""form"":""10-Q"",""filed"":""2026-04-29"",""frame"":""CY2026Q1I""}","{""label"":""Cash and Cash Equivalents, at Carrying Value"",""description"":""Amount of currency on hand as well as demand deposits with banks or financial institutions. Includes other kinds of accounts that have the general characteristics of demand deposits. Also includes short-term, highly liquid investments that are both readily convertible to known amounts of cash and so near their maturity that they present insignificant risk of changes in value because of changes in interest rates. Excludes cash and cash equivalents within disposal group and discontinued operation.""}"
"[""companyfacts-0000789019"",""us-gaap"",""CashAndCashEquivalentsAtCarryingValue"",""USD"",""265""]","0000789019","companyfacts-0000789019","us-gaap","CashAndCashEquivalentsAtCarryingValue","USD","265","20935000000","present","\N","2026-06-30","0001193125-26-323660","2026-07-29","10-K","2026","FY","CY2026Q2I","/facts/us-gaap/CashAndCashEquivalentsAtCarryingValue/units/USD/265","{""end"":""2026-06-30"",""val"":20935000000,""accn"":""0001193125-26-323660"",""fy"":2026,""fp"":""FY"",""form"":""10-K"",""filed"":""2026-07-29"",""frame"":""CY2026Q2I""}","{""label"":""Cash and Cash Equivalents, at Carrying Value"",""description"":""Amount of currency on hand as well as demand deposits with banks or financial institutions. Includes other kinds of accounts that have the general characteristics of demand deposits. Also includes short-term, highly liquid investments that are both readily convertible to known amounts of cash and so near their maturity that they present insignificant risk of changes in value because of changes in interest rates. Excludes cash and cash equivalents within disposal group and discontinued operation.""}"
"[""companyfacts-0000789019"",""us-gaap"",""LongTermDebtCurrent"",""USD"",""108""]","0000789019","companyfacts-0000789019","us-gaap","LongTermDebtCurrent","USD","108","2999000000","present","\N","2025-06-30","0001193125-25-256321","2025-10-29","10-Q","2026","Q1","\N","/facts/us-gaap/LongTermDebtCurrent/units/USD/108","{""end"":""2025-06-30"",""val"":2999000000,""accn"":""0001193125-25-256321"",""fy"":2026,""fp"":""Q1"",""form"":""10-Q"",""filed"":""2025-10-29""}","{""label"":""Long-term Debt, Current Maturities"",""description"":""Amount, after unamortized (discount) premium and debt issuance costs, of long-term debt, classified as current. Includes, but not limited to, notes payable, bonds payable, debentures, mortgage loans and commercial paper. Excludes capital lease obligations.""}"
"[""companyfacts-0000789019"",""us-gaap"",""LongTermDebtCurrent"",""USD"",""109""]","0000789019","companyfacts-0000789019","us-gaap","LongTermDebtCurrent","USD","109","2999000000","present","\N","2025-06-30","0001193125-26-027207","2026-01-28","10-Q","2026","Q2","\N","/facts/us-gaap/LongTermDebtCurrent/units/USD/109","{""end"":""2025-06-30"",""val"":2999000000,""accn"":""0001193125-26-027207"",""fy"":2026,""fp"":""Q2"",""form"":""10-Q"",""filed"":""2026-01-28""}","{""label"":""Long-term Debt, Current Maturities"",""description"":""Amount, after unamortized (discount) premium and debt issuance costs, of long-term debt, classified as current. Includes, but not limited to, notes payable, bonds payable, debentures, mortgage loans and commercial paper. Excludes capital lease obligations.""}"
"[""companyfacts-0000789019"",""us-gaap"",""LongTermDebtCurrent"",""USD"",""110""]","0000789019","companyfacts-0000789019","us-gaap","LongTermDebtCurrent","USD","110","2999000000","present","\N","2025-06-30","0001193125-26-191507","2026-04-29","10-Q","2026","Q3","\N","/facts/us-gaap/LongTermDebtCurrent/units/USD/110","{""end"":""2025-06-30"",""val"":2999000000,""accn"":""0001193125-26-191507"",""fy"":2026,""fp"":""Q3"",""form"":""10-Q"",""filed"":""2026-04-29""}","{""label"":""Long-term Debt, Current Maturities"",""description"":""Amount, after unamortized (discount) premium and debt issuance costs, of long-term debt, classified as current. Includes, but not limited to, notes payable, bonds payable, debentures, mortgage loans and commercial paper. Excludes capital lease obligations.""}"
"[""companyfacts-0000789019"",""us-gaap"",""LongTermDebtCurrent"",""USD"",""111""]","0000789019","companyfacts-0000789019","us-gaap","LongTermDebtCurrent","USD","111","2999000000","present","\N","2025-06-30","0001193125-26-323660","2026-07-29","10-K","2026","FY","CY2025Q2I","/facts/us-gaap/LongTermDebtCurrent/units/USD/111","{""end"":""2025-06-30"",""val"":2999000000,""accn"":""0001193125-26-323660"",""fy"":2026,""fp"":""FY"",""form"":""10-K"",""filed"":""2026-07-29"",""frame"":""CY2025Q2I""}","{""label"":""Long-term Debt, Current Maturities"",""description"":""Amount, after unamortized (discount) premium and debt issuance costs, of long-term debt, classified as current. Includes, but not limited to, notes payable, bonds payable, debentures, mortgage loans and commercial paper. Excludes capital lease obligations.""}"
"[""companyfacts-0000789019"",""us-gaap"",""LongTermDebtCurrent"",""USD"",""112""]","0000789019","companyfacts-0000789019","us-gaap","LongTermDebtCurrent","USD","112","7832000000","present","\N","2025-09-30","0001193125-25-256321","2025-10-29","10-Q","2026","Q1","CY2025Q3I","/facts/us-gaap/LongTermDebtCurrent/units/USD/112","{""end"":""2025-09-30"",""val"":7832000000,""accn"":""0001193125-25-256321"",""fy"":2026,""fp"":""Q1"",""form"":""10-Q"",""filed"":""2025-10-29"",""frame"":""CY2025Q3I""}","{""label"":""Long-term Debt, Current Maturities"",""description"":""Amount, after unamortized (discount) premium and debt issuance costs, of long-term debt, classified as current. Includes, but not limited to, notes payable, bonds payable, debentures, mortgage loans and commercial paper. Excludes capital lease obligations.""}"
"[""companyfacts-0000789019"",""us-gaap"",""LongTermDebtCurrent"",""USD"",""113""]","0000789019","companyfacts-0000789019","us-gaap","LongTermDebtCurrent","USD","113","4837000000","present","\N","2025-12-31","0001193125-26-027207","2026-01-28","10-Q","2026","Q2","CY2025Q4I","/facts/us-gaap/LongTermDebtCurrent/units/USD/113","{""end"":""2025-12-31"",""val"":4837000000,""accn"":""0001193125-26-027207"",""fy"":2026,""fp"":""Q2"",""form"":""10-Q"",""filed"":""2026-01-28"",""frame"":""CY2025Q4I""}","{""label"":""Long-term Debt, Current Maturities"",""description"":""Amount, after unamortized (discount) premium and debt issuance costs, of long-term debt, classified as current. Includes, but not limited to, notes payable, bonds payable, debentures, mortgage loans and commercial paper. Excludes capital lease obligations.""}"
"[""companyfacts-0000789019"",""us-gaap"",""LongTermDebtCurrent"",""USD"",""114""]","0000789019","companyfacts-0000789019","us-gaap","LongTermDebtCurrent","USD","114","8839000000","present","\N","2026-03-31","0001193125-26-191507","2026-04-29","10-Q","2026","Q3","CY2026Q1I","/facts/us-gaap/LongTermDebtCurrent/units/USD/114","{""end"":""2026-03-31"",""val"":8839000000,""accn"":""0001193125-26-191507"",""fy"":2026,""fp"":""Q3"",""form"":""10-Q"",""filed"":""2026-04-29"",""frame"":""CY2026Q1I""}","{""label"":""Long-term Debt, Current Maturities"",""description"":""Amount, after unamortized (discount) premium and debt issuance costs, of long-term debt, classified as current. Includes, but not limited to, notes payable, bonds payable, debentures, mortgage loans and commercial paper. Excludes capital lease obligations.""}"
"[""companyfacts-0000789019"",""us-gaap"",""LongTermDebtCurrent"",""USD"",""115""]","0000789019","companyfacts-0000789019","us-gaap","LongTermDebtCurrent","USD","115","9227000000","present","\N","2026-06-30","0001193125-26-323660","2026-07-29","10-K","2026","FY","CY2026Q2I","/facts/us-gaap/LongTermDebtCurrent/units/USD/115","{""end"":""2026-06-30"",""val"":9227000000,""accn"":""0001193125-26-323660"",""fy"":2026,""fp"":""FY"",""form"":""10-K"",""filed"":""2026-07-29"",""frame"":""CY2026Q2I""}","{""label"":""Long-term Debt, Current Maturities"",""description"":""Amount, after unamortized (discount) premium and debt issuance costs, of long-term debt, classified as current. Includes, but not limited to, notes payable, bonds payable, debentures, mortgage loans and commercial paper. Excludes capital lease obligations.""}"
"[""companyfacts-0000789019"",""us-gaap"",""LongTermDebtNoncurrent"",""USD"",""134""]","0000789019","companyfacts-0000789019","us-gaap","LongTermDebtNoncurrent","USD","134","40152000000","present","\N","2025-06-30","0001193125-25-256321","2025-10-29","10-Q","2026","Q1","\N","/facts/us-gaap/LongTermDebtNoncurrent/units/USD/134","{""end"":""2025-06-30"",""val"":40152000000,""accn"":""0001193125-25-256321"",""fy"":2026,""fp"":""Q1"",""form"":""10-Q"",""filed"":""2025-10-29""}","{""label"":""Long-term Debt, Excluding Current Maturities"",""description"":""Amount after unamortized (discount) premium and debt issuance costs of long-term debt classified as noncurrent and excluding amounts to be repaid within one year or the normal operating cycle, if longer. Includes, but not limited to, notes payable, bonds payable, debentures, mortgage loans and commercial paper. Excludes capital lease obligations.""}"
"[""companyfacts-0000789019"",""us-gaap"",""LongTermDebtNoncurrent"",""USD"",""135""]","0000789019","companyfacts-0000789019","us-gaap","LongTermDebtNoncurrent","USD","135","40152000000","present","\N","2025-06-30","0001193125-26-027207","2026-01-28","10-Q","2026","Q2","\N","/facts/us-gaap/LongTermDebtNoncurrent/units/USD/135","{""end"":""2025-06-30"",""val"":40152000000,""accn"":""0001193125-26-027207"",""fy"":2026,""fp"":""Q2"",""form"":""10-Q"",""filed"":""2026-01-28""}","{""label"":""Long-term Debt, Excluding Current Maturities"",""description"":""Amount after unamortized (discount) premium and debt issuance costs of long-term debt classified as noncurrent and excluding amounts to be repaid within one year or the normal operating cycle, if longer. Includes, but not limited to, notes payable, bonds payable, debentures, mortgage loans and commercial paper. Excludes capital lease obligations.""}"
"[""companyfacts-0000789019"",""us-gaap"",""LongTermDebtNoncurrent"",""USD"",""136""]","0000789019","companyfacts-0000789019","us-gaap","LongTermDebtNoncurrent","USD","136","40152000000","present","\N","2025-06-30","0001193125-26-191507","2026-04-29","10-Q","2026","Q3","\N","/facts/us-gaap/LongTermDebtNoncurrent/units/USD/136","{""end"":""2025-06-30"",""val"":40152000000,""accn"":""0001193125-26-191507"",""fy"":2026,""fp"":""Q3"",""form"":""10-Q"",""filed"":""2026-04-29""}","{""label"":""Long-term Debt, Excluding Current Maturities"",""description"":""Amount after unamortized (discount) premium and debt issuance costs of long-term debt classified as noncurrent and excluding amounts to be repaid within one year or the normal operating cycle, if longer. Includes, but not limited to, notes payable, bonds payable, debentures, mortgage loans and commercial paper. Excludes capital lease obligations.""}"
"[""companyfacts-0000789019"",""us-gaap"",""LongTermDebtNoncurrent"",""USD"",""137""]","0000789019","companyfacts-0000789019","us-gaap","LongTermDebtNoncurrent","USD","137","40152000000","present","\N","2025-06-30","0001193125-26-323660","2026-07-29","10-K","2026","FY","CY2025Q2I","/facts/us-gaap/LongTermDebtNoncurrent/units/USD/137","{""end"":""2025-06-30"",""val"":40152000000,""accn"":""0001193125-26-323660"",""fy"":2026,""fp"":""FY"",""form"":""10-K"",""filed"":""2026-07-29"",""frame"":""CY2025Q2I""}","{""label"":""Long-term Debt, Excluding Current Maturities"",""description"":""Amount after unamortized (discount) premium and debt issuance costs of long-term debt classified as noncurrent and excluding amounts to be repaid within one year or the normal operating cycle, if longer. Includes, but not limited to, notes payable, bonds payable, debentures, mortgage loans and commercial paper. Excludes capital lease obligations.""}"
"[""companyfacts-0000789019"",""us-gaap"",""LongTermDebtNoncurrent"",""USD"",""138""]","0000789019","companyfacts-0000789019","us-gaap","LongTermDebtNoncurrent","USD","138","35376000000","present","\N","2025-09-30","0001193125-25-256321","2025-10-29","10-Q","2026","Q1","CY2025Q3I","/facts/us-gaap/LongTermDebtNoncurrent/units/USD/138","{""end"":""2025-09-30"",""val"":35376000000,""accn"":""0001193125-25-256321"",""fy"":2026,""fp"":""Q1"",""form"":""10-Q"",""filed"":""2025-10-29"",""frame"":""CY2025Q3I""}","{""label"":""Long-term Debt, Excluding Current Maturities"",""description"":""Amount after unamortized (discount) premium and debt issuance costs of long-term debt classified as noncurrent and excluding amounts to be repaid within one year or the normal operating cycle, if longer. Includes, but not limited to, notes payable, bonds payable, debentures, mortgage loans and commercial paper. Excludes capital lease obligations.""}"
"[""companyfacts-0000789019"",""us-gaap"",""LongTermDebtNoncurrent"",""USD"",""139""]","0000789019","companyfacts-0000789019","us-gaap","LongTermDebtNoncurrent","USD","139","35425000000","present","\N","2025-12-31","0001193125-26-027207","2026-01-28","10-Q","2026","Q2","CY2025Q4I","/facts/us-gaap/LongTermDebtNoncurrent/units/USD/139","{""end"":""2025-12-31"",""val"":35425000000,""accn"":""0001193125-26-027207"",""fy"":2026,""fp"":""Q2"",""form"":""10-Q"",""filed"":""2026-01-28"",""frame"":""CY2025Q4I""}","{""label"":""Long-term Debt, Excluding Current Maturities"",""description"":""Amount after unamortized (discount) premium and debt issuance costs of long-term debt classified as noncurrent and excluding amounts to be repaid within one year or the normal operating cycle, if longer. Includes, but not limited to, notes payable, bonds payable, debentures, mortgage loans and commercial paper. Excludes capital lease obligations.""}"
"[""companyfacts-0000789019"",""us-gaap"",""LongTermDebtNoncurrent"",""USD"",""140""]","0000789019","companyfacts-0000789019","us-gaap","LongTermDebtNoncurrent","USD","140","31423000000","present","\N","2026-03-31","0001193125-26-191507","2026-04-29","10-Q","2026","Q3","CY2026Q1I","/facts/us-gaap/LongTermDebtNoncurrent/units/USD/140","{""end"":""2026-03-31"",""val"":31423000000,""accn"":""0001193125-26-191507"",""fy"":2026,""fp"":""Q3"",""form"":""10-Q"",""filed"":""2026-04-29"",""frame"":""CY2026Q1I""}","{""label"":""Long-term Debt, Excluding Current Maturities"",""description"":""Amount after unamortized (discount) premium and debt issuance costs of long-term debt classified as noncurrent and excluding amounts to be repaid within one year or the normal operating cycle, if longer. Includes, but not limited to, notes payable, bonds payable, debentures, mortgage loans and commercial paper. Excludes capital lease obligations.""}"
"[""companyfacts-0000789019"",""us-gaap"",""LongTermDebtNoncurrent"",""USD"",""141""]","0000789019","companyfacts-0000789019","us-gaap","LongTermDebtNoncurrent","USD","141","31067000000","present","\N","2026-06-30","0001193125-26-323660","2026-07-29","10-K","2026","FY","CY2026Q2I","/facts/us-gaap/LongTermDebtNoncurrent/units/USD/141","{""end"":""2026-06-30"",""val"":31067000000,""accn"":""0001193125-26-323660"",""fy"":2026,""fp"":""FY"",""form"":""10-K"",""filed"":""2026-07-29"",""frame"":""CY2026Q2I""}","{""label"":""Long-term Debt, Excluding Current Maturities"",""description"":""Amount after unamortized (discount) premium and debt issuance costs of long-term debt classified as noncurrent and excluding amounts to be repaid within one year or the normal operating cycle, if longer. Includes, but not limited to, notes payable, bonds payable, debentures, mortgage loans and commercial paper. Excludes capital lease obligations.""}"
"[""companyfacts-0000789019"",""us-gaap"",""RevenueFromContractWithCustomerExcludingAssessedTax"",""USD"",""115""]","0000789019","companyfacts-0000789019","us-gaap","RevenueFromContractWithCustomerExcludingAssessedTax","USD","115","245122000000","present","2023-07-01","2024-06-30","0001193125-26-323660","2026-07-29","10-K","2026","FY","CY2024","/facts/us-gaap/RevenueFromContractWithCustomerExcludingAssessedTax/units/USD/115","{""start"":""2023-07-01"",""end"":""2024-06-30"",""val"":245122000000,""accn"":""0001193125-26-323660"",""fy"":2026,""fp"":""FY"",""form"":""10-K"",""filed"":""2026-07-29"",""frame"":""CY2024""}","{""label"":""Revenue from Contract with Customer, Excluding Assessed Tax"",""description"":""Amount, excluding tax collected from customer, of revenue from satisfaction of performance obligation by transferring promised good or service to customer. Tax collected from customer is tax assessed by governmental authority that is both imposed on and concurrent with specific revenue-producing transaction, including, but not limited to, sales, use, value added and excise.""}"
"[""companyfacts-0000789019"",""us-gaap"",""RevenueFromContractWithCustomerExcludingAssessedTax"",""USD"",""117""]","0000789019","companyfacts-0000789019","us-gaap","RevenueFromContractWithCustomerExcludingAssessedTax","USD","117","65585000000","present","2024-07-01","2024-09-30","0001193125-25-256321","2025-10-29","10-Q","2026","Q1","CY2024Q3","/facts/us-gaap/RevenueFromContractWithCustomerExcludingAssessedTax/units/USD/117","{""start"":""2024-07-01"",""end"":""2024-09-30"",""val"":65585000000,""accn"":""0001193125-25-256321"",""fy"":2026,""fp"":""Q1"",""form"":""10-Q"",""filed"":""2025-10-29"",""frame"":""CY2024Q3""}","{""label"":""Revenue from Contract with Customer, Excluding Assessed Tax"",""description"":""Amount, excluding tax collected from customer, of revenue from satisfaction of performance obligation by transferring promised good or service to customer. Tax collected from customer is tax assessed by governmental authority that is both imposed on and concurrent with specific revenue-producing transaction, including, but not limited to, sales, use, value added and excise.""}"
"[""companyfacts-0000789019"",""us-gaap"",""RevenueFromContractWithCustomerExcludingAssessedTax"",""USD"",""119""]","0000789019","companyfacts-0000789019","us-gaap","RevenueFromContractWithCustomerExcludingAssessedTax","USD","119","135217000000","present","2024-07-01","2024-12-31","0001193125-26-027207","2026-01-28","10-Q","2026","Q2","\N","/facts/us-gaap/RevenueFromContractWithCustomerExcludingAssessedTax/units/USD/119","{""start"":""2024-07-01"",""end"":""2024-12-31"",""val"":135217000000,""accn"":""0001193125-26-027207"",""fy"":2026,""fp"":""Q2"",""form"":""10-Q"",""filed"":""2026-01-28""}","{""label"":""Revenue from Contract with Customer, Excluding Assessed Tax"",""description"":""Amount, excluding tax collected from customer, of revenue from satisfaction of performance obligation by transferring promised good or service to customer. Tax collected from customer is tax assessed by governmental authority that is both imposed on and concurrent with specific revenue-producing transaction, including, but not limited to, sales, use, value added and excise.""}"
"[""companyfacts-0000789019"",""us-gaap"",""RevenueFromContractWithCustomerExcludingAssessedTax"",""USD"",""121""]","0000789019","companyfacts-0000789019","us-gaap","RevenueFromContractWithCustomerExcludingAssessedTax","USD","121","69632000000","present","2024-10-01","2024-12-31","0001193125-26-027207","2026-01-28","10-Q","2026","Q2","CY2024Q4","/facts/us-gaap/RevenueFromContractWithCustomerExcludingAssessedTax/units/USD/121","{""start"":""2024-10-01"",""end"":""2024-12-31"",""val"":69632000000,""accn"":""0001193125-26-027207"",""fy"":2026,""fp"":""Q2"",""form"":""10-Q"",""filed"":""2026-01-28"",""frame"":""CY2024Q4""}","{""label"":""Revenue from Contract with Customer, Excluding Assessed Tax"",""description"":""Amount, excluding tax collected from customer, of revenue from satisfaction of performance obligation by transferring promised good or service to customer. Tax collected from customer is tax assessed by governmental authority that is both imposed on and concurrent with specific revenue-producing transaction, including, but not limited to, sales, use, value added and excise.""}"
"[""companyfacts-0000789019"",""us-gaap"",""RevenueFromContractWithCustomerExcludingAssessedTax"",""USD"",""123""]","0000789019","companyfacts-0000789019","us-gaap","RevenueFromContractWithCustomerExcludingAssessedTax","USD","123","205283000000","present","2024-07-01","2025-03-31","0001193125-26-191507","2026-04-29","10-Q","2026","Q3","\N","/facts/us-gaap/RevenueFromContractWithCustomerExcludingAssessedTax/units/USD/123","{""start"":""2024-07-01"",""end"":""2025-03-31"",""val"":205283000000,""accn"":""0001193125-26-191507"",""fy"":2026,""fp"":""Q3"",""form"":""10-Q"",""filed"":""2026-04-29""}","{""label"":""Revenue from Contract with Customer, Excluding Assessed Tax"",""description"":""Amount, excluding tax collected from customer, of revenue from satisfaction of performance obligation by transferring promised good or service to customer. Tax collected from customer is tax assessed by governmental authority that is both imposed on and concurrent with specific revenue-producing transaction, including, but not limited to, sales, use, value added and excise.""}"
"[""companyfacts-0000789019"",""us-gaap"",""RevenueFromContractWithCustomerExcludingAssessedTax"",""USD"",""125""]","0000789019","companyfacts-0000789019","us-gaap","RevenueFromContractWithCustomerExcludingAssessedTax","USD","125","70066000000","present","2025-01-01","2025-03-31","0001193125-26-191507","2026-04-29","10-Q","2026","Q3","CY2025Q1","/facts/us-gaap/RevenueFromContractWithCustomerExcludingAssessedTax/units/USD/125","{""start"":""2025-01-01"",""end"":""2025-03-31"",""val"":70066000000,""accn"":""0001193125-26-191507"",""fy"":2026,""fp"":""Q3"",""form"":""10-Q"",""filed"":""2026-04-29"",""frame"":""CY2025Q1""}","{""label"":""Revenue from Contract with Customer, Excluding Assessed Tax"",""description"":""Amount, excluding tax collected from customer, of revenue from satisfaction of performance obligation by transferring promised good or service to customer. Tax collected from customer is tax assessed by governmental authority that is both imposed on and concurrent with specific revenue-producing transaction, including, but not limited to, sales, use, value added and excise.""}"
"[""companyfacts-0000789019"",""us-gaap"",""RevenueFromContractWithCustomerExcludingAssessedTax"",""USD"",""127""]","0000789019","companyfacts-0000789019","us-gaap","RevenueFromContractWithCustomerExcludingAssessedTax","USD","127","281724000000","present","2024-07-01","2025-06-30","0001193125-26-323660","2026-07-29","10-K","2026","FY","CY2025","/facts/us-gaap/RevenueFromContractWithCustomerExcludingAssessedTax/units/USD/127","{""start"":""2024-07-01"",""end"":""2025-06-30"",""val"":281724000000,""accn"":""0001193125-26-323660"",""fy"":2026,""fp"":""FY"",""form"":""10-K"",""filed"":""2026-07-29"",""frame"":""CY2025""}","{""label"":""Revenue from Contract with Customer, Excluding Assessed Tax"",""description"":""Amount, excluding tax collected from customer, of revenue from satisfaction of performance obligation by transferring promised good or service to customer. Tax collected from customer is tax assessed by governmental authority that is both imposed on and concurrent with specific revenue-producing transaction, including, but not limited to, sales, use, value added and excise.""}"
"[""companyfacts-0000789019"",""us-gaap"",""RevenueFromContractWithCustomerExcludingAssessedTax"",""USD"",""128""]","0000789019","companyfacts-0000789019","us-gaap","RevenueFromContractWithCustomerExcludingAssessedTax","USD","128","77673000000","present","2025-07-01","2025-09-30","0001193125-25-256321","2025-10-29","10-Q","2026","Q1","CY2025Q3","/facts/us-gaap/RevenueFromContractWithCustomerExcludingAssessedTax/units/USD/128","{""start"":""2025-07-01"",""end"":""2025-09-30"",""val"":77673000000,""accn"":""0001193125-25-256321"",""fy"":2026,""fp"":""Q1"",""form"":""10-Q"",""filed"":""2025-10-29"",""frame"":""CY2025Q3""}","{""label"":""Revenue from Contract with Customer, Excluding Assessed Tax"",""description"":""Amount, excluding tax collected from customer, of revenue from satisfaction of performance obligation by transferring promised good or service to customer. Tax collected from customer is tax assessed by governmental authority that is both imposed on and concurrent with specific revenue-producing transaction, including, but not limited to, sales, use, value added and excise.""}"
"[""companyfacts-0000789019"",""us-gaap"",""RevenueFromContractWithCustomerExcludingAssessedTax"",""USD"",""129""]","0000789019","companyfacts-0000789019","us-gaap","RevenueFromContractWithCustomerExcludingAssessedTax","USD","129","158946000000","present","2025-07-01","2025-12-31","0001193125-26-027207","2026-01-28","10-Q","2026","Q2","\N","/facts/us-gaap/RevenueFromContractWithCustomerExcludingAssessedTax/units/USD/129","{""start"":""2025-07-01"",""end"":""2025-12-31"",""val"":158946000000,""accn"":""0001193125-26-027207"",""fy"":2026,""fp"":""Q2"",""form"":""10-Q"",""filed"":""2026-01-28""}","{""label"":""Revenue from Contract with Customer, Excluding Assessed Tax"",""description"":""Amount, excluding tax collected from customer, of revenue from satisfaction of performance obligation by transferring promised good or service to customer. Tax collected from customer is tax assessed by governmental authority that is both imposed on and concurrent with specific revenue-producing transaction, including, but not limited to, sales, use, value added and excise.""}"
"[""companyfacts-0000789019"",""us-gaap"",""RevenueFromContractWithCustomerExcludingAssessedTax"",""USD"",""130""]","0000789019","companyfacts-0000789019","us-gaap","RevenueFromContractWithCustomerExcludingAssessedTax","USD","130","81273000000","present","2025-10-01","2025-12-31","0001193125-26-027207","2026-01-28","10-Q","2026","Q2","CY2025Q4","/facts/us-gaap/RevenueFromContractWithCustomerExcludingAssessedTax/units/USD/130","{""start"":""2025-10-01"",""end"":""2025-12-31"",""val"":81273000000,""accn"":""0001193125-26-027207"",""fy"":2026,""fp"":""Q2"",""form"":""10-Q"",""filed"":""2026-01-28"",""frame"":""CY2025Q4""}","{""label"":""Revenue from Contract with Customer, Excluding Assessed Tax"",""description"":""Amount, excluding tax collected from customer, of revenue from satisfaction of performance obligation by transferring promised good or service to customer. Tax collected from customer is tax assessed by governmental authority that is both imposed on and concurrent with specific revenue-producing transaction, including, but not limited to, sales, use, value added and excise.""}"
"[""companyfacts-0000789019"",""us-gaap"",""RevenueFromContractWithCustomerExcludingAssessedTax"",""USD"",""131""]","0000789019","companyfacts-0000789019","us-gaap","RevenueFromContractWithCustomerExcludingAssessedTax","USD","131","241832000000","present","2025-07-01","2026-03-31","0001193125-26-191507","2026-04-29","10-Q","2026","Q3","\N","/facts/us-gaap/RevenueFromContractWithCustomerExcludingAssessedTax/units/USD/131","{""start"":""2025-07-01"",""end"":""2026-03-31"",""val"":241832000000,""accn"":""0001193125-26-191507"",""fy"":2026,""fp"":""Q3"",""form"":""10-Q"",""filed"":""2026-04-29""}","{""label"":""Revenue from Contract with Customer, Excluding Assessed Tax"",""description"":""Amount, excluding tax collected from customer, of revenue from satisfaction of performance obligation by transferring promised good or service to customer. Tax collected from customer is tax assessed by governmental authority that is both imposed on and concurrent with specific revenue-producing transaction, including, but not limited to, sales, use, value added and excise.""}"
"[""companyfacts-0000789019"",""us-gaap"",""RevenueFromContractWithCustomerExcludingAssessedTax"",""USD"",""132""]","0000789019","companyfacts-0000789019","us-gaap","RevenueFromContractWithCustomerExcludingAssessedTax","USD","132","82886000000","present","2026-01-01","2026-03-31","0001193125-26-191507","2026-04-29","10-Q","2026","Q3","CY2026Q1","/facts/us-gaap/RevenueFromContractWithCustomerExcludingAssessedTax/units/USD/132","{""start"":""2026-01-01"",""end"":""2026-03-31"",""val"":82886000000,""accn"":""0001193125-26-191507"",""fy"":2026,""fp"":""Q3"",""form"":""10-Q"",""filed"":""2026-04-29"",""frame"":""CY2026Q1""}","{""label"":""Revenue from Contract with Customer, Excluding Assessed Tax"",""description"":""Amount, excluding tax collected from customer, of revenue from satisfaction of performance obligation by transferring promised good or service to customer. Tax collected from customer is tax assessed by governmental authority that is both imposed on and concurrent with specific revenue-producing transaction, including, but not limited to, sales, use, value added and excise.""}"
"[""companyfacts-0000789019"",""us-gaap"",""RevenueFromContractWithCustomerExcludingAssessedTax"",""USD"",""133""]","0000789019","companyfacts-0000789019","us-gaap","RevenueFromContractWithCustomerExcludingAssessedTax","USD","133","331839000000","present","2025-07-01","2026-06-30","0001193125-26-323660","2026-07-29","10-K","2026","FY","CY2026","/facts/us-gaap/RevenueFromContractWithCustomerExcludingAssessedTax/units/USD/133","{""start"":""2025-07-01"",""end"":""2026-06-30"",""val"":331839000000,""accn"":""0001193125-26-323660"",""fy"":2026,""fp"":""FY"",""form"":""10-K"",""filed"":""2026-07-29"",""frame"":""CY2026""}","{""label"":""Revenue from Contract with Customer, Excluding Assessed Tax"",""description"":""Amount, excluding tax collected from customer, of revenue from satisfaction of performance obligation by transferring promised good or service to customer. Tax collected from customer is tax assessed by governmental authority that is both imposed on and concurrent with specific revenue-producing transaction, including, but not limited to, sales, use, value added and excise.""}"
"[""companyfacts-0001652044"",""us-gaap"",""CashAndCashEquivalentsAtCarryingValue"",""USD"",""111""]","0001652044","companyfacts-0001652044","us-gaap","CashAndCashEquivalentsAtCarryingValue","USD","111","23466000000","present","\N","2024-12-31","0001652044-25-000091","2025-10-30","10-Q","2025","Q3","\N","/facts/us-gaap/CashAndCashEquivalentsAtCarryingValue/units/USD/111","{""end"":""2024-12-31"",""val"":23466000000,""accn"":""0001652044-25-000091"",""fy"":2025,""fp"":""Q3"",""form"":""10-Q"",""filed"":""2025-10-30""}","{""label"":""Cash and Cash Equivalents, at Carrying Value"",""description"":""Amount of currency on hand as well as demand deposits with banks or financial institutions. Includes other kinds of accounts that have the general characteristics of demand deposits. Also includes short-term, highly liquid investments that are both readily convertible to known amounts of cash and so near their maturity that they present insignificant risk of changes in value because of changes in interest rates. Excludes cash and cash equivalents within disposal group and discontinued operation.""}"
"[""companyfacts-0001652044"",""us-gaap"",""CashAndCashEquivalentsAtCarryingValue"",""USD"",""112""]","0001652044","companyfacts-0001652044","us-gaap","CashAndCashEquivalentsAtCarryingValue","USD","112","23466000000","present","\N","2024-12-31","0001652044-26-000018","2026-02-05","10-K","2025","FY","CY2024Q4I","/facts/us-gaap/CashAndCashEquivalentsAtCarryingValue/units/USD/112","{""end"":""2024-12-31"",""val"":23466000000,""accn"":""0001652044-26-000018"",""fy"":2025,""fp"":""FY"",""form"":""10-K"",""filed"":""2026-02-05"",""frame"":""CY2024Q4I""}","{""label"":""Cash and Cash Equivalents, at Carrying Value"",""description"":""Amount of currency on hand as well as demand deposits with banks or financial institutions. Includes other kinds of accounts that have the general characteristics of demand deposits. Also includes short-term, highly liquid investments that are both readily convertible to known amounts of cash and so near their maturity that they present insignificant risk of changes in value because of changes in interest rates. Excludes cash and cash equivalents within disposal group and discontinued operation.""}"
"[""companyfacts-0001652044"",""us-gaap"",""CashAndCashEquivalentsAtCarryingValue"",""USD"",""115""]","0001652044","companyfacts-0001652044","us-gaap","CashAndCashEquivalentsAtCarryingValue","USD","115","23090000000","present","\N","2025-09-30","0001652044-25-000091","2025-10-30","10-Q","2025","Q3","CY2025Q3I","/facts/us-gaap/CashAndCashEquivalentsAtCarryingValue/units/USD/115","{""end"":""2025-09-30"",""val"":23090000000,""accn"":""0001652044-25-000091"",""fy"":2025,""fp"":""Q3"",""form"":""10-Q"",""filed"":""2025-10-30"",""frame"":""CY2025Q3I""}","{""label"":""Cash and Cash Equivalents, at Carrying Value"",""description"":""Amount of currency on hand as well as demand deposits with banks or financial institutions. Includes other kinds of accounts that have the general characteristics of demand deposits. Also includes short-term, highly liquid investments that are both readily convertible to known amounts of cash and so near their maturity that they present insignificant risk of changes in value because of changes in interest rates. Excludes cash and cash equivalents within disposal group and discontinued operation.""}"
"[""companyfacts-0001652044"",""us-gaap"",""CashAndCashEquivalentsAtCarryingValue"",""USD"",""116""]","0001652044","companyfacts-0001652044","us-gaap","CashAndCashEquivalentsAtCarryingValue","USD","116","30708000000","present","\N","2025-12-31","0001652044-26-000018","2026-02-05","10-K","2025","FY","\N","/facts/us-gaap/CashAndCashEquivalentsAtCarryingValue/units/USD/116","{""end"":""2025-12-31"",""val"":30708000000,""accn"":""0001652044-26-000018"",""fy"":2025,""fp"":""FY"",""form"":""10-K"",""filed"":""2026-02-05""}","{""label"":""Cash and Cash Equivalents, at Carrying Value"",""description"":""Amount of currency on hand as well as demand deposits with banks or financial institutions. Includes other kinds of accounts that have the general characteristics of demand deposits. Also includes short-term, highly liquid investments that are both readily convertible to known amounts of cash and so near their maturity that they present insignificant risk of changes in value because of changes in interest rates. Excludes cash and cash equivalents within disposal group and discontinued operation.""}"
"[""companyfacts-0001652044"",""us-gaap"",""CashAndCashEquivalentsAtCarryingValue"",""USD"",""117""]","0001652044","companyfacts-0001652044","us-gaap","CashAndCashEquivalentsAtCarryingValue","USD","117","30708000000","present","\N","2025-12-31","0001652044-26-000048","2026-04-30","10-Q","2026","Q1","\N","/facts/us-gaap/CashAndCashEquivalentsAtCarryingValue/units/USD/117","{""end"":""2025-12-31"",""val"":30708000000,""accn"":""0001652044-26-000048"",""fy"":2026,""fp"":""Q1"",""form"":""10-Q"",""filed"":""2026-04-30""}","{""label"":""Cash and Cash Equivalents, at Carrying Value"",""description"":""Amount of currency on hand as well as demand deposits with banks or financial institutions. Includes other kinds of accounts that have the general characteristics of demand deposits. Also includes short-term, highly liquid investments that are both readily convertible to known amounts of cash and so near their maturity that they present insignificant risk of changes in value because of changes in interest rates. Excludes cash and cash equivalents within disposal group and discontinued operation.""}"
"[""companyfacts-0001652044"",""us-gaap"",""CashAndCashEquivalentsAtCarryingValue"",""USD"",""118""]","0001652044","companyfacts-0001652044","us-gaap","CashAndCashEquivalentsAtCarryingValue","USD","118","30708000000","present","\N","2025-12-31","0001652044-26-000071","2026-07-23","10-Q","2026","Q2","CY2025Q4I","/facts/us-gaap/CashAndCashEquivalentsAtCarryingValue/units/USD/118","{""end"":""2025-12-31"",""val"":30708000000,""accn"":""0001652044-26-000071"",""fy"":2026,""fp"":""Q2"",""form"":""10-Q"",""filed"":""2026-07-23"",""frame"":""CY2025Q4I""}","{""label"":""Cash and Cash Equivalents, at Carrying Value"",""description"":""Amount of currency on hand as well as demand deposits with banks or financial institutions. Includes other kinds of accounts that have the general characteristics of demand deposits. Also includes short-term, highly liquid investments that are both readily convertible to known amounts of cash and so near their maturity that they present insignificant risk of changes in value because of changes in interest rates. Excludes cash and cash equivalents within disposal group and discontinued operation.""}"
"[""companyfacts-0001652044"",""us-gaap"",""CashAndCashEquivalentsAtCarryingValue"",""USD"",""119""]","0001652044","companyfacts-0001652044","us-gaap","CashAndCashEquivalentsAtCarryingValue","USD","119","38063000000","present","\N","2026-03-31","0001652044-26-000048","2026-04-30","10-Q","2026","Q1","CY2026Q1I","/facts/us-gaap/CashAndCashEquivalentsAtCarryingValue/units/USD/119","{""end"":""2026-03-31"",""val"":38063000000,""accn"":""0001652044-26-000048"",""fy"":2026,""fp"":""Q1"",""form"":""10-Q"",""filed"":""2026-04-30"",""frame"":""CY2026Q1I""}","{""label"":""Cash and Cash Equivalents, at Carrying Value"",""description"":""Amount of currency on hand as well as demand deposits with banks or financial institutions. Includes other kinds of accounts that have the general characteristics of demand deposits. Also includes short-term, highly liquid investments that are both readily convertible to known amounts of cash and so near their maturity that they present insignificant risk of changes in value because of changes in interest rates. Excludes cash and cash equivalents within disposal group and discontinued operation.""}"
"[""companyfacts-0001652044"",""us-gaap"",""CashAndCashEquivalentsAtCarryingValue"",""USD"",""120""]","0001652044","companyfacts-0001652044","us-gaap","CashAndCashEquivalentsAtCarryingValue","USD","120","55911000000","present","\N","2026-06-30","0001652044-26-000071","2026-07-23","10-Q","2026","Q2","CY2026Q2I","/facts/us-gaap/CashAndCashEquivalentsAtCarryingValue/units/USD/120","{""end"":""2026-06-30"",""val"":55911000000,""accn"":""0001652044-26-000071"",""fy"":2026,""fp"":""Q2"",""form"":""10-Q"",""filed"":""2026-07-23"",""frame"":""CY2026Q2I""}","{""label"":""Cash and Cash Equivalents, at Carrying Value"",""description"":""Amount of currency on hand as well as demand deposits with banks or financial institutions. Includes other kinds of accounts that have the general characteristics of demand deposits. Also includes short-term, highly liquid investments that are both readily convertible to known amounts of cash and so near their maturity that they present insignificant risk of changes in value because of changes in interest rates. Excludes cash and cash equivalents within disposal group and discontinued operation.""}"
"[""companyfacts-0001652044"",""us-gaap"",""LongTermDebtCurrent"",""USD"",""30""]","0001652044","companyfacts-0001652044","us-gaap","LongTermDebtCurrent","USD","30","999000000","present","\N","2024-12-31","0001652044-25-000091","2025-10-30","10-Q","2025","Q3","\N","/facts/us-gaap/LongTermDebtCurrent/units/USD/30","{""end"":""2024-12-31"",""val"":999000000,""accn"":""0001652044-25-000091"",""fy"":2025,""fp"":""Q3"",""form"":""10-Q"",""filed"":""2025-10-30""}","{""label"":""Long-term Debt, Current Maturities"",""description"":""Amount, after unamortized (discount) premium and debt issuance costs, of long-term debt, classified as current. Includes, but not limited to, notes payable, bonds payable, debentures, mortgage loans and commercial paper. Excludes capital lease obligations.""}"
"[""companyfacts-0001652044"",""us-gaap"",""LongTermDebtCurrent"",""USD"",""31""]","0001652044","companyfacts-0001652044","us-gaap","LongTermDebtCurrent","USD","31","999000000","present","\N","2024-12-31","0001652044-26-000018","2026-02-05","10-K","2025","FY","CY2024Q4I","/facts/us-gaap/LongTermDebtCurrent/units/USD/31","{""end"":""2024-12-31"",""val"":999000000,""accn"":""0001652044-26-000018"",""fy"":2025,""fp"":""FY"",""form"":""10-K"",""filed"":""2026-02-05"",""frame"":""CY2024Q4I""}","{""label"":""Long-term Debt, Current Maturities"",""description"":""Amount, after unamortized (discount) premium and debt issuance costs, of long-term debt, classified as current. Includes, but not limited to, notes payable, bonds payable, debentures, mortgage loans and commercial paper. Excludes capital lease obligations.""}"
"[""companyfacts-0001652044"",""us-gaap"",""LongTermDebtCurrent"",""USD"",""34""]","0001652044","companyfacts-0001652044","us-gaap","LongTermDebtCurrent","USD","34","1995000000","present","\N","2025-09-30","0001652044-25-000091","2025-10-30","10-Q","2025","Q3","CY2025Q3I","/facts/us-gaap/LongTermDebtCurrent/units/USD/34","{""end"":""2025-09-30"",""val"":1995000000,""accn"":""0001652044-25-000091"",""fy"":2025,""fp"":""Q3"",""form"":""10-Q"",""filed"":""2025-10-30"",""frame"":""CY2025Q3I""}","{""label"":""Long-term Debt, Current Maturities"",""description"":""Amount, after unamortized (discount) premium and debt issuance costs, of long-term debt, classified as current. Includes, but not limited to, notes payable, bonds payable, debentures, mortgage loans and commercial paper. Excludes capital lease obligations.""}"
"[""companyfacts-0001652044"",""us-gaap"",""LongTermDebtCurrent"",""USD"",""35""]","0001652044","companyfacts-0001652044","us-gaap","LongTermDebtCurrent","USD","35","1996000000","present","\N","2025-12-31","0001652044-26-000018","2026-02-05","10-K","2025","FY","\N","/facts/us-gaap/LongTermDebtCurrent/units/USD/35","{""end"":""2025-12-31"",""val"":1996000000,""accn"":""0001652044-26-000018"",""fy"":2025,""fp"":""FY"",""form"":""10-K"",""filed"":""2026-02-05""}","{""label"":""Long-term Debt, Current Maturities"",""description"":""Amount, after unamortized (discount) premium and debt issuance costs, of long-term debt, classified as current. Includes, but not limited to, notes payable, bonds payable, debentures, mortgage loans and commercial paper. Excludes capital lease obligations.""}"
"[""companyfacts-0001652044"",""us-gaap"",""LongTermDebtCurrent"",""USD"",""36""]","0001652044","companyfacts-0001652044","us-gaap","LongTermDebtCurrent","USD","36","1996000000","present","\N","2025-12-31","0001652044-26-000048","2026-04-30","10-Q","2026","Q1","\N","/facts/us-gaap/LongTermDebtCurrent/units/USD/36","{""end"":""2025-12-31"",""val"":1996000000,""accn"":""0001652044-26-000048"",""fy"":2026,""fp"":""Q1"",""form"":""10-Q"",""filed"":""2026-04-30""}","{""label"":""Long-term Debt, Current Maturities"",""description"":""Amount, after unamortized (discount) premium and debt issuance costs, of long-term debt, classified as current. Includes, but not limited to, notes payable, bonds payable, debentures, mortgage loans and commercial paper. Excludes capital lease obligations.""}"
"[""companyfacts-0001652044"",""us-gaap"",""LongTermDebtCurrent"",""USD"",""37""]","0001652044","companyfacts-0001652044","us-gaap","LongTermDebtCurrent","USD","37","1996000000","present","\N","2025-12-31","0001652044-26-000071","2026-07-23","10-Q","2026","Q2","CY2025Q4I","/facts/us-gaap/LongTermDebtCurrent/units/USD/37","{""end"":""2025-12-31"",""val"":1996000000,""accn"":""0001652044-26-000071"",""fy"":2026,""fp"":""Q2"",""form"":""10-Q"",""filed"":""2026-07-23"",""frame"":""CY2025Q4I""}","{""label"":""Long-term Debt, Current Maturities"",""description"":""Amount, after unamortized (discount) premium and debt issuance costs, of long-term debt, classified as current. Includes, but not limited to, notes payable, bonds payable, debentures, mortgage loans and commercial paper. Excludes capital lease obligations.""}"
"[""companyfacts-0001652044"",""us-gaap"",""LongTermDebtCurrent"",""USD"",""38""]","0001652044","companyfacts-0001652044","us-gaap","LongTermDebtCurrent","USD","38","1998000000","present","\N","2026-03-31","0001652044-26-000048","2026-04-30","10-Q","2026","Q1","CY2026Q1I","/facts/us-gaap/LongTermDebtCurrent/units/USD/38","{""end"":""2026-03-31"",""val"":1998000000,""accn"":""0001652044-26-000048"",""fy"":2026,""fp"":""Q1"",""form"":""10-Q"",""filed"":""2026-04-30"",""frame"":""CY2026Q1I""}","{""label"":""Long-term Debt, Current Maturities"",""description"":""Amount, after unamortized (discount) premium and debt issuance costs, of long-term debt, classified as current. Includes, but not limited to, notes payable, bonds payable, debentures, mortgage loans and commercial paper. Excludes capital lease obligations.""}"
"[""companyfacts-0001652044"",""us-gaap"",""LongTermDebtCurrent"",""USD"",""39""]","0001652044","companyfacts-0001652044","us-gaap","LongTermDebtCurrent","USD","39","1999000000","present","\N","2026-06-30","0001652044-26-000071","2026-07-23","10-Q","2026","Q2","CY2026Q2I","/facts/us-gaap/LongTermDebtCurrent/units/USD/39","{""end"":""2026-06-30"",""val"":1999000000,""accn"":""0001652044-26-000071"",""fy"":2026,""fp"":""Q2"",""form"":""10-Q"",""filed"":""2026-07-23"",""frame"":""CY2026Q2I""}","{""label"":""Long-term Debt, Current Maturities"",""description"":""Amount, after unamortized (discount) premium and debt issuance costs, of long-term debt, classified as current. Includes, but not limited to, notes payable, bonds payable, debentures, mortgage loans and commercial paper. Excludes capital lease obligations.""}"
"[""companyfacts-0001652044"",""us-gaap"",""LongTermDebtNoncurrent"",""USD"",""46""]","0001652044","companyfacts-0001652044","us-gaap","LongTermDebtNoncurrent","USD","46","10883000000","present","\N","2024-12-31","0001652044-25-000091","2025-10-30","10-Q","2025","Q3","\N","/facts/us-gaap/LongTermDebtNoncurrent/units/USD/46","{""end"":""2024-12-31"",""val"":10883000000,""accn"":""0001652044-25-000091"",""fy"":2025,""fp"":""Q3"",""form"":""10-Q"",""filed"":""2025-10-30""}","{""label"":""Long-term Debt, Excluding Current Maturities"",""description"":""Amount after unamortized (discount) premium and debt issuance costs of long-term debt classified as noncurrent and excluding amounts to be repaid within one year or the normal operating cycle, if longer. Includes, but not limited to, notes payable, bonds payable, debentures, mortgage loans and commercial paper. Excludes capital lease obligations.""}"
"[""companyfacts-0001652044"",""us-gaap"",""LongTermDebtNoncurrent"",""USD"",""47""]","0001652044","companyfacts-0001652044","us-gaap","LongTermDebtNoncurrent","USD","47","10883000000","present","\N","2024-12-31","0001652044-26-000018","2026-02-05","10-K","2025","FY","CY2024Q4I","/facts/us-gaap/LongTermDebtNoncurrent/units/USD/47","{""end"":""2024-12-31"",""val"":10883000000,""accn"":""0001652044-26-000018"",""fy"":2025,""fp"":""FY"",""form"":""10-K"",""filed"":""2026-02-05"",""frame"":""CY2024Q4I""}","{""label"":""Long-term Debt, Excluding Current Maturities"",""description"":""Amount after unamortized (discount) premium and debt issuance costs of long-term debt classified as noncurrent and excluding amounts to be repaid within one year or the normal operating cycle, if longer. Includes, but not limited to, notes payable, bonds payable, debentures, mortgage loans and commercial paper. Excludes capital lease obligations.""}"
"[""companyfacts-0001652044"",""us-gaap"",""LongTermDebtNoncurrent"",""USD"",""50""]","0001652044","companyfacts-0001652044","us-gaap","LongTermDebtNoncurrent","USD","50","21607000000","present","\N","2025-09-30","0001652044-25-000091","2025-10-30","10-Q","2025","Q3","CY2025Q3I","/facts/us-gaap/LongTermDebtNoncurrent/units/USD/50","{""end"":""2025-09-30"",""val"":21607000000,""accn"":""0001652044-25-000091"",""fy"":2025,""fp"":""Q3"",""form"":""10-Q"",""filed"":""2025-10-30"",""frame"":""CY2025Q3I""}","{""label"":""Long-term Debt, Excluding Current Maturities"",""description"":""Amount after unamortized (discount) premium and debt issuance costs of long-term debt classified as noncurrent and excluding amounts to be repaid within one year or the normal operating cycle, if longer. Includes, but not limited to, notes payable, bonds payable, debentures, mortgage loans and commercial paper. Excludes capital lease obligations.""}"
"[""companyfacts-0001652044"",""us-gaap"",""LongTermDebtNoncurrent"",""USD"",""51""]","0001652044","companyfacts-0001652044","us-gaap","LongTermDebtNoncurrent","USD","51","46547000000","present","\N","2025-12-31","0001652044-26-000018","2026-02-05","10-K","2025","FY","\N","/facts/us-gaap/LongTermDebtNoncurrent/units/USD/51","{""end"":""2025-12-31"",""val"":46547000000,""accn"":""0001652044-26-000018"",""fy"":2025,""fp"":""FY"",""form"":""10-K"",""filed"":""2026-02-05""}","{""label"":""Long-term Debt, Excluding Current Maturities"",""description"":""Amount after unamortized (discount) premium and debt issuance costs of long-term debt classified as noncurrent and excluding amounts to be repaid within one year or the normal operating cycle, if longer. Includes, but not limited to, notes payable, bonds payable, debentures, mortgage loans and commercial paper. Excludes capital lease obligations.""}"
"[""companyfacts-0001652044"",""us-gaap"",""LongTermDebtNoncurrent"",""USD"",""52""]","0001652044","companyfacts-0001652044","us-gaap","LongTermDebtNoncurrent","USD","52","46547000000","present","\N","2025-12-31","0001652044-26-000048","2026-04-30","10-Q","2026","Q1","\N","/facts/us-gaap/LongTermDebtNoncurrent/units/USD/52","{""end"":""2025-12-31"",""val"":46547000000,""accn"":""0001652044-26-000048"",""fy"":2026,""fp"":""Q1"",""form"":""10-Q"",""filed"":""2026-04-30""}","{""label"":""Long-term Debt, Excluding Current Maturities"",""description"":""Amount after unamortized (discount) premium and debt issuance costs of long-term debt classified as noncurrent and excluding amounts to be repaid within one year or the normal operating cycle, if longer. Includes, but not limited to, notes payable, bonds payable, debentures, mortgage loans and commercial paper. Excludes capital lease obligations.""}"
"[""companyfacts-0001652044"",""us-gaap"",""LongTermDebtNoncurrent"",""USD"",""53""]","0001652044","companyfacts-0001652044","us-gaap","LongTermDebtNoncurrent","USD","53","46547000000","present","\N","2025-12-31","0001652044-26-000071","2026-07-23","10-Q","2026","Q2","CY2025Q4I","/facts/us-gaap/LongTermDebtNoncurrent/units/USD/53","{""end"":""2025-12-31"",""val"":46547000000,""accn"":""0001652044-26-000071"",""fy"":2026,""fp"":""Q2"",""form"":""10-Q"",""filed"":""2026-07-23"",""frame"":""CY2025Q4I""}","{""label"":""Long-term Debt, Excluding Current Maturities"",""description"":""Amount after unamortized (discount) premium and debt issuance costs of long-term debt classified as noncurrent and excluding amounts to be repaid within one year or the normal operating cycle, if longer. Includes, but not limited to, notes payable, bonds payable, debentures, mortgage loans and commercial paper. Excludes capital lease obligations.""}"
"[""companyfacts-0001652044"",""us-gaap"",""LongTermDebtNoncurrent"",""USD"",""54""]","0001652044","companyfacts-0001652044","us-gaap","LongTermDebtNoncurrent","USD","54","77501000000","present","\N","2026-03-31","0001652044-26-000048","2026-04-30","10-Q","2026","Q1","CY2026Q1I","/facts/us-gaap/LongTermDebtNoncurrent/units/USD/54","{""end"":""2026-03-31"",""val"":77501000000,""accn"":""0001652044-26-000048"",""fy"":2026,""fp"":""Q1"",""form"":""10-Q"",""filed"":""2026-04-30"",""frame"":""CY2026Q1I""}","{""label"":""Long-term Debt, Excluding Current Maturities"",""description"":""Amount after unamortized (discount) premium and debt issuance costs of long-term debt classified as noncurrent and excluding amounts to be repaid within one year or the normal operating cycle, if longer. Includes, but not limited to, notes payable, bonds payable, debentures, mortgage loans and commercial paper. Excludes capital lease obligations.""}"
"[""companyfacts-0001652044"",""us-gaap"",""LongTermDebtNoncurrent"",""USD"",""55""]","0001652044","companyfacts-0001652044","us-gaap","LongTermDebtNoncurrent","USD","55","98165000000","present","\N","2026-06-30","0001652044-26-000071","2026-07-23","10-Q","2026","Q2","CY2026Q2I","/facts/us-gaap/LongTermDebtNoncurrent/units/USD/55","{""end"":""2026-06-30"",""val"":98165000000,""accn"":""0001652044-26-000071"",""fy"":2026,""fp"":""Q2"",""form"":""10-Q"",""filed"":""2026-07-23"",""frame"":""CY2026Q2I""}","{""label"":""Long-term Debt, Excluding Current Maturities"",""description"":""Amount after unamortized (discount) premium and debt issuance costs of long-term debt classified as noncurrent and excluding amounts to be repaid within one year or the normal operating cycle, if longer. Includes, but not limited to, notes payable, bonds payable, debentures, mortgage loans and commercial paper. Excludes capital lease obligations.""}"
"[""companyfacts-0001652044"",""us-gaap"",""Revenues"",""USD"",""60""]","0001652044","companyfacts-0001652044","us-gaap","Revenues","USD","60","307394000000","present","2023-01-01","2023-12-31","0001652044-26-000018","2026-02-05","10-K","2025","FY","CY2023","/facts/us-gaap/Revenues/units/USD/60","{""start"":""2023-01-01"",""end"":""2023-12-31"",""val"":307394000000,""accn"":""0001652044-26-000018"",""fy"":2025,""fp"":""FY"",""form"":""10-K"",""filed"":""2026-02-05"",""frame"":""CY2023""}","{""label"":""Revenues"",""description"":""Amount of revenue recognized from goods sold, services rendered, insurance premiums, or other activities that constitute an earning process. Includes, but is not limited to, investment and interest income before deduction of interest expense when recognized as a component of revenue, and sales and trading gain (loss).""}"
"[""companyfacts-0001652044"",""us-gaap"",""Revenues"",""USD"",""63""]","0001652044","companyfacts-0001652044","us-gaap","Revenues","USD","63","253549000000","present","2024-01-01","2024-09-30","0001652044-25-000091","2025-10-30","10-Q","2025","Q3","\N","/facts/us-gaap/Revenues/units/USD/63","{""start"":""2024-01-01"",""end"":""2024-09-30"",""val"":253549000000,""accn"":""0001652044-25-000091"",""fy"":2025,""fp"":""Q3"",""form"":""10-Q"",""filed"":""2025-10-30""}","{""label"":""Revenues"",""description"":""Amount of revenue recognized from goods sold, services rendered, insurance premiums, or other activities that constitute an earning process. Includes, but is not limited to, investment and interest income before deduction of interest expense when recognized as a component of revenue, and sales and trading gain (loss).""}"
"[""companyfacts-0001652044"",""us-gaap"",""Revenues"",""USD"",""64""]","0001652044","companyfacts-0001652044","us-gaap","Revenues","USD","64","88268000000","present","2024-07-01","2024-09-30","0001652044-25-000091","2025-10-30","10-Q","2025","Q3","CY2024Q3","/facts/us-gaap/Revenues/units/USD/64","{""start"":""2024-07-01"",""end"":""2024-09-30"",""val"":88268000000,""accn"":""0001652044-25-000091"",""fy"":2025,""fp"":""Q3"",""form"":""10-Q"",""filed"":""2025-10-30"",""frame"":""CY2024Q3""}","{""label"":""Revenues"",""description"":""Amount of revenue recognized from goods sold, services rendered, insurance premiums, or other activities that constitute an earning process. Includes, but is not limited to, investment and interest income before deduction of interest expense when recognized as a component of revenue, and sales and trading gain (loss).""}"
"[""companyfacts-0001652044"",""us-gaap"",""Revenues"",""USD"",""65""]","0001652044","companyfacts-0001652044","us-gaap","Revenues","USD","65","350018000000","present","2024-01-01","2024-12-31","0001652044-26-000018","2026-02-05","10-K","2025","FY","CY2024","/facts/us-gaap/Revenues/units/USD/65","{""start"":""2024-01-01"",""end"":""2024-12-31"",""val"":350018000000,""accn"":""0001652044-26-000018"",""fy"":2025,""fp"":""FY"",""form"":""10-K"",""filed"":""2026-02-05"",""frame"":""CY2024""}","{""label"":""Revenues"",""description"":""Amount of revenue recognized from goods sold, services rendered, insurance premiums, or other activities that constitute an earning process. Includes, but is not limited to, investment and interest income before deduction of interest expense when recognized as a component of revenue, and sales and trading gain (loss).""}"
"[""companyfacts-0001652044"",""us-gaap"",""Revenues"",""USD"",""66""]","0001652044","companyfacts-0001652044","us-gaap","Revenues","USD","66","90234000000","present","2025-01-01","2025-03-31","0001652044-26-000048","2026-04-30","10-Q","2026","Q1","CY2025Q1","/facts/us-gaap/Revenues/units/USD/66","{""start"":""2025-01-01"",""end"":""2025-03-31"",""val"":90234000000,""accn"":""0001652044-26-000048"",""fy"":2026,""fp"":""Q1"",""form"":""10-Q"",""filed"":""2026-04-30"",""frame"":""CY2025Q1""}","{""label"":""Revenues"",""description"":""Amount of revenue recognized from goods sold, services rendered, insurance premiums, or other activities that constitute an earning process. Includes, but is not limited to, investment and interest income before deduction of interest expense when recognized as a component of revenue, and sales and trading gain (loss).""}"
"[""companyfacts-0001652044"",""us-gaap"",""Revenues"",""USD"",""68""]","0001652044","companyfacts-0001652044","us-gaap","Revenues","USD","68","186662000000","present","2025-01-01","2025-06-30","0001652044-26-000071","2026-07-23","10-Q","2026","Q2","\N","/facts/us-gaap/Revenues/units/USD/68","{""start"":""2025-01-01"",""end"":""2025-06-30"",""val"":186662000000,""accn"":""0001652044-26-000071"",""fy"":2026,""fp"":""Q2"",""form"":""10-Q"",""filed"":""2026-07-23""}","{""label"":""Revenues"",""description"":""Amount of revenue recognized from goods sold, services rendered, insurance premiums, or other activities that constitute an earning process. Includes, but is not limited to, investment and interest income before deduction of interest expense when recognized as a component of revenue, and sales and trading gain (loss).""}"
"[""companyfacts-0001652044"",""us-gaap"",""Revenues"",""USD"",""70""]","0001652044","companyfacts-0001652044","us-gaap","Revenues","USD","70","96428000000","present","2025-04-01","2025-06-30","0001652044-26-000071","2026-07-23","10-Q","2026","Q2","CY2025Q2","/facts/us-gaap/Revenues/units/USD/70","{""start"":""2025-04-01"",""end"":""2025-06-30"",""val"":96428000000,""accn"":""0001652044-26-000071"",""fy"":2026,""fp"":""Q2"",""form"":""10-Q"",""filed"":""2026-07-23"",""frame"":""CY2025Q2""}","{""label"":""Revenues"",""description"":""Amount of revenue recognized from goods sold, services rendered, insurance premiums, or other activities that constitute an earning process. Includes, but is not limited to, investment and interest income before deduction of interest expense when recognized as a component of revenue, and sales and trading gain (loss).""}"
"[""companyfacts-0001652044"",""us-gaap"",""Revenues"",""USD"",""71""]","0001652044","companyfacts-0001652044","us-gaap","Revenues","USD","71","289007000000","present","2025-01-01","2025-09-30","0001652044-25-000091","2025-10-30","10-Q","2025","Q3","\N","/facts/us-gaap/Revenues/units/USD/71","{""start"":""2025-01-01"",""end"":""2025-09-30"",""val"":289007000000,""accn"":""0001652044-25-000091"",""fy"":2025,""fp"":""Q3"",""form"":""10-Q"",""filed"":""2025-10-30""}","{""label"":""Revenues"",""description"":""Amount of revenue recognized from goods sold, services rendered, insurance premiums, or other activities that constitute an earning process. Includes, but is not limited to, investment and interest income before deduction of interest expense when recognized as a component of revenue, and sales and trading gain (loss).""}"
"[""companyfacts-0001652044"",""us-gaap"",""Revenues"",""USD"",""72""]","0001652044","companyfacts-0001652044","us-gaap","Revenues","USD","72","102346000000","present","2025-07-01","2025-09-30","0001652044-25-000091","2025-10-30","10-Q","2025","Q3","CY2025Q3","/facts/us-gaap/Revenues/units/USD/72","{""start"":""2025-07-01"",""end"":""2025-09-30"",""val"":102346000000,""accn"":""0001652044-25-000091"",""fy"":2025,""fp"":""Q3"",""form"":""10-Q"",""filed"":""2025-10-30"",""frame"":""CY2025Q3""}","{""label"":""Revenues"",""description"":""Amount of revenue recognized from goods sold, services rendered, insurance premiums, or other activities that constitute an earning process. Includes, but is not limited to, investment and interest income before deduction of interest expense when recognized as a component of revenue, and sales and trading gain (loss).""}"
"[""companyfacts-0001652044"",""us-gaap"",""Revenues"",""USD"",""73""]","0001652044","companyfacts-0001652044","us-gaap","Revenues","USD","73","402836000000","present","2025-01-01","2025-12-31","0001652044-26-000018","2026-02-05","10-K","2025","FY","CY2025","/facts/us-gaap/Revenues/units/USD/73","{""start"":""2025-01-01"",""end"":""2025-12-31"",""val"":402836000000,""accn"":""0001652044-26-000018"",""fy"":2025,""fp"":""FY"",""form"":""10-K"",""filed"":""2026-02-05"",""frame"":""CY2025""}","{""label"":""Revenues"",""description"":""Amount of revenue recognized from goods sold, services rendered, insurance premiums, or other activities that constitute an earning process. Includes, but is not limited to, investment and interest income before deduction of interest expense when recognized as a component of revenue, and sales and trading gain (loss).""}"
"[""companyfacts-0001652044"",""us-gaap"",""Revenues"",""USD"",""74""]","0001652044","companyfacts-0001652044","us-gaap","Revenues","USD","74","109896000000","present","2026-01-01","2026-03-31","0001652044-26-000048","2026-04-30","10-Q","2026","Q1","CY2026Q1","/facts/us-gaap/Revenues/units/USD/74","{""start"":""2026-01-01"",""end"":""2026-03-31"",""val"":109896000000,""accn"":""0001652044-26-000048"",""fy"":2026,""fp"":""Q1"",""form"":""10-Q"",""filed"":""2026-04-30"",""frame"":""CY2026Q1""}","{""label"":""Revenues"",""description"":""Amount of revenue recognized from goods sold, services rendered, insurance premiums, or other activities that constitute an earning process. Includes, but is not limited to, investment and interest income before deduction of interest expense when recognized as a component of revenue, and sales and trading gain (loss).""}"
"[""companyfacts-0001652044"",""us-gaap"",""Revenues"",""USD"",""75""]","0001652044","companyfacts-0001652044","us-gaap","Revenues","USD","75","229692000000","present","2026-01-01","2026-06-30","0001652044-26-000071","2026-07-23","10-Q","2026","Q2","\N","/facts/us-gaap/Revenues/units/USD/75","{""start"":""2026-01-01"",""end"":""2026-06-30"",""val"":229692000000,""accn"":""0001652044-26-000071"",""fy"":2026,""fp"":""Q2"",""form"":""10-Q"",""filed"":""2026-07-23""}","{""label"":""Revenues"",""description"":""Amount of revenue recognized from goods sold, services rendered, insurance premiums, or other activities that constitute an earning process. Includes, but is not limited to, investment and interest income before deduction of interest expense when recognized as a component of revenue, and sales and trading gain (loss).""}"
"[""companyfacts-0001652044"",""us-gaap"",""Revenues"",""USD"",""76""]","0001652044","companyfacts-0001652044","us-gaap","Revenues","USD","76","119796000000","present","2026-04-01","2026-06-30","0001652044-26-000071","2026-07-23","10-Q","2026","Q2","CY2026Q2","/facts/us-gaap/Revenues/units/USD/76","{""start"":""2026-04-01"",""end"":""2026-06-30"",""val"":119796000000,""accn"":""0001652044-26-000071"",""fy"":2026,""fp"":""Q2"",""form"":""10-Q"",""filed"":""2026-07-23"",""frame"":""CY2026Q2""}","{""label"":""Revenues"",""description"":""Amount of revenue recognized from goods sold, services rendered, insurance premiums, or other activities that constitute an earning process. Includes, but is not limited to, investment and interest income before deduction of interest expense when recognized as a component of revenue, and sales and trading gain (loss).""}"
"[""companyfacts-0001018724"",""us-gaap"",""CashAndCashEquivalentsAtCarryingValue"",""USD"",""260""]","0001018724","companyfacts-0001018724","us-gaap","CashAndCashEquivalentsAtCarryingValue","USD","260","78779000000","present","\N","2024-12-31","0001018724-25-000123","2025-10-31","10-Q","2025","Q3","\N","/facts/us-gaap/CashAndCashEquivalentsAtCarryingValue/units/USD/260","{""end"":""2024-12-31"",""val"":78779000000,""accn"":""0001018724-25-000123"",""fy"":2025,""fp"":""Q3"",""form"":""10-Q"",""filed"":""2025-10-31""}","{""label"":""Cash and Cash Equivalents, at Carrying Value"",""description"":""Amount of currency on hand as well as demand deposits with banks or financial institutions. Includes other kinds of accounts that have the general characteristics of demand deposits. Also includes short-term, highly liquid investments that are both readily convertible to known amounts of cash and so near their maturity that they present insignificant risk of changes in value because of changes in interest rates. Excludes cash and cash equivalents within disposal group and discontinued operation.""}"
"[""companyfacts-0001018724"",""us-gaap"",""CashAndCashEquivalentsAtCarryingValue"",""USD"",""261""]","0001018724","companyfacts-0001018724","us-gaap","CashAndCashEquivalentsAtCarryingValue","USD","261","78779000000","present","\N","2024-12-31","0001018724-26-000004","2026-02-06","10-K","2025","FY","CY2024Q4I","/facts/us-gaap/CashAndCashEquivalentsAtCarryingValue/units/USD/261","{""end"":""2024-12-31"",""val"":78779000000,""accn"":""0001018724-26-000004"",""fy"":2025,""fp"":""FY"",""form"":""10-K"",""filed"":""2026-02-06"",""frame"":""CY2024Q4I""}","{""label"":""Cash and Cash Equivalents, at Carrying Value"",""description"":""Amount of currency on hand as well as demand deposits with banks or financial institutions. Includes other kinds of accounts that have the general characteristics of demand deposits. Also includes short-term, highly liquid investments that are both readily convertible to known amounts of cash and so near their maturity that they present insignificant risk of changes in value because of changes in interest rates. Excludes cash and cash equivalents within disposal group and discontinued operation.""}"
"[""companyfacts-0001018724"",""us-gaap"",""CashAndCashEquivalentsAtCarryingValue"",""USD"",""264""]","0001018724","companyfacts-0001018724","us-gaap","CashAndCashEquivalentsAtCarryingValue","USD","264","66922000000","present","\N","2025-09-30","0001018724-25-000123","2025-10-31","10-Q","2025","Q3","CY2025Q3I","/facts/us-gaap/CashAndCashEquivalentsAtCarryingValue/units/USD/264","{""end"":""2025-09-30"",""val"":66922000000,""accn"":""0001018724-25-000123"",""fy"":2025,""fp"":""Q3"",""form"":""10-Q"",""filed"":""2025-10-31"",""frame"":""CY2025Q3I""}","{""label"":""Cash and Cash Equivalents, at Carrying Value"",""description"":""Amount of currency on hand as well as demand deposits with banks or financial institutions. Includes other kinds of accounts that have the general characteristics of demand deposits. Also includes short-term, highly liquid investments that are both readily convertible to known amounts of cash and so near their maturity that they present insignificant risk of changes in value because of changes in interest rates. Excludes cash and cash equivalents within disposal group and discontinued operation.""}"
"[""companyfacts-0001018724"",""us-gaap"",""CashAndCashEquivalentsAtCarryingValue"",""USD"",""265""]","0001018724","companyfacts-0001018724","us-gaap","CashAndCashEquivalentsAtCarryingValue","USD","265","86810000000","present","\N","2025-12-31","0001018724-26-000004","2026-02-06","10-K","2025","FY","\N","/facts/us-gaap/CashAndCashEquivalentsAtCarryingValue/units/USD/265","{""end"":""2025-12-31"",""val"":86810000000,""accn"":""0001018724-26-000004"",""fy"":2025,""fp"":""FY"",""form"":""10-K"",""filed"":""2026-02-06""}","{""label"":""Cash and Cash Equivalents, at Carrying Value"",""description"":""Amount of currency on hand as well as demand deposits with banks or financial institutions. Includes other kinds of accounts that have the general characteristics of demand deposits. Also includes short-term, highly liquid investments that are both readily convertible to known amounts of cash and so near their maturity that they present insignificant risk of changes in value because of changes in interest rates. Excludes cash and cash equivalents within disposal group and discontinued operation.""}"
"[""companyfacts-0001018724"",""us-gaap"",""CashAndCashEquivalentsAtCarryingValue"",""USD"",""266""]","0001018724","companyfacts-0001018724","us-gaap","CashAndCashEquivalentsAtCarryingValue","USD","266","86810000000","present","\N","2025-12-31","0001018724-26-000014","2026-04-30","10-Q","2026","Q1","\N","/facts/us-gaap/CashAndCashEquivalentsAtCarryingValue/units/USD/266","{""end"":""2025-12-31"",""val"":86810000000,""accn"":""0001018724-26-000014"",""fy"":2026,""fp"":""Q1"",""form"":""10-Q"",""filed"":""2026-04-30""}","{""label"":""Cash and Cash Equivalents, at Carrying Value"",""description"":""Amount of currency on hand as well as demand deposits with banks or financial institutions. Includes other kinds of accounts that have the general characteristics of demand deposits. Also includes short-term, highly liquid investments that are both readily convertible to known amounts of cash and so near their maturity that they present insignificant risk of changes in value because of changes in interest rates. Excludes cash and cash equivalents within disposal group and discontinued operation.""}"
"[""companyfacts-0001018724"",""us-gaap"",""CashAndCashEquivalentsAtCarryingValue"",""USD"",""267""]","0001018724","companyfacts-0001018724","us-gaap","CashAndCashEquivalentsAtCarryingValue","USD","267","86810000000","present","\N","2025-12-31","0001018724-26-000026","2026-07-31","10-Q","2026","Q2","CY2025Q4I","/facts/us-gaap/CashAndCashEquivalentsAtCarryingValue/units/USD/267","{""end"":""2025-12-31"",""val"":86810000000,""accn"":""0001018724-26-000026"",""fy"":2026,""fp"":""Q2"",""form"":""10-Q"",""filed"":""2026-07-31"",""frame"":""CY2025Q4I""}","{""label"":""Cash and Cash Equivalents, at Carrying Value"",""description"":""Amount of currency on hand as well as demand deposits with banks or financial institutions. Includes other kinds of accounts that have the general characteristics of demand deposits. Also includes short-term, highly liquid investments that are both readily convertible to known amounts of cash and so near their maturity that they present insignificant risk of changes in value because of changes in interest rates. Excludes cash and cash equivalents within disposal group and discontinued operation.""}"
"[""companyfacts-0001018724"",""us-gaap"",""CashAndCashEquivalentsAtCarryingValue"",""USD"",""268""]","0001018724","companyfacts-0001018724","us-gaap","CashAndCashEquivalentsAtCarryingValue","USD","268","101816000000","present","\N","2026-03-31","0001018724-26-000014","2026-04-30","10-Q","2026","Q1","CY2026Q1I","/facts/us-gaap/CashAndCashEquivalentsAtCarryingValue/units/USD/268","{""end"":""2026-03-31"",""val"":101816000000,""accn"":""0001018724-26-000014"",""fy"":2026,""fp"":""Q1"",""form"":""10-Q"",""filed"":""2026-04-30"",""frame"":""CY2026Q1I""}","{""label"":""Cash and Cash Equivalents, at Carrying Value"",""description"":""Amount of currency on hand as well as demand deposits with banks or financial institutions. Includes other kinds of accounts that have the general characteristics of demand deposits. Also includes short-term, highly liquid investments that are both readily convertible to known amounts of cash and so near their maturity that they present insignificant risk of changes in value because of changes in interest rates. Excludes cash and cash equivalents within disposal group and discontinued operation.""}"
"[""companyfacts-0001018724"",""us-gaap"",""CashAndCashEquivalentsAtCarryingValue"",""USD"",""269""]","0001018724","companyfacts-0001018724","us-gaap","CashAndCashEquivalentsAtCarryingValue","USD","269","78213000000","present","\N","2026-06-30","0001018724-26-000026","2026-07-31","10-Q","2026","Q2","CY2026Q2I","/facts/us-gaap/CashAndCashEquivalentsAtCarryingValue/units/USD/269","{""end"":""2026-06-30"",""val"":78213000000,""accn"":""0001018724-26-000026"",""fy"":2026,""fp"":""Q2"",""form"":""10-Q"",""filed"":""2026-07-31"",""frame"":""CY2026Q2I""}","{""label"":""Cash and Cash Equivalents, at Carrying Value"",""description"":""Amount of currency on hand as well as demand deposits with banks or financial institutions. Includes other kinds of accounts that have the general characteristics of demand deposits. Also includes short-term, highly liquid investments that are both readily convertible to known amounts of cash and so near their maturity that they present insignificant risk of changes in value because of changes in interest rates. Excludes cash and cash equivalents within disposal group and discontinued operation.""}"
"[""companyfacts-0001018724"",""us-gaap"",""LongTermDebtCurrent"",""USD"",""101""]","0001018724","companyfacts-0001018724","us-gaap","LongTermDebtCurrent","USD","101","5017000000","present","\N","2024-12-31","0001018724-25-000123","2025-10-31","10-Q","2025","Q3","\N","/facts/us-gaap/LongTermDebtCurrent/units/USD/101","{""end"":""2024-12-31"",""val"":5017000000,""accn"":""0001018724-25-000123"",""fy"":2025,""fp"":""Q3"",""form"":""10-Q"",""filed"":""2025-10-31""}","{""label"":""Long-term Debt, Current Maturities"",""description"":""Amount, after unamortized (discount) premium and debt issuance costs, of long-term debt, classified as current. Includes, but not limited to, notes payable, bonds payable, debentures, mortgage loans and commercial paper. Excludes capital lease obligations.""}"
"[""companyfacts-0001018724"",""us-gaap"",""LongTermDebtCurrent"",""USD"",""102""]","0001018724","companyfacts-0001018724","us-gaap","LongTermDebtCurrent","USD","102","5017000000","present","\N","2024-12-31","0001018724-26-000004","2026-02-06","10-K","2025","FY","CY2024Q4I","/facts/us-gaap/LongTermDebtCurrent/units/USD/102","{""end"":""2024-12-31"",""val"":5017000000,""accn"":""0001018724-26-000004"",""fy"":2025,""fp"":""FY"",""form"":""10-K"",""filed"":""2026-02-06"",""frame"":""CY2024Q4I""}","{""label"":""Long-term Debt, Current Maturities"",""description"":""Amount, after unamortized (discount) premium and debt issuance costs, of long-term debt, classified as current. Includes, but not limited to, notes payable, bonds payable, debentures, mortgage loans and commercial paper. Excludes capital lease obligations.""}"
"[""companyfacts-0001018724"",""us-gaap"",""LongTermDebtCurrent"",""USD"",""105""]","0001018724","companyfacts-0001018724","us-gaap","LongTermDebtCurrent","USD","105","3997000000","present","\N","2025-09-30","0001018724-25-000123","2025-10-31","10-Q","2025","Q3","CY2025Q3I","/facts/us-gaap/LongTermDebtCurrent/units/USD/105","{""end"":""2025-09-30"",""val"":3997000000,""accn"":""0001018724-25-000123"",""fy"":2025,""fp"":""Q3"",""form"":""10-Q"",""filed"":""2025-10-31"",""frame"":""CY2025Q3I""}","{""label"":""Long-term Debt, Current Maturities"",""description"":""Amount, after unamortized (discount) premium and debt issuance costs, of long-term debt, classified as current. Includes, but not limited to, notes payable, bonds payable, debentures, mortgage loans and commercial paper. Excludes capital lease obligations.""}"
"[""companyfacts-0001018724"",""us-gaap"",""LongTermDebtCurrent"",""USD"",""106""]","0001018724","companyfacts-0001018724","us-gaap","LongTermDebtCurrent","USD","106","2748000000","present","\N","2025-12-31","0001018724-26-000004","2026-02-06","10-K","2025","FY","\N","/facts/us-gaap/LongTermDebtCurrent/units/USD/106","{""end"":""2025-12-31"",""val"":2748000000,""accn"":""0001018724-26-000004"",""fy"":2025,""fp"":""FY"",""form"":""10-K"",""filed"":""2026-02-06""}","{""label"":""Long-term Debt, Current Maturities"",""description"":""Amount, after unamortized (discount) premium and debt issuance costs, of long-term debt, classified as current. Includes, but not limited to, notes payable, bonds payable, debentures, mortgage loans and commercial paper. Excludes capital lease obligations.""}"
"[""companyfacts-0001018724"",""us-gaap"",""LongTermDebtCurrent"",""USD"",""107""]","0001018724","companyfacts-0001018724","us-gaap","LongTermDebtCurrent","USD","107","2748000000","present","\N","2025-12-31","0001018724-26-000014","2026-04-30","10-Q","2026","Q1","\N","/facts/us-gaap/LongTermDebtCurrent/units/USD/107","{""end"":""2025-12-31"",""val"":2748000000,""accn"":""0001018724-26-000014"",""fy"":2026,""fp"":""Q1"",""form"":""10-Q"",""filed"":""2026-04-30""}","{""label"":""Long-term Debt, Current Maturities"",""description"":""Amount, after unamortized (discount) premium and debt issuance costs, of long-term debt, classified as current. Includes, but not limited to, notes payable, bonds payable, debentures, mortgage loans and commercial paper. Excludes capital lease obligations.""}"
"[""companyfacts-0001018724"",""us-gaap"",""LongTermDebtCurrent"",""USD"",""108""]","0001018724","companyfacts-0001018724","us-gaap","LongTermDebtCurrent","USD","108","2748000000","present","\N","2025-12-31","0001018724-26-000026","2026-07-31","10-Q","2026","Q2","CY2025Q4I","/facts/us-gaap/LongTermDebtCurrent/units/USD/108","{""end"":""2025-12-31"",""val"":2748000000,""accn"":""0001018724-26-000026"",""fy"":2026,""fp"":""Q2"",""form"":""10-Q"",""filed"":""2026-07-31"",""frame"":""CY2025Q4I""}","{""label"":""Long-term Debt, Current Maturities"",""description"":""Amount, after unamortized (discount) premium and debt issuance costs, of long-term debt, classified as current. Includes, but not limited to, notes payable, bonds payable, debentures, mortgage loans and commercial paper. Excludes capital lease obligations.""}"
"[""companyfacts-0001018724"",""us-gaap"",""LongTermDebtCurrent"",""USD"",""109""]","0001018724","companyfacts-0001018724","us-gaap","LongTermDebtCurrent","USD","109","2832000000","present","\N","2026-03-31","0001018724-26-000014","2026-04-30","10-Q","2026","Q1","CY2026Q1I","/facts/us-gaap/LongTermDebtCurrent/units/USD/109","{""end"":""2026-03-31"",""val"":2832000000,""accn"":""0001018724-26-000014"",""fy"":2026,""fp"":""Q1"",""form"":""10-Q"",""filed"":""2026-04-30"",""frame"":""CY2026Q1I""}","{""label"":""Long-term Debt, Current Maturities"",""description"":""Amount, after unamortized (discount) premium and debt issuance costs, of long-term debt, classified as current. Includes, but not limited to, notes payable, bonds payable, debentures, mortgage loans and commercial paper. Excludes capital lease obligations.""}"
"[""companyfacts-0001018724"",""us-gaap"",""LongTermDebtCurrent"",""USD"",""110""]","0001018724","companyfacts-0001018724","us-gaap","LongTermDebtCurrent","USD","110","3330000000","present","\N","2026-06-30","0001018724-26-000026","2026-07-31","10-Q","2026","Q2","CY2026Q2I","/facts/us-gaap/LongTermDebtCurrent/units/USD/110","{""end"":""2026-06-30"",""val"":3330000000,""accn"":""0001018724-26-000026"",""fy"":2026,""fp"":""Q2"",""form"":""10-Q"",""filed"":""2026-07-31"",""frame"":""CY2026Q2I""}","{""label"":""Long-term Debt, Current Maturities"",""description"":""Amount, after unamortized (discount) premium and debt issuance costs, of long-term debt, classified as current. Includes, but not limited to, notes payable, bonds payable, debentures, mortgage loans and commercial paper. Excludes capital lease obligations.""}"
"[""companyfacts-0001018724"",""us-gaap"",""LongTermDebtNoncurrent"",""USD"",""116""]","0001018724","companyfacts-0001018724","us-gaap","LongTermDebtNoncurrent","USD","116","52623000000","present","\N","2024-12-31","0001018724-25-000123","2025-10-31","10-Q","2025","Q3","\N","/facts/us-gaap/LongTermDebtNoncurrent/units/USD/116","{""end"":""2024-12-31"",""val"":52623000000,""accn"":""0001018724-25-000123"",""fy"":2025,""fp"":""Q3"",""form"":""10-Q"",""filed"":""2025-10-31""}","{""label"":""Long-term Debt, Excluding Current Maturities"",""description"":""Amount after unamortized (discount) premium and debt issuance costs of long-term debt classified as noncurrent and excluding amounts to be repaid within one year or the normal operating cycle, if longer. Includes, but not limited to, notes payable, bonds payable, debentures, mortgage loans and commercial paper. Excludes capital lease obligations.""}"
"[""companyfacts-0001018724"",""us-gaap"",""LongTermDebtNoncurrent"",""USD"",""117""]","0001018724","companyfacts-0001018724","us-gaap","LongTermDebtNoncurrent","USD","117","52623000000","present","\N","2024-12-31","0001018724-26-000004","2026-02-06","10-K","2025","FY","CY2024Q4I","/facts/us-gaap/LongTermDebtNoncurrent/units/USD/117","{""end"":""2024-12-31"",""val"":52623000000,""accn"":""0001018724-26-000004"",""fy"":2025,""fp"":""FY"",""form"":""10-K"",""filed"":""2026-02-06"",""frame"":""CY2024Q4I""}","{""label"":""Long-term Debt, Excluding Current Maturities"",""description"":""Amount after unamortized (discount) premium and debt issuance costs of long-term debt classified as noncurrent and excluding amounts to be repaid within one year or the normal operating cycle, if longer. Includes, but not limited to, notes payable, bonds payable, debentures, mortgage loans and commercial paper. Excludes capital lease obligations.""}"
"[""companyfacts-0001018724"",""us-gaap"",""LongTermDebtNoncurrent"",""USD"",""120""]","0001018724","companyfacts-0001018724","us-gaap","LongTermDebtNoncurrent","USD","120","50742000000","present","\N","2025-09-30","0001018724-25-000123","2025-10-31","10-Q","2025","Q3","CY2025Q3I","/facts/us-gaap/LongTermDebtNoncurrent/units/USD/120","{""end"":""2025-09-30"",""val"":50742000000,""accn"":""0001018724-25-000123"",""fy"":2025,""fp"":""Q3"",""form"":""10-Q"",""filed"":""2025-10-31"",""frame"":""CY2025Q3I""}","{""label"":""Long-term Debt, Excluding Current Maturities"",""description"":""Amount after unamortized (discount) premium and debt issuance costs of long-term debt classified as noncurrent and excluding amounts to be repaid within one year or the normal operating cycle, if longer. Includes, but not limited to, notes payable, bonds payable, debentures, mortgage loans and commercial paper. Excludes capital lease obligations.""}"
"[""companyfacts-0001018724"",""us-gaap"",""LongTermDebtNoncurrent"",""USD"",""121""]","0001018724","companyfacts-0001018724","us-gaap","LongTermDebtNoncurrent","USD","121","65648000000","present","\N","2025-12-31","0001018724-26-000004","2026-02-06","10-K","2025","FY","\N","/facts/us-gaap/LongTermDebtNoncurrent/units/USD/121","{""end"":""2025-12-31"",""val"":65648000000,""accn"":""0001018724-26-000004"",""fy"":2025,""fp"":""FY"",""form"":""10-K"",""filed"":""2026-02-06""}","{""label"":""Long-term Debt, Excluding Current Maturities"",""description"":""Amount after unamortized (discount) premium and debt issuance costs of long-term debt classified as noncurrent and excluding amounts to be repaid within one year or the normal operating cycle, if longer. Includes, but not limited to, notes payable, bonds payable, debentures, mortgage loans and commercial paper. Excludes capital lease obligations.""}"
"[""companyfacts-0001018724"",""us-gaap"",""LongTermDebtNoncurrent"",""USD"",""122""]","0001018724","companyfacts-0001018724","us-gaap","LongTermDebtNoncurrent","USD","122","65648000000","present","\N","2025-12-31","0001018724-26-000014","2026-04-30","10-Q","2026","Q1","\N","/facts/us-gaap/LongTermDebtNoncurrent/units/USD/122","{""end"":""2025-12-31"",""val"":65648000000,""accn"":""0001018724-26-000014"",""fy"":2026,""fp"":""Q1"",""form"":""10-Q"",""filed"":""2026-04-30""}","{""label"":""Long-term Debt, Excluding Current Maturities"",""description"":""Amount after unamortized (discount) premium and debt issuance costs of long-term debt classified as noncurrent and excluding amounts to be repaid within one year or the normal operating cycle, if longer. Includes, but not limited to, notes payable, bonds payable, debentures, mortgage loans and commercial paper. Excludes capital lease obligations.""}"
"[""companyfacts-0001018724"",""us-gaap"",""LongTermDebtNoncurrent"",""USD"",""123""]","0001018724","companyfacts-0001018724","us-gaap","LongTermDebtNoncurrent","USD","123","65648000000","present","\N","2025-12-31","0001018724-26-000026","2026-07-31","10-Q","2026","Q2","CY2025Q4I","/facts/us-gaap/LongTermDebtNoncurrent/units/USD/123","{""end"":""2025-12-31"",""val"":65648000000,""accn"":""0001018724-26-000026"",""fy"":2026,""fp"":""Q2"",""form"":""10-Q"",""filed"":""2026-07-31"",""frame"":""CY2025Q4I""}","{""label"":""Long-term Debt, Excluding Current Maturities"",""description"":""Amount after unamortized (discount) premium and debt issuance costs of long-term debt classified as noncurrent and excluding amounts to be repaid within one year or the normal operating cycle, if longer. Includes, but not limited to, notes payable, bonds payable, debentures, mortgage loans and commercial paper. Excludes capital lease obligations.""}"
"[""companyfacts-0001018724"",""us-gaap"",""LongTermDebtNoncurrent"",""USD"",""124""]","0001018724","companyfacts-0001018724","us-gaap","LongTermDebtNoncurrent","USD","124","119074000000","present","\N","2026-03-31","0001018724-26-000014","2026-04-30","10-Q","2026","Q1","CY2026Q1I","/facts/us-gaap/LongTermDebtNoncurrent/units/USD/124","{""end"":""2026-03-31"",""val"":119074000000,""accn"":""0001018724-26-000014"",""fy"":2026,""fp"":""Q1"",""form"":""10-Q"",""filed"":""2026-04-30"",""frame"":""CY2026Q1I""}","{""label"":""Long-term Debt, Excluding Current Maturities"",""description"":""Amount after unamortized (discount) premium and debt issuance costs of long-term debt classified as noncurrent and excluding amounts to be repaid within one year or the normal operating cycle, if longer. Includes, but not limited to, notes payable, bonds payable, debentures, mortgage loans and commercial paper. Excludes capital lease obligations.""}"
"[""companyfacts-0001018724"",""us-gaap"",""LongTermDebtNoncurrent"",""USD"",""125""]","0001018724","companyfacts-0001018724","us-gaap","LongTermDebtNoncurrent","USD","125","128894000000","present","\N","2026-06-30","0001018724-26-000026","2026-07-31","10-Q","2026","Q2","CY2026Q2I","/facts/us-gaap/LongTermDebtNoncurrent/units/USD/125","{""end"":""2026-06-30"",""val"":128894000000,""accn"":""0001018724-26-000026"",""fy"":2026,""fp"":""Q2"",""form"":""10-Q"",""filed"":""2026-07-31"",""frame"":""CY2026Q2I""}","{""label"":""Long-term Debt, Excluding Current Maturities"",""description"":""Amount after unamortized (discount) premium and debt issuance costs of long-term debt classified as noncurrent and excluding amounts to be repaid within one year or the normal operating cycle, if longer. Includes, but not limited to, notes payable, bonds payable, debentures, mortgage loans and commercial paper. Excludes capital lease obligations.""}"
"[""companyfacts-0001018724"",""us-gaap"",""RevenueFromContractWithCustomerExcludingAssessedTax"",""USD"",""103""]","0001018724","companyfacts-0001018724","us-gaap","RevenueFromContractWithCustomerExcludingAssessedTax","USD","103","574785000000","present","2023-01-01","2023-12-31","0001018724-26-000004","2026-02-06","10-K","2025","FY","CY2023","/facts/us-gaap/RevenueFromContractWithCustomerExcludingAssessedTax/units/USD/103","{""start"":""2023-01-01"",""end"":""2023-12-31"",""val"":574785000000,""accn"":""0001018724-26-000004"",""fy"":2025,""fp"":""FY"",""form"":""10-K"",""filed"":""2026-02-06"",""frame"":""CY2023""}","{""label"":""Revenue from Contract with Customer, Excluding Assessed Tax"",""description"":""Amount, excluding tax collected from customer, of revenue from satisfaction of performance obligation by transferring promised good or service to customer. Tax collected from customer is tax assessed by governmental authority that is both imposed on and concurrent with specific revenue-producing transaction, including, but not limited to, sales, use, value added and excise.""}"
"[""companyfacts-0001018724"",""us-gaap"",""RevenueFromContractWithCustomerExcludingAssessedTax"",""USD"",""111""]","0001018724","companyfacts-0001018724","us-gaap","RevenueFromContractWithCustomerExcludingAssessedTax","USD","111","450167000000","present","2024-01-01","2024-09-30","0001018724-25-000123","2025-10-31","10-Q","2025","Q3","\N","/facts/us-gaap/RevenueFromContractWithCustomerExcludingAssessedTax/units/USD/111","{""start"":""2024-01-01"",""end"":""2024-09-30"",""val"":450167000000,""accn"":""0001018724-25-000123"",""fy"":2025,""fp"":""Q3"",""form"":""10-Q"",""filed"":""2025-10-31""}","{""label"":""Revenue from Contract with Customer, Excluding Assessed Tax"",""description"":""Amount, excluding tax collected from customer, of revenue from satisfaction of performance obligation by transferring promised good or service to customer. Tax collected from customer is tax assessed by governmental authority that is both imposed on and concurrent with specific revenue-producing transaction, including, but not limited to, sales, use, value added and excise.""}"
"[""companyfacts-0001018724"",""us-gaap"",""RevenueFromContractWithCustomerExcludingAssessedTax"",""USD"",""113""]","0001018724","companyfacts-0001018724","us-gaap","RevenueFromContractWithCustomerExcludingAssessedTax","USD","113","158877000000","present","2024-07-01","2024-09-30","0001018724-25-000123","2025-10-31","10-Q","2025","Q3","CY2024Q3","/facts/us-gaap/RevenueFromContractWithCustomerExcludingAssessedTax/units/USD/113","{""start"":""2024-07-01"",""end"":""2024-09-30"",""val"":158877000000,""accn"":""0001018724-25-000123"",""fy"":2025,""fp"":""Q3"",""form"":""10-Q"",""filed"":""2025-10-31"",""frame"":""CY2024Q3""}","{""label"":""Revenue from Contract with Customer, Excluding Assessed Tax"",""description"":""Amount, excluding tax collected from customer, of revenue from satisfaction of performance obligation by transferring promised good or service to customer. Tax collected from customer is tax assessed by governmental authority that is both imposed on and concurrent with specific revenue-producing transaction, including, but not limited to, sales, use, value added and excise.""}"
"[""companyfacts-0001018724"",""us-gaap"",""RevenueFromContractWithCustomerExcludingAssessedTax"",""USD"",""115""]","0001018724","companyfacts-0001018724","us-gaap","RevenueFromContractWithCustomerExcludingAssessedTax","USD","115","637959000000","present","2024-01-01","2024-12-31","0001018724-26-000004","2026-02-06","10-K","2025","FY","CY2024","/facts/us-gaap/RevenueFromContractWithCustomerExcludingAssessedTax/units/USD/115","{""start"":""2024-01-01"",""end"":""2024-12-31"",""val"":637959000000,""accn"":""0001018724-26-000004"",""fy"":2025,""fp"":""FY"",""form"":""10-K"",""filed"":""2026-02-06"",""frame"":""CY2024""}","{""label"":""Revenue from Contract with Customer, Excluding Assessed Tax"",""description"":""Amount, excluding tax collected from customer, of revenue from satisfaction of performance obligation by transferring promised good or service to customer. Tax collected from customer is tax assessed by governmental authority that is both imposed on and concurrent with specific revenue-producing transaction, including, but not limited to, sales, use, value added and excise.""}"
"[""companyfacts-0001018724"",""us-gaap"",""RevenueFromContractWithCustomerExcludingAssessedTax"",""USD"",""117""]","0001018724","companyfacts-0001018724","us-gaap","RevenueFromContractWithCustomerExcludingAssessedTax","USD","117","155667000000","present","2025-01-01","2025-03-31","0001018724-26-000014","2026-04-30","10-Q","2026","Q1","CY2025Q1","/facts/us-gaap/RevenueFromContractWithCustomerExcludingAssessedTax/units/USD/117","{""start"":""2025-01-01"",""end"":""2025-03-31"",""val"":155667000000,""accn"":""0001018724-26-000014"",""fy"":2026,""fp"":""Q1"",""form"":""10-Q"",""filed"":""2026-04-30"",""frame"":""CY2025Q1""}","{""label"":""Revenue from Contract with Customer, Excluding Assessed Tax"",""description"":""Amount, excluding tax collected from customer, of revenue from satisfaction of performance obligation by transferring promised good or service to customer. Tax collected from customer is tax assessed by governmental authority that is both imposed on and concurrent with specific revenue-producing transaction, including, but not limited to, sales, use, value added and excise.""}"
"[""companyfacts-0001018724"",""us-gaap"",""RevenueFromContractWithCustomerExcludingAssessedTax"",""USD"",""119""]","0001018724","companyfacts-0001018724","us-gaap","RevenueFromContractWithCustomerExcludingAssessedTax","USD","119","323369000000","present","2025-01-01","2025-06-30","0001018724-26-000026","2026-07-31","10-Q","2026","Q2","\N","/facts/us-gaap/RevenueFromContractWithCustomerExcludingAssessedTax/units/USD/119","{""start"":""2025-01-01"",""end"":""2025-06-30"",""val"":323369000000,""accn"":""0001018724-26-000026"",""fy"":2026,""fp"":""Q2"",""form"":""10-Q"",""filed"":""2026-07-31""}","{""label"":""Revenue from Contract with Customer, Excluding Assessed Tax"",""description"":""Amount, excluding tax collected from customer, of revenue from satisfaction of performance obligation by transferring promised good or service to customer. Tax collected from customer is tax assessed by governmental authority that is both imposed on and concurrent with specific revenue-producing transaction, including, but not limited to, sales, use, value added and excise.""}"
"[""companyfacts-0001018724"",""us-gaap"",""RevenueFromContractWithCustomerExcludingAssessedTax"",""USD"",""121""]","0001018724","companyfacts-0001018724","us-gaap","RevenueFromContractWithCustomerExcludingAssessedTax","USD","121","167702000000","present","2025-04-01","2025-06-30","0001018724-26-000026","2026-07-31","10-Q","2026","Q2","CY2025Q2","/facts/us-gaap/RevenueFromContractWithCustomerExcludingAssessedTax/units/USD/121","{""start"":""2025-04-01"",""end"":""2025-06-30"",""val"":167702000000,""accn"":""0001018724-26-000026"",""fy"":2026,""fp"":""Q2"",""form"":""10-Q"",""filed"":""2026-07-31"",""frame"":""CY2025Q2""}","{""label"":""Revenue from Contract with Customer, Excluding Assessed Tax"",""description"":""Amount, excluding tax collected from customer, of revenue from satisfaction of performance obligation by transferring promised good or service to customer. Tax collected from customer is tax assessed by governmental authority that is both imposed on and concurrent with specific revenue-producing transaction, including, but not limited to, sales, use, value added and excise.""}"
"[""companyfacts-0001018724"",""us-gaap"",""RevenueFromContractWithCustomerExcludingAssessedTax"",""USD"",""122""]","0001018724","companyfacts-0001018724","us-gaap","RevenueFromContractWithCustomerExcludingAssessedTax","USD","122","503538000000","present","2025-01-01","2025-09-30","0001018724-25-000123","2025-10-31","10-Q","2025","Q3","\N","/facts/us-gaap/RevenueFromContractWithCustomerExcludingAssessedTax/units/USD/122","{""start"":""2025-01-01"",""end"":""2025-09-30"",""val"":503538000000,""accn"":""0001018724-25-000123"",""fy"":2025,""fp"":""Q3"",""form"":""10-Q"",""filed"":""2025-10-31""}","{""label"":""Revenue from Contract with Customer, Excluding Assessed Tax"",""description"":""Amount, excluding tax collected from customer, of revenue from satisfaction of performance obligation by transferring promised good or service to customer. Tax collected from customer is tax assessed by governmental authority that is both imposed on and concurrent with specific revenue-producing transaction, including, but not limited to, sales, use, value added and excise.""}"
"[""companyfacts-0001018724"",""us-gaap"",""RevenueFromContractWithCustomerExcludingAssessedTax"",""USD"",""123""]","0001018724","companyfacts-0001018724","us-gaap","RevenueFromContractWithCustomerExcludingAssessedTax","USD","123","180169000000","present","2025-07-01","2025-09-30","0001018724-25-000123","2025-10-31","10-Q","2025","Q3","CY2025Q3","/facts/us-gaap/RevenueFromContractWithCustomerExcludingAssessedTax/units/USD/123","{""start"":""2025-07-01"",""end"":""2025-09-30"",""val"":180169000000,""accn"":""0001018724-25-000123"",""fy"":2025,""fp"":""Q3"",""form"":""10-Q"",""filed"":""2025-10-31"",""frame"":""CY2025Q3""}","{""label"":""Revenue from Contract with Customer, Excluding Assessed Tax"",""description"":""Amount, excluding tax collected from customer, of revenue from satisfaction of performance obligation by transferring promised good or service to customer. Tax collected from customer is tax assessed by governmental authority that is both imposed on and concurrent with specific revenue-producing transaction, including, but not limited to, sales, use, value added and excise.""}"
"[""companyfacts-0001018724"",""us-gaap"",""RevenueFromContractWithCustomerExcludingAssessedTax"",""USD"",""124""]","0001018724","companyfacts-0001018724","us-gaap","RevenueFromContractWithCustomerExcludingAssessedTax","USD","124","716924000000","present","2025-01-01","2025-12-31","0001018724-26-000004","2026-02-06","10-K","2025","FY","CY2025","/facts/us-gaap/RevenueFromContractWithCustomerExcludingAssessedTax/units/USD/124","{""start"":""2025-01-01"",""end"":""2025-12-31"",""val"":716924000000,""accn"":""0001018724-26-000004"",""fy"":2025,""fp"":""FY"",""form"":""10-K"",""filed"":""2026-02-06"",""frame"":""CY2025""}","{""label"":""Revenue from Contract with Customer, Excluding Assessed Tax"",""description"":""Amount, excluding tax collected from customer, of revenue from satisfaction of performance obligation by transferring promised good or service to customer. Tax collected from customer is tax assessed by governmental authority that is both imposed on and concurrent with specific revenue-producing transaction, including, but not limited to, sales, use, value added and excise.""}"
"[""companyfacts-0001018724"",""us-gaap"",""RevenueFromContractWithCustomerExcludingAssessedTax"",""USD"",""125""]","0001018724","companyfacts-0001018724","us-gaap","RevenueFromContractWithCustomerExcludingAssessedTax","USD","125","181519000000","present","2026-01-01","2026-03-31","0001018724-26-000014","2026-04-30","10-Q","2026","Q1","CY2026Q1","/facts/us-gaap/RevenueFromContractWithCustomerExcludingAssessedTax/units/USD/125","{""start"":""2026-01-01"",""end"":""2026-03-31"",""val"":181519000000,""accn"":""0001018724-26-000014"",""fy"":2026,""fp"":""Q1"",""form"":""10-Q"",""filed"":""2026-04-30"",""frame"":""CY2026Q1""}","{""label"":""Revenue from Contract with Customer, Excluding Assessed Tax"",""description"":""Amount, excluding tax collected from customer, of revenue from satisfaction of performance obligation by transferring promised good or service to customer. Tax collected from customer is tax assessed by governmental authority that is both imposed on and concurrent with specific revenue-producing transaction, including, but not limited to, sales, use, value added and excise.""}"
"[""companyfacts-0001018724"",""us-gaap"",""RevenueFromContractWithCustomerExcludingAssessedTax"",""USD"",""126""]","0001018724","companyfacts-0001018724","us-gaap","RevenueFromContractWithCustomerExcludingAssessedTax","USD","126","382125000000","present","2026-01-01","2026-06-30","0001018724-26-000026","2026-07-31","10-Q","2026","Q2","\N","/facts/us-gaap/RevenueFromContractWithCustomerExcludingAssessedTax/units/USD/126","{""start"":""2026-01-01"",""end"":""2026-06-30"",""val"":382125000000,""accn"":""0001018724-26-000026"",""fy"":2026,""fp"":""Q2"",""form"":""10-Q"",""filed"":""2026-07-31""}","{""label"":""Revenue from Contract with Customer, Excluding Assessed Tax"",""description"":""Amount, excluding tax collected from customer, of revenue from satisfaction of performance obligation by transferring promised good or service to customer. Tax collected from customer is tax assessed by governmental authority that is both imposed on and concurrent with specific revenue-producing transaction, including, but not limited to, sales, use, value added and excise.""}"
"[""companyfacts-0001018724"",""us-gaap"",""RevenueFromContractWithCustomerExcludingAssessedTax"",""USD"",""127""]","0001018724","companyfacts-0001018724","us-gaap","RevenueFromContractWithCustomerExcludingAssessedTax","USD","127","200606000000","present","2026-04-01","2026-06-30","0001018724-26-000026","2026-07-31","10-Q","2026","Q2","CY2026Q2","/facts/us-gaap/RevenueFromContractWithCustomerExcludingAssessedTax/units/USD/127","{""start"":""2026-04-01"",""end"":""2026-06-30"",""val"":200606000000,""accn"":""0001018724-26-000026"",""fy"":2026,""fp"":""Q2"",""form"":""10-Q"",""filed"":""2026-07-31"",""frame"":""CY2026Q2""}","{""label"":""Revenue from Contract with Customer, Excluding Assessed Tax"",""description"":""Amount, excluding tax collected from customer, of revenue from satisfaction of performance obligation by transferring promised good or service to customer. Tax collected from customer is tax assessed by governmental authority that is both imposed on and concurrent with specific revenue-producing transaction, including, but not limited to, sales, use, value added and excise.""}"
"[""companyfacts-0001326801"",""us-gaap"",""CashAndCashEquivalentsAtCarryingValue"",""USD"",""172""]","0001326801","companyfacts-0001326801","us-gaap","CashAndCashEquivalentsAtCarryingValue","USD","172","41862000000","present","\N","2023-12-31","0001628280-26-003942","2026-01-29","10-K","2025","FY","CY2023Q4I","/facts/us-gaap/CashAndCashEquivalentsAtCarryingValue/units/USD/172","{""end"":""2023-12-31"",""val"":41862000000,""accn"":""0001628280-26-003942"",""fy"":2025,""fp"":""FY"",""form"":""10-K"",""filed"":""2026-01-29"",""frame"":""CY2023Q4I""}","{""label"":""Cash and Cash Equivalents, at Carrying Value"",""description"":""Amount of currency on hand as well as demand deposits with banks or financial institutions. Includes other kinds of accounts that have the general characteristics of demand deposits. Also includes short-term, highly liquid investments that are both readily convertible to known amounts of cash and so near their maturity that they present insignificant risk of changes in value because of changes in interest rates. Excludes cash and cash equivalents within disposal group and discontinued operation.""}"
"[""companyfacts-0001326801"",""us-gaap"",""CashAndCashEquivalentsAtCarryingValue"",""USD"",""178""]","0001326801","companyfacts-0001326801","us-gaap","CashAndCashEquivalentsAtCarryingValue","USD","178","43852000000","present","\N","2024-09-30","0001628280-25-047240","2025-10-30","10-Q","2025","Q3","CY2024Q3I","/facts/us-gaap/CashAndCashEquivalentsAtCarryingValue/units/USD/178","{""end"":""2024-09-30"",""val"":43852000000,""accn"":""0001628280-25-047240"",""fy"":2025,""fp"":""Q3"",""form"":""10-Q"",""filed"":""2025-10-30"",""frame"":""CY2024Q3I""}","{""label"":""Cash and Cash Equivalents, at Carrying Value"",""description"":""Amount of currency on hand as well as demand deposits with banks or financial institutions. Includes other kinds of accounts that have the general characteristics of demand deposits. Also includes short-term, highly liquid investments that are both readily convertible to known amounts of cash and so near their maturity that they present insignificant risk of changes in value because of changes in interest rates. Excludes cash and cash equivalents within disposal group and discontinued operation.""}"
"[""companyfacts-0001326801"",""us-gaap"",""CashAndCashEquivalentsAtCarryingValue"",""USD"",""182""]","0001326801","companyfacts-0001326801","us-gaap","CashAndCashEquivalentsAtCarryingValue","USD","182","43889000000","present","\N","2024-12-31","0001628280-25-047240","2025-10-30","10-Q","2025","Q3","\N","/facts/us-gaap/CashAndCashEquivalentsAtCarryingValue/units/USD/182","{""end"":""2024-12-31"",""val"":43889000000,""accn"":""0001628280-25-047240"",""fy"":2025,""fp"":""Q3"",""form"":""10-Q"",""filed"":""2025-10-30""}","{""label"":""Cash and Cash Equivalents, at Carrying Value"",""description"":""Amount of currency on hand as well as demand deposits with banks or financial institutions. Includes other kinds of accounts that have the general characteristics of demand deposits. Also includes short-term, highly liquid investments that are both readily convertible to known amounts of cash and so near their maturity that they present insignificant risk of changes in value because of changes in interest rates. Excludes cash and cash equivalents within disposal group and discontinued operation.""}"
"[""companyfacts-0001326801"",""us-gaap"",""CashAndCashEquivalentsAtCarryingValue"",""USD"",""183""]","0001326801","companyfacts-0001326801","us-gaap","CashAndCashEquivalentsAtCarryingValue","USD","183","43889000000","present","\N","2024-12-31","0001628280-26-003942","2026-01-29","10-K","2025","FY","CY2024Q4I","/facts/us-gaap/CashAndCashEquivalentsAtCarryingValue/units/USD/183","{""end"":""2024-12-31"",""val"":43889000000,""accn"":""0001628280-26-003942"",""fy"":2025,""fp"":""FY"",""form"":""10-K"",""filed"":""2026-01-29"",""frame"":""CY2024Q4I""}","{""label"":""Cash and Cash Equivalents, at Carrying Value"",""description"":""Amount of currency on hand as well as demand deposits with banks or financial institutions. Includes other kinds of accounts that have the general characteristics of demand deposits. Also includes short-term, highly liquid investments that are both readily convertible to known amounts of cash and so near their maturity that they present insignificant risk of changes in value because of changes in interest rates. Excludes cash and cash equivalents within disposal group and discontinued operation.""}"
"[""companyfacts-0001326801"",""us-gaap"",""CashAndCashEquivalentsAtCarryingValue"",""USD"",""185""]","0001326801","companyfacts-0001326801","us-gaap","CashAndCashEquivalentsAtCarryingValue","USD","185","28750000000","present","\N","2025-03-31","0001628280-26-028526","2026-04-30","10-Q","2026","Q1","CY2025Q1I","/facts/us-gaap/CashAndCashEquivalentsAtCarryingValue/units/USD/185","{""end"":""2025-03-31"",""val"":28750000000,""accn"":""0001628280-26-028526"",""fy"":2026,""fp"":""Q1"",""form"":""10-Q"",""filed"":""2026-04-30"",""frame"":""CY2025Q1I""}","{""label"":""Cash and Cash Equivalents, at Carrying Value"",""description"":""Amount of currency on hand as well as demand deposits with banks or financial institutions. Includes other kinds of accounts that have the general characteristics of demand deposits. Also includes short-term, highly liquid investments that are both readily convertible to known amounts of cash and so near their maturity that they present insignificant risk of changes in value because of changes in interest rates. Excludes cash and cash equivalents within disposal group and discontinued operation.""}"
"[""companyfacts-0001326801"",""us-gaap"",""CashAndCashEquivalentsAtCarryingValue"",""USD"",""187""]","0001326801","companyfacts-0001326801","us-gaap","CashAndCashEquivalentsAtCarryingValue","USD","187","12005000000","present","\N","2025-06-30","0001628280-26-050705","2026-07-30","10-Q","2026","Q2","CY2025Q2I","/facts/us-gaap/CashAndCashEquivalentsAtCarryingValue/units/USD/187","{""end"":""2025-06-30"",""val"":12005000000,""accn"":""0001628280-26-050705"",""fy"":2026,""fp"":""Q2"",""form"":""10-Q"",""filed"":""2026-07-30"",""frame"":""CY2025Q2I""}","{""label"":""Cash and Cash Equivalents, at Carrying Value"",""description"":""Amount of currency on hand as well as demand deposits with banks or financial institutions. Includes other kinds of accounts that have the general characteristics of demand deposits. Also includes short-term, highly liquid investments that are both readily convertible to known amounts of cash and so near their maturity that they present insignificant risk of changes in value because of changes in interest rates. Excludes cash and cash equivalents within disposal group and discontinued operation.""}"
"[""companyfacts-0001326801"",""us-gaap"",""CashAndCashEquivalentsAtCarryingValue"",""USD"",""188""]","0001326801","companyfacts-0001326801","us-gaap","CashAndCashEquivalentsAtCarryingValue","USD","188","10187000000","present","\N","2025-09-30","0001628280-25-047240","2025-10-30","10-Q","2025","Q3","CY2025Q3I","/facts/us-gaap/CashAndCashEquivalentsAtCarryingValue/units/USD/188","{""end"":""2025-09-30"",""val"":10187000000,""accn"":""0001628280-25-047240"",""fy"":2025,""fp"":""Q3"",""form"":""10-Q"",""filed"":""2025-10-30"",""frame"":""CY2025Q3I""}","{""label"":""Cash and Cash Equivalents, at Carrying Value"",""description"":""Amount of currency on hand as well as demand deposits with banks or financial institutions. Includes other kinds of accounts that have the general characteristics of demand deposits. Also includes short-term, highly liquid investments that are both readily convertible to known amounts of cash and so near their maturity that they present insignificant risk of changes in value because of changes in interest rates. Excludes cash and cash equivalents within disposal group and discontinued operation.""}"
"[""companyfacts-0001326801"",""us-gaap"",""CashAndCashEquivalentsAtCarryingValue"",""USD"",""189""]","0001326801","companyfacts-0001326801","us-gaap","CashAndCashEquivalentsAtCarryingValue","USD","189","35873000000","present","\N","2025-12-31","0001628280-26-003942","2026-01-29","10-K","2025","FY","\N","/facts/us-gaap/CashAndCashEquivalentsAtCarryingValue/units/USD/189","{""end"":""2025-12-31"",""val"":35873000000,""accn"":""0001628280-26-003942"",""fy"":2025,""fp"":""FY"",""form"":""10-K"",""filed"":""2026-01-29""}","{""label"":""Cash and Cash Equivalents, at Carrying Value"",""description"":""Amount of currency on hand as well as demand deposits with banks or financial institutions. Includes other kinds of accounts that have the general characteristics of demand deposits. Also includes short-term, highly liquid investments that are both readily convertible to known amounts of cash and so near their maturity that they present insignificant risk of changes in value because of changes in interest rates. Excludes cash and cash equivalents within disposal group and discontinued operation.""}"
"[""companyfacts-0001326801"",""us-gaap"",""CashAndCashEquivalentsAtCarryingValue"",""USD"",""190""]","0001326801","companyfacts-0001326801","us-gaap","CashAndCashEquivalentsAtCarryingValue","USD","190","35873000000","present","\N","2025-12-31","0001628280-26-028526","2026-04-30","10-Q","2026","Q1","\N","/facts/us-gaap/CashAndCashEquivalentsAtCarryingValue/units/USD/190","{""end"":""2025-12-31"",""val"":35873000000,""accn"":""0001628280-26-028526"",""fy"":2026,""fp"":""Q1"",""form"":""10-Q"",""filed"":""2026-04-30""}","{""label"":""Cash and Cash Equivalents, at Carrying Value"",""description"":""Amount of currency on hand as well as demand deposits with banks or financial institutions. Includes other kinds of accounts that have the general characteristics of demand deposits. Also includes short-term, highly liquid investments that are both readily convertible to known amounts of cash and so near their maturity that they present insignificant risk of changes in value because of changes in interest rates. Excludes cash and cash equivalents within disposal group and discontinued operation.""}"
"[""companyfacts-0001326801"",""us-gaap"",""CashAndCashEquivalentsAtCarryingValue"",""USD"",""191""]","0001326801","companyfacts-0001326801","us-gaap","CashAndCashEquivalentsAtCarryingValue","USD","191","35873000000","present","\N","2025-12-31","0001628280-26-050705","2026-07-30","10-Q","2026","Q2","CY2025Q4I","/facts/us-gaap/CashAndCashEquivalentsAtCarryingValue/units/USD/191","{""end"":""2025-12-31"",""val"":35873000000,""accn"":""0001628280-26-050705"",""fy"":2026,""fp"":""Q2"",""form"":""10-Q"",""filed"":""2026-07-30"",""frame"":""CY2025Q4I""}","{""label"":""Cash and Cash Equivalents, at Carrying Value"",""description"":""Amount of currency on hand as well as demand deposits with banks or financial institutions. Includes other kinds of accounts that have the general characteristics of demand deposits. Also includes short-term, highly liquid investments that are both readily convertible to known amounts of cash and so near their maturity that they present insignificant risk of changes in value because of changes in interest rates. Excludes cash and cash equivalents within disposal group and discontinued operation.""}"
"[""companyfacts-0001326801"",""us-gaap"",""CashAndCashEquivalentsAtCarryingValue"",""USD"",""192""]","0001326801","companyfacts-0001326801","us-gaap","CashAndCashEquivalentsAtCarryingValue","USD","192","23426000000","present","\N","2026-03-31","0001628280-26-028526","2026-04-30","10-Q","2026","Q1","CY2026Q1I","/facts/us-gaap/CashAndCashEquivalentsAtCarryingValue/units/USD/192","{""end"":""2026-03-31"",""val"":23426000000,""accn"":""0001628280-26-028526"",""fy"":2026,""fp"":""Q1"",""form"":""10-Q"",""filed"":""2026-04-30"",""frame"":""CY2026Q1I""}","{""label"":""Cash and Cash Equivalents, at Carrying Value"",""description"":""Amount of currency on hand as well as demand deposits with banks or financial institutions. Includes other kinds of accounts that have the general characteristics of demand deposits. Also includes short-term, highly liquid investments that are both readily convertible to known amounts of cash and so near their maturity that they present insignificant risk of changes in value because of changes in interest rates. Excludes cash and cash equivalents within disposal group and discontinued operation.""}"
"[""companyfacts-0001326801"",""us-gaap"",""CashAndCashEquivalentsAtCarryingValue"",""USD"",""193""]","0001326801","companyfacts-0001326801","us-gaap","CashAndCashEquivalentsAtCarryingValue","USD","193","15462000000","present","\N","2026-06-30","0001628280-26-050705","2026-07-30","10-Q","2026","Q2","CY2026Q2I","/facts/us-gaap/CashAndCashEquivalentsAtCarryingValue/units/USD/193","{""end"":""2026-06-30"",""val"":15462000000,""accn"":""0001628280-26-050705"",""fy"":2026,""fp"":""Q2"",""form"":""10-Q"",""filed"":""2026-07-30"",""frame"":""CY2026Q2I""}","{""label"":""Cash and Cash Equivalents, at Carrying Value"",""description"":""Amount of currency on hand as well as demand deposits with banks or financial institutions. Includes other kinds of accounts that have the general characteristics of demand deposits. Also includes short-term, highly liquid investments that are both readily convertible to known amounts of cash and so near their maturity that they present insignificant risk of changes in value because of changes in interest rates. Excludes cash and cash equivalents within disposal group and discontinued operation.""}"
"[""companyfacts-0001326801"",""us-gaap"",""LongTermDebtNoncurrent"",""USD"",""32""]","0001326801","companyfacts-0001326801","us-gaap","LongTermDebtNoncurrent","USD","32","28826000000","present","\N","2024-12-31","0001628280-25-047240","2025-10-30","10-Q","2025","Q3","\N","/facts/us-gaap/LongTermDebtNoncurrent/units/USD/32","{""end"":""2024-12-31"",""val"":28826000000,""accn"":""0001628280-25-047240"",""fy"":2025,""fp"":""Q3"",""form"":""10-Q"",""filed"":""2025-10-30""}","{""label"":""Long-term Debt, Excluding Current Maturities"",""description"":""Amount after unamortized (discount) premium and debt issuance costs of long-term debt classified as noncurrent and excluding amounts to be repaid within one year or the normal operating cycle, if longer. Includes, but not limited to, notes payable, bonds payable, debentures, mortgage loans and commercial paper. Excludes capital lease obligations.""}"
"[""companyfacts-0001326801"",""us-gaap"",""LongTermDebtNoncurrent"",""USD"",""33""]","0001326801","companyfacts-0001326801","us-gaap","LongTermDebtNoncurrent","USD","33","28826000000","present","\N","2024-12-31","0001628280-26-003942","2026-01-29","10-K","2025","FY","CY2024Q4I","/facts/us-gaap/LongTermDebtNoncurrent/units/USD/33","{""end"":""2024-12-31"",""val"":28826000000,""accn"":""0001628280-26-003942"",""fy"":2025,""fp"":""FY"",""form"":""10-K"",""filed"":""2026-01-29"",""frame"":""CY2024Q4I""}","{""label"":""Long-term Debt, Excluding Current Maturities"",""description"":""Amount after unamortized (discount) premium and debt issuance costs of long-term debt classified as noncurrent and excluding amounts to be repaid within one year or the normal operating cycle, if longer. Includes, but not limited to, notes payable, bonds payable, debentures, mortgage loans and commercial paper. Excludes capital lease obligations.""}"
"[""companyfacts-0001326801"",""us-gaap"",""LongTermDebtNoncurrent"",""USD"",""36""]","0001326801","companyfacts-0001326801","us-gaap","LongTermDebtNoncurrent","USD","36","28834000000","present","\N","2025-09-30","0001628280-25-047240","2025-10-30","10-Q","2025","Q3","CY2025Q3I","/facts/us-gaap/LongTermDebtNoncurrent/units/USD/36","{""end"":""2025-09-30"",""val"":28834000000,""accn"":""0001628280-25-047240"",""fy"":2025,""fp"":""Q3"",""form"":""10-Q"",""filed"":""2025-10-30"",""frame"":""CY2025Q3I""}","{""label"":""Long-term Debt, Excluding Current Maturities"",""description"":""Amount after unamortized (discount) premium and debt issuance costs of long-term debt classified as noncurrent and excluding amounts to be repaid within one year or the normal operating cycle, if longer. Includes, but not limited to, notes payable, bonds payable, debentures, mortgage loans and commercial paper. Excludes capital lease obligations.""}"
"[""companyfacts-0001326801"",""us-gaap"",""LongTermDebtNoncurrent"",""USD"",""37""]","0001326801","companyfacts-0001326801","us-gaap","LongTermDebtNoncurrent","USD","37","58744000000","present","\N","2025-12-31","0001628280-26-003942","2026-01-29","10-K","2025","FY","\N","/facts/us-gaap/LongTermDebtNoncurrent/units/USD/37","{""end"":""2025-12-31"",""val"":58744000000,""accn"":""0001628280-26-003942"",""fy"":2025,""fp"":""FY"",""form"":""10-K"",""filed"":""2026-01-29""}","{""label"":""Long-term Debt, Excluding Current Maturities"",""description"":""Amount after unamortized (discount) premium and debt issuance costs of long-term debt classified as noncurrent and excluding amounts to be repaid within one year or the normal operating cycle, if longer. Includes, but not limited to, notes payable, bonds payable, debentures, mortgage loans and commercial paper. Excludes capital lease obligations.""}"
"[""companyfacts-0001326801"",""us-gaap"",""LongTermDebtNoncurrent"",""USD"",""38""]","0001326801","companyfacts-0001326801","us-gaap","LongTermDebtNoncurrent","USD","38","58744000000","present","\N","2025-12-31","0001628280-26-028526","2026-04-30","10-Q","2026","Q1","\N","/facts/us-gaap/LongTermDebtNoncurrent/units/USD/38","{""end"":""2025-12-31"",""val"":58744000000,""accn"":""0001628280-26-028526"",""fy"":2026,""fp"":""Q1"",""form"":""10-Q"",""filed"":""2026-04-30""}","{""label"":""Long-term Debt, Excluding Current Maturities"",""description"":""Amount after unamortized (discount) premium and debt issuance costs of long-term debt classified as noncurrent and excluding amounts to be repaid within one year or the normal operating cycle, if longer. Includes, but not limited to, notes payable, bonds payable, debentures, mortgage loans and commercial paper. Excludes capital lease obligations.""}"
"[""companyfacts-0001326801"",""us-gaap"",""LongTermDebtNoncurrent"",""USD"",""39""]","0001326801","companyfacts-0001326801","us-gaap","LongTermDebtNoncurrent","USD","39","58744000000","present","\N","2025-12-31","0001628280-26-050705","2026-07-30","10-Q","2026","Q2","CY2025Q4I","/facts/us-gaap/LongTermDebtNoncurrent/units/USD/39","{""end"":""2025-12-31"",""val"":58744000000,""accn"":""0001628280-26-050705"",""fy"":2026,""fp"":""Q2"",""form"":""10-Q"",""filed"":""2026-07-30"",""frame"":""CY2025Q4I""}","{""label"":""Long-term Debt, Excluding Current Maturities"",""description"":""Amount after unamortized (discount) premium and debt issuance costs of long-term debt classified as noncurrent and excluding amounts to be repaid within one year or the normal operating cycle, if longer. Includes, but not limited to, notes payable, bonds payable, debentures, mortgage loans and commercial paper. Excludes capital lease obligations.""}"
"[""companyfacts-0001326801"",""us-gaap"",""LongTermDebtNoncurrent"",""USD"",""40""]","0001326801","companyfacts-0001326801","us-gaap","LongTermDebtNoncurrent","USD","40","58748000000","present","\N","2026-03-31","0001628280-26-028526","2026-04-30","10-Q","2026","Q1","CY2026Q1I","/facts/us-gaap/LongTermDebtNoncurrent/units/USD/40","{""end"":""2026-03-31"",""val"":58748000000,""accn"":""0001628280-26-028526"",""fy"":2026,""fp"":""Q1"",""form"":""10-Q"",""filed"":""2026-04-30"",""frame"":""CY2026Q1I""}","{""label"":""Long-term Debt, Excluding Current Maturities"",""description"":""Amount after unamortized (discount) premium and debt issuance costs of long-term debt classified as noncurrent and excluding amounts to be repaid within one year or the normal operating cycle, if longer. Includes, but not limited to, notes payable, bonds payable, debentures, mortgage loans and commercial paper. Excludes capital lease obligations.""}"
"[""companyfacts-0001326801"",""us-gaap"",""LongTermDebtNoncurrent"",""USD"",""41""]","0001326801","companyfacts-0001326801","us-gaap","LongTermDebtNoncurrent","USD","41","83664000000","present","\N","2026-06-30","0001628280-26-050705","2026-07-30","10-Q","2026","Q2","CY2026Q2I","/facts/us-gaap/LongTermDebtNoncurrent/units/USD/41","{""end"":""2026-06-30"",""val"":83664000000,""accn"":""0001628280-26-050705"",""fy"":2026,""fp"":""Q2"",""form"":""10-Q"",""filed"":""2026-07-30"",""frame"":""CY2026Q2I""}","{""label"":""Long-term Debt, Excluding Current Maturities"",""description"":""Amount after unamortized (discount) premium and debt issuance costs of long-term debt classified as noncurrent and excluding amounts to be repaid within one year or the normal operating cycle, if longer. Includes, but not limited to, notes payable, bonds payable, debentures, mortgage loans and commercial paper. Excludes capital lease obligations.""}"
"[""companyfacts-0001326801"",""us-gaap"",""RevenueFromContractWithCustomerExcludingAssessedTax"",""USD"",""85""]","0001326801","companyfacts-0001326801","us-gaap","RevenueFromContractWithCustomerExcludingAssessedTax","USD","85","134902000000","present","2023-01-01","2023-12-31","0001628280-26-003942","2026-01-29","10-K","2025","FY","CY2023","/facts/us-gaap/RevenueFromContractWithCustomerExcludingAssessedTax/units/USD/85","{""start"":""2023-01-01"",""end"":""2023-12-31"",""val"":134902000000,""accn"":""0001628280-26-003942"",""fy"":2025,""fp"":""FY"",""form"":""10-K"",""filed"":""2026-01-29"",""frame"":""CY2023""}","{""label"":""Revenue from Contract with Customer, Excluding Assessed Tax"",""description"":""Amount, excluding tax collected from customer, of revenue from satisfaction of performance obligation by transferring promised good or service to customer. Tax collected from customer is tax assessed by governmental authority that is both imposed on and concurrent with specific revenue-producing transaction, including, but not limited to, sales, use, value added and excise.""}"
"[""companyfacts-0001326801"",""us-gaap"",""RevenueFromContractWithCustomerExcludingAssessedTax"",""USD"",""93""]","0001326801","companyfacts-0001326801","us-gaap","RevenueFromContractWithCustomerExcludingAssessedTax","USD","93","116116000000","present","2024-01-01","2024-09-30","0001628280-25-047240","2025-10-30","10-Q","2025","Q3","\N","/facts/us-gaap/RevenueFromContractWithCustomerExcludingAssessedTax/units/USD/93","{""start"":""2024-01-01"",""end"":""2024-09-30"",""val"":116116000000,""accn"":""0001628280-25-047240"",""fy"":2025,""fp"":""Q3"",""form"":""10-Q"",""filed"":""2025-10-30""}","{""label"":""Revenue from Contract with Customer, Excluding Assessed Tax"",""description"":""Amount, excluding tax collected from customer, of revenue from satisfaction of performance obligation by transferring promised good or service to customer. Tax collected from customer is tax assessed by governmental authority that is both imposed on and concurrent with specific revenue-producing transaction, including, but not limited to, sales, use, value added and excise.""}"
"[""companyfacts-0001326801"",""us-gaap"",""RevenueFromContractWithCustomerExcludingAssessedTax"",""USD"",""95""]","0001326801","companyfacts-0001326801","us-gaap","RevenueFromContractWithCustomerExcludingAssessedTax","USD","95","40589000000","present","2024-07-01","2024-09-30","0001628280-25-047240","2025-10-30","10-Q","2025","Q3","CY2024Q3","/facts/us-gaap/RevenueFromContractWithCustomerExcludingAssessedTax/units/USD/95","{""start"":""2024-07-01"",""end"":""2024-09-30"",""val"":40589000000,""accn"":""0001628280-25-047240"",""fy"":2025,""fp"":""Q3"",""form"":""10-Q"",""filed"":""2025-10-30"",""frame"":""CY2024Q3""}","{""label"":""Revenue from Contract with Customer, Excluding Assessed Tax"",""description"":""Amount, excluding tax collected from customer, of revenue from satisfaction of performance obligation by transferring promised good or service to customer. Tax collected from customer is tax assessed by governmental authority that is both imposed on and concurrent with specific revenue-producing transaction, including, but not limited to, sales, use, value added and excise.""}"
"[""companyfacts-0001326801"",""us-gaap"",""RevenueFromContractWithCustomerExcludingAssessedTax"",""USD"",""97""]","0001326801","companyfacts-0001326801","us-gaap","RevenueFromContractWithCustomerExcludingAssessedTax","USD","97","164501000000","present","2024-01-01","2024-12-31","0001628280-26-003942","2026-01-29","10-K","2025","FY","CY2024","/facts/us-gaap/RevenueFromContractWithCustomerExcludingAssessedTax/units/USD/97","{""start"":""2024-01-01"",""end"":""2024-12-31"",""val"":164501000000,""accn"":""0001628280-26-003942"",""fy"":2025,""fp"":""FY"",""form"":""10-K"",""filed"":""2026-01-29"",""frame"":""CY2024""}","{""label"":""Revenue from Contract with Customer, Excluding Assessed Tax"",""description"":""Amount, excluding tax collected from customer, of revenue from satisfaction of performance obligation by transferring promised good or service to customer. Tax collected from customer is tax assessed by governmental authority that is both imposed on and concurrent with specific revenue-producing transaction, including, but not limited to, sales, use, value added and excise.""}"
"[""companyfacts-0001326801"",""us-gaap"",""RevenueFromContractWithCustomerExcludingAssessedTax"",""USD"",""99""]","0001326801","companyfacts-0001326801","us-gaap","RevenueFromContractWithCustomerExcludingAssessedTax","USD","99","42314000000","present","2025-01-01","2025-03-31","0001628280-26-028526","2026-04-30","10-Q","2026","Q1","CY2025Q1","/facts/us-gaap/RevenueFromContractWithCustomerExcludingAssessedTax/units/USD/99","{""start"":""2025-01-01"",""end"":""2025-03-31"",""val"":42314000000,""accn"":""0001628280-26-028526"",""fy"":2026,""fp"":""Q1"",""form"":""10-Q"",""filed"":""2026-04-30"",""frame"":""CY2025Q1""}","{""label"":""Revenue from Contract with Customer, Excluding Assessed Tax"",""description"":""Amount, excluding tax collected from customer, of revenue from satisfaction of performance obligation by transferring promised good or service to customer. Tax collected from customer is tax assessed by governmental authority that is both imposed on and concurrent with specific revenue-producing transaction, including, but not limited to, sales, use, value added and excise.""}"
"[""companyfacts-0001326801"",""us-gaap"",""RevenueFromContractWithCustomerExcludingAssessedTax"",""USD"",""101""]","0001326801","companyfacts-0001326801","us-gaap","RevenueFromContractWithCustomerExcludingAssessedTax","USD","101","89830000000","present","2025-01-01","2025-06-30","0001628280-26-050705","2026-07-30","10-Q","2026","Q2","\N","/facts/us-gaap/RevenueFromContractWithCustomerExcludingAssessedTax/units/USD/101","{""start"":""2025-01-01"",""end"":""2025-06-30"",""val"":89830000000,""accn"":""0001628280-26-050705"",""fy"":2026,""fp"":""Q2"",""form"":""10-Q"",""filed"":""2026-07-30""}","{""label"":""Revenue from Contract with Customer, Excluding Assessed Tax"",""description"":""Amount, excluding tax collected from customer, of revenue from satisfaction of performance obligation by transferring promised good or service to customer. Tax collected from customer is tax assessed by governmental authority that is both imposed on and concurrent with specific revenue-producing transaction, including, but not limited to, sales, use, value added and excise.""}"
"[""companyfacts-0001326801"",""us-gaap"",""RevenueFromContractWithCustomerExcludingAssessedTax"",""USD"",""103""]","0001326801","companyfacts-0001326801","us-gaap","RevenueFromContractWithCustomerExcludingAssessedTax","USD","103","47516000000","present","2025-04-01","2025-06-30","0001628280-26-050705","2026-07-30","10-Q","2026","Q2","CY2025Q2","/facts/us-gaap/RevenueFromContractWithCustomerExcludingAssessedTax/units/USD/103","{""start"":""2025-04-01"",""end"":""2025-06-30"",""val"":47516000000,""accn"":""0001628280-26-050705"",""fy"":2026,""fp"":""Q2"",""form"":""10-Q"",""filed"":""2026-07-30"",""frame"":""CY2025Q2""}","{""label"":""Revenue from Contract with Customer, Excluding Assessed Tax"",""description"":""Amount, excluding tax collected from customer, of revenue from satisfaction of performance obligation by transferring promised good or service to customer. Tax collected from customer is tax assessed by governmental authority that is both imposed on and concurrent with specific revenue-producing transaction, including, but not limited to, sales, use, value added and excise.""}"
"[""companyfacts-0001326801"",""us-gaap"",""RevenueFromContractWithCustomerExcludingAssessedTax"",""USD"",""104""]","0001326801","companyfacts-0001326801","us-gaap","RevenueFromContractWithCustomerExcludingAssessedTax","USD","104","141073000000","present","2025-01-01","2025-09-30","0001628280-25-047240","2025-10-30","10-Q","2025","Q3","\N","/facts/us-gaap/RevenueFromContractWithCustomerExcludingAssessedTax/units/USD/104","{""start"":""2025-01-01"",""end"":""2025-09-30"",""val"":141073000000,""accn"":""0001628280-25-047240"",""fy"":2025,""fp"":""Q3"",""form"":""10-Q"",""filed"":""2025-10-30""}","{""label"":""Revenue from Contract with Customer, Excluding Assessed Tax"",""description"":""Amount, excluding tax collected from customer, of revenue from satisfaction of performance obligation by transferring promised good or service to customer. Tax collected from customer is tax assessed by governmental authority that is both imposed on and concurrent with specific revenue-producing transaction, including, but not limited to, sales, use, value added and excise.""}"
"[""companyfacts-0001326801"",""us-gaap"",""RevenueFromContractWithCustomerExcludingAssessedTax"",""USD"",""105""]","0001326801","companyfacts-0001326801","us-gaap","RevenueFromContractWithCustomerExcludingAssessedTax","USD","105","51242000000","present","2025-07-01","2025-09-30","0001628280-25-047240","2025-10-30","10-Q","2025","Q3","CY2025Q3","/facts/us-gaap/RevenueFromContractWithCustomerExcludingAssessedTax/units/USD/105","{""start"":""2025-07-01"",""end"":""2025-09-30"",""val"":51242000000,""accn"":""0001628280-25-047240"",""fy"":2025,""fp"":""Q3"",""form"":""10-Q"",""filed"":""2025-10-30"",""frame"":""CY2025Q3""}","{""label"":""Revenue from Contract with Customer, Excluding Assessed Tax"",""description"":""Amount, excluding tax collected from customer, of revenue from satisfaction of performance obligation by transferring promised good or service to customer. Tax collected from customer is tax assessed by governmental authority that is both imposed on and concurrent with specific revenue-producing transaction, including, but not limited to, sales, use, value added and excise.""}"
"[""companyfacts-0001326801"",""us-gaap"",""RevenueFromContractWithCustomerExcludingAssessedTax"",""USD"",""106""]","0001326801","companyfacts-0001326801","us-gaap","RevenueFromContractWithCustomerExcludingAssessedTax","USD","106","200966000000","present","2025-01-01","2025-12-31","0001628280-26-003942","2026-01-29","10-K","2025","FY","CY2025","/facts/us-gaap/RevenueFromContractWithCustomerExcludingAssessedTax/units/USD/106","{""start"":""2025-01-01"",""end"":""2025-12-31"",""val"":200966000000,""accn"":""0001628280-26-003942"",""fy"":2025,""fp"":""FY"",""form"":""10-K"",""filed"":""2026-01-29"",""frame"":""CY2025""}","{""label"":""Revenue from Contract with Customer, Excluding Assessed Tax"",""description"":""Amount, excluding tax collected from customer, of revenue from satisfaction of performance obligation by transferring promised good or service to customer. Tax collected from customer is tax assessed by governmental authority that is both imposed on and concurrent with specific revenue-producing transaction, including, but not limited to, sales, use, value added and excise.""}"
"[""companyfacts-0001326801"",""us-gaap"",""RevenueFromContractWithCustomerExcludingAssessedTax"",""USD"",""107""]","0001326801","companyfacts-0001326801","us-gaap","RevenueFromContractWithCustomerExcludingAssessedTax","USD","107","56311000000","present","2026-01-01","2026-03-31","0001628280-26-028526","2026-04-30","10-Q","2026","Q1","CY2026Q1","/facts/us-gaap/RevenueFromContractWithCustomerExcludingAssessedTax/units/USD/107","{""start"":""2026-01-01"",""end"":""2026-03-31"",""val"":56311000000,""accn"":""0001628280-26-028526"",""fy"":2026,""fp"":""Q1"",""form"":""10-Q"",""filed"":""2026-04-30"",""frame"":""CY2026Q1""}","{""label"":""Revenue from Contract with Customer, Excluding Assessed Tax"",""description"":""Amount, excluding tax collected from customer, of revenue from satisfaction of performance obligation by transferring promised good or service to customer. Tax collected from customer is tax assessed by governmental authority that is both imposed on and concurrent with specific revenue-producing transaction, including, but not limited to, sales, use, value added and excise.""}"
"[""companyfacts-0001326801"",""us-gaap"",""RevenueFromContractWithCustomerExcludingAssessedTax"",""USD"",""108""]","0001326801","companyfacts-0001326801","us-gaap","RevenueFromContractWithCustomerExcludingAssessedTax","USD","108","117111000000","present","2026-01-01","2026-06-30","0001628280-26-050705","2026-07-30","10-Q","2026","Q2","\N","/facts/us-gaap/RevenueFromContractWithCustomerExcludingAssessedTax/units/USD/108","{""start"":""2026-01-01"",""end"":""2026-06-30"",""val"":117111000000,""accn"":""0001628280-26-050705"",""fy"":2026,""fp"":""Q2"",""form"":""10-Q"",""filed"":""2026-07-30""}","{""label"":""Revenue from Contract with Customer, Excluding Assessed Tax"",""description"":""Amount, excluding tax collected from customer, of revenue from satisfaction of performance obligation by transferring promised good or service to customer. Tax collected from customer is tax assessed by governmental authority that is both imposed on and concurrent with specific revenue-producing transaction, including, but not limited to, sales, use, value added and excise.""}"
"[""companyfacts-0001326801"",""us-gaap"",""RevenueFromContractWithCustomerExcludingAssessedTax"",""USD"",""109""]","0001326801","companyfacts-0001326801","us-gaap","RevenueFromContractWithCustomerExcludingAssessedTax","USD","109","60801000000","present","2026-04-01","2026-06-30","0001628280-26-050705","2026-07-30","10-Q","2026","Q2","CY2026Q2","/facts/us-gaap/RevenueFromContractWithCustomerExcludingAssessedTax/units/USD/109","{""start"":""2026-04-01"",""end"":""2026-06-30"",""val"":60801000000,""accn"":""0001628280-26-050705"",""fy"":2026,""fp"":""Q2"",""form"":""10-Q"",""filed"":""2026-07-30"",""frame"":""CY2026Q2""}","{""label"":""Revenue from Contract with Customer, Excluding Assessed Tax"",""description"":""Amount, excluding tax collected from customer, of revenue from satisfaction of performance obligation by transferring promised good or service to customer. Tax collected from customer is tax assessed by governmental authority that is both imposed on and concurrent with specific revenue-producing transaction, including, but not limited to, sales, use, value added and excise.""}"
"[""companyfacts-0001045810"",""us-gaap"",""CashAndCashEquivalentsAtCarryingValue"",""USD"",""209""]","0001045810","companyfacts-0001045810","us-gaap","CashAndCashEquivalentsAtCarryingValue","USD","209","8589000000","present","\N","2025-01-26","0001045810-25-000230","2025-11-19","10-Q","2026","Q3","\N","/facts/us-gaap/CashAndCashEquivalentsAtCarryingValue/units/USD/209","{""end"":""2025-01-26"",""val"":8589000000,""accn"":""0001045810-25-000230"",""fy"":2026,""fp"":""Q3"",""form"":""10-Q"",""filed"":""2025-11-19""}","{""label"":""Cash and Cash Equivalents, at Carrying Value"",""description"":""Amount of currency on hand as well as demand deposits with banks or financial institutions. Includes other kinds of accounts that have the general characteristics of demand deposits. Also includes short-term, highly liquid investments that are both readily convertible to known amounts of cash and so near their maturity that they present insignificant risk of changes in value because of changes in interest rates. Excludes cash and cash equivalents within disposal group and discontinued operation.""}"
"[""companyfacts-0001045810"",""us-gaap"",""CashAndCashEquivalentsAtCarryingValue"",""USD"",""210""]","0001045810","companyfacts-0001045810","us-gaap","CashAndCashEquivalentsAtCarryingValue","USD","210","8589000000","present","\N","2025-01-26","0001045810-26-000021","2026-02-25","10-K","2026","FY","CY2024Q4I","/facts/us-gaap/CashAndCashEquivalentsAtCarryingValue/units/USD/210","{""end"":""2025-01-26"",""val"":8589000000,""accn"":""0001045810-26-000021"",""fy"":2026,""fp"":""FY"",""form"":""10-K"",""filed"":""2026-02-25"",""frame"":""CY2024Q4I""}","{""label"":""Cash and Cash Equivalents, at Carrying Value"",""description"":""Amount of currency on hand as well as demand deposits with banks or financial institutions. Includes other kinds of accounts that have the general characteristics of demand deposits. Also includes short-term, highly liquid investments that are both readily convertible to known amounts of cash and so near their maturity that they present insignificant risk of changes in value because of changes in interest rates. Excludes cash and cash equivalents within disposal group and discontinued operation.""}"
"[""companyfacts-0001045810"",""us-gaap"",""CashAndCashEquivalentsAtCarryingValue"",""USD"",""213""]","0001045810","companyfacts-0001045810","us-gaap","CashAndCashEquivalentsAtCarryingValue","USD","213","11486000000","present","\N","2025-10-26","0001045810-25-000230","2025-11-19","10-Q","2026","Q3","CY2025Q3I","/facts/us-gaap/CashAndCashEquivalentsAtCarryingValue/units/USD/213","{""end"":""2025-10-26"",""val"":11486000000,""accn"":""0001045810-25-000230"",""fy"":2026,""fp"":""Q3"",""form"":""10-Q"",""filed"":""2025-11-19"",""frame"":""CY2025Q3I""}","{""label"":""Cash and Cash Equivalents, at Carrying Value"",""description"":""Amount of currency on hand as well as demand deposits with banks or financial institutions. Includes other kinds of accounts that have the general characteristics of demand deposits. Also includes short-term, highly liquid investments that are both readily convertible to known amounts of cash and so near their maturity that they present insignificant risk of changes in value because of changes in interest rates. Excludes cash and cash equivalents within disposal group and discontinued operation.""}"
"[""companyfacts-0001045810"",""us-gaap"",""CashAndCashEquivalentsAtCarryingValue"",""USD"",""214""]","0001045810","companyfacts-0001045810","us-gaap","CashAndCashEquivalentsAtCarryingValue","USD","214","10605000000","present","\N","2026-01-25","0001045810-26-000021","2026-02-25","10-K","2026","FY","\N","/facts/us-gaap/CashAndCashEquivalentsAtCarryingValue/units/USD/214","{""end"":""2026-01-25"",""val"":10605000000,""accn"":""0001045810-26-000021"",""fy"":2026,""fp"":""FY"",""form"":""10-K"",""filed"":""2026-02-25""}","{""label"":""Cash and Cash Equivalents, at Carrying Value"",""description"":""Amount of currency on hand as well as demand deposits with banks or financial institutions. Includes other kinds of accounts that have the general characteristics of demand deposits. Also includes short-term, highly liquid investments that are both readily convertible to known amounts of cash and so near their maturity that they present insignificant risk of changes in value because of changes in interest rates. Excludes cash and cash equivalents within disposal group and discontinued operation.""}"
"[""companyfacts-0001045810"",""us-gaap"",""CashAndCashEquivalentsAtCarryingValue"",""USD"",""215""]","0001045810","companyfacts-0001045810","us-gaap","CashAndCashEquivalentsAtCarryingValue","USD","215","10605000000","present","\N","2026-01-25","0001045810-26-000052","2026-05-20","10-Q","2027","Q1","\N","/facts/us-gaap/CashAndCashEquivalentsAtCarryingValue/units/USD/215","{""end"":""2026-01-25"",""val"":10605000000,""accn"":""0001045810-26-000052"",""fy"":2027,""fp"":""Q1"",""form"":""10-Q"",""filed"":""2026-05-20""}","{""label"":""Cash and Cash Equivalents, at Carrying Value"",""description"":""Amount of currency on hand as well as demand deposits with banks or financial institutions. Includes other kinds of accounts that have the general characteristics of demand deposits. Also includes short-term, highly liquid investments that are both readily convertible to known amounts of cash and so near their maturity that they present insignificant risk of changes in value because of changes in interest rates. Excludes cash and cash equivalents within disposal group and discontinued operation.""}"
"[""companyfacts-0001045810"",""us-gaap"",""CashAndCashEquivalentsAtCarryingValue"",""USD"",""216""]","0001045810","companyfacts-0001045810","us-gaap","CashAndCashEquivalentsAtCarryingValue","USD","216","10605000000","present","\N","2026-01-25","0001045810-26-000075","2026-08-26","10-Q","2027","Q2","CY2025Q4I","/facts/us-gaap/CashAndCashEquivalentsAtCarryingValue/units/USD/216","{""end"":""2026-01-25"",""val"":10605000000,""accn"":""0001045810-26-000075"",""fy"":2027,""fp"":""Q2"",""form"":""10-Q"",""filed"":""2026-08-26"",""frame"":""CY2025Q4I""}","{""label"":""Cash and Cash Equivalents, at Carrying Value"",""description"":""Amount of currency on hand as well as demand deposits with banks or financial institutions. Includes other kinds of accounts that have the general characteristics of demand deposits. Also includes short-term, highly liquid investments that are both readily convertible to known amounts of cash and so near their maturity that they present insignificant risk of changes in value because of changes in interest rates. Excludes cash and cash equivalents within disposal group and discontinued operation.""}"
"[""companyfacts-0001045810"",""us-gaap"",""CashAndCashEquivalentsAtCarryingValue"",""USD"",""217""]","0001045810","companyfacts-0001045810","us-gaap","CashAndCashEquivalentsAtCarryingValue","USD","217","13237000000","present","\N","2026-04-26","0001045810-26-000052","2026-05-20","10-Q","2027","Q1","CY2026Q1I","/facts/us-gaap/CashAndCashEquivalentsAtCarryingValue/units/USD/217","{""end"":""2026-04-26"",""val"":13237000000,""accn"":""0001045810-26-000052"",""fy"":2027,""fp"":""Q1"",""form"":""10-Q"",""filed"":""2026-05-20"",""frame"":""CY2026Q1I""}","{""label"":""Cash and Cash Equivalents, at Carrying Value"",""description"":""Amount of currency on hand as well as demand deposits with banks or financial institutions. Includes other kinds of accounts that have the general characteristics of demand deposits. Also includes short-term, highly liquid investments that are both readily convertible to known amounts of cash and so near their maturity that they present insignificant risk of changes in value because of changes in interest rates. Excludes cash and cash equivalents within disposal group and discontinued operation.""}"
"[""companyfacts-0001045810"",""us-gaap"",""CashAndCashEquivalentsAtCarryingValue"",""USD"",""218""]","0001045810","companyfacts-0001045810","us-gaap","CashAndCashEquivalentsAtCarryingValue","USD","218","22443000000","present","\N","2026-07-26","0001045810-26-000075","2026-08-26","10-Q","2027","Q2","CY2026Q2I","/facts/us-gaap/CashAndCashEquivalentsAtCarryingValue/units/USD/218","{""end"":""2026-07-26"",""val"":22443000000,""accn"":""0001045810-26-000075"",""fy"":2027,""fp"":""Q2"",""form"":""10-Q"",""filed"":""2026-08-26"",""frame"":""CY2026Q2I""}","{""label"":""Cash and Cash Equivalents, at Carrying Value"",""description"":""Amount of currency on hand as well as demand deposits with banks or financial institutions. Includes other kinds of accounts that have the general characteristics of demand deposits. Also includes short-term, highly liquid investments that are both readily convertible to known amounts of cash and so near their maturity that they present insignificant risk of changes in value because of changes in interest rates. Excludes cash and cash equivalents within disposal group and discontinued operation.""}"
"[""companyfacts-0001045810"",""us-gaap"",""LongTermDebtCurrent"",""USD"",""32""]","0001045810","companyfacts-0001045810","us-gaap","LongTermDebtCurrent","USD","32","0","present","\N","2025-01-26","0001045810-25-000230","2025-11-19","10-Q","2026","Q3","\N","/facts/us-gaap/LongTermDebtCurrent/units/USD/32","{""end"":""2025-01-26"",""val"":0,""accn"":""0001045810-25-000230"",""fy"":2026,""fp"":""Q3"",""form"":""10-Q"",""filed"":""2025-11-19""}","{""label"":""Long-term Debt, Current Maturities"",""description"":""Amount, after unamortized (discount) premium and debt issuance costs, of long-term debt, classified as current. Includes, but not limited to, notes payable, bonds payable, debentures, mortgage loans and commercial paper. Excludes capital lease obligations.""}"
"[""companyfacts-0001045810"",""us-gaap"",""LongTermDebtCurrent"",""USD"",""33""]","0001045810","companyfacts-0001045810","us-gaap","LongTermDebtCurrent","USD","33","0","present","\N","2025-01-26","0001045810-26-000021","2026-02-25","10-K","2026","FY","CY2024Q4I","/facts/us-gaap/LongTermDebtCurrent/units/USD/33","{""end"":""2025-01-26"",""val"":0,""accn"":""0001045810-26-000021"",""fy"":2026,""fp"":""FY"",""form"":""10-K"",""filed"":""2026-02-25"",""frame"":""CY2024Q4I""}","{""label"":""Long-term Debt, Current Maturities"",""description"":""Amount, after unamortized (discount) premium and debt issuance costs, of long-term debt, classified as current. Includes, but not limited to, notes payable, bonds payable, debentures, mortgage loans and commercial paper. Excludes capital lease obligations.""}"
"[""companyfacts-0001045810"",""us-gaap"",""LongTermDebtCurrent"",""USD"",""34""]","0001045810","companyfacts-0001045810","us-gaap","LongTermDebtCurrent","USD","34","999000000","present","\N","2025-10-26","0001045810-25-000230","2025-11-19","10-Q","2026","Q3","CY2025Q3I","/facts/us-gaap/LongTermDebtCurrent/units/USD/34","{""end"":""2025-10-26"",""val"":999000000,""accn"":""0001045810-25-000230"",""fy"":2026,""fp"":""Q3"",""form"":""10-Q"",""filed"":""2025-11-19"",""frame"":""CY2025Q3I""}","{""label"":""Long-term Debt, Current Maturities"",""description"":""Amount, after unamortized (discount) premium and debt issuance costs, of long-term debt, classified as current. Includes, but not limited to, notes payable, bonds payable, debentures, mortgage loans and commercial paper. Excludes capital lease obligations.""}"
"[""companyfacts-0001045810"",""us-gaap"",""LongTermDebtCurrent"",""USD"",""35""]","0001045810","companyfacts-0001045810","us-gaap","LongTermDebtCurrent","USD","35","999000000","present","\N","2026-01-25","0001045810-26-000021","2026-02-25","10-K","2026","FY","\N","/facts/us-gaap/LongTermDebtCurrent/units/USD/35","{""end"":""2026-01-25"",""val"":999000000,""accn"":""0001045810-26-000021"",""fy"":2026,""fp"":""FY"",""form"":""10-K"",""filed"":""2026-02-25""}","{""label"":""Long-term Debt, Current Maturities"",""description"":""Amount, after unamortized (discount) premium and debt issuance costs, of long-term debt, classified as current. Includes, but not limited to, notes payable, bonds payable, debentures, mortgage loans and commercial paper. Excludes capital lease obligations.""}"
"[""companyfacts-0001045810"",""us-gaap"",""LongTermDebtCurrent"",""USD"",""36""]","0001045810","companyfacts-0001045810","us-gaap","LongTermDebtCurrent","USD","36","999000000","present","\N","2026-01-25","0001045810-26-000052","2026-05-20","10-Q","2027","Q1","\N","/facts/us-gaap/LongTermDebtCurrent/units/USD/36","{""end"":""2026-01-25"",""val"":999000000,""accn"":""0001045810-26-000052"",""fy"":2027,""fp"":""Q1"",""form"":""10-Q"",""filed"":""2026-05-20""}","{""label"":""Long-term Debt, Current Maturities"",""description"":""Amount, after unamortized (discount) premium and debt issuance costs, of long-term debt, classified as current. Includes, but not limited to, notes payable, bonds payable, debentures, mortgage loans and commercial paper. Excludes capital lease obligations.""}"
"[""companyfacts-0001045810"",""us-gaap"",""LongTermDebtCurrent"",""USD"",""37""]","0001045810","companyfacts-0001045810","us-gaap","LongTermDebtCurrent","USD","37","999000000","present","\N","2026-01-25","0001045810-26-000075","2026-08-26","10-Q","2027","Q2","CY2025Q4I","/facts/us-gaap/LongTermDebtCurrent/units/USD/37","{""end"":""2026-01-25"",""val"":999000000,""accn"":""0001045810-26-000075"",""fy"":2027,""fp"":""Q2"",""form"":""10-Q"",""filed"":""2026-08-26"",""frame"":""CY2025Q4I""}","{""label"":""Long-term Debt, Current Maturities"",""description"":""Amount, after unamortized (discount) premium and debt issuance costs, of long-term debt, classified as current. Includes, but not limited to, notes payable, bonds payable, debentures, mortgage loans and commercial paper. Excludes capital lease obligations.""}"
"[""companyfacts-0001045810"",""us-gaap"",""LongTermDebtCurrent"",""USD"",""38""]","0001045810","companyfacts-0001045810","us-gaap","LongTermDebtCurrent","USD","38","1000000000","present","\N","2026-04-26","0001045810-26-000052","2026-05-20","10-Q","2027","Q1","CY2026Q1I","/facts/us-gaap/LongTermDebtCurrent/units/USD/38","{""end"":""2026-04-26"",""val"":1000000000,""accn"":""0001045810-26-000052"",""fy"":2027,""fp"":""Q1"",""form"":""10-Q"",""filed"":""2026-05-20"",""frame"":""CY2026Q1I""}","{""label"":""Long-term Debt, Current Maturities"",""description"":""Amount, after unamortized (discount) premium and debt issuance costs, of long-term debt, classified as current. Includes, but not limited to, notes payable, bonds payable, debentures, mortgage loans and commercial paper. Excludes capital lease obligations.""}"
"[""companyfacts-0001045810"",""us-gaap"",""LongTermDebtCurrent"",""USD"",""39""]","0001045810","companyfacts-0001045810","us-gaap","LongTermDebtCurrent","USD","39","1000000000","present","\N","2026-07-26","0001045810-26-000075","2026-08-26","10-Q","2027","Q2","CY2026Q2I","/facts/us-gaap/LongTermDebtCurrent/units/USD/39","{""end"":""2026-07-26"",""val"":1000000000,""accn"":""0001045810-26-000075"",""fy"":2027,""fp"":""Q2"",""form"":""10-Q"",""filed"":""2026-08-26"",""frame"":""CY2026Q2I""}","{""label"":""Long-term Debt, Current Maturities"",""description"":""Amount, after unamortized (discount) premium and debt issuance costs, of long-term debt, classified as current. Includes, but not limited to, notes payable, bonds payable, debentures, mortgage loans and commercial paper. Excludes capital lease obligations.""}"
"[""companyfacts-0001045810"",""us-gaap"",""LongTermDebtNoncurrent"",""USD"",""38""]","0001045810","companyfacts-0001045810","us-gaap","LongTermDebtNoncurrent","USD","38","8463000000","present","\N","2025-01-26","0001045810-25-000230","2025-11-19","10-Q","2026","Q3","\N","/facts/us-gaap/LongTermDebtNoncurrent/units/USD/38","{""end"":""2025-01-26"",""val"":8463000000,""accn"":""0001045810-25-000230"",""fy"":2026,""fp"":""Q3"",""form"":""10-Q"",""filed"":""2025-11-19""}","{""label"":""Long-term Debt, Excluding Current Maturities"",""description"":""Amount after unamortized (discount) premium and debt issuance costs of long-term debt classified as noncurrent and excluding amounts to be repaid within one year or the normal operating cycle, if longer. Includes, but not limited to, notes payable, bonds payable, debentures, mortgage loans and commercial paper. Excludes capital lease obligations.""}"
"[""companyfacts-0001045810"",""us-gaap"",""LongTermDebtNoncurrent"",""USD"",""39""]","0001045810","companyfacts-0001045810","us-gaap","LongTermDebtNoncurrent","USD","39","8463000000","present","\N","2025-01-26","0001045810-26-000021","2026-02-25","10-K","2026","FY","CY2024Q4I","/facts/us-gaap/LongTermDebtNoncurrent/units/USD/39","{""end"":""2025-01-26"",""val"":8463000000,""accn"":""0001045810-26-000021"",""fy"":2026,""fp"":""FY"",""form"":""10-K"",""filed"":""2026-02-25"",""frame"":""CY2024Q4I""}","{""label"":""Long-term Debt, Excluding Current Maturities"",""description"":""Amount after unamortized (discount) premium and debt issuance costs of long-term debt classified as noncurrent and excluding amounts to be repaid within one year or the normal operating cycle, if longer. Includes, but not limited to, notes payable, bonds payable, debentures, mortgage loans and commercial paper. Excludes capital lease obligations.""}"
"[""companyfacts-0001045810"",""us-gaap"",""LongTermDebtNoncurrent"",""USD"",""42""]","0001045810","companyfacts-0001045810","us-gaap","LongTermDebtNoncurrent","USD","42","7468000000","present","\N","2025-10-26","0001045810-25-000230","2025-11-19","10-Q","2026","Q3","CY2025Q3I","/facts/us-gaap/LongTermDebtNoncurrent/units/USD/42","{""end"":""2025-10-26"",""val"":7468000000,""accn"":""0001045810-25-000230"",""fy"":2026,""fp"":""Q3"",""form"":""10-Q"",""filed"":""2025-11-19"",""frame"":""CY2025Q3I""}","{""label"":""Long-term Debt, Excluding Current Maturities"",""description"":""Amount after unamortized (discount) premium and debt issuance costs of long-term debt classified as noncurrent and excluding amounts to be repaid within one year or the normal operating cycle, if longer. Includes, but not limited to, notes payable, bonds payable, debentures, mortgage loans and commercial paper. Excludes capital lease obligations.""}"
"[""companyfacts-0001045810"",""us-gaap"",""LongTermDebtNoncurrent"",""USD"",""43""]","0001045810","companyfacts-0001045810","us-gaap","LongTermDebtNoncurrent","USD","43","7469000000","present","\N","2026-01-25","0001045810-26-000021","2026-02-25","10-K","2026","FY","\N","/facts/us-gaap/LongTermDebtNoncurrent/units/USD/43","{""end"":""2026-01-25"",""val"":7469000000,""accn"":""0001045810-26-000021"",""fy"":2026,""fp"":""FY"",""form"":""10-K"",""filed"":""2026-02-25""}","{""label"":""Long-term Debt, Excluding Current Maturities"",""description"":""Amount after unamortized (discount) premium and debt issuance costs of long-term debt classified as noncurrent and excluding amounts to be repaid within one year or the normal operating cycle, if longer. Includes, but not limited to, notes payable, bonds payable, debentures, mortgage loans and commercial paper. Excludes capital lease obligations.""}"
"[""companyfacts-0001045810"",""us-gaap"",""LongTermDebtNoncurrent"",""USD"",""44""]","0001045810","companyfacts-0001045810","us-gaap","LongTermDebtNoncurrent","USD","44","7469000000","present","\N","2026-01-25","0001045810-26-000052","2026-05-20","10-Q","2027","Q1","\N","/facts/us-gaap/LongTermDebtNoncurrent/units/USD/44","{""end"":""2026-01-25"",""val"":7469000000,""accn"":""0001045810-26-000052"",""fy"":2027,""fp"":""Q1"",""form"":""10-Q"",""filed"":""2026-05-20""}","{""label"":""Long-term Debt, Excluding Current Maturities"",""description"":""Amount after unamortized (discount) premium and debt issuance costs of long-term debt classified as noncurrent and excluding amounts to be repaid within one year or the normal operating cycle, if longer. Includes, but not limited to, notes payable, bonds payable, debentures, mortgage loans and commercial paper. Excludes capital lease obligations.""}"
"[""companyfacts-0001045810"",""us-gaap"",""LongTermDebtNoncurrent"",""USD"",""45""]","0001045810","companyfacts-0001045810","us-gaap","LongTermDebtNoncurrent","USD","45","7469000000","present","\N","2026-01-25","0001045810-26-000075","2026-08-26","10-Q","2027","Q2","CY2025Q4I","/facts/us-gaap/LongTermDebtNoncurrent/units/USD/45","{""end"":""2026-01-25"",""val"":7469000000,""accn"":""0001045810-26-000075"",""fy"":2027,""fp"":""Q2"",""form"":""10-Q"",""filed"":""2026-08-26"",""frame"":""CY2025Q4I""}","{""label"":""Long-term Debt, Excluding Current Maturities"",""description"":""Amount after unamortized (discount) premium and debt issuance costs of long-term debt classified as noncurrent and excluding amounts to be repaid within one year or the normal operating cycle, if longer. Includes, but not limited to, notes payable, bonds payable, debentures, mortgage loans and commercial paper. Excludes capital lease obligations.""}"
"[""companyfacts-0001045810"",""us-gaap"",""LongTermDebtNoncurrent"",""USD"",""46""]","0001045810","companyfacts-0001045810","us-gaap","LongTermDebtNoncurrent","USD","46","7470000000","present","\N","2026-04-26","0001045810-26-000052","2026-05-20","10-Q","2027","Q1","CY2026Q1I","/facts/us-gaap/LongTermDebtNoncurrent/units/USD/46","{""end"":""2026-04-26"",""val"":7470000000,""accn"":""0001045810-26-000052"",""fy"":2027,""fp"":""Q1"",""form"":""10-Q"",""filed"":""2026-05-20"",""frame"":""CY2026Q1I""}","{""label"":""Long-term Debt, Excluding Current Maturities"",""description"":""Amount after unamortized (discount) premium and debt issuance costs of long-term debt classified as noncurrent and excluding amounts to be repaid within one year or the normal operating cycle, if longer. Includes, but not limited to, notes payable, bonds payable, debentures, mortgage loans and commercial paper. Excludes capital lease obligations.""}"
"[""companyfacts-0001045810"",""us-gaap"",""LongTermDebtNoncurrent"",""USD"",""47""]","0001045810","companyfacts-0001045810","us-gaap","LongTermDebtNoncurrent","USD","47","32366000000","present","\N","2026-07-26","0001045810-26-000075","2026-08-26","10-Q","2027","Q2","CY2026Q2I","/facts/us-gaap/LongTermDebtNoncurrent/units/USD/47","{""end"":""2026-07-26"",""val"":32366000000,""accn"":""0001045810-26-000075"",""fy"":2027,""fp"":""Q2"",""form"":""10-Q"",""filed"":""2026-08-26"",""frame"":""CY2026Q2I""}","{""label"":""Long-term Debt, Excluding Current Maturities"",""description"":""Amount after unamortized (discount) premium and debt issuance costs of long-term debt classified as noncurrent and excluding amounts to be repaid within one year or the normal operating cycle, if longer. Includes, but not limited to, notes payable, bonds payable, debentures, mortgage loans and commercial paper. Excludes capital lease obligations.""}"
"[""companyfacts-0001045810"",""us-gaap"",""Revenues"",""USD"",""255""]","0001045810","companyfacts-0001045810","us-gaap","Revenues","USD","255","60922000000","present","2023-01-30","2024-01-28","0001045810-26-000021","2026-02-25","10-K","2026","FY","CY2023","/facts/us-gaap/Revenues/units/USD/255","{""start"":""2023-01-30"",""end"":""2024-01-28"",""val"":60922000000,""accn"":""0001045810-26-000021"",""fy"":2026,""fp"":""FY"",""form"":""10-K"",""filed"":""2026-02-25"",""frame"":""CY2023""}","{""label"":""Revenues"",""description"":""Amount of revenue recognized from goods sold, services rendered, insurance premiums, or other activities that constitute an earning process. Includes, but is not limited to, investment and interest income before deduction of interest expense when recognized as a component of revenue, and sales and trading gain (loss).""}"
"[""companyfacts-0001045810"",""us-gaap"",""Revenues"",""USD"",""263""]","0001045810","companyfacts-0001045810","us-gaap","Revenues","USD","263","91166000000","present","2024-01-29","2024-10-27","0001045810-25-000230","2025-11-19","10-Q","2026","Q3","\N","/facts/us-gaap/Revenues/units/USD/263","{""start"":""2024-01-29"",""end"":""2024-10-27"",""val"":91166000000,""accn"":""0001045810-25-000230"",""fy"":2026,""fp"":""Q3"",""form"":""10-Q"",""filed"":""2025-11-19""}","{""label"":""Revenues"",""description"":""Amount of revenue recognized from goods sold, services rendered, insurance premiums, or other activities that constitute an earning process. Includes, but is not limited to, investment and interest income before deduction of interest expense when recognized as a component of revenue, and sales and trading gain (loss).""}"
"[""companyfacts-0001045810"",""us-gaap"",""Revenues"",""USD"",""265""]","0001045810","companyfacts-0001045810","us-gaap","Revenues","USD","265","35082000000","present","2024-07-29","2024-10-27","0001045810-25-000230","2025-11-19","10-Q","2026","Q3","CY2024Q3","/facts/us-gaap/Revenues/units/USD/265","{""start"":""2024-07-29"",""end"":""2024-10-27"",""val"":35082000000,""accn"":""0001045810-25-000230"",""fy"":2026,""fp"":""Q3"",""form"":""10-Q"",""filed"":""2025-11-19"",""frame"":""CY2024Q3""}","{""label"":""Revenues"",""description"":""Amount of revenue recognized from goods sold, services rendered, insurance premiums, or other activities that constitute an earning process. Includes, but is not limited to, investment and interest income before deduction of interest expense when recognized as a component of revenue, and sales and trading gain (loss).""}"
"[""companyfacts-0001045810"",""us-gaap"",""Revenues"",""USD"",""267""]","0001045810","companyfacts-0001045810","us-gaap","Revenues","USD","267","130497000000","present","2024-01-29","2025-01-26","0001045810-26-000021","2026-02-25","10-K","2026","FY","CY2024","/facts/us-gaap/Revenues/units/USD/267","{""start"":""2024-01-29"",""end"":""2025-01-26"",""val"":130497000000,""accn"":""0001045810-26-000021"",""fy"":2026,""fp"":""FY"",""form"":""10-K"",""filed"":""2026-02-25"",""frame"":""CY2024""}","{""label"":""Revenues"",""description"":""Amount of revenue recognized from goods sold, services rendered, insurance premiums, or other activities that constitute an earning process. Includes, but is not limited to, investment and interest income before deduction of interest expense when recognized as a component of revenue, and sales and trading gain (loss).""}"
"[""companyfacts-0001045810"",""us-gaap"",""Revenues"",""USD"",""269""]","0001045810","companyfacts-0001045810","us-gaap","Revenues","USD","269","44062000000","present","2025-01-27","2025-04-27","0001045810-26-000052","2026-05-20","10-Q","2027","Q1","CY2025Q1","/facts/us-gaap/Revenues/units/USD/269","{""start"":""2025-01-27"",""end"":""2025-04-27"",""val"":44062000000,""accn"":""0001045810-26-000052"",""fy"":2027,""fp"":""Q1"",""form"":""10-Q"",""filed"":""2026-05-20"",""frame"":""CY2025Q1""}","{""label"":""Revenues"",""description"":""Amount of revenue recognized from goods sold, services rendered, insurance premiums, or other activities that constitute an earning process. Includes, but is not limited to, investment and interest income before deduction of interest expense when recognized as a component of revenue, and sales and trading gain (loss).""}"
"[""companyfacts-0001045810"",""us-gaap"",""Revenues"",""USD"",""271""]","0001045810","companyfacts-0001045810","us-gaap","Revenues","USD","271","90805000000","present","2025-01-27","2025-07-27","0001045810-26-000075","2026-08-26","10-Q","2027","Q2","\N","/facts/us-gaap/Revenues/units/USD/271","{""start"":""2025-01-27"",""end"":""2025-07-27"",""val"":90805000000,""accn"":""0001045810-26-000075"",""fy"":2027,""fp"":""Q2"",""form"":""10-Q"",""filed"":""2026-08-26""}","{""label"":""Revenues"",""description"":""Amount of revenue recognized from goods sold, services rendered, insurance premiums, or other activities that constitute an earning process. Includes, but is not limited to, investment and interest income before deduction of interest expense when recognized as a component of revenue, and sales and trading gain (loss).""}"
"[""companyfacts-0001045810"",""us-gaap"",""Revenues"",""USD"",""273""]","0001045810","companyfacts-0001045810","us-gaap","Revenues","USD","273","46743000000","present","2025-04-28","2025-07-27","0001045810-26-000075","2026-08-26","10-Q","2027","Q2","CY2025Q2","/facts/us-gaap/Revenues/units/USD/273","{""start"":""2025-04-28"",""end"":""2025-07-27"",""val"":46743000000,""accn"":""0001045810-26-000075"",""fy"":2027,""fp"":""Q2"",""form"":""10-Q"",""filed"":""2026-08-26"",""frame"":""CY2025Q2""}","{""label"":""Revenues"",""description"":""Amount of revenue recognized from goods sold, services rendered, insurance premiums, or other activities that constitute an earning process. Includes, but is not limited to, investment and interest income before deduction of interest expense when recognized as a component of revenue, and sales and trading gain (loss).""}"
"[""companyfacts-0001045810"",""us-gaap"",""Revenues"",""USD"",""274""]","0001045810","companyfacts-0001045810","us-gaap","Revenues","USD","274","147811000000","present","2025-01-27","2025-10-26","0001045810-25-000230","2025-11-19","10-Q","2026","Q3","\N","/facts/us-gaap/Revenues/units/USD/274","{""start"":""2025-01-27"",""end"":""2025-10-26"",""val"":147811000000,""accn"":""0001045810-25-000230"",""fy"":2026,""fp"":""Q3"",""form"":""10-Q"",""filed"":""2025-11-19""}","{""label"":""Revenues"",""description"":""Amount of revenue recognized from goods sold, services rendered, insurance premiums, or other activities that constitute an earning process. Includes, but is not limited to, investment and interest income before deduction of interest expense when recognized as a component of revenue, and sales and trading gain (loss).""}"
"[""companyfacts-0001045810"",""us-gaap"",""Revenues"",""USD"",""275""]","0001045810","companyfacts-0001045810","us-gaap","Revenues","USD","275","57006000000","present","2025-07-28","2025-10-26","0001045810-25-000230","2025-11-19","10-Q","2026","Q3","CY2025Q3","/facts/us-gaap/Revenues/units/USD/275","{""start"":""2025-07-28"",""end"":""2025-10-26"",""val"":57006000000,""accn"":""0001045810-25-000230"",""fy"":2026,""fp"":""Q3"",""form"":""10-Q"",""filed"":""2025-11-19"",""frame"":""CY2025Q3""}","{""label"":""Revenues"",""description"":""Amount of revenue recognized from goods sold, services rendered, insurance premiums, or other activities that constitute an earning process. Includes, but is not limited to, investment and interest income before deduction of interest expense when recognized as a component of revenue, and sales and trading gain (loss).""}"
"[""companyfacts-0001045810"",""us-gaap"",""Revenues"",""USD"",""276""]","0001045810","companyfacts-0001045810","us-gaap","Revenues","USD","276","215938000000","present","2025-01-27","2026-01-25","0001045810-26-000021","2026-02-25","10-K","2026","FY","CY2025","/facts/us-gaap/Revenues/units/USD/276","{""start"":""2025-01-27"",""end"":""2026-01-25"",""val"":215938000000,""accn"":""0001045810-26-000021"",""fy"":2026,""fp"":""FY"",""form"":""10-K"",""filed"":""2026-02-25"",""frame"":""CY2025""}","{""label"":""Revenues"",""description"":""Amount of revenue recognized from goods sold, services rendered, insurance premiums, or other activities that constitute an earning process. Includes, but is not limited to, investment and interest income before deduction of interest expense when recognized as a component of revenue, and sales and trading gain (loss).""}"
"[""companyfacts-0001045810"",""us-gaap"",""Revenues"",""USD"",""277""]","0001045810","companyfacts-0001045810","us-gaap","Revenues","USD","277","81615000000","present","2026-01-26","2026-04-26","0001045810-26-000052","2026-05-20","10-Q","2027","Q1","CY2026Q1","/facts/us-gaap/Revenues/units/USD/277","{""start"":""2026-01-26"",""end"":""2026-04-26"",""val"":81615000000,""accn"":""0001045810-26-000052"",""fy"":2027,""fp"":""Q1"",""form"":""10-Q"",""filed"":""2026-05-20"",""frame"":""CY2026Q1""}","{""label"":""Revenues"",""description"":""Amount of revenue recognized from goods sold, services rendered, insurance premiums, or other activities that constitute an earning process. Includes, but is not limited to, investment and interest income before deduction of interest expense when recognized as a component of revenue, and sales and trading gain (loss).""}"
"[""companyfacts-0001045810"",""us-gaap"",""Revenues"",""USD"",""278""]","0001045810","companyfacts-0001045810","us-gaap","Revenues","USD","278","177837000000","present","2026-01-26","2026-07-26","0001045810-26-000075","2026-08-26","10-Q","2027","Q2","\N","/facts/us-gaap/Revenues/units/USD/278","{""start"":""2026-01-26"",""end"":""2026-07-26"",""val"":177837000000,""accn"":""0001045810-26-000075"",""fy"":2027,""fp"":""Q2"",""form"":""10-Q"",""filed"":""2026-08-26""}","{""label"":""Revenues"",""description"":""Amount of revenue recognized from goods sold, services rendered, insurance premiums, or other activities that constitute an earning process. Includes, but is not limited to, investment and interest income before deduction of interest expense when recognized as a component of revenue, and sales and trading gain (loss).""}"
"[""companyfacts-0001045810"",""us-gaap"",""Revenues"",""USD"",""279""]","0001045810","companyfacts-0001045810","us-gaap","Revenues","USD","279","96221000000","present","2026-04-27","2026-07-26","0001045810-26-000075","2026-08-26","10-Q","2027","Q2","CY2026Q2","/facts/us-gaap/Revenues/units/USD/279","{""start"":""2026-04-27"",""end"":""2026-07-26"",""val"":96221000000,""accn"":""0001045810-26-000075"",""fy"":2027,""fp"":""Q2"",""form"":""10-Q"",""filed"":""2026-08-26"",""frame"":""CY2026Q2""}","{""label"":""Revenues"",""description"":""Amount of revenue recognized from goods sold, services rendered, insurance premiums, or other activities that constitute an earning process. Includes, but is not limited to, investment and interest income before deduction of interest expense when recognized as a component of revenue, and sales and trading gain (loss).""}"
"[""companyfacts-0000019617"",""us-gaap"",""Revenues"",""USD"",""116""]","0000019617","companyfacts-0000019617","us-gaap","Revenues","USD","116","158104000000","present","2023-01-01","2023-12-31","0001628280-26-008131","2026-02-13","10-K","2025","FY","CY2023","/facts/us-gaap/Revenues/units/USD/116","{""start"":""2023-01-01"",""end"":""2023-12-31"",""val"":158104000000,""accn"":""0001628280-26-008131"",""fy"":2025,""fp"":""FY"",""form"":""10-K"",""filed"":""2026-02-13"",""frame"":""CY2023""}","{""label"":""Revenues"",""description"":""Amount of revenue recognized from goods sold, services rendered, insurance premiums, or other activities that constitute an earning process. Includes, but is not limited to, investment and interest income before deduction of interest expense when recognized as a component of revenue, and sales and trading gain (loss).""}"
"[""companyfacts-0000019617"",""us-gaap"",""Revenues"",""USD"",""118""]","0000019617","companyfacts-0000019617","us-gaap","Revenues","USD","118","177556000000","present","2024-01-01","2024-12-31","0001628280-26-008131","2026-02-13","10-K","2025","FY","CY2024","/facts/us-gaap/Revenues/units/USD/118","{""start"":""2024-01-01"",""end"":""2024-12-31"",""val"":177556000000,""accn"":""0001628280-26-008131"",""fy"":2025,""fp"":""FY"",""form"":""10-K"",""filed"":""2026-02-13"",""frame"":""CY2024""}","{""label"":""Revenues"",""description"":""Amount of revenue recognized from goods sold, services rendered, insurance premiums, or other activities that constitute an earning process. Includes, but is not limited to, investment and interest income before deduction of interest expense when recognized as a component of revenue, and sales and trading gain (loss).""}"
"[""companyfacts-0000019617"",""us-gaap"",""Revenues"",""USD"",""119""]","0000019617","companyfacts-0000019617","us-gaap","Revenues","USD","119","182447000000","present","2025-01-01","2025-12-31","0001628280-26-008131","2026-02-13","10-K","2025","FY","CY2025","/facts/us-gaap/Revenues/units/USD/119","{""start"":""2025-01-01"",""end"":""2025-12-31"",""val"":182447000000,""accn"":""0001628280-26-008131"",""fy"":2025,""fp"":""FY"",""form"":""10-K"",""filed"":""2026-02-13"",""frame"":""CY2025""}","{""label"":""Revenues"",""description"":""Amount of revenue recognized from goods sold, services rendered, insurance premiums, or other activities that constitute an earning process. Includes, but is not limited to, investment and interest income before deduction of interest expense when recognized as a component of revenue, and sales and trading gain (loss).""}"
"[""companyfacts-0001403161"",""us-gaap"",""CashAndCashEquivalentsAtCarryingValue"",""USD"",""211""]","0001403161","companyfacts-0001403161","us-gaap","CashAndCashEquivalentsAtCarryingValue","USD","211","11975000000","present","\N","2024-09-30","0001403161-25-000089","2025-11-06","10-K","2025","FY","CY2024Q3I","/facts/us-gaap/CashAndCashEquivalentsAtCarryingValue/units/USD/211","{""end"":""2024-09-30"",""val"":11975000000,""accn"":""0001403161-25-000089"",""fy"":2025,""fp"":""FY"",""form"":""10-K"",""filed"":""2025-11-06"",""frame"":""CY2024Q3I""}","{""label"":""Cash and Cash Equivalents, at Carrying Value"",""description"":""Amount of currency on hand as well as demand deposits with banks or financial institutions. Includes other kinds of accounts that have the general characteristics of demand deposits. Also includes short-term, highly liquid investments that are both readily convertible to known amounts of cash and so near their maturity that they present insignificant risk of changes in value because of changes in interest rates. Excludes cash and cash equivalents within disposal group and discontinued operation.""}"
"[""companyfacts-0001403161"",""us-gaap"",""CashAndCashEquivalentsAtCarryingValue"",""USD"",""215""]","0001403161","companyfacts-0001403161","us-gaap","CashAndCashEquivalentsAtCarryingValue","USD","215","17164000000","present","\N","2025-09-30","0001403161-25-000089","2025-11-06","10-K","2025","FY","\N","/facts/us-gaap/CashAndCashEquivalentsAtCarryingValue/units/USD/215","{""end"":""2025-09-30"",""val"":17164000000,""accn"":""0001403161-25-000089"",""fy"":2025,""fp"":""FY"",""form"":""10-K"",""filed"":""2025-11-06""}","{""label"":""Cash and Cash Equivalents, at Carrying Value"",""description"":""Amount of currency on hand as well as demand deposits with banks or financial institutions. Includes other kinds of accounts that have the general characteristics of demand deposits. Also includes short-term, highly liquid investments that are both readily convertible to known amounts of cash and so near their maturity that they present insignificant risk of changes in value because of changes in interest rates. Excludes cash and cash equivalents within disposal group and discontinued operation.""}"
"[""companyfacts-0001403161"",""us-gaap"",""CashAndCashEquivalentsAtCarryingValue"",""USD"",""216""]","0001403161","companyfacts-0001403161","us-gaap","CashAndCashEquivalentsAtCarryingValue","USD","216","17164000000","present","\N","2025-09-30","0001403161-26-000045","2026-01-30","10-Q","2026","Q1","\N","/facts/us-gaap/CashAndCashEquivalentsAtCarryingValue/units/USD/216","{""end"":""2025-09-30"",""val"":17164000000,""accn"":""0001403161-26-000045"",""fy"":2026,""fp"":""Q1"",""form"":""10-Q"",""filed"":""2026-01-30""}","{""label"":""Cash and Cash Equivalents, at Carrying Value"",""description"":""Amount of currency on hand as well as demand deposits with banks or financial institutions. Includes other kinds of accounts that have the general characteristics of demand deposits. Also includes short-term, highly liquid investments that are both readily convertible to known amounts of cash and so near their maturity that they present insignificant risk of changes in value because of changes in interest rates. Excludes cash and cash equivalents within disposal group and discontinued operation.""}"
"[""companyfacts-0001403161"",""us-gaap"",""CashAndCashEquivalentsAtCarryingValue"",""USD"",""217""]","0001403161","companyfacts-0001403161","us-gaap","CashAndCashEquivalentsAtCarryingValue","USD","217","17164000000","present","\N","2025-09-30","0001403161-26-000079","2026-04-29","10-Q","2026","Q2","CY2025Q3I","/facts/us-gaap/CashAndCashEquivalentsAtCarryingValue/units/USD/217","{""end"":""2025-09-30"",""val"":17164000000,""accn"":""0001403161-26-000079"",""fy"":2026,""fp"":""Q2"",""form"":""10-Q"",""filed"":""2026-04-29"",""frame"":""CY2025Q3I""}","{""label"":""Cash and Cash Equivalents, at Carrying Value"",""description"":""Amount of currency on hand as well as demand deposits with banks or financial institutions. Includes other kinds of accounts that have the general characteristics of demand deposits. Also includes short-term, highly liquid investments that are both readily convertible to known amounts of cash and so near their maturity that they present insignificant risk of changes in value because of changes in interest rates. Excludes cash and cash equivalents within disposal group and discontinued operation.""}"
"[""companyfacts-0001403161"",""us-gaap"",""CashAndCashEquivalentsAtCarryingValue"",""USD"",""218""]","0001403161","companyfacts-0001403161","us-gaap","CashAndCashEquivalentsAtCarryingValue","USD","218","14756000000","present","\N","2025-12-31","0001403161-26-000045","2026-01-30","10-Q","2026","Q1","CY2025Q4I","/facts/us-gaap/CashAndCashEquivalentsAtCarryingValue/units/USD/218","{""end"":""2025-12-31"",""val"":14756000000,""accn"":""0001403161-26-000045"",""fy"":2026,""fp"":""Q1"",""form"":""10-Q"",""filed"":""2026-01-30"",""frame"":""CY2025Q4I""}","{""label"":""Cash and Cash Equivalents, at Carrying Value"",""description"":""Amount of currency on hand as well as demand deposits with banks or financial institutions. Includes other kinds of accounts that have the general characteristics of demand deposits. Also includes short-term, highly liquid investments that are both readily convertible to known amounts of cash and so near their maturity that they present insignificant risk of changes in value because of changes in interest rates. Excludes cash and cash equivalents within disposal group and discontinued operation.""}"
"[""companyfacts-0001403161"",""us-gaap"",""CashAndCashEquivalentsAtCarryingValue"",""USD"",""219""]","0001403161","companyfacts-0001403161","us-gaap","CashAndCashEquivalentsAtCarryingValue","USD","219","12404000000","present","\N","2026-03-31","0001403161-26-000079","2026-04-29","10-Q","2026","Q2","CY2026Q1I","/facts/us-gaap/CashAndCashEquivalentsAtCarryingValue/units/USD/219","{""end"":""2026-03-31"",""val"":12404000000,""accn"":""0001403161-26-000079"",""fy"":2026,""fp"":""Q2"",""form"":""10-Q"",""filed"":""2026-04-29"",""frame"":""CY2026Q1I""}","{""label"":""Cash and Cash Equivalents, at Carrying Value"",""description"":""Amount of currency on hand as well as demand deposits with banks or financial institutions. Includes other kinds of accounts that have the general characteristics of demand deposits. Also includes short-term, highly liquid investments that are both readily convertible to known amounts of cash and so near their maturity that they present insignificant risk of changes in value because of changes in interest rates. Excludes cash and cash equivalents within disposal group and discontinued operation.""}"
"[""companyfacts-0001403161"",""us-gaap"",""LongTermDebtCurrent"",""USD"",""72""]","0001403161","companyfacts-0001403161","us-gaap","LongTermDebtCurrent","USD","72","0","present","\N","2024-09-30","0001403161-25-000089","2025-11-06","10-K","2025","FY","CY2024Q3I","/facts/us-gaap/LongTermDebtCurrent/units/USD/72","{""end"":""2024-09-30"",""val"":0,""accn"":""0001403161-25-000089"",""fy"":2025,""fp"":""FY"",""form"":""10-K"",""filed"":""2025-11-06"",""frame"":""CY2024Q3I""}","{""label"":""Long-term Debt, Current Maturities"",""description"":""Amount, after unamortized (discount) premium and debt issuance costs, of long-term debt, classified as current. Includes, but not limited to, notes payable, bonds payable, debentures, mortgage loans and commercial paper. Excludes capital lease obligations.""}"
"[""companyfacts-0001403161"",""us-gaap"",""LongTermDebtCurrent"",""USD"",""76""]","0001403161","companyfacts-0001403161","us-gaap","LongTermDebtCurrent","USD","76","5569000000","present","\N","2025-09-30","0001403161-25-000089","2025-11-06","10-K","2025","FY","\N","/facts/us-gaap/LongTermDebtCurrent/units/USD/76","{""end"":""2025-09-30"",""val"":5569000000,""accn"":""0001403161-25-000089"",""fy"":2025,""fp"":""FY"",""form"":""10-K"",""filed"":""2025-11-06""}","{""label"":""Long-term Debt, Current Maturities"",""description"":""Amount, after unamortized (discount) premium and debt issuance costs, of long-term debt, classified as current. Includes, but not limited to, notes payable, bonds payable, debentures, mortgage loans and commercial paper. Excludes capital lease obligations.""}"
"[""companyfacts-0001403161"",""us-gaap"",""LongTermDebtCurrent"",""USD"",""77""]","0001403161","companyfacts-0001403161","us-gaap","LongTermDebtCurrent","USD","77","5569000000","present","\N","2025-09-30","0001403161-26-000045","2026-01-30","10-Q","2026","Q1","\N","/facts/us-gaap/LongTermDebtCurrent/units/USD/77","{""end"":""2025-09-30"",""val"":5569000000,""accn"":""0001403161-26-000045"",""fy"":2026,""fp"":""Q1"",""form"":""10-Q"",""filed"":""2026-01-30""}","{""label"":""Long-term Debt, Current Maturities"",""description"":""Amount, after unamortized (discount) premium and debt issuance costs, of long-term debt, classified as current. Includes, but not limited to, notes payable, bonds payable, debentures, mortgage loans and commercial paper. Excludes capital lease obligations.""}"
"[""companyfacts-0001403161"",""us-gaap"",""LongTermDebtCurrent"",""USD"",""78""]","0001403161","companyfacts-0001403161","us-gaap","LongTermDebtCurrent","USD","78","5569000000","present","\N","2025-09-30","0001403161-26-000079","2026-04-29","10-Q","2026","Q2","CY2025Q3I","/facts/us-gaap/LongTermDebtCurrent/units/USD/78","{""end"":""2025-09-30"",""val"":5569000000,""accn"":""0001403161-26-000079"",""fy"":2026,""fp"":""Q2"",""form"":""10-Q"",""filed"":""2026-04-29"",""frame"":""CY2025Q3I""}","{""label"":""Long-term Debt, Current Maturities"",""description"":""Amount, after unamortized (discount) premium and debt issuance costs, of long-term debt, classified as current. Includes, but not limited to, notes payable, bonds payable, debentures, mortgage loans and commercial paper. Excludes capital lease obligations.""}"
"[""companyfacts-0001403161"",""us-gaap"",""LongTermDebtCurrent"",""USD"",""79""]","0001403161","companyfacts-0001403161","us-gaap","LongTermDebtCurrent","USD","79","1589000000","present","\N","2025-12-31","0001403161-26-000045","2026-01-30","10-Q","2026","Q1","CY2025Q4I","/facts/us-gaap/LongTermDebtCurrent/units/USD/79","{""end"":""2025-12-31"",""val"":1589000000,""accn"":""0001403161-26-000045"",""fy"":2026,""fp"":""Q1"",""form"":""10-Q"",""filed"":""2026-01-30"",""frame"":""CY2025Q4I""}","{""label"":""Long-term Debt, Current Maturities"",""description"":""Amount, after unamortized (discount) premium and debt issuance costs, of long-term debt, classified as current. Includes, but not limited to, notes payable, bonds payable, debentures, mortgage loans and commercial paper. Excludes capital lease obligations.""}"
"[""companyfacts-0001403161"",""us-gaap"",""LongTermDebtCurrent"",""USD"",""80""]","0001403161","companyfacts-0001403161","us-gaap","LongTermDebtCurrent","USD","80","1559000000","present","\N","2026-03-31","0001403161-26-000079","2026-04-29","10-Q","2026","Q2","CY2026Q1I","/facts/us-gaap/LongTermDebtCurrent/units/USD/80","{""end"":""2026-03-31"",""val"":1559000000,""accn"":""0001403161-26-000079"",""fy"":2026,""fp"":""Q2"",""form"":""10-Q"",""filed"":""2026-04-29"",""frame"":""CY2026Q1I""}","{""label"":""Long-term Debt, Current Maturities"",""description"":""Amount, after unamortized (discount) premium and debt issuance costs, of long-term debt, classified as current. Includes, but not limited to, notes payable, bonds payable, debentures, mortgage loans and commercial paper. Excludes capital lease obligations.""}"
"[""companyfacts-0001403161"",""us-gaap"",""LongTermDebtNoncurrent"",""USD"",""80""]","0001403161","companyfacts-0001403161","us-gaap","LongTermDebtNoncurrent","USD","80","20836000000","present","\N","2024-09-30","0001403161-25-000089","2025-11-06","10-K","2025","FY","CY2024Q3I","/facts/us-gaap/LongTermDebtNoncurrent/units/USD/80","{""end"":""2024-09-30"",""val"":20836000000,""accn"":""0001403161-25-000089"",""fy"":2025,""fp"":""FY"",""form"":""10-K"",""filed"":""2025-11-06"",""frame"":""CY2024Q3I""}","{""label"":""Long-term Debt, Excluding Current Maturities"",""description"":""Amount after unamortized (discount) premium and debt issuance costs of long-term debt classified as noncurrent and excluding amounts to be repaid within one year or the normal operating cycle, if longer. Includes, but not limited to, notes payable, bonds payable, debentures, mortgage loans and commercial paper. Excludes capital lease obligations.""}"
"[""companyfacts-0001403161"",""us-gaap"",""LongTermDebtNoncurrent"",""USD"",""84""]","0001403161","companyfacts-0001403161","us-gaap","LongTermDebtNoncurrent","USD","84","19602000000","present","\N","2025-09-30","0001403161-25-000089","2025-11-06","10-K","2025","FY","\N","/facts/us-gaap/LongTermDebtNoncurrent/units/USD/84","{""end"":""2025-09-30"",""val"":19602000000,""accn"":""0001403161-25-000089"",""fy"":2025,""fp"":""FY"",""form"":""10-K"",""filed"":""2025-11-06""}","{""label"":""Long-term Debt, Excluding Current Maturities"",""description"":""Amount after unamortized (discount) premium and debt issuance costs of long-term debt classified as noncurrent and excluding amounts to be repaid within one year or the normal operating cycle, if longer. Includes, but not limited to, notes payable, bonds payable, debentures, mortgage loans and commercial paper. Excludes capital lease obligations.""}"
"[""companyfacts-0001403161"",""us-gaap"",""LongTermDebtNoncurrent"",""USD"",""85""]","0001403161","companyfacts-0001403161","us-gaap","LongTermDebtNoncurrent","USD","85","19602000000","present","\N","2025-09-30","0001403161-26-000045","2026-01-30","10-Q","2026","Q1","\N","/facts/us-gaap/LongTermDebtNoncurrent/units/USD/85","{""end"":""2025-09-30"",""val"":19602000000,""accn"":""0001403161-26-000045"",""fy"":2026,""fp"":""Q1"",""form"":""10-Q"",""filed"":""2026-01-30""}","{""label"":""Long-term Debt, Excluding Current Maturities"",""description"":""Amount after unamortized (discount) premium and debt issuance costs of long-term debt classified as noncurrent and excluding amounts to be repaid within one year or the normal operating cycle, if longer. Includes, but not limited to, notes payable, bonds payable, debentures, mortgage loans and commercial paper. Excludes capital lease obligations.""}"
"[""companyfacts-0001403161"",""us-gaap"",""LongTermDebtNoncurrent"",""USD"",""86""]","0001403161","companyfacts-0001403161","us-gaap","LongTermDebtNoncurrent","USD","86","19602000000","present","\N","2025-09-30","0001403161-26-000079","2026-04-29","10-Q","2026","Q2","CY2025Q3I","/facts/us-gaap/LongTermDebtNoncurrent/units/USD/86","{""end"":""2025-09-30"",""val"":19602000000,""accn"":""0001403161-26-000079"",""fy"":2026,""fp"":""Q2"",""form"":""10-Q"",""filed"":""2026-04-29"",""frame"":""CY2025Q3I""}","{""label"":""Long-term Debt, Excluding Current Maturities"",""description"":""Amount after unamortized (discount) premium and debt issuance costs of long-term debt classified as noncurrent and excluding amounts to be repaid within one year or the normal operating cycle, if longer. Includes, but not limited to, notes payable, bonds payable, debentures, mortgage loans and commercial paper. Excludes capital lease obligations.""}"
"[""companyfacts-0001403161"",""us-gaap"",""LongTermDebtNoncurrent"",""USD"",""87""]","0001403161","companyfacts-0001403161","us-gaap","LongTermDebtNoncurrent","USD","87","19588000000","present","\N","2025-12-31","0001403161-26-000045","2026-01-30","10-Q","2026","Q1","CY2025Q4I","/facts/us-gaap/LongTermDebtNoncurrent/units/USD/87","{""end"":""2025-12-31"",""val"":19588000000,""accn"":""0001403161-26-000045"",""fy"":2026,""fp"":""Q1"",""form"":""10-Q"",""filed"":""2026-01-30"",""frame"":""CY2025Q4I""}","{""label"":""Long-term Debt, Excluding Current Maturities"",""description"":""Amount after unamortized (discount) premium and debt issuance costs of long-term debt classified as noncurrent and excluding amounts to be repaid within one year or the normal operating cycle, if longer. Includes, but not limited to, notes payable, bonds payable, debentures, mortgage loans and commercial paper. Excludes capital lease obligations.""}"
"[""companyfacts-0001403161"",""us-gaap"",""LongTermDebtNoncurrent"",""USD"",""88""]","0001403161","companyfacts-0001403161","us-gaap","LongTermDebtNoncurrent","USD","88","22417000000","present","\N","2026-03-31","0001403161-26-000079","2026-04-29","10-Q","2026","Q2","CY2026Q1I","/facts/us-gaap/LongTermDebtNoncurrent/units/USD/88","{""end"":""2026-03-31"",""val"":22417000000,""accn"":""0001403161-26-000079"",""fy"":2026,""fp"":""Q2"",""form"":""10-Q"",""filed"":""2026-04-29"",""frame"":""CY2026Q1I""}","{""label"":""Long-term Debt, Excluding Current Maturities"",""description"":""Amount after unamortized (discount) premium and debt issuance costs of long-term debt classified as noncurrent and excluding amounts to be repaid within one year or the normal operating cycle, if longer. Includes, but not limited to, notes payable, bonds payable, debentures, mortgage loans and commercial paper. Excludes capital lease obligations.""}"
"[""companyfacts-0001403161"",""us-gaap"",""RevenueFromContractWithCustomerExcludingAssessedTax"",""USD"",""56""]","0001403161","companyfacts-0001403161","us-gaap","RevenueFromContractWithCustomerExcludingAssessedTax","USD","56","32653000000","present","2022-10-01","2023-09-30","0001403161-25-000089","2025-11-06","10-K","2025","FY","CY2023","/facts/us-gaap/RevenueFromContractWithCustomerExcludingAssessedTax/units/USD/56","{""start"":""2022-10-01"",""end"":""2023-09-30"",""val"":32653000000,""accn"":""0001403161-25-000089"",""fy"":2025,""fp"":""FY"",""form"":""10-K"",""filed"":""2025-11-06"",""frame"":""CY2023""}","{""label"":""Revenue from Contract with Customer, Excluding Assessed Tax"",""description"":""Amount, excluding tax collected from customer, of revenue from satisfaction of performance obligation by transferring promised good or service to customer. Tax collected from customer is tax assessed by governmental authority that is both imposed on and concurrent with specific revenue-producing transaction, including, but not limited to, sales, use, value added and excise.""}"
"[""companyfacts-0001403161"",""us-gaap"",""RevenueFromContractWithCustomerExcludingAssessedTax"",""USD"",""68""]","0001403161","companyfacts-0001403161","us-gaap","RevenueFromContractWithCustomerExcludingAssessedTax","USD","68","35926000000","present","2023-10-01","2024-09-30","0001403161-25-000089","2025-11-06","10-K","2025","FY","CY2024","/facts/us-gaap/RevenueFromContractWithCustomerExcludingAssessedTax/units/USD/68","{""start"":""2023-10-01"",""end"":""2024-09-30"",""val"":35926000000,""accn"":""0001403161-25-000089"",""fy"":2025,""fp"":""FY"",""form"":""10-K"",""filed"":""2025-11-06"",""frame"":""CY2024""}","{""label"":""Revenue from Contract with Customer, Excluding Assessed Tax"",""description"":""Amount, excluding tax collected from customer, of revenue from satisfaction of performance obligation by transferring promised good or service to customer. Tax collected from customer is tax assessed by governmental authority that is both imposed on and concurrent with specific revenue-producing transaction, including, but not limited to, sales, use, value added and excise.""}"
"[""companyfacts-0001403161"",""us-gaap"",""RevenueFromContractWithCustomerExcludingAssessedTax"",""USD"",""70""]","0001403161","companyfacts-0001403161","us-gaap","RevenueFromContractWithCustomerExcludingAssessedTax","USD","70","9510000000","present","2024-10-01","2024-12-31","0001403161-26-000045","2026-01-30","10-Q","2026","Q1","CY2024Q4","/facts/us-gaap/RevenueFromContractWithCustomerExcludingAssessedTax/units/USD/70","{""start"":""2024-10-01"",""end"":""2024-12-31"",""val"":9510000000,""accn"":""0001403161-26-000045"",""fy"":2026,""fp"":""Q1"",""form"":""10-Q"",""filed"":""2026-01-30"",""frame"":""CY2024Q4""}","{""label"":""Revenue from Contract with Customer, Excluding Assessed Tax"",""description"":""Amount, excluding tax collected from customer, of revenue from satisfaction of performance obligation by transferring promised good or service to customer. Tax collected from customer is tax assessed by governmental authority that is both imposed on and concurrent with specific revenue-producing transaction, including, but not limited to, sales, use, value added and excise.""}"
"[""companyfacts-0001403161"",""us-gaap"",""RevenueFromContractWithCustomerExcludingAssessedTax"",""USD"",""72""]","0001403161","companyfacts-0001403161","us-gaap","RevenueFromContractWithCustomerExcludingAssessedTax","USD","72","19104000000","present","2024-10-01","2025-03-31","0001403161-26-000079","2026-04-29","10-Q","2026","Q2","\N","/facts/us-gaap/RevenueFromContractWithCustomerExcludingAssessedTax/units/USD/72","{""start"":""2024-10-01"",""end"":""2025-03-31"",""val"":19104000000,""accn"":""0001403161-26-000079"",""fy"":2026,""fp"":""Q2"",""form"":""10-Q"",""filed"":""2026-04-29""}","{""label"":""Revenue from Contract with Customer, Excluding Assessed Tax"",""description"":""Amount, excluding tax collected from customer, of revenue from satisfaction of performance obligation by transferring promised good or service to customer. Tax collected from customer is tax assessed by governmental authority that is both imposed on and concurrent with specific revenue-producing transaction, including, but not limited to, sales, use, value added and excise.""}"
"[""companyfacts-0001403161"",""us-gaap"",""RevenueFromContractWithCustomerExcludingAssessedTax"",""USD"",""74""]","0001403161","companyfacts-0001403161","us-gaap","RevenueFromContractWithCustomerExcludingAssessedTax","USD","74","9594000000","present","2025-01-01","2025-03-31","0001403161-26-000079","2026-04-29","10-Q","2026","Q2","CY2025Q1","/facts/us-gaap/RevenueFromContractWithCustomerExcludingAssessedTax/units/USD/74","{""start"":""2025-01-01"",""end"":""2025-03-31"",""val"":9594000000,""accn"":""0001403161-26-000079"",""fy"":2026,""fp"":""Q2"",""form"":""10-Q"",""filed"":""2026-04-29"",""frame"":""CY2025Q1""}","{""label"":""Revenue from Contract with Customer, Excluding Assessed Tax"",""description"":""Amount, excluding tax collected from customer, of revenue from satisfaction of performance obligation by transferring promised good or service to customer. Tax collected from customer is tax assessed by governmental authority that is both imposed on and concurrent with specific revenue-producing transaction, including, but not limited to, sales, use, value added and excise.""}"
"[""companyfacts-0001403161"",""us-gaap"",""RevenueFromContractWithCustomerExcludingAssessedTax"",""USD"",""77""]","0001403161","companyfacts-0001403161","us-gaap","RevenueFromContractWithCustomerExcludingAssessedTax","USD","77","40000000000","present","2024-10-01","2025-09-30","0001403161-25-000089","2025-11-06","10-K","2025","FY","CY2025","/facts/us-gaap/RevenueFromContractWithCustomerExcludingAssessedTax/units/USD/77","{""start"":""2024-10-01"",""end"":""2025-09-30"",""val"":40000000000,""accn"":""0001403161-25-000089"",""fy"":2025,""fp"":""FY"",""form"":""10-K"",""filed"":""2025-11-06"",""frame"":""CY2025""}","{""label"":""Revenue from Contract with Customer, Excluding Assessed Tax"",""description"":""Amount, excluding tax collected from customer, of revenue from satisfaction of performance obligation by transferring promised good or service to customer. Tax collected from customer is tax assessed by governmental authority that is both imposed on and concurrent with specific revenue-producing transaction, including, but not limited to, sales, use, value added and excise.""}"
"[""companyfacts-0001403161"",""us-gaap"",""RevenueFromContractWithCustomerExcludingAssessedTax"",""USD"",""78""]","0001403161","companyfacts-0001403161","us-gaap","RevenueFromContractWithCustomerExcludingAssessedTax","USD","78","10901000000","present","2025-10-01","2025-12-31","0001403161-26-000045","2026-01-30","10-Q","2026","Q1","CY2025Q4","/facts/us-gaap/RevenueFromContractWithCustomerExcludingAssessedTax/units/USD/78","{""start"":""2025-10-01"",""end"":""2025-12-31"",""val"":10901000000,""accn"":""0001403161-26-000045"",""fy"":2026,""fp"":""Q1"",""form"":""10-Q"",""filed"":""2026-01-30"",""frame"":""CY2025Q4""}","{""label"":""Revenue from Contract with Customer, Excluding Assessed Tax"",""description"":""Amount, excluding tax collected from customer, of revenue from satisfaction of performance obligation by transferring promised good or service to customer. Tax collected from customer is tax assessed by governmental authority that is both imposed on and concurrent with specific revenue-producing transaction, including, but not limited to, sales, use, value added and excise.""}"
"[""companyfacts-0001403161"",""us-gaap"",""RevenueFromContractWithCustomerExcludingAssessedTax"",""USD"",""79""]","0001403161","companyfacts-0001403161","us-gaap","RevenueFromContractWithCustomerExcludingAssessedTax","USD","79","22131000000","present","2025-10-01","2026-03-31","0001403161-26-000079","2026-04-29","10-Q","2026","Q2","\N","/facts/us-gaap/RevenueFromContractWithCustomerExcludingAssessedTax/units/USD/79","{""start"":""2025-10-01"",""end"":""2026-03-31"",""val"":22131000000,""accn"":""0001403161-26-000079"",""fy"":2026,""fp"":""Q2"",""form"":""10-Q"",""filed"":""2026-04-29""}","{""label"":""Revenue from Contract with Customer, Excluding Assessed Tax"",""description"":""Amount, excluding tax collected from customer, of revenue from satisfaction of performance obligation by transferring promised good or service to customer. Tax collected from customer is tax assessed by governmental authority that is both imposed on and concurrent with specific revenue-producing transaction, including, but not limited to, sales, use, value added and excise.""}"
"[""companyfacts-0001403161"",""us-gaap"",""RevenueFromContractWithCustomerExcludingAssessedTax"",""USD"",""80""]","0001403161","companyfacts-0001403161","us-gaap","RevenueFromContractWithCustomerExcludingAssessedTax","USD","80","11230000000","present","2026-01-01","2026-03-31","0001403161-26-000079","2026-04-29","10-Q","2026","Q2","CY2026Q1","/facts/us-gaap/RevenueFromContractWithCustomerExcludingAssessedTax/units/USD/80","{""start"":""2026-01-01"",""end"":""2026-03-31"",""val"":11230000000,""accn"":""0001403161-26-000079"",""fy"":2026,""fp"":""Q2"",""form"":""10-Q"",""filed"":""2026-04-29"",""frame"":""CY2026Q1""}","{""label"":""Revenue from Contract with Customer, Excluding Assessed Tax"",""description"":""Amount, excluding tax collected from customer, of revenue from satisfaction of performance obligation by transferring promised good or service to customer. Tax collected from customer is tax assessed by governmental authority that is both imposed on and concurrent with specific revenue-producing transaction, including, but not limited to, sales, use, value added and excise.""}"
"[""companyfacts-0000070858"",""us-gaap"",""Revenues"",""USD"",""213""]","0000070858","companyfacts-0000070858","us-gaap","Revenues","USD","213","102769000000","present","2023-01-01","2023-12-31","0000070858-26-000157","2026-02-25","10-K","2025","FY","CY2023","/facts/us-gaap/Revenues/units/USD/213","{""start"":""2023-01-01"",""end"":""2023-12-31"",""val"":102769000000,""accn"":""0000070858-26-000157"",""fy"":2025,""fp"":""FY"",""form"":""10-K"",""filed"":""2026-02-25"",""frame"":""CY2023""}","{""label"":""Revenues"",""description"":""Amount of revenue recognized from goods sold, services rendered, insurance premiums, or other activities that constitute an earning process. Includes, but is not limited to, investment and interest income before deduction of interest expense when recognized as a component of revenue, and sales and trading gain (loss).""}"
"[""companyfacts-0000070858"",""us-gaap"",""Revenues"",""USD"",""221""]","0000070858","companyfacts-0000070858","us-gaap","Revenues","USD","221","76540000000","present","2024-01-01","2024-09-30","0000070858-25-000405","2025-10-31","10-Q","2025","Q3","\N","/facts/us-gaap/Revenues/units/USD/221","{""start"":""2024-01-01"",""end"":""2024-09-30"",""val"":76540000000,""accn"":""0000070858-25-000405"",""fy"":2025,""fp"":""Q3"",""form"":""10-Q"",""filed"":""2025-10-31""}","{""label"":""Revenues"",""description"":""Amount of revenue recognized from goods sold, services rendered, insurance premiums, or other activities that constitute an earning process. Includes, but is not limited to, investment and interest income before deduction of interest expense when recognized as a component of revenue, and sales and trading gain (loss).""}"
"[""companyfacts-0000070858"",""us-gaap"",""Revenues"",""USD"",""223""]","0000070858","companyfacts-0000070858","us-gaap","Revenues","USD","223","25345000000","present","2024-07-01","2024-09-30","0000070858-25-000405","2025-10-31","10-Q","2025","Q3","CY2024Q3","/facts/us-gaap/Revenues/units/USD/223","{""start"":""2024-07-01"",""end"":""2024-09-30"",""val"":25345000000,""accn"":""0000070858-25-000405"",""fy"":2025,""fp"":""Q3"",""form"":""10-Q"",""filed"":""2025-10-31"",""frame"":""CY2024Q3""}","{""label"":""Revenues"",""description"":""Amount of revenue recognized from goods sold, services rendered, insurance premiums, or other activities that constitute an earning process. Includes, but is not limited to, investment and interest income before deduction of interest expense when recognized as a component of revenue, and sales and trading gain (loss).""}"
"[""companyfacts-0000070858"",""us-gaap"",""Revenues"",""USD"",""225""]","0000070858","companyfacts-0000070858","us-gaap","Revenues","USD","225","105856000000","present","2024-01-01","2024-12-31","0000070858-26-000157","2026-02-25","10-K","2025","FY","CY2024","/facts/us-gaap/Revenues/units/USD/225","{""start"":""2024-01-01"",""end"":""2024-12-31"",""val"":105856000000,""accn"":""0000070858-26-000157"",""fy"":2025,""fp"":""FY"",""form"":""10-K"",""filed"":""2026-02-25"",""frame"":""CY2024""}","{""label"":""Revenues"",""description"":""Amount of revenue recognized from goods sold, services rendered, insurance premiums, or other activities that constitute an earning process. Includes, but is not limited to, investment and interest income before deduction of interest expense when recognized as a component of revenue, and sales and trading gain (loss).""}"
"[""companyfacts-0000070858"",""us-gaap"",""Revenues"",""USD"",""227""]","0000070858","companyfacts-0000070858","us-gaap","Revenues","USD","227","28247000000","present","2025-01-01","2025-03-31","0000070858-26-000249","2026-05-01","10-Q","2026","Q1","CY2025Q1","/facts/us-gaap/Revenues/units/USD/227","{""start"":""2025-01-01"",""end"":""2025-03-31"",""val"":28247000000,""accn"":""0000070858-26-000249"",""fy"":2026,""fp"":""Q1"",""form"":""10-Q"",""filed"":""2026-05-01"",""frame"":""CY2025Q1""}","{""label"":""Revenues"",""description"":""Amount of revenue recognized from goods sold, services rendered, insurance premiums, or other activities that constitute an earning process. Includes, but is not limited to, investment and interest income before deduction of interest expense when recognized as a component of revenue, and sales and trading gain (loss).""}"
"[""companyfacts-0000070858"",""us-gaap"",""Revenues"",""USD"",""229""]","0000070858","companyfacts-0000070858","us-gaap","Revenues","USD","229","55690000000","present","2025-01-01","2025-06-30","0000070858-26-000394","2026-07-31","10-Q","2026","Q2","\N","/facts/us-gaap/Revenues/units/USD/229","{""start"":""2025-01-01"",""end"":""2025-06-30"",""val"":55690000000,""accn"":""0000070858-26-000394"",""fy"":2026,""fp"":""Q2"",""form"":""10-Q"",""filed"":""2026-07-31""}","{""label"":""Revenues"",""description"":""Amount of revenue recognized from goods sold, services rendered, insurance premiums, or other activities that constitute an earning process. Includes, but is not limited to, investment and interest income before deduction of interest expense when recognized as a component of revenue, and sales and trading gain (loss).""}"
"[""companyfacts-0000070858"",""us-gaap"",""Revenues"",""USD"",""231""]","0000070858","companyfacts-0000070858","us-gaap","Revenues","USD","231","27443000000","present","2025-04-01","2025-06-30","0000070858-26-000394","2026-07-31","10-Q","2026","Q2","CY2025Q2","/facts/us-gaap/Revenues/units/USD/231","{""start"":""2025-04-01"",""end"":""2025-06-30"",""val"":27443000000,""accn"":""0000070858-26-000394"",""fy"":2026,""fp"":""Q2"",""form"":""10-Q"",""filed"":""2026-07-31"",""frame"":""CY2025Q2""}","{""label"":""Revenues"",""description"":""Amount of revenue recognized from goods sold, services rendered, insurance premiums, or other activities that constitute an earning process. Includes, but is not limited to, investment and interest income before deduction of interest expense when recognized as a component of revenue, and sales and trading gain (loss).""}"
"[""companyfacts-0000070858"",""us-gaap"",""Revenues"",""USD"",""232""]","0000070858","companyfacts-0000070858","us-gaap","Revenues","USD","232","81917000000","present","2025-01-01","2025-09-30","0000070858-25-000405","2025-10-31","10-Q","2025","Q3","\N","/facts/us-gaap/Revenues/units/USD/232","{""start"":""2025-01-01"",""end"":""2025-09-30"",""val"":81917000000,""accn"":""0000070858-25-000405"",""fy"":2025,""fp"":""Q3"",""form"":""10-Q"",""filed"":""2025-10-31""}","{""label"":""Revenues"",""description"":""Amount of revenue recognized from goods sold, services rendered, insurance premiums, or other activities that constitute an earning process. Includes, but is not limited to, investment and interest income before deduction of interest expense when recognized as a component of revenue, and sales and trading gain (loss).""}"
"[""companyfacts-0000070858"",""us-gaap"",""Revenues"",""USD"",""233""]","0000070858","companyfacts-0000070858","us-gaap","Revenues","USD","233","28088000000","present","2025-07-01","2025-09-30","0000070858-25-000405","2025-10-31","10-Q","2025","Q3","CY2025Q3","/facts/us-gaap/Revenues/units/USD/233","{""start"":""2025-07-01"",""end"":""2025-09-30"",""val"":28088000000,""accn"":""0000070858-25-000405"",""fy"":2025,""fp"":""Q3"",""form"":""10-Q"",""filed"":""2025-10-31"",""frame"":""CY2025Q3""}","{""label"":""Revenues"",""description"":""Amount of revenue recognized from goods sold, services rendered, insurance premiums, or other activities that constitute an earning process. Includes, but is not limited to, investment and interest income before deduction of interest expense when recognized as a component of revenue, and sales and trading gain (loss).""}"
"[""companyfacts-0000070858"",""us-gaap"",""Revenues"",""USD"",""234""]","0000070858","companyfacts-0000070858","us-gaap","Revenues","USD","234","113097000000","present","2025-01-01","2025-12-31","0000070858-26-000157","2026-02-25","10-K","2025","FY","CY2025","/facts/us-gaap/Revenues/units/USD/234","{""start"":""2025-01-01"",""end"":""2025-12-31"",""val"":113097000000,""accn"":""0000070858-26-000157"",""fy"":2025,""fp"":""FY"",""form"":""10-K"",""filed"":""2026-02-25"",""frame"":""CY2025""}","{""label"":""Revenues"",""description"":""Amount of revenue recognized from goods sold, services rendered, insurance premiums, or other activities that constitute an earning process. Includes, but is not limited to, investment and interest income before deduction of interest expense when recognized as a component of revenue, and sales and trading gain (loss).""}"
"[""companyfacts-0000070858"",""us-gaap"",""Revenues"",""USD"",""235""]","0000070858","companyfacts-0000070858","us-gaap","Revenues","USD","235","30272000000","present","2026-01-01","2026-03-31","0000070858-26-000249","2026-05-01","10-Q","2026","Q1","CY2026Q1","/facts/us-gaap/Revenues/units/USD/235","{""start"":""2026-01-01"",""end"":""2026-03-31"",""val"":30272000000,""accn"":""0000070858-26-000249"",""fy"":2026,""fp"":""Q1"",""form"":""10-Q"",""filed"":""2026-05-01"",""frame"":""CY2026Q1""}","{""label"":""Revenues"",""description"":""Amount of revenue recognized from goods sold, services rendered, insurance premiums, or other activities that constitute an earning process. Includes, but is not limited to, investment and interest income before deduction of interest expense when recognized as a component of revenue, and sales and trading gain (loss).""}"
"[""companyfacts-0000070858"",""us-gaap"",""Revenues"",""USD"",""236""]","0000070858","companyfacts-0000070858","us-gaap","Revenues","USD","236","61830000000","present","2026-01-01","2026-06-30","0000070858-26-000394","2026-07-31","10-Q","2026","Q2","\N","/facts/us-gaap/Revenues/units/USD/236","{""start"":""2026-01-01"",""end"":""2026-06-30"",""val"":61830000000,""accn"":""0000070858-26-000394"",""fy"":2026,""fp"":""Q2"",""form"":""10-Q"",""filed"":""2026-07-31""}","{""label"":""Revenues"",""description"":""Amount of revenue recognized from goods sold, services rendered, insurance premiums, or other activities that constitute an earning process. Includes, but is not limited to, investment and interest income before deduction of interest expense when recognized as a component of revenue, and sales and trading gain (loss).""}"
"[""companyfacts-0000070858"",""us-gaap"",""Revenues"",""USD"",""237""]","0000070858","companyfacts-0000070858","us-gaap","Revenues","USD","237","31558000000","present","2026-04-01","2026-06-30","0000070858-26-000394","2026-07-31","10-Q","2026","Q2","CY2026Q2","/facts/us-gaap/Revenues/units/USD/237","{""start"":""2026-04-01"",""end"":""2026-06-30"",""val"":31558000000,""accn"":""0000070858-26-000394"",""fy"":2026,""fp"":""Q2"",""form"":""10-Q"",""filed"":""2026-07-31"",""frame"":""CY2026Q2""}","{""label"":""Revenues"",""description"":""Amount of revenue recognized from goods sold, services rendered, insurance premiums, or other activities that constitute an earning process. Includes, but is not limited to, investment and interest income before deduction of interest expense when recognized as a component of revenue, and sales and trading gain (loss).""}"
"[""companyfacts-0000034088"",""us-gaap"",""CashAndCashEquivalentsAtCarryingValue"",""USD"",""214""]","0000034088","companyfacts-0000034088","us-gaap","CashAndCashEquivalentsAtCarryingValue","USD","214","23029000000","present","\N","2024-12-31","0000034088-25-000061","2025-11-03","10-Q","2025","Q3","\N","/facts/us-gaap/CashAndCashEquivalentsAtCarryingValue/units/USD/214","{""end"":""2024-12-31"",""val"":23029000000,""accn"":""0000034088-25-000061"",""fy"":2025,""fp"":""Q3"",""form"":""10-Q"",""filed"":""2025-11-03""}","{""label"":""Cash and Cash Equivalents, at Carrying Value"",""description"":""Amount of currency on hand as well as demand deposits with banks or financial institutions. Includes other kinds of accounts that have the general characteristics of demand deposits. Also includes short-term, highly liquid investments that are both readily convertible to known amounts of cash and so near their maturity that they present insignificant risk of changes in value because of changes in interest rates. Excludes cash and cash equivalents within disposal group and discontinued operation.""}"
"[""companyfacts-0000034088"",""us-gaap"",""CashAndCashEquivalentsAtCarryingValue"",""USD"",""215""]","0000034088","companyfacts-0000034088","us-gaap","CashAndCashEquivalentsAtCarryingValue","USD","215","23029000000","present","\N","2024-12-31","0000034088-26-000045","2026-02-18","10-K","2025","FY","CY2024Q4I","/facts/us-gaap/CashAndCashEquivalentsAtCarryingValue/units/USD/215","{""end"":""2024-12-31"",""val"":23029000000,""accn"":""0000034088-26-000045"",""fy"":2025,""fp"":""FY"",""form"":""10-K"",""filed"":""2026-02-18"",""frame"":""CY2024Q4I""}","{""label"":""Cash and Cash Equivalents, at Carrying Value"",""description"":""Amount of currency on hand as well as demand deposits with banks or financial institutions. Includes other kinds of accounts that have the general characteristics of demand deposits. Also includes short-term, highly liquid investments that are both readily convertible to known amounts of cash and so near their maturity that they present insignificant risk of changes in value because of changes in interest rates. Excludes cash and cash equivalents within disposal group and discontinued operation.""}"
"[""companyfacts-0000034088"",""us-gaap"",""CashAndCashEquivalentsAtCarryingValue"",""USD"",""218""]","0000034088","companyfacts-0000034088","us-gaap","CashAndCashEquivalentsAtCarryingValue","USD","218","13814000000","present","\N","2025-09-30","0000034088-25-000061","2025-11-03","10-Q","2025","Q3","CY2025Q3I","/facts/us-gaap/CashAndCashEquivalentsAtCarryingValue/units/USD/218","{""end"":""2025-09-30"",""val"":13814000000,""accn"":""0000034088-25-000061"",""fy"":2025,""fp"":""Q3"",""form"":""10-Q"",""filed"":""2025-11-03"",""frame"":""CY2025Q3I""}","{""label"":""Cash and Cash Equivalents, at Carrying Value"",""description"":""Amount of currency on hand as well as demand deposits with banks or financial institutions. Includes other kinds of accounts that have the general characteristics of demand deposits. Also includes short-term, highly liquid investments that are both readily convertible to known amounts of cash and so near their maturity that they present insignificant risk of changes in value because of changes in interest rates. Excludes cash and cash equivalents within disposal group and discontinued operation.""}"
"[""companyfacts-0000034088"",""us-gaap"",""CashAndCashEquivalentsAtCarryingValue"",""USD"",""219""]","0000034088","companyfacts-0000034088","us-gaap","CashAndCashEquivalentsAtCarryingValue","USD","219","10681000000","present","\N","2025-12-31","0000034088-26-000045","2026-02-18","10-K","2025","FY","\N","/facts/us-gaap/CashAndCashEquivalentsAtCarryingValue/units/USD/219","{""end"":""2025-12-31"",""val"":10681000000,""accn"":""0000034088-26-000045"",""fy"":2025,""fp"":""FY"",""form"":""10-K"",""filed"":""2026-02-18""}","{""label"":""Cash and Cash Equivalents, at Carrying Value"",""description"":""Amount of currency on hand as well as demand deposits with banks or financial institutions. Includes other kinds of accounts that have the general characteristics of demand deposits. Also includes short-term, highly liquid investments that are both readily convertible to known amounts of cash and so near their maturity that they present insignificant risk of changes in value because of changes in interest rates. Excludes cash and cash equivalents within disposal group and discontinued operation.""}"
"[""companyfacts-0000034088"",""us-gaap"",""CashAndCashEquivalentsAtCarryingValue"",""USD"",""220""]","0000034088","companyfacts-0000034088","us-gaap","CashAndCashEquivalentsAtCarryingValue","USD","220","10681000000","present","\N","2025-12-31","0000034088-26-000067","2026-05-04","10-Q","2026","Q1","CY2025Q4I","/facts/us-gaap/CashAndCashEquivalentsAtCarryingValue/units/USD/220","{""end"":""2025-12-31"",""val"":10681000000,""accn"":""0000034088-26-000067"",""fy"":2026,""fp"":""Q1"",""form"":""10-Q"",""filed"":""2026-05-04"",""frame"":""CY2025Q4I""}","{""label"":""Cash and Cash Equivalents, at Carrying Value"",""description"":""Amount of currency on hand as well as demand deposits with banks or financial institutions. Includes other kinds of accounts that have the general characteristics of demand deposits. Also includes short-term, highly liquid investments that are both readily convertible to known amounts of cash and so near their maturity that they present insignificant risk of changes in value because of changes in interest rates. Excludes cash and cash equivalents within disposal group and discontinued operation.""}"
"[""companyfacts-0000034088"",""us-gaap"",""CashAndCashEquivalentsAtCarryingValue"",""USD"",""221""]","0000034088","companyfacts-0000034088","us-gaap","CashAndCashEquivalentsAtCarryingValue","USD","221","8435000000","present","\N","2026-03-31","0000034088-26-000067","2026-05-04","10-Q","2026","Q1","CY2026Q1I","/facts/us-gaap/CashAndCashEquivalentsAtCarryingValue/units/USD/221","{""end"":""2026-03-31"",""val"":8435000000,""accn"":""0000034088-26-000067"",""fy"":2026,""fp"":""Q1"",""form"":""10-Q"",""filed"":""2026-05-04"",""frame"":""CY2026Q1I""}","{""label"":""Cash and Cash Equivalents, at Carrying Value"",""description"":""Amount of currency on hand as well as demand deposits with banks or financial institutions. Includes other kinds of accounts that have the general characteristics of demand deposits. Also includes short-term, highly liquid investments that are both readily convertible to known amounts of cash and so near their maturity that they present insignificant risk of changes in value because of changes in interest rates. Excludes cash and cash equivalents within disposal group and discontinued operation.""}"
"[""companyfacts-0000034088"",""us-gaap"",""LongTermDebtCurrent"",""USD"",""26""]","0000034088","companyfacts-0000034088","us-gaap","LongTermDebtCurrent","USD","26","6200000000","present","\N","2025-12-31","0000034088-26-000045","2026-02-18","10-K","2025","FY","CY2025Q4I","/facts/us-gaap/LongTermDebtCurrent/units/USD/26","{""end"":""2025-12-31"",""val"":6200000000,""accn"":""0000034088-26-000045"",""fy"":2025,""fp"":""FY"",""form"":""10-K"",""filed"":""2026-02-18"",""frame"":""CY2025Q4I""}","{""label"":""Long-term Debt, Current Maturities"",""description"":""Amount, after unamortized (discount) premium and debt issuance costs, of long-term debt, classified as current. Includes, but not limited to, notes payable, bonds payable, debentures, mortgage loans and commercial paper. Excludes capital lease obligations.""}"
"[""companyfacts-0000034088"",""us-gaap"",""Revenues"",""USD"",""106""]","0000034088","companyfacts-0000034088","us-gaap","Revenues","USD","106","344582000000","present","2023-01-01","2023-12-31","0000034088-26-000045","2026-02-18","10-K","2025","FY","CY2023","/facts/us-gaap/Revenues/units/USD/106","{""start"":""2023-01-01"",""end"":""2023-12-31"",""val"":344582000000,""accn"":""0000034088-26-000045"",""fy"":2025,""fp"":""FY"",""form"":""10-K"",""filed"":""2026-02-18"",""frame"":""CY2023""}","{""label"":""Revenues"",""description"":""Amount of revenue recognized from goods sold, services rendered, insurance premiums, or other activities that constitute an earning process. Includes, but is not limited to, investment and interest income before deduction of interest expense when recognized as a component of revenue, and sales and trading gain (loss).""}"
"[""companyfacts-0000034088"",""us-gaap"",""Revenues"",""USD"",""114""]","0000034088","companyfacts-0000034088","us-gaap","Revenues","USD","114","266159000000","present","2024-01-01","2024-09-30","0000034088-25-000061","2025-11-03","10-Q","2025","Q3","\N","/facts/us-gaap/Revenues/units/USD/114","{""start"":""2024-01-01"",""end"":""2024-09-30"",""val"":266159000000,""accn"":""0000034088-25-000061"",""fy"":2025,""fp"":""Q3"",""form"":""10-Q"",""filed"":""2025-11-03""}","{""label"":""Revenues"",""description"":""Amount of revenue recognized from goods sold, services rendered, insurance premiums, or other activities that constitute an earning process. Includes, but is not limited to, investment and interest income before deduction of interest expense when recognized as a component of revenue, and sales and trading gain (loss).""}"
"[""companyfacts-0000034088"",""us-gaap"",""Revenues"",""USD"",""116""]","0000034088","companyfacts-0000034088","us-gaap","Revenues","USD","116","90016000000","present","2024-07-01","2024-09-30","0000034088-25-000061","2025-11-03","10-Q","2025","Q3","CY2024Q3","/facts/us-gaap/Revenues/units/USD/116","{""start"":""2024-07-01"",""end"":""2024-09-30"",""val"":90016000000,""accn"":""0000034088-25-000061"",""fy"":2025,""fp"":""Q3"",""form"":""10-Q"",""filed"":""2025-11-03"",""frame"":""CY2024Q3""}","{""label"":""Revenues"",""description"":""Amount of revenue recognized from goods sold, services rendered, insurance premiums, or other activities that constitute an earning process. Includes, but is not limited to, investment and interest income before deduction of interest expense when recognized as a component of revenue, and sales and trading gain (loss).""}"
"[""companyfacts-0000034088"",""us-gaap"",""Revenues"",""USD"",""118""]","0000034088","companyfacts-0000034088","us-gaap","Revenues","USD","118","349585000000","present","2024-01-01","2024-12-31","0000034088-26-000045","2026-02-18","10-K","2025","FY","CY2024","/facts/us-gaap/Revenues/units/USD/118","{""start"":""2024-01-01"",""end"":""2024-12-31"",""val"":349585000000,""accn"":""0000034088-26-000045"",""fy"":2025,""fp"":""FY"",""form"":""10-K"",""filed"":""2026-02-18"",""frame"":""CY2024""}","{""label"":""Revenues"",""description"":""Amount of revenue recognized from goods sold, services rendered, insurance premiums, or other activities that constitute an earning process. Includes, but is not limited to, investment and interest income before deduction of interest expense when recognized as a component of revenue, and sales and trading gain (loss).""}"
"[""companyfacts-0000034088"",""us-gaap"",""Revenues"",""USD"",""120""]","0000034088","companyfacts-0000034088","us-gaap","Revenues","USD","120","83130000000","present","2025-01-01","2025-03-31","0000034088-26-000067","2026-05-04","10-Q","2026","Q1","CY2025Q1","/facts/us-gaap/Revenues/units/USD/120","{""start"":""2025-01-01"",""end"":""2025-03-31"",""val"":83130000000,""accn"":""0000034088-26-000067"",""fy"":2026,""fp"":""Q1"",""form"":""10-Q"",""filed"":""2026-05-04"",""frame"":""CY2025Q1""}","{""label"":""Revenues"",""description"":""Amount of revenue recognized from goods sold, services rendered, insurance premiums, or other activities that constitute an earning process. Includes, but is not limited to, investment and interest income before deduction of interest expense when recognized as a component of revenue, and sales and trading gain (loss).""}"
"[""companyfacts-0000034088"",""us-gaap"",""Revenues"",""USD"",""123""]","0000034088","companyfacts-0000034088","us-gaap","Revenues","USD","123","249930000000","present","2025-01-01","2025-09-30","0000034088-25-000061","2025-11-03","10-Q","2025","Q3","\N","/facts/us-gaap/Revenues/units/USD/123","{""start"":""2025-01-01"",""end"":""2025-09-30"",""val"":249930000000,""accn"":""0000034088-25-000061"",""fy"":2025,""fp"":""Q3"",""form"":""10-Q"",""filed"":""2025-11-03""}","{""label"":""Revenues"",""description"":""Amount of revenue recognized from goods sold, services rendered, insurance premiums, or other activities that constitute an earning process. Includes, but is not limited to, investment and interest income before deduction of interest expense when recognized as a component of revenue, and sales and trading gain (loss).""}"
"[""companyfacts-0000034088"",""us-gaap"",""Revenues"",""USD"",""124""]","0000034088","companyfacts-0000034088","us-gaap","Revenues","USD","124","85294000000","present","2025-07-01","2025-09-30","0000034088-25-000061","2025-11-03","10-Q","2025","Q3","CY2025Q3","/facts/us-gaap/Revenues/units/USD/124","{""start"":""2025-07-01"",""end"":""2025-09-30"",""val"":85294000000,""accn"":""0000034088-25-000061"",""fy"":2025,""fp"":""Q3"",""form"":""10-Q"",""filed"":""2025-11-03"",""frame"":""CY2025Q3""}","{""label"":""Revenues"",""description"":""Amount of revenue recognized from goods sold, services rendered, insurance premiums, or other activities that constitute an earning process. Includes, but is not limited to, investment and interest income before deduction of interest expense when recognized as a component of revenue, and sales and trading gain (loss).""}"
"[""companyfacts-0000034088"",""us-gaap"",""Revenues"",""USD"",""125""]","0000034088","companyfacts-0000034088","us-gaap","Revenues","USD","125","332238000000","present","2025-01-01","2025-12-31","0000034088-26-000045","2026-02-18","10-K","2025","FY","CY2025","/facts/us-gaap/Revenues/units/USD/125","{""start"":""2025-01-01"",""end"":""2025-12-31"",""val"":332238000000,""accn"":""0000034088-26-000045"",""fy"":2025,""fp"":""FY"",""form"":""10-K"",""filed"":""2026-02-18"",""frame"":""CY2025""}","{""label"":""Revenues"",""description"":""Amount of revenue recognized from goods sold, services rendered, insurance premiums, or other activities that constitute an earning process. Includes, but is not limited to, investment and interest income before deduction of interest expense when recognized as a component of revenue, and sales and trading gain (loss).""}"
"[""companyfacts-0000034088"",""us-gaap"",""Revenues"",""USD"",""126""]","0000034088","companyfacts-0000034088","us-gaap","Revenues","USD","126","85138000000","present","2026-01-01","2026-03-31","0000034088-26-000067","2026-05-04","10-Q","2026","Q1","CY2026Q1","/facts/us-gaap/Revenues/units/USD/126","{""start"":""2026-01-01"",""end"":""2026-03-31"",""val"":85138000000,""accn"":""0000034088-26-000067"",""fy"":2026,""fp"":""Q1"",""form"":""10-Q"",""filed"":""2026-05-04"",""frame"":""CY2026Q1""}","{""label"":""Revenues"",""description"":""Amount of revenue recognized from goods sold, services rendered, insurance premiums, or other activities that constitute an earning process. Includes, but is not limited to, investment and interest income before deduction of interest expense when recognized as a component of revenue, and sales and trading gain (loss).""}"
"[""companyfacts-0000093410"",""us-gaap"",""LongTermDebtCurrent"",""USD"",""30""]","0000093410","companyfacts-0000093410","us-gaap","LongTermDebtCurrent","USD","30","4012000000","present","\N","2024-12-31","0000093410-26-000078","2026-02-24","10-K","2025","FY","CY2024Q4I","/facts/us-gaap/LongTermDebtCurrent/units/USD/30","{""end"":""2024-12-31"",""val"":4012000000,""accn"":""0000093410-26-000078"",""fy"":2025,""fp"":""FY"",""form"":""10-K"",""filed"":""2026-02-24"",""frame"":""CY2024Q4I""}","{""label"":""Long-term Debt, Current Maturities"",""description"":""Amount, after unamortized (discount) premium and debt issuance costs, of long-term debt, classified as current. Includes, but not limited to, notes payable, bonds payable, debentures, mortgage loans and commercial paper. Excludes capital lease obligations.""}"
"[""companyfacts-0000093410"",""us-gaap"",""LongTermDebtCurrent"",""USD"",""31""]","0000093410","companyfacts-0000093410","us-gaap","LongTermDebtCurrent","USD","31","2345000000","present","\N","2025-12-31","0000093410-26-000078","2026-02-24","10-K","2025","FY","CY2025Q4I","/facts/us-gaap/LongTermDebtCurrent/units/USD/31","{""end"":""2025-12-31"",""val"":2345000000,""accn"":""0000093410-26-000078"",""fy"":2025,""fp"":""FY"",""form"":""10-K"",""filed"":""2026-02-24"",""frame"":""CY2025Q4I""}","{""label"":""Long-term Debt, Current Maturities"",""description"":""Amount, after unamortized (discount) premium and debt issuance costs, of long-term debt, classified as current. Includes, but not limited to, notes payable, bonds payable, debentures, mortgage loans and commercial paper. Excludes capital lease obligations.""}"
"[""companyfacts-0000093410"",""us-gaap"",""RevenueFromContractWithCustomerExcludingAssessedTax"",""USD"",""78""]","0000093410","companyfacts-0000093410","us-gaap","RevenueFromContractWithCustomerExcludingAssessedTax","USD","78","196913000000","present","2023-01-01","2023-12-31","0000093410-26-000078","2026-02-24","10-K","2025","FY","CY2023","/facts/us-gaap/RevenueFromContractWithCustomerExcludingAssessedTax/units/USD/78","{""start"":""2023-01-01"",""end"":""2023-12-31"",""val"":196913000000,""accn"":""0000093410-26-000078"",""fy"":2025,""fp"":""FY"",""form"":""10-K"",""filed"":""2026-02-24"",""frame"":""CY2023""}","{""label"":""Revenue from Contract with Customer, Excluding Assessed Tax"",""description"":""Amount, excluding tax collected from customer, of revenue from satisfaction of performance obligation by transferring promised good or service to customer. Tax collected from customer is tax assessed by governmental authority that is both imposed on and concurrent with specific revenue-producing transaction, including, but not limited to, sales, use, value added and excise.""}"
"[""companyfacts-0000093410"",""us-gaap"",""RevenueFromContractWithCustomerExcludingAssessedTax"",""USD"",""86""]","0000093410","companyfacts-0000093410","us-gaap","RevenueFromContractWithCustomerExcludingAssessedTax","USD","86","145080000000","present","2024-01-01","2024-09-30","0000093410-25-000108","2025-11-06","10-Q","2025","Q3","\N","/facts/us-gaap/RevenueFromContractWithCustomerExcludingAssessedTax/units/USD/86","{""start"":""2024-01-01"",""end"":""2024-09-30"",""val"":145080000000,""accn"":""0000093410-25-000108"",""fy"":2025,""fp"":""Q3"",""form"":""10-Q"",""filed"":""2025-11-06""}","{""label"":""Revenue from Contract with Customer, Excluding Assessed Tax"",""description"":""Amount, excluding tax collected from customer, of revenue from satisfaction of performance obligation by transferring promised good or service to customer. Tax collected from customer is tax assessed by governmental authority that is both imposed on and concurrent with specific revenue-producing transaction, including, but not limited to, sales, use, value added and excise.""}"
"[""companyfacts-0000093410"",""us-gaap"",""RevenueFromContractWithCustomerExcludingAssessedTax"",""USD"",""88""]","0000093410","companyfacts-0000093410","us-gaap","RevenueFromContractWithCustomerExcludingAssessedTax","USD","88","48926000000","present","2024-07-01","2024-09-30","0000093410-25-000108","2025-11-06","10-Q","2025","Q3","CY2024Q3","/facts/us-gaap/RevenueFromContractWithCustomerExcludingAssessedTax/units/USD/88","{""start"":""2024-07-01"",""end"":""2024-09-30"",""val"":48926000000,""accn"":""0000093410-25-000108"",""fy"":2025,""fp"":""Q3"",""form"":""10-Q"",""filed"":""2025-11-06"",""frame"":""CY2024Q3""}","{""label"":""Revenue from Contract with Customer, Excluding Assessed Tax"",""description"":""Amount, excluding tax collected from customer, of revenue from satisfaction of performance obligation by transferring promised good or service to customer. Tax collected from customer is tax assessed by governmental authority that is both imposed on and concurrent with specific revenue-producing transaction, including, but not limited to, sales, use, value added and excise.""}"
"[""companyfacts-0000093410"",""us-gaap"",""RevenueFromContractWithCustomerExcludingAssessedTax"",""USD"",""90""]","0000093410","companyfacts-0000093410","us-gaap","RevenueFromContractWithCustomerExcludingAssessedTax","USD","90","193414000000","present","2024-01-01","2024-12-31","0000093410-26-000078","2026-02-24","10-K","2025","FY","CY2024","/facts/us-gaap/RevenueFromContractWithCustomerExcludingAssessedTax/units/USD/90","{""start"":""2024-01-01"",""end"":""2024-12-31"",""val"":193414000000,""accn"":""0000093410-26-000078"",""fy"":2025,""fp"":""FY"",""form"":""10-K"",""filed"":""2026-02-24"",""frame"":""CY2024""}","{""label"":""Revenue from Contract with Customer, Excluding Assessed Tax"",""description"":""Amount, excluding tax collected from customer, of revenue from satisfaction of performance obligation by transferring promised good or service to customer. Tax collected from customer is tax assessed by governmental authority that is both imposed on and concurrent with specific revenue-producing transaction, including, but not limited to, sales, use, value added and excise.""}"
"[""companyfacts-0000093410"",""us-gaap"",""RevenueFromContractWithCustomerExcludingAssessedTax"",""USD"",""92""]","0000093410","companyfacts-0000093410","us-gaap","RevenueFromContractWithCustomerExcludingAssessedTax","USD","92","46101000000","present","2025-01-01","2025-03-31","0000093410-26-000113","2026-05-07","10-Q","2026","Q1","CY2025Q1","/facts/us-gaap/RevenueFromContractWithCustomerExcludingAssessedTax/units/USD/92","{""start"":""2025-01-01"",""end"":""2025-03-31"",""val"":46101000000,""accn"":""0000093410-26-000113"",""fy"":2026,""fp"":""Q1"",""form"":""10-Q"",""filed"":""2026-05-07"",""frame"":""CY2025Q1""}","{""label"":""Revenue from Contract with Customer, Excluding Assessed Tax"",""description"":""Amount, excluding tax collected from customer, of revenue from satisfaction of performance obligation by transferring promised good or service to customer. Tax collected from customer is tax assessed by governmental authority that is both imposed on and concurrent with specific revenue-producing transaction, including, but not limited to, sales, use, value added and excise.""}"
"[""companyfacts-0000093410"",""us-gaap"",""RevenueFromContractWithCustomerExcludingAssessedTax"",""USD"",""94""]","0000093410","companyfacts-0000093410","us-gaap","RevenueFromContractWithCustomerExcludingAssessedTax","USD","94","90476000000","present","2025-01-01","2025-06-30","0000093410-26-000167","2026-08-06","10-Q","2026","Q2","\N","/facts/us-gaap/RevenueFromContractWithCustomerExcludingAssessedTax/units/USD/94","{""start"":""2025-01-01"",""end"":""2025-06-30"",""val"":90476000000,""accn"":""0000093410-26-000167"",""fy"":2026,""fp"":""Q2"",""form"":""10-Q"",""filed"":""2026-08-06""}","{""label"":""Revenue from Contract with Customer, Excluding Assessed Tax"",""description"":""Amount, excluding tax collected from customer, of revenue from satisfaction of performance obligation by transferring promised good or service to customer. Tax collected from customer is tax assessed by governmental authority that is both imposed on and concurrent with specific revenue-producing transaction, including, but not limited to, sales, use, value added and excise.""}"
"[""companyfacts-0000093410"",""us-gaap"",""RevenueFromContractWithCustomerExcludingAssessedTax"",""USD"",""96""]","0000093410","companyfacts-0000093410","us-gaap","RevenueFromContractWithCustomerExcludingAssessedTax","USD","96","44375000000","present","2025-04-01","2025-06-30","0000093410-26-000167","2026-08-06","10-Q","2026","Q2","CY2025Q2","/facts/us-gaap/RevenueFromContractWithCustomerExcludingAssessedTax/units/USD/96","{""start"":""2025-04-01"",""end"":""2025-06-30"",""val"":44375000000,""accn"":""0000093410-26-000167"",""fy"":2026,""fp"":""Q2"",""form"":""10-Q"",""filed"":""2026-08-06"",""frame"":""CY2025Q2""}","{""label"":""Revenue from Contract with Customer, Excluding Assessed Tax"",""description"":""Amount, excluding tax collected from customer, of revenue from satisfaction of performance obligation by transferring promised good or service to customer. Tax collected from customer is tax assessed by governmental authority that is both imposed on and concurrent with specific revenue-producing transaction, including, but not limited to, sales, use, value added and excise.""}"
"[""companyfacts-0000093410"",""us-gaap"",""RevenueFromContractWithCustomerExcludingAssessedTax"",""USD"",""97""]","0000093410","companyfacts-0000093410","us-gaap","RevenueFromContractWithCustomerExcludingAssessedTax","USD","97","138645000000","present","2025-01-01","2025-09-30","0000093410-25-000108","2025-11-06","10-Q","2025","Q3","\N","/facts/us-gaap/RevenueFromContractWithCustomerExcludingAssessedTax/units/USD/97","{""start"":""2025-01-01"",""end"":""2025-09-30"",""val"":138645000000,""accn"":""0000093410-25-000108"",""fy"":2025,""fp"":""Q3"",""form"":""10-Q"",""filed"":""2025-11-06""}","{""label"":""Revenue from Contract with Customer, Excluding Assessed Tax"",""description"":""Amount, excluding tax collected from customer, of revenue from satisfaction of performance obligation by transferring promised good or service to customer. Tax collected from customer is tax assessed by governmental authority that is both imposed on and concurrent with specific revenue-producing transaction, including, but not limited to, sales, use, value added and excise.""}"
"[""companyfacts-0000093410"",""us-gaap"",""RevenueFromContractWithCustomerExcludingAssessedTax"",""USD"",""98""]","0000093410","companyfacts-0000093410","us-gaap","RevenueFromContractWithCustomerExcludingAssessedTax","USD","98","48169000000","present","2025-07-01","2025-09-30","0000093410-25-000108","2025-11-06","10-Q","2025","Q3","CY2025Q3","/facts/us-gaap/RevenueFromContractWithCustomerExcludingAssessedTax/units/USD/98","{""start"":""2025-07-01"",""end"":""2025-09-30"",""val"":48169000000,""accn"":""0000093410-25-000108"",""fy"":2025,""fp"":""Q3"",""form"":""10-Q"",""filed"":""2025-11-06"",""frame"":""CY2025Q3""}","{""label"":""Revenue from Contract with Customer, Excluding Assessed Tax"",""description"":""Amount, excluding tax collected from customer, of revenue from satisfaction of performance obligation by transferring promised good or service to customer. Tax collected from customer is tax assessed by governmental authority that is both imposed on and concurrent with specific revenue-producing transaction, including, but not limited to, sales, use, value added and excise.""}"
"[""companyfacts-0000093410"",""us-gaap"",""RevenueFromContractWithCustomerExcludingAssessedTax"",""USD"",""99""]","0000093410","companyfacts-0000093410","us-gaap","RevenueFromContractWithCustomerExcludingAssessedTax","USD","99","184432000000","present","2025-01-01","2025-12-31","0000093410-26-000078","2026-02-24","10-K","2025","FY","CY2025","/facts/us-gaap/RevenueFromContractWithCustomerExcludingAssessedTax/units/USD/99","{""start"":""2025-01-01"",""end"":""2025-12-31"",""val"":184432000000,""accn"":""0000093410-26-000078"",""fy"":2025,""fp"":""FY"",""form"":""10-K"",""filed"":""2026-02-24"",""frame"":""CY2025""}","{""label"":""Revenue from Contract with Customer, Excluding Assessed Tax"",""description"":""Amount, excluding tax collected from customer, of revenue from satisfaction of performance obligation by transferring promised good or service to customer. Tax collected from customer is tax assessed by governmental authority that is both imposed on and concurrent with specific revenue-producing transaction, including, but not limited to, sales, use, value added and excise.""}"
"[""companyfacts-0000093410"",""us-gaap"",""RevenueFromContractWithCustomerExcludingAssessedTax"",""USD"",""100""]","0000093410","companyfacts-0000093410","us-gaap","RevenueFromContractWithCustomerExcludingAssessedTax","USD","100","47556000000","present","2026-01-01","2026-03-31","0000093410-26-000113","2026-05-07","10-Q","2026","Q1","CY2026Q1","/facts/us-gaap/RevenueFromContractWithCustomerExcludingAssessedTax/units/USD/100","{""start"":""2026-01-01"",""end"":""2026-03-31"",""val"":47556000000,""accn"":""0000093410-26-000113"",""fy"":2026,""fp"":""Q1"",""form"":""10-Q"",""filed"":""2026-05-07"",""frame"":""CY2026Q1""}","{""label"":""Revenue from Contract with Customer, Excluding Assessed Tax"",""description"":""Amount, excluding tax collected from customer, of revenue from satisfaction of performance obligation by transferring promised good or service to customer. Tax collected from customer is tax assessed by governmental authority that is both imposed on and concurrent with specific revenue-producing transaction, including, but not limited to, sales, use, value added and excise.""}"
"[""companyfacts-0000093410"",""us-gaap"",""RevenueFromContractWithCustomerExcludingAssessedTax"",""USD"",""101""]","0000093410","companyfacts-0000093410","us-gaap","RevenueFromContractWithCustomerExcludingAssessedTax","USD","101","114755000000","present","2026-01-01","2026-06-30","0000093410-26-000167","2026-08-06","10-Q","2026","Q2","\N","/facts/us-gaap/RevenueFromContractWithCustomerExcludingAssessedTax/units/USD/101","{""start"":""2026-01-01"",""end"":""2026-06-30"",""val"":114755000000,""accn"":""0000093410-26-000167"",""fy"":2026,""fp"":""Q2"",""form"":""10-Q"",""filed"":""2026-08-06""}","{""label"":""Revenue from Contract with Customer, Excluding Assessed Tax"",""description"":""Amount, excluding tax collected from customer, of revenue from satisfaction of performance obligation by transferring promised good or service to customer. Tax collected from customer is tax assessed by governmental authority that is both imposed on and concurrent with specific revenue-producing transaction, including, but not limited to, sales, use, value added and excise.""}"
"[""companyfacts-0000093410"",""us-gaap"",""RevenueFromContractWithCustomerExcludingAssessedTax"",""USD"",""102""]","0000093410","companyfacts-0000093410","us-gaap","RevenueFromContractWithCustomerExcludingAssessedTax","USD","102","67199000000","present","2026-04-01","2026-06-30","0000093410-26-000167","2026-08-06","10-Q","2026","Q2","CY2026Q2","/facts/us-gaap/RevenueFromContractWithCustomerExcludingAssessedTax/units/USD/102","{""start"":""2026-04-01"",""end"":""2026-06-30"",""val"":67199000000,""accn"":""0000093410-26-000167"",""fy"":2026,""fp"":""Q2"",""form"":""10-Q"",""filed"":""2026-08-06"",""frame"":""CY2026Q2""}","{""label"":""Revenue from Contract with Customer, Excluding Assessed Tax"",""description"":""Amount, excluding tax collected from customer, of revenue from satisfaction of performance obligation by transferring promised good or service to customer. Tax collected from customer is tax assessed by governmental authority that is both imposed on and concurrent with specific revenue-producing transaction, including, but not limited to, sales, use, value added and excise.""}"
"[""companyfacts-0000093410"",""us-gaap"",""Revenues"",""USD"",""207""]","0000093410","companyfacts-0000093410","us-gaap","Revenues","USD","207","200949000000","present","2023-01-01","2023-12-31","0000093410-26-000078","2026-02-24","10-K","2025","FY","CY2023","/facts/us-gaap/Revenues/units/USD/207","{""start"":""2023-01-01"",""end"":""2023-12-31"",""val"":200949000000,""accn"":""0000093410-26-000078"",""fy"":2025,""fp"":""FY"",""form"":""10-K"",""filed"":""2026-02-24"",""frame"":""CY2023""}","{""label"":""Revenues"",""description"":""Amount of revenue recognized from goods sold, services rendered, insurance premiums, or other activities that constitute an earning process. Includes, but is not limited to, investment and interest income before deduction of interest expense when recognized as a component of revenue, and sales and trading gain (loss).""}"
"[""companyfacts-0000093410"",""us-gaap"",""Revenues"",""USD"",""215""]","0000093410","companyfacts-0000093410","us-gaap","Revenues","USD","215","150566000000","present","2024-01-01","2024-09-30","0000093410-25-000108","2025-11-06","10-Q","2025","Q3","\N","/facts/us-gaap/Revenues/units/USD/215","{""start"":""2024-01-01"",""end"":""2024-09-30"",""val"":150566000000,""accn"":""0000093410-25-000108"",""fy"":2025,""fp"":""Q3"",""form"":""10-Q"",""filed"":""2025-11-06""}","{""label"":""Revenues"",""description"":""Amount of revenue recognized from goods sold, services rendered, insurance premiums, or other activities that constitute an earning process. Includes, but is not limited to, investment and interest income before deduction of interest expense when recognized as a component of revenue, and sales and trading gain (loss).""}"
"[""companyfacts-0000093410"",""us-gaap"",""Revenues"",""USD"",""217""]","0000093410","companyfacts-0000093410","us-gaap","Revenues","USD","217","50669000000","present","2024-07-01","2024-09-30","0000093410-25-000108","2025-11-06","10-Q","2025","Q3","CY2024Q3","/facts/us-gaap/Revenues/units/USD/217","{""start"":""2024-07-01"",""end"":""2024-09-30"",""val"":50669000000,""accn"":""0000093410-25-000108"",""fy"":2025,""fp"":""Q3"",""form"":""10-Q"",""filed"":""2025-11-06"",""frame"":""CY2024Q3""}","{""label"":""Revenues"",""description"":""Amount of revenue recognized from goods sold, services rendered, insurance premiums, or other activities that constitute an earning process. Includes, but is not limited to, investment and interest income before deduction of interest expense when recognized as a component of revenue, and sales and trading gain (loss).""}"
"[""companyfacts-0000093410"",""us-gaap"",""Revenues"",""USD"",""219""]","0000093410","companyfacts-0000093410","us-gaap","Revenues","USD","219","202792000000","present","2024-01-01","2024-12-31","0000093410-26-000078","2026-02-24","10-K","2025","FY","CY2024","/facts/us-gaap/Revenues/units/USD/219","{""start"":""2024-01-01"",""end"":""2024-12-31"",""val"":202792000000,""accn"":""0000093410-26-000078"",""fy"":2025,""fp"":""FY"",""form"":""10-K"",""filed"":""2026-02-24"",""frame"":""CY2024""}","{""label"":""Revenues"",""description"":""Amount of revenue recognized from goods sold, services rendered, insurance premiums, or other activities that constitute an earning process. Includes, but is not limited to, investment and interest income before deduction of interest expense when recognized as a component of revenue, and sales and trading gain (loss).""}"
"[""companyfacts-0000093410"",""us-gaap"",""Revenues"",""USD"",""221""]","0000093410","companyfacts-0000093410","us-gaap","Revenues","USD","221","47610000000","present","2025-01-01","2025-03-31","0000093410-26-000113","2026-05-07","10-Q","2026","Q1","CY2025Q1","/facts/us-gaap/Revenues/units/USD/221","{""start"":""2025-01-01"",""end"":""2025-03-31"",""val"":47610000000,""accn"":""0000093410-26-000113"",""fy"":2026,""fp"":""Q1"",""form"":""10-Q"",""filed"":""2026-05-07"",""frame"":""CY2025Q1""}","{""label"":""Revenues"",""description"":""Amount of revenue recognized from goods sold, services rendered, insurance premiums, or other activities that constitute an earning process. Includes, but is not limited to, investment and interest income before deduction of interest expense when recognized as a component of revenue, and sales and trading gain (loss).""}"
"[""companyfacts-0000093410"",""us-gaap"",""Revenues"",""USD"",""223""]","0000093410","companyfacts-0000093410","us-gaap","Revenues","USD","223","92432000000","present","2025-01-01","2025-06-30","0000093410-26-000167","2026-08-06","10-Q","2026","Q2","\N","/facts/us-gaap/Revenues/units/USD/223","{""start"":""2025-01-01"",""end"":""2025-06-30"",""val"":92432000000,""accn"":""0000093410-26-000167"",""fy"":2026,""fp"":""Q2"",""form"":""10-Q"",""filed"":""2026-08-06""}","{""label"":""Revenues"",""description"":""Amount of revenue recognized from goods sold, services rendered, insurance premiums, or other activities that constitute an earning process. Includes, but is not limited to, investment and interest income before deduction of interest expense when recognized as a component of revenue, and sales and trading gain (loss).""}"
"[""companyfacts-0000093410"",""us-gaap"",""Revenues"",""USD"",""225""]","0000093410","companyfacts-0000093410","us-gaap","Revenues","USD","225","44822000000","present","2025-04-01","2025-06-30","0000093410-26-000167","2026-08-06","10-Q","2026","Q2","CY2025Q2","/facts/us-gaap/Revenues/units/USD/225","{""start"":""2025-04-01"",""end"":""2025-06-30"",""val"":44822000000,""accn"":""0000093410-26-000167"",""fy"":2026,""fp"":""Q2"",""form"":""10-Q"",""filed"":""2026-08-06"",""frame"":""CY2025Q2""}","{""label"":""Revenues"",""description"":""Amount of revenue recognized from goods sold, services rendered, insurance premiums, or other activities that constitute an earning process. Includes, but is not limited to, investment and interest income before deduction of interest expense when recognized as a component of revenue, and sales and trading gain (loss).""}"
"[""companyfacts-0000093410"",""us-gaap"",""Revenues"",""USD"",""226""]","0000093410","companyfacts-0000093410","us-gaap","Revenues","USD","226","142158000000","present","2025-01-01","2025-09-30","0000093410-25-000108","2025-11-06","10-Q","2025","Q3","\N","/facts/us-gaap/Revenues/units/USD/226","{""start"":""2025-01-01"",""end"":""2025-09-30"",""val"":142158000000,""accn"":""0000093410-25-000108"",""fy"":2025,""fp"":""Q3"",""form"":""10-Q"",""filed"":""2025-11-06""}","{""label"":""Revenues"",""description"":""Amount of revenue recognized from goods sold, services rendered, insurance premiums, or other activities that constitute an earning process. Includes, but is not limited to, investment and interest income before deduction of interest expense when recognized as a component of revenue, and sales and trading gain (loss).""}"
"[""companyfacts-0000093410"",""us-gaap"",""Revenues"",""USD"",""227""]","0000093410","companyfacts-0000093410","us-gaap","Revenues","USD","227","49726000000","present","2025-07-01","2025-09-30","0000093410-25-000108","2025-11-06","10-Q","2025","Q3","CY2025Q3","/facts/us-gaap/Revenues/units/USD/227","{""start"":""2025-07-01"",""end"":""2025-09-30"",""val"":49726000000,""accn"":""0000093410-25-000108"",""fy"":2025,""fp"":""Q3"",""form"":""10-Q"",""filed"":""2025-11-06"",""frame"":""CY2025Q3""}","{""label"":""Revenues"",""description"":""Amount of revenue recognized from goods sold, services rendered, insurance premiums, or other activities that constitute an earning process. Includes, but is not limited to, investment and interest income before deduction of interest expense when recognized as a component of revenue, and sales and trading gain (loss).""}"
"[""companyfacts-0000093410"",""us-gaap"",""Revenues"",""USD"",""228""]","0000093410","companyfacts-0000093410","us-gaap","Revenues","USD","228","189031000000","present","2025-01-01","2025-12-31","0000093410-26-000078","2026-02-24","10-K","2025","FY","CY2025","/facts/us-gaap/Revenues/units/USD/228","{""start"":""2025-01-01"",""end"":""2025-12-31"",""val"":189031000000,""accn"":""0000093410-26-000078"",""fy"":2025,""fp"":""FY"",""form"":""10-K"",""filed"":""2026-02-24"",""frame"":""CY2025""}","{""label"":""Revenues"",""description"":""Amount of revenue recognized from goods sold, services rendered, insurance premiums, or other activities that constitute an earning process. Includes, but is not limited to, investment and interest income before deduction of interest expense when recognized as a component of revenue, and sales and trading gain (loss).""}"
"[""companyfacts-0000093410"",""us-gaap"",""Revenues"",""USD"",""229""]","0000093410","companyfacts-0000093410","us-gaap","Revenues","USD","229","48607000000","present","2026-01-01","2026-03-31","0000093410-26-000113","2026-05-07","10-Q","2026","Q1","CY2026Q1","/facts/us-gaap/Revenues/units/USD/229","{""start"":""2026-01-01"",""end"":""2026-03-31"",""val"":48607000000,""accn"":""0000093410-26-000113"",""fy"":2026,""fp"":""Q1"",""form"":""10-Q"",""filed"":""2026-05-07"",""frame"":""CY2026Q1""}","{""label"":""Revenues"",""description"":""Amount of revenue recognized from goods sold, services rendered, insurance premiums, or other activities that constitute an earning process. Includes, but is not limited to, investment and interest income before deduction of interest expense when recognized as a component of revenue, and sales and trading gain (loss).""}"
"[""companyfacts-0000093410"",""us-gaap"",""Revenues"",""USD"",""230""]","0000093410","companyfacts-0000093410","us-gaap","Revenues","USD","230","118662000000","present","2026-01-01","2026-06-30","0000093410-26-000167","2026-08-06","10-Q","2026","Q2","\N","/facts/us-gaap/Revenues/units/USD/230","{""start"":""2026-01-01"",""end"":""2026-06-30"",""val"":118662000000,""accn"":""0000093410-26-000167"",""fy"":2026,""fp"":""Q2"",""form"":""10-Q"",""filed"":""2026-08-06""}","{""label"":""Revenues"",""description"":""Amount of revenue recognized from goods sold, services rendered, insurance premiums, or other activities that constitute an earning process. Includes, but is not limited to, investment and interest income before deduction of interest expense when recognized as a component of revenue, and sales and trading gain (loss).""}"
"[""companyfacts-0000093410"",""us-gaap"",""Revenues"",""USD"",""231""]","0000093410","companyfacts-0000093410","us-gaap","Revenues","USD","231","70055000000","present","2026-04-01","2026-06-30","0000093410-26-000167","2026-08-06","10-Q","2026","Q2","CY2026Q2","/facts/us-gaap/Revenues/units/USD/231","{""start"":""2026-04-01"",""end"":""2026-06-30"",""val"":70055000000,""accn"":""0000093410-26-000167"",""fy"":2026,""fp"":""Q2"",""form"":""10-Q"",""filed"":""2026-08-06"",""frame"":""CY2026Q2""}","{""label"":""Revenues"",""description"":""Amount of revenue recognized from goods sold, services rendered, insurance premiums, or other activities that constitute an earning process. Includes, but is not limited to, investment and interest income before deduction of interest expense when recognized as a component of revenue, and sales and trading gain (loss).""}"
"[""companyfacts-0000200406"",""us-gaap"",""CashAndCashEquivalentsAtCarryingValue"",""USD"",""210""]","0000200406","companyfacts-0000200406","us-gaap","CashAndCashEquivalentsAtCarryingValue","USD","210","24105000000","present","\N","2024-12-29","0000200406-25-000209","2025-10-22","10-Q","2025","Q3","\N","/facts/us-gaap/CashAndCashEquivalentsAtCarryingValue/units/USD/210","{""end"":""2024-12-29"",""val"":24105000000,""accn"":""0000200406-25-000209"",""fy"":2025,""fp"":""Q3"",""form"":""10-Q"",""filed"":""2025-10-22""}","{""label"":""Cash and Cash Equivalents, at Carrying Value"",""description"":""Amount of currency on hand as well as demand deposits with banks or financial institutions. Includes other kinds of accounts that have the general characteristics of demand deposits. Also includes short-term, highly liquid investments that are both readily convertible to known amounts of cash and so near their maturity that they present insignificant risk of changes in value because of changes in interest rates. Excludes cash and cash equivalents within disposal group and discontinued operation.""}"
"[""companyfacts-0000200406"",""us-gaap"",""CashAndCashEquivalentsAtCarryingValue"",""USD"",""211""]","0000200406","companyfacts-0000200406","us-gaap","CashAndCashEquivalentsAtCarryingValue","USD","211","24105000000","present","\N","2024-12-29","0000200406-26-000016","2026-02-11","10-K","2025","FY","CY2024Q4I","/facts/us-gaap/CashAndCashEquivalentsAtCarryingValue/units/USD/211","{""end"":""2024-12-29"",""val"":24105000000,""accn"":""0000200406-26-000016"",""fy"":2025,""fp"":""FY"",""form"":""10-K"",""filed"":""2026-02-11"",""frame"":""CY2024Q4I""}","{""label"":""Cash and Cash Equivalents, at Carrying Value"",""description"":""Amount of currency on hand as well as demand deposits with banks or financial institutions. Includes other kinds of accounts that have the general characteristics of demand deposits. Also includes short-term, highly liquid investments that are both readily convertible to known amounts of cash and so near their maturity that they present insignificant risk of changes in value because of changes in interest rates. Excludes cash and cash equivalents within disposal group and discontinued operation.""}"
"[""companyfacts-0000200406"",""us-gaap"",""CashAndCashEquivalentsAtCarryingValue"",""USD"",""214""]","0000200406","companyfacts-0000200406","us-gaap","CashAndCashEquivalentsAtCarryingValue","USD","214","18231000000","present","\N","2025-09-28","0000200406-25-000209","2025-10-22","10-Q","2025","Q3","CY2025Q3I","/facts/us-gaap/CashAndCashEquivalentsAtCarryingValue/units/USD/214","{""end"":""2025-09-28"",""val"":18231000000,""accn"":""0000200406-25-000209"",""fy"":2025,""fp"":""Q3"",""form"":""10-Q"",""filed"":""2025-10-22"",""frame"":""CY2025Q3I""}","{""label"":""Cash and Cash Equivalents, at Carrying Value"",""description"":""Amount of currency on hand as well as demand deposits with banks or financial institutions. Includes other kinds of accounts that have the general characteristics of demand deposits. Also includes short-term, highly liquid investments that are both readily convertible to known amounts of cash and so near their maturity that they present insignificant risk of changes in value because of changes in interest rates. Excludes cash and cash equivalents within disposal group and discontinued operation.""}"
"[""companyfacts-0000200406"",""us-gaap"",""CashAndCashEquivalentsAtCarryingValue"",""USD"",""215""]","0000200406","companyfacts-0000200406","us-gaap","CashAndCashEquivalentsAtCarryingValue","USD","215","19709000000","present","\N","2025-12-28","0000200406-26-000016","2026-02-11","10-K","2025","FY","\N","/facts/us-gaap/CashAndCashEquivalentsAtCarryingValue/units/USD/215","{""end"":""2025-12-28"",""val"":19709000000,""accn"":""0000200406-26-000016"",""fy"":2025,""fp"":""FY"",""form"":""10-K"",""filed"":""2026-02-11""}","{""label"":""Cash and Cash Equivalents, at Carrying Value"",""description"":""Amount of currency on hand as well as demand deposits with banks or financial institutions. Includes other kinds of accounts that have the general characteristics of demand deposits. Also includes short-term, highly liquid investments that are both readily convertible to known amounts of cash and so near their maturity that they present insignificant risk of changes in value because of changes in interest rates. Excludes cash and cash equivalents within disposal group and discontinued operation.""}"
"[""companyfacts-0000200406"",""us-gaap"",""CashAndCashEquivalentsAtCarryingValue"",""USD"",""216""]","0000200406","companyfacts-0000200406","us-gaap","CashAndCashEquivalentsAtCarryingValue","USD","216","19709000000","present","\N","2025-12-28","0000200406-26-000087","2026-04-22","10-Q","2026","Q1","\N","/facts/us-gaap/CashAndCashEquivalentsAtCarryingValue/units/USD/216","{""end"":""2025-12-28"",""val"":19709000000,""accn"":""0000200406-26-000087"",""fy"":2026,""fp"":""Q1"",""form"":""10-Q"",""filed"":""2026-04-22""}","{""label"":""Cash and Cash Equivalents, at Carrying Value"",""description"":""Amount of currency on hand as well as demand deposits with banks or financial institutions. Includes other kinds of accounts that have the general characteristics of demand deposits. Also includes short-term, highly liquid investments that are both readily convertible to known amounts of cash and so near their maturity that they present insignificant risk of changes in value because of changes in interest rates. Excludes cash and cash equivalents within disposal group and discontinued operation.""}"
"[""companyfacts-0000200406"",""us-gaap"",""CashAndCashEquivalentsAtCarryingValue"",""USD"",""217""]","0000200406","companyfacts-0000200406","us-gaap","CashAndCashEquivalentsAtCarryingValue","USD","217","19709000000","present","\N","2025-12-28","0000200406-26-000153","2026-07-23","10-Q","2026","Q2","CY2025Q4I","/facts/us-gaap/CashAndCashEquivalentsAtCarryingValue/units/USD/217","{""end"":""2025-12-28"",""val"":19709000000,""accn"":""0000200406-26-000153"",""fy"":2026,""fp"":""Q2"",""form"":""10-Q"",""filed"":""2026-07-23"",""frame"":""CY2025Q4I""}","{""label"":""Cash and Cash Equivalents, at Carrying Value"",""description"":""Amount of currency on hand as well as demand deposits with banks or financial institutions. Includes other kinds of accounts that have the general characteristics of demand deposits. Also includes short-term, highly liquid investments that are both readily convertible to known amounts of cash and so near their maturity that they present insignificant risk of changes in value because of changes in interest rates. Excludes cash and cash equivalents within disposal group and discontinued operation.""}"
"[""companyfacts-0000200406"",""us-gaap"",""CashAndCashEquivalentsAtCarryingValue"",""USD"",""218""]","0000200406","companyfacts-0000200406","us-gaap","CashAndCashEquivalentsAtCarryingValue","USD","218","21688000000","present","\N","2026-03-29","0000200406-26-000087","2026-04-22","10-Q","2026","Q1","CY2026Q1I","/facts/us-gaap/CashAndCashEquivalentsAtCarryingValue/units/USD/218","{""end"":""2026-03-29"",""val"":21688000000,""accn"":""0000200406-26-000087"",""fy"":2026,""fp"":""Q1"",""form"":""10-Q"",""filed"":""2026-04-22"",""frame"":""CY2026Q1I""}","{""label"":""Cash and Cash Equivalents, at Carrying Value"",""description"":""Amount of currency on hand as well as demand deposits with banks or financial institutions. Includes other kinds of accounts that have the general characteristics of demand deposits. Also includes short-term, highly liquid investments that are both readily convertible to known amounts of cash and so near their maturity that they present insignificant risk of changes in value because of changes in interest rates. Excludes cash and cash equivalents within disposal group and discontinued operation.""}"
"[""companyfacts-0000200406"",""us-gaap"",""CashAndCashEquivalentsAtCarryingValue"",""USD"",""219""]","0000200406","companyfacts-0000200406","us-gaap","CashAndCashEquivalentsAtCarryingValue","USD","219","20422000000","present","\N","2026-06-28","0000200406-26-000153","2026-07-23","10-Q","2026","Q2","CY2026Q2I","/facts/us-gaap/CashAndCashEquivalentsAtCarryingValue/units/USD/219","{""end"":""2026-06-28"",""val"":20422000000,""accn"":""0000200406-26-000153"",""fy"":2026,""fp"":""Q2"",""form"":""10-Q"",""filed"":""2026-07-23"",""frame"":""CY2026Q2I""}","{""label"":""Cash and Cash Equivalents, at Carrying Value"",""description"":""Amount of currency on hand as well as demand deposits with banks or financial institutions. Includes other kinds of accounts that have the general characteristics of demand deposits. Also includes short-term, highly liquid investments that are both readily convertible to known amounts of cash and so near their maturity that they present insignificant risk of changes in value because of changes in interest rates. Excludes cash and cash equivalents within disposal group and discontinued operation.""}"
"[""companyfacts-0000200406"",""us-gaap"",""LongTermDebtCurrent"",""USD"",""14""]","0000200406","companyfacts-0000200406","us-gaap","LongTermDebtCurrent","USD","14","1749000000","present","\N","2024-12-29","0000200406-26-000016","2026-02-11","10-K","2025","FY","CY2024Q4I","/facts/us-gaap/LongTermDebtCurrent/units/USD/14","{""end"":""2024-12-29"",""val"":1749000000,""accn"":""0000200406-26-000016"",""fy"":2025,""fp"":""FY"",""form"":""10-K"",""filed"":""2026-02-11"",""frame"":""CY2024Q4I""}","{""label"":""Long-term Debt, Current Maturities"",""description"":""Amount, after unamortized (discount) premium and debt issuance costs, of long-term debt, classified as current. Includes, but not limited to, notes payable, bonds payable, debentures, mortgage loans and commercial paper. Excludes capital lease obligations.""}"
"[""companyfacts-0000200406"",""us-gaap"",""LongTermDebtCurrent"",""USD"",""15""]","0000200406","companyfacts-0000200406","us-gaap","LongTermDebtCurrent","USD","15","2000000000","present","\N","2025-12-28","0000200406-26-000016","2026-02-11","10-K","2025","FY","CY2025Q4I","/facts/us-gaap/LongTermDebtCurrent/units/USD/15","{""end"":""2025-12-28"",""val"":2000000000,""accn"":""0000200406-26-000016"",""fy"":2025,""fp"":""FY"",""form"":""10-K"",""filed"":""2026-02-11"",""frame"":""CY2025Q4I""}","{""label"":""Long-term Debt, Current Maturities"",""description"":""Amount, after unamortized (discount) premium and debt issuance costs, of long-term debt, classified as current. Includes, but not limited to, notes payable, bonds payable, debentures, mortgage loans and commercial paper. Excludes capital lease obligations.""}"
"[""companyfacts-0000200406"",""us-gaap"",""LongTermDebtNoncurrent"",""USD"",""128""]","0000200406","companyfacts-0000200406","us-gaap","LongTermDebtNoncurrent","USD","128","30651000000","present","\N","2024-12-29","0000200406-25-000209","2025-10-22","10-Q","2025","Q3","\N","/facts/us-gaap/LongTermDebtNoncurrent/units/USD/128","{""end"":""2024-12-29"",""val"":30651000000,""accn"":""0000200406-25-000209"",""fy"":2025,""fp"":""Q3"",""form"":""10-Q"",""filed"":""2025-10-22""}","{""label"":""Long-term Debt, Excluding Current Maturities"",""description"":""Amount after unamortized (discount) premium and debt issuance costs of long-term debt classified as noncurrent and excluding amounts to be repaid within one year or the normal operating cycle, if longer. Includes, but not limited to, notes payable, bonds payable, debentures, mortgage loans and commercial paper. Excludes capital lease obligations.""}"
"[""companyfacts-0000200406"",""us-gaap"",""LongTermDebtNoncurrent"",""USD"",""129""]","0000200406","companyfacts-0000200406","us-gaap","LongTermDebtNoncurrent","USD","129","30651000000","present","\N","2024-12-29","0000200406-26-000016","2026-02-11","10-K","2025","FY","CY2024Q4I","/facts/us-gaap/LongTermDebtNoncurrent/units/USD/129","{""end"":""2024-12-29"",""val"":30651000000,""accn"":""0000200406-26-000016"",""fy"":2025,""fp"":""FY"",""form"":""10-K"",""filed"":""2026-02-11"",""frame"":""CY2024Q4I""}","{""label"":""Long-term Debt, Excluding Current Maturities"",""description"":""Amount after unamortized (discount) premium and debt issuance costs of long-term debt classified as noncurrent and excluding amounts to be repaid within one year or the normal operating cycle, if longer. Includes, but not limited to, notes payable, bonds payable, debentures, mortgage loans and commercial paper. Excludes capital lease obligations.""}"
"[""companyfacts-0000200406"",""us-gaap"",""LongTermDebtNoncurrent"",""USD"",""132""]","0000200406","companyfacts-0000200406","us-gaap","LongTermDebtNoncurrent","USD","132","39408000000","present","\N","2025-09-28","0000200406-25-000209","2025-10-22","10-Q","2025","Q3","CY2025Q3I","/facts/us-gaap/LongTermDebtNoncurrent/units/USD/132","{""end"":""2025-09-28"",""val"":39408000000,""accn"":""0000200406-25-000209"",""fy"":2025,""fp"":""Q3"",""form"":""10-Q"",""filed"":""2025-10-22"",""frame"":""CY2025Q3I""}","{""label"":""Long-term Debt, Excluding Current Maturities"",""description"":""Amount after unamortized (discount) premium and debt issuance costs of long-term debt classified as noncurrent and excluding amounts to be repaid within one year or the normal operating cycle, if longer. Includes, but not limited to, notes payable, bonds payable, debentures, mortgage loans and commercial paper. Excludes capital lease obligations.""}"
"[""companyfacts-0000200406"",""us-gaap"",""LongTermDebtNoncurrent"",""USD"",""133""]","0000200406","companyfacts-0000200406","us-gaap","LongTermDebtNoncurrent","USD","133","39438000000","present","\N","2025-12-28","0000200406-26-000016","2026-02-11","10-K","2025","FY","\N","/facts/us-gaap/LongTermDebtNoncurrent/units/USD/133","{""end"":""2025-12-28"",""val"":39438000000,""accn"":""0000200406-26-000016"",""fy"":2025,""fp"":""FY"",""form"":""10-K"",""filed"":""2026-02-11""}","{""label"":""Long-term Debt, Excluding Current Maturities"",""description"":""Amount after unamortized (discount) premium and debt issuance costs of long-term debt classified as noncurrent and excluding amounts to be repaid within one year or the normal operating cycle, if longer. Includes, but not limited to, notes payable, bonds payable, debentures, mortgage loans and commercial paper. Excludes capital lease obligations.""}"
"[""companyfacts-0000200406"",""us-gaap"",""LongTermDebtNoncurrent"",""USD"",""134""]","0000200406","companyfacts-0000200406","us-gaap","LongTermDebtNoncurrent","USD","134","39438000000","present","\N","2025-12-28","0000200406-26-000087","2026-04-22","10-Q","2026","Q1","\N","/facts/us-gaap/LongTermDebtNoncurrent/units/USD/134","{""end"":""2025-12-28"",""val"":39438000000,""accn"":""0000200406-26-000087"",""fy"":2026,""fp"":""Q1"",""form"":""10-Q"",""filed"":""2026-04-22""}","{""label"":""Long-term Debt, Excluding Current Maturities"",""description"":""Amount after unamortized (discount) premium and debt issuance costs of long-term debt classified as noncurrent and excluding amounts to be repaid within one year or the normal operating cycle, if longer. Includes, but not limited to, notes payable, bonds payable, debentures, mortgage loans and commercial paper. Excludes capital lease obligations.""}"
"[""companyfacts-0000200406"",""us-gaap"",""LongTermDebtNoncurrent"",""USD"",""135""]","0000200406","companyfacts-0000200406","us-gaap","LongTermDebtNoncurrent","USD","135","39438000000","present","\N","2025-12-28","0000200406-26-000153","2026-07-23","10-Q","2026","Q2","CY2025Q4I","/facts/us-gaap/LongTermDebtNoncurrent/units/USD/135","{""end"":""2025-12-28"",""val"":39438000000,""accn"":""0000200406-26-000153"",""fy"":2026,""fp"":""Q2"",""form"":""10-Q"",""filed"":""2026-07-23"",""frame"":""CY2025Q4I""}","{""label"":""Long-term Debt, Excluding Current Maturities"",""description"":""Amount after unamortized (discount) premium and debt issuance costs of long-term debt classified as noncurrent and excluding amounts to be repaid within one year or the normal operating cycle, if longer. Includes, but not limited to, notes payable, bonds payable, debentures, mortgage loans and commercial paper. Excludes capital lease obligations.""}"
"[""companyfacts-0000200406"",""us-gaap"",""LongTermDebtNoncurrent"",""USD"",""136""]","0000200406","companyfacts-0000200406","us-gaap","LongTermDebtNoncurrent","USD","136","37527000000","present","\N","2026-03-29","0000200406-26-000087","2026-04-22","10-Q","2026","Q1","CY2026Q1I","/facts/us-gaap/LongTermDebtNoncurrent/units/USD/136","{""end"":""2026-03-29"",""val"":37527000000,""accn"":""0000200406-26-000087"",""fy"":2026,""fp"":""Q1"",""form"":""10-Q"",""filed"":""2026-04-22"",""frame"":""CY2026Q1I""}","{""label"":""Long-term Debt, Excluding Current Maturities"",""description"":""Amount after unamortized (discount) premium and debt issuance costs of long-term debt classified as noncurrent and excluding amounts to be repaid within one year or the normal operating cycle, if longer. Includes, but not limited to, notes payable, bonds payable, debentures, mortgage loans and commercial paper. Excludes capital lease obligations.""}"
"[""companyfacts-0000200406"",""us-gaap"",""LongTermDebtNoncurrent"",""USD"",""137""]","0000200406","companyfacts-0000200406","us-gaap","LongTermDebtNoncurrent","USD","137","37344000000","present","\N","2026-06-28","0000200406-26-000153","2026-07-23","10-Q","2026","Q2","CY2026Q2I","/facts/us-gaap/LongTermDebtNoncurrent/units/USD/137","{""end"":""2026-06-28"",""val"":37344000000,""accn"":""0000200406-26-000153"",""fy"":2026,""fp"":""Q2"",""form"":""10-Q"",""filed"":""2026-07-23"",""frame"":""CY2026Q2I""}","{""label"":""Long-term Debt, Excluding Current Maturities"",""description"":""Amount after unamortized (discount) premium and debt issuance costs of long-term debt classified as noncurrent and excluding amounts to be repaid within one year or the normal operating cycle, if longer. Includes, but not limited to, notes payable, bonds payable, debentures, mortgage loans and commercial paper. Excludes capital lease obligations.""}"
"[""companyfacts-0000200406"",""us-gaap"",""RevenueFromContractWithCustomerExcludingAssessedTax"",""USD"",""102""]","0000200406","companyfacts-0000200406","us-gaap","RevenueFromContractWithCustomerExcludingAssessedTax","USD","102","85159000000","present","2023-01-02","2023-12-31","0000200406-26-000016","2026-02-11","10-K","2025","FY","CY2023","/facts/us-gaap/RevenueFromContractWithCustomerExcludingAssessedTax/units/USD/102","{""start"":""2023-01-02"",""end"":""2023-12-31"",""val"":85159000000,""accn"":""0000200406-26-000016"",""fy"":2025,""fp"":""FY"",""form"":""10-K"",""filed"":""2026-02-11"",""frame"":""CY2023""}","{""label"":""Revenue from Contract with Customer, Excluding Assessed Tax"",""description"":""Amount, excluding tax collected from customer, of revenue from satisfaction of performance obligation by transferring promised good or service to customer. Tax collected from customer is tax assessed by governmental authority that is both imposed on and concurrent with specific revenue-producing transaction, including, but not limited to, sales, use, value added and excise.""}"
"[""companyfacts-0000200406"",""us-gaap"",""RevenueFromContractWithCustomerExcludingAssessedTax"",""USD"",""111""]","0000200406","companyfacts-0000200406","us-gaap","RevenueFromContractWithCustomerExcludingAssessedTax","USD","111","66301000000","present","2024-01-01","2024-09-29","0000200406-25-000209","2025-10-22","10-Q","2025","Q3","\N","/facts/us-gaap/RevenueFromContractWithCustomerExcludingAssessedTax/units/USD/111","{""start"":""2024-01-01"",""end"":""2024-09-29"",""val"":66301000000,""accn"":""0000200406-25-000209"",""fy"":2025,""fp"":""Q3"",""form"":""10-Q"",""filed"":""2025-10-22""}","{""label"":""Revenue from Contract with Customer, Excluding Assessed Tax"",""description"":""Amount, excluding tax collected from customer, of revenue from satisfaction of performance obligation by transferring promised good or service to customer. Tax collected from customer is tax assessed by governmental authority that is both imposed on and concurrent with specific revenue-producing transaction, including, but not limited to, sales, use, value added and excise.""}"
"[""companyfacts-0000200406"",""us-gaap"",""RevenueFromContractWithCustomerExcludingAssessedTax"",""USD"",""113""]","0000200406","companyfacts-0000200406","us-gaap","RevenueFromContractWithCustomerExcludingAssessedTax","USD","113","22471000000","present","2024-07-01","2024-09-29","0000200406-25-000209","2025-10-22","10-Q","2025","Q3","CY2024Q3","/facts/us-gaap/RevenueFromContractWithCustomerExcludingAssessedTax/units/USD/113","{""start"":""2024-07-01"",""end"":""2024-09-29"",""val"":22471000000,""accn"":""0000200406-25-000209"",""fy"":2025,""fp"":""Q3"",""form"":""10-Q"",""filed"":""2025-10-22"",""frame"":""CY2024Q3""}","{""label"":""Revenue from Contract with Customer, Excluding Assessed Tax"",""description"":""Amount, excluding tax collected from customer, of revenue from satisfaction of performance obligation by transferring promised good or service to customer. Tax collected from customer is tax assessed by governmental authority that is both imposed on and concurrent with specific revenue-producing transaction, including, but not limited to, sales, use, value added and excise.""}"
"[""companyfacts-0000200406"",""us-gaap"",""RevenueFromContractWithCustomerExcludingAssessedTax"",""USD"",""115""]","0000200406","companyfacts-0000200406","us-gaap","RevenueFromContractWithCustomerExcludingAssessedTax","USD","115","88821000000","present","2024-01-01","2024-12-29","0000200406-26-000016","2026-02-11","10-K","2025","FY","CY2024","/facts/us-gaap/RevenueFromContractWithCustomerExcludingAssessedTax/units/USD/115","{""start"":""2024-01-01"",""end"":""2024-12-29"",""val"":88821000000,""accn"":""0000200406-26-000016"",""fy"":2025,""fp"":""FY"",""form"":""10-K"",""filed"":""2026-02-11"",""frame"":""CY2024""}","{""label"":""Revenue from Contract with Customer, Excluding Assessed Tax"",""description"":""Amount, excluding tax collected from customer, of revenue from satisfaction of performance obligation by transferring promised good or service to customer. Tax collected from customer is tax assessed by governmental authority that is both imposed on and concurrent with specific revenue-producing transaction, including, but not limited to, sales, use, value added and excise.""}"
"[""companyfacts-0000200406"",""us-gaap"",""RevenueFromContractWithCustomerExcludingAssessedTax"",""USD"",""117""]","0000200406","companyfacts-0000200406","us-gaap","RevenueFromContractWithCustomerExcludingAssessedTax","USD","117","21893000000","present","2024-12-30","2025-03-30","0000200406-26-000087","2026-04-22","10-Q","2026","Q1","CY2025Q1","/facts/us-gaap/RevenueFromContractWithCustomerExcludingAssessedTax/units/USD/117","{""start"":""2024-12-30"",""end"":""2025-03-30"",""val"":21893000000,""accn"":""0000200406-26-000087"",""fy"":2026,""fp"":""Q1"",""form"":""10-Q"",""filed"":""2026-04-22"",""frame"":""CY2025Q1""}","{""label"":""Revenue from Contract with Customer, Excluding Assessed Tax"",""description"":""Amount, excluding tax collected from customer, of revenue from satisfaction of performance obligation by transferring promised good or service to customer. Tax collected from customer is tax assessed by governmental authority that is both imposed on and concurrent with specific revenue-producing transaction, including, but not limited to, sales, use, value added and excise.""}"
"[""companyfacts-0000200406"",""us-gaap"",""RevenueFromContractWithCustomerExcludingAssessedTax"",""USD"",""119""]","0000200406","companyfacts-0000200406","us-gaap","RevenueFromContractWithCustomerExcludingAssessedTax","USD","119","45636000000","present","2024-12-30","2025-06-29","0000200406-26-000153","2026-07-23","10-Q","2026","Q2","\N","/facts/us-gaap/RevenueFromContractWithCustomerExcludingAssessedTax/units/USD/119","{""start"":""2024-12-30"",""end"":""2025-06-29"",""val"":45636000000,""accn"":""0000200406-26-000153"",""fy"":2026,""fp"":""Q2"",""form"":""10-Q"",""filed"":""2026-07-23""}","{""label"":""Revenue from Contract with Customer, Excluding Assessed Tax"",""description"":""Amount, excluding tax collected from customer, of revenue from satisfaction of performance obligation by transferring promised good or service to customer. Tax collected from customer is tax assessed by governmental authority that is both imposed on and concurrent with specific revenue-producing transaction, including, but not limited to, sales, use, value added and excise.""}"
"[""companyfacts-0000200406"",""us-gaap"",""RevenueFromContractWithCustomerExcludingAssessedTax"",""USD"",""121""]","0000200406","companyfacts-0000200406","us-gaap","RevenueFromContractWithCustomerExcludingAssessedTax","USD","121","23743000000","present","2025-03-31","2025-06-29","0000200406-26-000153","2026-07-23","10-Q","2026","Q2","CY2025Q2","/facts/us-gaap/RevenueFromContractWithCustomerExcludingAssessedTax/units/USD/121","{""start"":""2025-03-31"",""end"":""2025-06-29"",""val"":23743000000,""accn"":""0000200406-26-000153"",""fy"":2026,""fp"":""Q2"",""form"":""10-Q"",""filed"":""2026-07-23"",""frame"":""CY2025Q2""}","{""label"":""Revenue from Contract with Customer, Excluding Assessed Tax"",""description"":""Amount, excluding tax collected from customer, of revenue from satisfaction of performance obligation by transferring promised good or service to customer. Tax collected from customer is tax assessed by governmental authority that is both imposed on and concurrent with specific revenue-producing transaction, including, but not limited to, sales, use, value added and excise.""}"
"[""companyfacts-0000200406"",""us-gaap"",""RevenueFromContractWithCustomerExcludingAssessedTax"",""USD"",""122""]","0000200406","companyfacts-0000200406","us-gaap","RevenueFromContractWithCustomerExcludingAssessedTax","USD","122","69629000000","present","2024-12-30","2025-09-28","0000200406-25-000209","2025-10-22","10-Q","2025","Q3","\N","/facts/us-gaap/RevenueFromContractWithCustomerExcludingAssessedTax/units/USD/122","{""start"":""2024-12-30"",""end"":""2025-09-28"",""val"":69629000000,""accn"":""0000200406-25-000209"",""fy"":2025,""fp"":""Q3"",""form"":""10-Q"",""filed"":""2025-10-22""}","{""label"":""Revenue from Contract with Customer, Excluding Assessed Tax"",""description"":""Amount, excluding tax collected from customer, of revenue from satisfaction of performance obligation by transferring promised good or service to customer. Tax collected from customer is tax assessed by governmental authority that is both imposed on and concurrent with specific revenue-producing transaction, including, but not limited to, sales, use, value added and excise.""}"
"[""companyfacts-0000200406"",""us-gaap"",""RevenueFromContractWithCustomerExcludingAssessedTax"",""USD"",""123""]","0000200406","companyfacts-0000200406","us-gaap","RevenueFromContractWithCustomerExcludingAssessedTax","USD","123","23993000000","present","2025-06-30","2025-09-28","0000200406-25-000209","2025-10-22","10-Q","2025","Q3","CY2025Q3","/facts/us-gaap/RevenueFromContractWithCustomerExcludingAssessedTax/units/USD/123","{""start"":""2025-06-30"",""end"":""2025-09-28"",""val"":23993000000,""accn"":""0000200406-25-000209"",""fy"":2025,""fp"":""Q3"",""form"":""10-Q"",""filed"":""2025-10-22"",""frame"":""CY2025Q3""}","{""label"":""Revenue from Contract with Customer, Excluding Assessed Tax"",""description"":""Amount, excluding tax collected from customer, of revenue from satisfaction of performance obligation by transferring promised good or service to customer. Tax collected from customer is tax assessed by governmental authority that is both imposed on and concurrent with specific revenue-producing transaction, including, but not limited to, sales, use, value added and excise.""}"
"[""companyfacts-0000200406"",""us-gaap"",""RevenueFromContractWithCustomerExcludingAssessedTax"",""USD"",""124""]","0000200406","companyfacts-0000200406","us-gaap","RevenueFromContractWithCustomerExcludingAssessedTax","USD","124","94193000000","present","2024-12-30","2025-12-28","0000200406-26-000016","2026-02-11","10-K","2025","FY","CY2025","/facts/us-gaap/RevenueFromContractWithCustomerExcludingAssessedTax/units/USD/124","{""start"":""2024-12-30"",""end"":""2025-12-28"",""val"":94193000000,""accn"":""0000200406-26-000016"",""fy"":2025,""fp"":""FY"",""form"":""10-K"",""filed"":""2026-02-11"",""frame"":""CY2025""}","{""label"":""Revenue from Contract with Customer, Excluding Assessed Tax"",""description"":""Amount, excluding tax collected from customer, of revenue from satisfaction of performance obligation by transferring promised good or service to customer. Tax collected from customer is tax assessed by governmental authority that is both imposed on and concurrent with specific revenue-producing transaction, including, but not limited to, sales, use, value added and excise.""}"
"[""companyfacts-0000200406"",""us-gaap"",""RevenueFromContractWithCustomerExcludingAssessedTax"",""USD"",""125""]","0000200406","companyfacts-0000200406","us-gaap","RevenueFromContractWithCustomerExcludingAssessedTax","USD","125","24062000000","present","2025-12-29","2026-03-29","0000200406-26-000087","2026-04-22","10-Q","2026","Q1","CY2026Q1","/facts/us-gaap/RevenueFromContractWithCustomerExcludingAssessedTax/units/USD/125","{""start"":""2025-12-29"",""end"":""2026-03-29"",""val"":24062000000,""accn"":""0000200406-26-000087"",""fy"":2026,""fp"":""Q1"",""form"":""10-Q"",""filed"":""2026-04-22"",""frame"":""CY2026Q1""}","{""label"":""Revenue from Contract with Customer, Excluding Assessed Tax"",""description"":""Amount, excluding tax collected from customer, of revenue from satisfaction of performance obligation by transferring promised good or service to customer. Tax collected from customer is tax assessed by governmental authority that is both imposed on and concurrent with specific revenue-producing transaction, including, but not limited to, sales, use, value added and excise.""}"
"[""companyfacts-0000200406"",""us-gaap"",""RevenueFromContractWithCustomerExcludingAssessedTax"",""USD"",""126""]","0000200406","companyfacts-0000200406","us-gaap","RevenueFromContractWithCustomerExcludingAssessedTax","USD","126","49372000000","present","2025-12-29","2026-06-28","0000200406-26-000153","2026-07-23","10-Q","2026","Q2","\N","/facts/us-gaap/RevenueFromContractWithCustomerExcludingAssessedTax/units/USD/126","{""start"":""2025-12-29"",""end"":""2026-06-28"",""val"":49372000000,""accn"":""0000200406-26-000153"",""fy"":2026,""fp"":""Q2"",""form"":""10-Q"",""filed"":""2026-07-23""}","{""label"":""Revenue from Contract with Customer, Excluding Assessed Tax"",""description"":""Amount, excluding tax collected from customer, of revenue from satisfaction of performance obligation by transferring promised good or service to customer. Tax collected from customer is tax assessed by governmental authority that is both imposed on and concurrent with specific revenue-producing transaction, including, but not limited to, sales, use, value added and excise.""}"
"[""companyfacts-0000200406"",""us-gaap"",""RevenueFromContractWithCustomerExcludingAssessedTax"",""USD"",""127""]","0000200406","companyfacts-0000200406","us-gaap","RevenueFromContractWithCustomerExcludingAssessedTax","USD","127","25310000000","present","2026-03-30","2026-06-28","0000200406-26-000153","2026-07-23","10-Q","2026","Q2","CY2026Q2","/facts/us-gaap/RevenueFromContractWithCustomerExcludingAssessedTax/units/USD/127","{""start"":""2026-03-30"",""end"":""2026-06-28"",""val"":25310000000,""accn"":""0000200406-26-000153"",""fy"":2026,""fp"":""Q2"",""form"":""10-Q"",""filed"":""2026-07-23"",""frame"":""CY2026Q2""}","{""label"":""Revenue from Contract with Customer, Excluding Assessed Tax"",""description"":""Amount, excluding tax collected from customer, of revenue from satisfaction of performance obligation by transferring promised good or service to customer. Tax collected from customer is tax assessed by governmental authority that is both imposed on and concurrent with specific revenue-producing transaction, including, but not limited to, sales, use, value added and excise.""}"
"[""companyfacts-0001318605"",""us-gaap"",""CashAndCashEquivalentsAtCarryingValue"",""USD"",""217""]","0001318605","companyfacts-0001318605","us-gaap","CashAndCashEquivalentsAtCarryingValue","USD","217","16398000000","present","\N","2023-12-31","0001628280-25-045968","2025-10-23","10-Q","2025","Q3","\N","/facts/us-gaap/CashAndCashEquivalentsAtCarryingValue/units/USD/217","{""end"":""2023-12-31"",""val"":16398000000,""accn"":""0001628280-25-045968"",""fy"":2025,""fp"":""Q3"",""form"":""10-Q"",""filed"":""2025-10-23""}","{""label"":""Cash and Cash Equivalents, at Carrying Value"",""description"":""Amount of currency on hand as well as demand deposits with banks or financial institutions. Includes other kinds of accounts that have the general characteristics of demand deposits. Also includes short-term, highly liquid investments that are both readily convertible to known amounts of cash and so near their maturity that they present insignificant risk of changes in value because of changes in interest rates. Excludes cash and cash equivalents within disposal group and discontinued operation.""}"
"[""companyfacts-0001318605"",""us-gaap"",""CashAndCashEquivalentsAtCarryingValue"",""USD"",""218""]","0001318605","companyfacts-0001318605","us-gaap","CashAndCashEquivalentsAtCarryingValue","USD","218","16398000000","present","\N","2023-12-31","0001628280-26-003952","2026-01-29","10-K","2025","FY","CY2023Q4I","/facts/us-gaap/CashAndCashEquivalentsAtCarryingValue/units/USD/218","{""end"":""2023-12-31"",""val"":16398000000,""accn"":""0001628280-26-003952"",""fy"":2025,""fp"":""FY"",""form"":""10-K"",""filed"":""2026-01-29"",""frame"":""CY2023Q4I""}","{""label"":""Cash and Cash Equivalents, at Carrying Value"",""description"":""Amount of currency on hand as well as demand deposits with banks or financial institutions. Includes other kinds of accounts that have the general characteristics of demand deposits. Also includes short-term, highly liquid investments that are both readily convertible to known amounts of cash and so near their maturity that they present insignificant risk of changes in value because of changes in interest rates. Excludes cash and cash equivalents within disposal group and discontinued operation.""}"
"[""companyfacts-0001318605"",""us-gaap"",""CashAndCashEquivalentsAtCarryingValue"",""USD"",""224""]","0001318605","companyfacts-0001318605","us-gaap","CashAndCashEquivalentsAtCarryingValue","USD","224","18111000000","present","\N","2024-09-30","0001628280-25-045968","2025-10-23","10-Q","2025","Q3","CY2024Q3I","/facts/us-gaap/CashAndCashEquivalentsAtCarryingValue/units/USD/224","{""end"":""2024-09-30"",""val"":18111000000,""accn"":""0001628280-25-045968"",""fy"":2025,""fp"":""Q3"",""form"":""10-Q"",""filed"":""2025-10-23"",""frame"":""CY2024Q3I""}","{""label"":""Cash and Cash Equivalents, at Carrying Value"",""description"":""Amount of currency on hand as well as demand deposits with banks or financial institutions. Includes other kinds of accounts that have the general characteristics of demand deposits. Also includes short-term, highly liquid investments that are both readily convertible to known amounts of cash and so near their maturity that they present insignificant risk of changes in value because of changes in interest rates. Excludes cash and cash equivalents within disposal group and discontinued operation.""}"
"[""companyfacts-0001318605"",""us-gaap"",""CashAndCashEquivalentsAtCarryingValue"",""USD"",""228""]","0001318605","companyfacts-0001318605","us-gaap","CashAndCashEquivalentsAtCarryingValue","USD","228","16139000000","present","\N","2024-12-31","0001628280-25-045968","2025-10-23","10-Q","2025","Q3","\N","/facts/us-gaap/CashAndCashEquivalentsAtCarryingValue/units/USD/228","{""end"":""2024-12-31"",""val"":16139000000,""accn"":""0001628280-25-045968"",""fy"":2025,""fp"":""Q3"",""form"":""10-Q"",""filed"":""2025-10-23""}","{""label"":""Cash and Cash Equivalents, at Carrying Value"",""description"":""Amount of currency on hand as well as demand deposits with banks or financial institutions. Includes other kinds of accounts that have the general characteristics of demand deposits. Also includes short-term, highly liquid investments that are both readily convertible to known amounts of cash and so near their maturity that they present insignificant risk of changes in value because of changes in interest rates. Excludes cash and cash equivalents within disposal group and discontinued operation.""}"
"[""companyfacts-0001318605"",""us-gaap"",""CashAndCashEquivalentsAtCarryingValue"",""USD"",""229""]","0001318605","companyfacts-0001318605","us-gaap","CashAndCashEquivalentsAtCarryingValue","USD","229","16139000000","present","\N","2024-12-31","0001628280-26-003952","2026-01-29","10-K","2025","FY","\N","/facts/us-gaap/CashAndCashEquivalentsAtCarryingValue/units/USD/229","{""end"":""2024-12-31"",""val"":16139000000,""accn"":""0001628280-26-003952"",""fy"":2025,""fp"":""FY"",""form"":""10-K"",""filed"":""2026-01-29""}","{""label"":""Cash and Cash Equivalents, at Carrying Value"",""description"":""Amount of currency on hand as well as demand deposits with banks or financial institutions. Includes other kinds of accounts that have the general characteristics of demand deposits. Also includes short-term, highly liquid investments that are both readily convertible to known amounts of cash and so near their maturity that they present insignificant risk of changes in value because of changes in interest rates. Excludes cash and cash equivalents within disposal group and discontinued operation.""}"
"[""companyfacts-0001318605"",""us-gaap"",""CashAndCashEquivalentsAtCarryingValue"",""USD"",""230""]","0001318605","companyfacts-0001318605","us-gaap","CashAndCashEquivalentsAtCarryingValue","USD","230","16139000000","present","\N","2024-12-31","0001628280-26-026673","2026-04-23","10-Q","2026","Q1","\N","/facts/us-gaap/CashAndCashEquivalentsAtCarryingValue/units/USD/230","{""end"":""2024-12-31"",""val"":16139000000,""accn"":""0001628280-26-026673"",""fy"":2026,""fp"":""Q1"",""form"":""10-Q"",""filed"":""2026-04-23""}","{""label"":""Cash and Cash Equivalents, at Carrying Value"",""description"":""Amount of currency on hand as well as demand deposits with banks or financial institutions. Includes other kinds of accounts that have the general characteristics of demand deposits. Also includes short-term, highly liquid investments that are both readily convertible to known amounts of cash and so near their maturity that they present insignificant risk of changes in value because of changes in interest rates. Excludes cash and cash equivalents within disposal group and discontinued operation.""}"
"[""companyfacts-0001318605"",""us-gaap"",""CashAndCashEquivalentsAtCarryingValue"",""USD"",""231""]","0001318605","companyfacts-0001318605","us-gaap","CashAndCashEquivalentsAtCarryingValue","USD","231","16139000000","present","\N","2024-12-31","0001628280-26-049270","2026-07-23","10-Q","2026","Q2","CY2024Q4I","/facts/us-gaap/CashAndCashEquivalentsAtCarryingValue/units/USD/231","{""end"":""2024-12-31"",""val"":16139000000,""accn"":""0001628280-26-049270"",""fy"":2026,""fp"":""Q2"",""form"":""10-Q"",""filed"":""2026-07-23"",""frame"":""CY2024Q4I""}","{""label"":""Cash and Cash Equivalents, at Carrying Value"",""description"":""Amount of currency on hand as well as demand deposits with banks or financial institutions. Includes other kinds of accounts that have the general characteristics of demand deposits. Also includes short-term, highly liquid investments that are both readily convertible to known amounts of cash and so near their maturity that they present insignificant risk of changes in value because of changes in interest rates. Excludes cash and cash equivalents within disposal group and discontinued operation.""}"
"[""companyfacts-0001318605"",""us-gaap"",""CashAndCashEquivalentsAtCarryingValue"",""USD"",""233""]","0001318605","companyfacts-0001318605","us-gaap","CashAndCashEquivalentsAtCarryingValue","USD","233","16352000000","present","\N","2025-03-31","0001628280-26-026673","2026-04-23","10-Q","2026","Q1","CY2025Q1I","/facts/us-gaap/CashAndCashEquivalentsAtCarryingValue/units/USD/233","{""end"":""2025-03-31"",""val"":16352000000,""accn"":""0001628280-26-026673"",""fy"":2026,""fp"":""Q1"",""form"":""10-Q"",""filed"":""2026-04-23"",""frame"":""CY2025Q1I""}","{""label"":""Cash and Cash Equivalents, at Carrying Value"",""description"":""Amount of currency on hand as well as demand deposits with banks or financial institutions. Includes other kinds of accounts that have the general characteristics of demand deposits. Also includes short-term, highly liquid investments that are both readily convertible to known amounts of cash and so near their maturity that they present insignificant risk of changes in value because of changes in interest rates. Excludes cash and cash equivalents within disposal group and discontinued operation.""}"
"[""companyfacts-0001318605"",""us-gaap"",""CashAndCashEquivalentsAtCarryingValue"",""USD"",""235""]","0001318605","companyfacts-0001318605","us-gaap","CashAndCashEquivalentsAtCarryingValue","USD","235","15587000000","present","\N","2025-06-30","0001628280-26-049270","2026-07-23","10-Q","2026","Q2","CY2025Q2I","/facts/us-gaap/CashAndCashEquivalentsAtCarryingValue/units/USD/235","{""end"":""2025-06-30"",""val"":15587000000,""accn"":""0001628280-26-049270"",""fy"":2026,""fp"":""Q2"",""form"":""10-Q"",""filed"":""2026-07-23"",""frame"":""CY2025Q2I""}","{""label"":""Cash and Cash Equivalents, at Carrying Value"",""description"":""Amount of currency on hand as well as demand deposits with banks or financial institutions. Includes other kinds of accounts that have the general characteristics of demand deposits. Also includes short-term, highly liquid investments that are both readily convertible to known amounts of cash and so near their maturity that they present insignificant risk of changes in value because of changes in interest rates. Excludes cash and cash equivalents within disposal group and discontinued operation.""}"
"[""companyfacts-0001318605"",""us-gaap"",""CashAndCashEquivalentsAtCarryingValue"",""USD"",""236""]","0001318605","companyfacts-0001318605","us-gaap","CashAndCashEquivalentsAtCarryingValue","USD","236","18289000000","present","\N","2025-09-30","0001628280-25-045968","2025-10-23","10-Q","2025","Q3","CY2025Q3I","/facts/us-gaap/CashAndCashEquivalentsAtCarryingValue/units/USD/236","{""end"":""2025-09-30"",""val"":18289000000,""accn"":""0001628280-25-045968"",""fy"":2025,""fp"":""Q3"",""form"":""10-Q"",""filed"":""2025-10-23"",""frame"":""CY2025Q3I""}","{""label"":""Cash and Cash Equivalents, at Carrying Value"",""description"":""Amount of currency on hand as well as demand deposits with banks or financial institutions. Includes other kinds of accounts that have the general characteristics of demand deposits. Also includes short-term, highly liquid investments that are both readily convertible to known amounts of cash and so near their maturity that they present insignificant risk of changes in value because of changes in interest rates. Excludes cash and cash equivalents within disposal group and discontinued operation.""}"
"[""companyfacts-0001318605"",""us-gaap"",""CashAndCashEquivalentsAtCarryingValue"",""USD"",""237""]","0001318605","companyfacts-0001318605","us-gaap","CashAndCashEquivalentsAtCarryingValue","USD","237","16513000000","present","\N","2025-12-31","0001628280-26-003952","2026-01-29","10-K","2025","FY","\N","/facts/us-gaap/CashAndCashEquivalentsAtCarryingValue/units/USD/237","{""end"":""2025-12-31"",""val"":16513000000,""accn"":""0001628280-26-003952"",""fy"":2025,""fp"":""FY"",""form"":""10-K"",""filed"":""2026-01-29""}","{""label"":""Cash and Cash Equivalents, at Carrying Value"",""description"":""Amount of currency on hand as well as demand deposits with banks or financial institutions. Includes other kinds of accounts that have the general characteristics of demand deposits. Also includes short-term, highly liquid investments that are both readily convertible to known amounts of cash and so near their maturity that they present insignificant risk of changes in value because of changes in interest rates. Excludes cash and cash equivalents within disposal group and discontinued operation.""}"
"[""companyfacts-0001318605"",""us-gaap"",""CashAndCashEquivalentsAtCarryingValue"",""USD"",""238""]","0001318605","companyfacts-0001318605","us-gaap","CashAndCashEquivalentsAtCarryingValue","USD","238","16513000000","present","\N","2025-12-31","0001628280-26-026673","2026-04-23","10-Q","2026","Q1","\N","/facts/us-gaap/CashAndCashEquivalentsAtCarryingValue/units/USD/238","{""end"":""2025-12-31"",""val"":16513000000,""accn"":""0001628280-26-026673"",""fy"":2026,""fp"":""Q1"",""form"":""10-Q"",""filed"":""2026-04-23""}","{""label"":""Cash and Cash Equivalents, at Carrying Value"",""description"":""Amount of currency on hand as well as demand deposits with banks or financial institutions. Includes other kinds of accounts that have the general characteristics of demand deposits. Also includes short-term, highly liquid investments that are both readily convertible to known amounts of cash and so near their maturity that they present insignificant risk of changes in value because of changes in interest rates. Excludes cash and cash equivalents within disposal group and discontinued operation.""}"
"[""companyfacts-0001318605"",""us-gaap"",""CashAndCashEquivalentsAtCarryingValue"",""USD"",""239""]","0001318605","companyfacts-0001318605","us-gaap","CashAndCashEquivalentsAtCarryingValue","USD","239","16513000000","present","\N","2025-12-31","0001628280-26-049270","2026-07-23","10-Q","2026","Q2","CY2025Q4I","/facts/us-gaap/CashAndCashEquivalentsAtCarryingValue/units/USD/239","{""end"":""2025-12-31"",""val"":16513000000,""accn"":""0001628280-26-049270"",""fy"":2026,""fp"":""Q2"",""form"":""10-Q"",""filed"":""2026-07-23"",""frame"":""CY2025Q4I""}","{""label"":""Cash and Cash Equivalents, at Carrying Value"",""description"":""Amount of currency on hand as well as demand deposits with banks or financial institutions. Includes other kinds of accounts that have the general characteristics of demand deposits. Also includes short-term, highly liquid investments that are both readily convertible to known amounts of cash and so near their maturity that they present insignificant risk of changes in value because of changes in interest rates. Excludes cash and cash equivalents within disposal group and discontinued operation.""}"
"[""companyfacts-0001318605"",""us-gaap"",""CashAndCashEquivalentsAtCarryingValue"",""USD"",""240""]","0001318605","companyfacts-0001318605","us-gaap","CashAndCashEquivalentsAtCarryingValue","USD","240","16603000000","present","\N","2026-03-31","0001628280-26-026673","2026-04-23","10-Q","2026","Q1","CY2026Q1I","/facts/us-gaap/CashAndCashEquivalentsAtCarryingValue/units/USD/240","{""end"":""2026-03-31"",""val"":16603000000,""accn"":""0001628280-26-026673"",""fy"":2026,""fp"":""Q1"",""form"":""10-Q"",""filed"":""2026-04-23"",""frame"":""CY2026Q1I""}","{""label"":""Cash and Cash Equivalents, at Carrying Value"",""description"":""Amount of currency on hand as well as demand deposits with banks or financial institutions. Includes other kinds of accounts that have the general characteristics of demand deposits. Also includes short-term, highly liquid investments that are both readily convertible to known amounts of cash and so near their maturity that they present insignificant risk of changes in value because of changes in interest rates. Excludes cash and cash equivalents within disposal group and discontinued operation.""}"
"[""companyfacts-0001318605"",""us-gaap"",""CashAndCashEquivalentsAtCarryingValue"",""USD"",""241""]","0001318605","companyfacts-0001318605","us-gaap","CashAndCashEquivalentsAtCarryingValue","USD","241","15219000000","present","\N","2026-06-30","0001628280-26-049270","2026-07-23","10-Q","2026","Q2","CY2026Q2I","/facts/us-gaap/CashAndCashEquivalentsAtCarryingValue/units/USD/241","{""end"":""2026-06-30"",""val"":15219000000,""accn"":""0001628280-26-049270"",""fy"":2026,""fp"":""Q2"",""form"":""10-Q"",""filed"":""2026-07-23"",""frame"":""CY2026Q2I""}","{""label"":""Cash and Cash Equivalents, at Carrying Value"",""description"":""Amount of currency on hand as well as demand deposits with banks or financial institutions. Includes other kinds of accounts that have the general characteristics of demand deposits. Also includes short-term, highly liquid investments that are both readily convertible to known amounts of cash and so near their maturity that they present insignificant risk of changes in value because of changes in interest rates. Excludes cash and cash equivalents within disposal group and discontinued operation.""}"
"[""companyfacts-0001318605"",""us-gaap"",""RevenueFromContractWithCustomerExcludingAssessedTax"",""USD"",""20""]","0001318605","companyfacts-0001318605","us-gaap","RevenueFromContractWithCustomerExcludingAssessedTax","USD","20","96773000000","present","2023-01-01","2023-12-31","0001628280-26-003952","2026-01-29","10-K","2025","FY","CY2023","/facts/us-gaap/RevenueFromContractWithCustomerExcludingAssessedTax/units/USD/20","{""start"":""2023-01-01"",""end"":""2023-12-31"",""val"":96773000000,""accn"":""0001628280-26-003952"",""fy"":2025,""fp"":""FY"",""form"":""10-K"",""filed"":""2026-01-29"",""frame"":""CY2023""}","{""label"":""Revenue from Contract with Customer, Excluding Assessed Tax"",""description"":""Amount, excluding tax collected from customer, of revenue from satisfaction of performance obligation by transferring promised good or service to customer. Tax collected from customer is tax assessed by governmental authority that is both imposed on and concurrent with specific revenue-producing transaction, including, but not limited to, sales, use, value added and excise.""}"
"[""companyfacts-0001318605"",""us-gaap"",""RevenueFromContractWithCustomerExcludingAssessedTax"",""USD"",""28""]","0001318605","companyfacts-0001318605","us-gaap","RevenueFromContractWithCustomerExcludingAssessedTax","USD","28","71983000000","present","2024-01-01","2024-09-30","0001628280-25-045968","2025-10-23","10-Q","2025","Q3","\N","/facts/us-gaap/RevenueFromContractWithCustomerExcludingAssessedTax/units/USD/28","{""start"":""2024-01-01"",""end"":""2024-09-30"",""val"":71983000000,""accn"":""0001628280-25-045968"",""fy"":2025,""fp"":""Q3"",""form"":""10-Q"",""filed"":""2025-10-23""}","{""label"":""Revenue from Contract with Customer, Excluding Assessed Tax"",""description"":""Amount, excluding tax collected from customer, of revenue from satisfaction of performance obligation by transferring promised good or service to customer. Tax collected from customer is tax assessed by governmental authority that is both imposed on and concurrent with specific revenue-producing transaction, including, but not limited to, sales, use, value added and excise.""}"
"[""companyfacts-0001318605"",""us-gaap"",""RevenueFromContractWithCustomerExcludingAssessedTax"",""USD"",""30""]","0001318605","companyfacts-0001318605","us-gaap","RevenueFromContractWithCustomerExcludingAssessedTax","USD","30","25182000000","present","2024-07-01","2024-09-30","0001628280-25-045968","2025-10-23","10-Q","2025","Q3","CY2024Q3","/facts/us-gaap/RevenueFromContractWithCustomerExcludingAssessedTax/units/USD/30","{""start"":""2024-07-01"",""end"":""2024-09-30"",""val"":25182000000,""accn"":""0001628280-25-045968"",""fy"":2025,""fp"":""Q3"",""form"":""10-Q"",""filed"":""2025-10-23"",""frame"":""CY2024Q3""}","{""label"":""Revenue from Contract with Customer, Excluding Assessed Tax"",""description"":""Amount, excluding tax collected from customer, of revenue from satisfaction of performance obligation by transferring promised good or service to customer. Tax collected from customer is tax assessed by governmental authority that is both imposed on and concurrent with specific revenue-producing transaction, including, but not limited to, sales, use, value added and excise.""}"
"[""companyfacts-0001318605"",""us-gaap"",""RevenueFromContractWithCustomerExcludingAssessedTax"",""USD"",""32""]","0001318605","companyfacts-0001318605","us-gaap","RevenueFromContractWithCustomerExcludingAssessedTax","USD","32","97690000000","present","2024-01-01","2024-12-31","0001628280-26-003952","2026-01-29","10-K","2025","FY","CY2024","/facts/us-gaap/RevenueFromContractWithCustomerExcludingAssessedTax/units/USD/32","{""start"":""2024-01-01"",""end"":""2024-12-31"",""val"":97690000000,""accn"":""0001628280-26-003952"",""fy"":2025,""fp"":""FY"",""form"":""10-K"",""filed"":""2026-01-29"",""frame"":""CY2024""}","{""label"":""Revenue from Contract with Customer, Excluding Assessed Tax"",""description"":""Amount, excluding tax collected from customer, of revenue from satisfaction of performance obligation by transferring promised good or service to customer. Tax collected from customer is tax assessed by governmental authority that is both imposed on and concurrent with specific revenue-producing transaction, including, but not limited to, sales, use, value added and excise.""}"
"[""companyfacts-0001318605"",""us-gaap"",""RevenueFromContractWithCustomerExcludingAssessedTax"",""USD"",""34""]","0001318605","companyfacts-0001318605","us-gaap","RevenueFromContractWithCustomerExcludingAssessedTax","USD","34","19335000000","present","2025-01-01","2025-03-31","0001628280-26-026673","2026-04-23","10-Q","2026","Q1","CY2025Q1","/facts/us-gaap/RevenueFromContractWithCustomerExcludingAssessedTax/units/USD/34","{""start"":""2025-01-01"",""end"":""2025-03-31"",""val"":19335000000,""accn"":""0001628280-26-026673"",""fy"":2026,""fp"":""Q1"",""form"":""10-Q"",""filed"":""2026-04-23"",""frame"":""CY2025Q1""}","{""label"":""Revenue from Contract with Customer, Excluding Assessed Tax"",""description"":""Amount, excluding tax collected from customer, of revenue from satisfaction of performance obligation by transferring promised good or service to customer. Tax collected from customer is tax assessed by governmental authority that is both imposed on and concurrent with specific revenue-producing transaction, including, but not limited to, sales, use, value added and excise.""}"
"[""companyfacts-0001318605"",""us-gaap"",""RevenueFromContractWithCustomerExcludingAssessedTax"",""USD"",""36""]","0001318605","companyfacts-0001318605","us-gaap","RevenueFromContractWithCustomerExcludingAssessedTax","USD","36","41831000000","present","2025-01-01","2025-06-30","0001628280-26-049270","2026-07-23","10-Q","2026","Q2","\N","/facts/us-gaap/RevenueFromContractWithCustomerExcludingAssessedTax/units/USD/36","{""start"":""2025-01-01"",""end"":""2025-06-30"",""val"":41831000000,""accn"":""0001628280-26-049270"",""fy"":2026,""fp"":""Q2"",""form"":""10-Q"",""filed"":""2026-07-23""}","{""label"":""Revenue from Contract with Customer, Excluding Assessed Tax"",""description"":""Amount, excluding tax collected from customer, of revenue from satisfaction of performance obligation by transferring promised good or service to customer. Tax collected from customer is tax assessed by governmental authority that is both imposed on and concurrent with specific revenue-producing transaction, including, but not limited to, sales, use, value added and excise.""}"
"[""companyfacts-0001318605"",""us-gaap"",""RevenueFromContractWithCustomerExcludingAssessedTax"",""USD"",""38""]","0001318605","companyfacts-0001318605","us-gaap","RevenueFromContractWithCustomerExcludingAssessedTax","USD","38","22496000000","present","2025-04-01","2025-06-30","0001628280-26-049270","2026-07-23","10-Q","2026","Q2","CY2025Q2","/facts/us-gaap/RevenueFromContractWithCustomerExcludingAssessedTax/units/USD/38","{""start"":""2025-04-01"",""end"":""2025-06-30"",""val"":22496000000,""accn"":""0001628280-26-049270"",""fy"":2026,""fp"":""Q2"",""form"":""10-Q"",""filed"":""2026-07-23"",""frame"":""CY2025Q2""}","{""label"":""Revenue from Contract with Customer, Excluding Assessed Tax"",""description"":""Amount, excluding tax collected from customer, of revenue from satisfaction of performance obligation by transferring promised good or service to customer. Tax collected from customer is tax assessed by governmental authority that is both imposed on and concurrent with specific revenue-producing transaction, including, but not limited to, sales, use, value added and excise.""}"
"[""companyfacts-0001318605"",""us-gaap"",""RevenueFromContractWithCustomerExcludingAssessedTax"",""USD"",""39""]","0001318605","companyfacts-0001318605","us-gaap","RevenueFromContractWithCustomerExcludingAssessedTax","USD","39","69926000000","present","2025-01-01","2025-09-30","0001628280-25-045968","2025-10-23","10-Q","2025","Q3","\N","/facts/us-gaap/RevenueFromContractWithCustomerExcludingAssessedTax/units/USD/39","{""start"":""2025-01-01"",""end"":""2025-09-30"",""val"":69926000000,""accn"":""0001628280-25-045968"",""fy"":2025,""fp"":""Q3"",""form"":""10-Q"",""filed"":""2025-10-23""}","{""label"":""Revenue from Contract with Customer, Excluding Assessed Tax"",""description"":""Amount, excluding tax collected from customer, of revenue from satisfaction of performance obligation by transferring promised good or service to customer. Tax collected from customer is tax assessed by governmental authority that is both imposed on and concurrent with specific revenue-producing transaction, including, but not limited to, sales, use, value added and excise.""}"
"[""companyfacts-0001318605"",""us-gaap"",""RevenueFromContractWithCustomerExcludingAssessedTax"",""USD"",""40""]","0001318605","companyfacts-0001318605","us-gaap","RevenueFromContractWithCustomerExcludingAssessedTax","USD","40","28095000000","present","2025-07-01","2025-09-30","0001628280-25-045968","2025-10-23","10-Q","2025","Q3","CY2025Q3","/facts/us-gaap/RevenueFromContractWithCustomerExcludingAssessedTax/units/USD/40","{""start"":""2025-07-01"",""end"":""2025-09-30"",""val"":28095000000,""accn"":""0001628280-25-045968"",""fy"":2025,""fp"":""Q3"",""form"":""10-Q"",""filed"":""2025-10-23"",""frame"":""CY2025Q3""}","{""label"":""Revenue from Contract with Customer, Excluding Assessed Tax"",""description"":""Amount, excluding tax collected from customer, of revenue from satisfaction of performance obligation by transferring promised good or service to customer. Tax collected from customer is tax assessed by governmental authority that is both imposed on and concurrent with specific revenue-producing transaction, including, but not limited to, sales, use, value added and excise.""}"
"[""companyfacts-0001318605"",""us-gaap"",""RevenueFromContractWithCustomerExcludingAssessedTax"",""USD"",""41""]","0001318605","companyfacts-0001318605","us-gaap","RevenueFromContractWithCustomerExcludingAssessedTax","USD","41","94827000000","present","2025-01-01","2025-12-31","0001628280-26-003952","2026-01-29","10-K","2025","FY","CY2025","/facts/us-gaap/RevenueFromContractWithCustomerExcludingAssessedTax/units/USD/41","{""start"":""2025-01-01"",""end"":""2025-12-31"",""val"":94827000000,""accn"":""0001628280-26-003952"",""fy"":2025,""fp"":""FY"",""form"":""10-K"",""filed"":""2026-01-29"",""frame"":""CY2025""}","{""label"":""Revenue from Contract with Customer, Excluding Assessed Tax"",""description"":""Amount, excluding tax collected from customer, of revenue from satisfaction of performance obligation by transferring promised good or service to customer. Tax collected from customer is tax assessed by governmental authority that is both imposed on and concurrent with specific revenue-producing transaction, including, but not limited to, sales, use, value added and excise.""}"
"[""companyfacts-0001318605"",""us-gaap"",""RevenueFromContractWithCustomerExcludingAssessedTax"",""USD"",""42""]","0001318605","companyfacts-0001318605","us-gaap","RevenueFromContractWithCustomerExcludingAssessedTax","USD","42","22387000000","present","2026-01-01","2026-03-31","0001628280-26-026673","2026-04-23","10-Q","2026","Q1","CY2026Q1","/facts/us-gaap/RevenueFromContractWithCustomerExcludingAssessedTax/units/USD/42","{""start"":""2026-01-01"",""end"":""2026-03-31"",""val"":22387000000,""accn"":""0001628280-26-026673"",""fy"":2026,""fp"":""Q1"",""form"":""10-Q"",""filed"":""2026-04-23"",""frame"":""CY2026Q1""}","{""label"":""Revenue from Contract with Customer, Excluding Assessed Tax"",""description"":""Amount, excluding tax collected from customer, of revenue from satisfaction of performance obligation by transferring promised good or service to customer. Tax collected from customer is tax assessed by governmental authority that is both imposed on and concurrent with specific revenue-producing transaction, including, but not limited to, sales, use, value added and excise.""}"
"[""companyfacts-0001318605"",""us-gaap"",""RevenueFromContractWithCustomerExcludingAssessedTax"",""USD"",""43""]","0001318605","companyfacts-0001318605","us-gaap","RevenueFromContractWithCustomerExcludingAssessedTax","USD","43","50623000000","present","2026-01-01","2026-06-30","0001628280-26-049270","2026-07-23","10-Q","2026","Q2","\N","/facts/us-gaap/RevenueFromContractWithCustomerExcludingAssessedTax/units/USD/43","{""start"":""2026-01-01"",""end"":""2026-06-30"",""val"":50623000000,""accn"":""0001628280-26-049270"",""fy"":2026,""fp"":""Q2"",""form"":""10-Q"",""filed"":""2026-07-23""}","{""label"":""Revenue from Contract with Customer, Excluding Assessed Tax"",""description"":""Amount, excluding tax collected from customer, of revenue from satisfaction of performance obligation by transferring promised good or service to customer. Tax collected from customer is tax assessed by governmental authority that is both imposed on and concurrent with specific revenue-producing transaction, including, but not limited to, sales, use, value added and excise.""}"
"[""companyfacts-0001318605"",""us-gaap"",""RevenueFromContractWithCustomerExcludingAssessedTax"",""USD"",""44""]","0001318605","companyfacts-0001318605","us-gaap","RevenueFromContractWithCustomerExcludingAssessedTax","USD","44","28236000000","present","2026-04-01","2026-06-30","0001628280-26-049270","2026-07-23","10-Q","2026","Q2","CY2026Q2","/facts/us-gaap/RevenueFromContractWithCustomerExcludingAssessedTax/units/USD/44","{""start"":""2026-04-01"",""end"":""2026-06-30"",""val"":28236000000,""accn"":""0001628280-26-049270"",""fy"":2026,""fp"":""Q2"",""form"":""10-Q"",""filed"":""2026-07-23"",""frame"":""CY2026Q2""}","{""label"":""Revenue from Contract with Customer, Excluding Assessed Tax"",""description"":""Amount, excluding tax collected from customer, of revenue from satisfaction of performance obligation by transferring promised good or service to customer. Tax collected from customer is tax assessed by governmental authority that is both imposed on and concurrent with specific revenue-producing transaction, including, but not limited to, sales, use, value added and excise.""}"
"[""companyfacts-0001318605"",""us-gaap"",""Revenues"",""USD"",""257""]","0001318605","companyfacts-0001318605","us-gaap","Revenues","USD","257","96773000000","present","2023-01-01","2023-12-31","0001628280-26-003952","2026-01-29","10-K","2025","FY","CY2023","/facts/us-gaap/Revenues/units/USD/257","{""start"":""2023-01-01"",""end"":""2023-12-31"",""val"":96773000000,""accn"":""0001628280-26-003952"",""fy"":2025,""fp"":""FY"",""form"":""10-K"",""filed"":""2026-01-29"",""frame"":""CY2023""}","{""label"":""Revenues"",""description"":""Amount of revenue recognized from goods sold, services rendered, insurance premiums, or other activities that constitute an earning process. Includes, but is not limited to, investment and interest income before deduction of interest expense when recognized as a component of revenue, and sales and trading gain (loss).""}"
"[""companyfacts-0001318605"",""us-gaap"",""Revenues"",""USD"",""265""]","0001318605","companyfacts-0001318605","us-gaap","Revenues","USD","265","71983000000","present","2024-01-01","2024-09-30","0001628280-25-045968","2025-10-23","10-Q","2025","Q3","\N","/facts/us-gaap/Revenues/units/USD/265","{""start"":""2024-01-01"",""end"":""2024-09-30"",""val"":71983000000,""accn"":""0001628280-25-045968"",""fy"":2025,""fp"":""Q3"",""form"":""10-Q"",""filed"":""2025-10-23""}","{""label"":""Revenues"",""description"":""Amount of revenue recognized from goods sold, services rendered, insurance premiums, or other activities that constitute an earning process. Includes, but is not limited to, investment and interest income before deduction of interest expense when recognized as a component of revenue, and sales and trading gain (loss).""}"
"[""companyfacts-0001318605"",""us-gaap"",""Revenues"",""USD"",""267""]","0001318605","companyfacts-0001318605","us-gaap","Revenues","USD","267","25182000000","present","2024-07-01","2024-09-30","0001628280-25-045968","2025-10-23","10-Q","2025","Q3","CY2024Q3","/facts/us-gaap/Revenues/units/USD/267","{""start"":""2024-07-01"",""end"":""2024-09-30"",""val"":25182000000,""accn"":""0001628280-25-045968"",""fy"":2025,""fp"":""Q3"",""form"":""10-Q"",""filed"":""2025-10-23"",""frame"":""CY2024Q3""}","{""label"":""Revenues"",""description"":""Amount of revenue recognized from goods sold, services rendered, insurance premiums, or other activities that constitute an earning process. Includes, but is not limited to, investment and interest income before deduction of interest expense when recognized as a component of revenue, and sales and trading gain (loss).""}"
"[""companyfacts-0001318605"",""us-gaap"",""Revenues"",""USD"",""269""]","0001318605","companyfacts-0001318605","us-gaap","Revenues","USD","269","97690000000","present","2024-01-01","2024-12-31","0001628280-26-003952","2026-01-29","10-K","2025","FY","CY2024","/facts/us-gaap/Revenues/units/USD/269","{""start"":""2024-01-01"",""end"":""2024-12-31"",""val"":97690000000,""accn"":""0001628280-26-003952"",""fy"":2025,""fp"":""FY"",""form"":""10-K"",""filed"":""2026-01-29"",""frame"":""CY2024""}","{""label"":""Revenues"",""description"":""Amount of revenue recognized from goods sold, services rendered, insurance premiums, or other activities that constitute an earning process. Includes, but is not limited to, investment and interest income before deduction of interest expense when recognized as a component of revenue, and sales and trading gain (loss).""}"
"[""companyfacts-0001318605"",""us-gaap"",""Revenues"",""USD"",""271""]","0001318605","companyfacts-0001318605","us-gaap","Revenues","USD","271","19335000000","present","2025-01-01","2025-03-31","0001628280-26-026673","2026-04-23","10-Q","2026","Q1","CY2025Q1","/facts/us-gaap/Revenues/units/USD/271","{""start"":""2025-01-01"",""end"":""2025-03-31"",""val"":19335000000,""accn"":""0001628280-26-026673"",""fy"":2026,""fp"":""Q1"",""form"":""10-Q"",""filed"":""2026-04-23"",""frame"":""CY2025Q1""}","{""label"":""Revenues"",""description"":""Amount of revenue recognized from goods sold, services rendered, insurance premiums, or other activities that constitute an earning process. Includes, but is not limited to, investment and interest income before deduction of interest expense when recognized as a component of revenue, and sales and trading gain (loss).""}"
"[""companyfacts-0001318605"",""us-gaap"",""Revenues"",""USD"",""273""]","0001318605","companyfacts-0001318605","us-gaap","Revenues","USD","273","41831000000","present","2025-01-01","2025-06-30","0001628280-26-049270","2026-07-23","10-Q","2026","Q2","\N","/facts/us-gaap/Revenues/units/USD/273","{""start"":""2025-01-01"",""end"":""2025-06-30"",""val"":41831000000,""accn"":""0001628280-26-049270"",""fy"":2026,""fp"":""Q2"",""form"":""10-Q"",""filed"":""2026-07-23""}","{""label"":""Revenues"",""description"":""Amount of revenue recognized from goods sold, services rendered, insurance premiums, or other activities that constitute an earning process. Includes, but is not limited to, investment and interest income before deduction of interest expense when recognized as a component of revenue, and sales and trading gain (loss).""}"
"[""companyfacts-0001318605"",""us-gaap"",""Revenues"",""USD"",""275""]","0001318605","companyfacts-0001318605","us-gaap","Revenues","USD","275","22496000000","present","2025-04-01","2025-06-30","0001628280-26-049270","2026-07-23","10-Q","2026","Q2","CY2025Q2","/facts/us-gaap/Revenues/units/USD/275","{""start"":""2025-04-01"",""end"":""2025-06-30"",""val"":22496000000,""accn"":""0001628280-26-049270"",""fy"":2026,""fp"":""Q2"",""form"":""10-Q"",""filed"":""2026-07-23"",""frame"":""CY2025Q2""}","{""label"":""Revenues"",""description"":""Amount of revenue recognized from goods sold, services rendered, insurance premiums, or other activities that constitute an earning process. Includes, but is not limited to, investment and interest income before deduction of interest expense when recognized as a component of revenue, and sales and trading gain (loss).""}"
"[""companyfacts-0001318605"",""us-gaap"",""Revenues"",""USD"",""276""]","0001318605","companyfacts-0001318605","us-gaap","Revenues","USD","276","69926000000","present","2025-01-01","2025-09-30","0001628280-25-045968","2025-10-23","10-Q","2025","Q3","\N","/facts/us-gaap/Revenues/units/USD/276","{""start"":""2025-01-01"",""end"":""2025-09-30"",""val"":69926000000,""accn"":""0001628280-25-045968"",""fy"":2025,""fp"":""Q3"",""form"":""10-Q"",""filed"":""2025-10-23""}","{""label"":""Revenues"",""description"":""Amount of revenue recognized from goods sold, services rendered, insurance premiums, or other activities that constitute an earning process. Includes, but is not limited to, investment and interest income before deduction of interest expense when recognized as a component of revenue, and sales and trading gain (loss).""}"
"[""companyfacts-0001318605"",""us-gaap"",""Revenues"",""USD"",""277""]","0001318605","companyfacts-0001318605","us-gaap","Revenues","USD","277","28095000000","present","2025-07-01","2025-09-30","0001628280-25-045968","2025-10-23","10-Q","2025","Q3","CY2025Q3","/facts/us-gaap/Revenues/units/USD/277","{""start"":""2025-07-01"",""end"":""2025-09-30"",""val"":28095000000,""accn"":""0001628280-25-045968"",""fy"":2025,""fp"":""Q3"",""form"":""10-Q"",""filed"":""2025-10-23"",""frame"":""CY2025Q3""}","{""label"":""Revenues"",""description"":""Amount of revenue recognized from goods sold, services rendered, insurance premiums, or other activities that constitute an earning process. Includes, but is not limited to, investment and interest income before deduction of interest expense when recognized as a component of revenue, and sales and trading gain (loss).""}"
"[""companyfacts-0001318605"",""us-gaap"",""Revenues"",""USD"",""278""]","0001318605","companyfacts-0001318605","us-gaap","Revenues","USD","278","94827000000","present","2025-01-01","2025-12-31","0001628280-26-003952","2026-01-29","10-K","2025","FY","CY2025","/facts/us-gaap/Revenues/units/USD/278","{""start"":""2025-01-01"",""end"":""2025-12-31"",""val"":94827000000,""accn"":""0001628280-26-003952"",""fy"":2025,""fp"":""FY"",""form"":""10-K"",""filed"":""2026-01-29"",""frame"":""CY2025""}","{""label"":""Revenues"",""description"":""Amount of revenue recognized from goods sold, services rendered, insurance premiums, or other activities that constitute an earning process. Includes, but is not limited to, investment and interest income before deduction of interest expense when recognized as a component of revenue, and sales and trading gain (loss).""}"
"[""companyfacts-0001318605"",""us-gaap"",""Revenues"",""USD"",""279""]","0001318605","companyfacts-0001318605","us-gaap","Revenues","USD","279","22387000000","present","2026-01-01","2026-03-31","0001628280-26-026673","2026-04-23","10-Q","2026","Q1","CY2026Q1","/facts/us-gaap/Revenues/units/USD/279","{""start"":""2026-01-01"",""end"":""2026-03-31"",""val"":22387000000,""accn"":""0001628280-26-026673"",""fy"":2026,""fp"":""Q1"",""form"":""10-Q"",""filed"":""2026-04-23"",""frame"":""CY2026Q1""}","{""label"":""Revenues"",""description"":""Amount of revenue recognized from goods sold, services rendered, insurance premiums, or other activities that constitute an earning process. Includes, but is not limited to, investment and interest income before deduction of interest expense when recognized as a component of revenue, and sales and trading gain (loss).""}"
"[""companyfacts-0001318605"",""us-gaap"",""Revenues"",""USD"",""280""]","0001318605","companyfacts-0001318605","us-gaap","Revenues","USD","280","50623000000","present","2026-01-01","2026-06-30","0001628280-26-049270","2026-07-23","10-Q","2026","Q2","\N","/facts/us-gaap/Revenues/units/USD/280","{""start"":""2026-01-01"",""end"":""2026-06-30"",""val"":50623000000,""accn"":""0001628280-26-049270"",""fy"":2026,""fp"":""Q2"",""form"":""10-Q"",""filed"":""2026-07-23""}","{""label"":""Revenues"",""description"":""Amount of revenue recognized from goods sold, services rendered, insurance premiums, or other activities that constitute an earning process. Includes, but is not limited to, investment and interest income before deduction of interest expense when recognized as a component of revenue, and sales and trading gain (loss).""}"
"[""companyfacts-0001318605"",""us-gaap"",""Revenues"",""USD"",""281""]","0001318605","companyfacts-0001318605","us-gaap","Revenues","USD","281","28236000000","present","2026-04-01","2026-06-30","0001628280-26-049270","2026-07-23","10-Q","2026","Q2","CY2026Q2","/facts/us-gaap/Revenues/units/USD/281","{""start"":""2026-04-01"",""end"":""2026-06-30"",""val"":28236000000,""accn"":""0001628280-26-049270"",""fy"":2026,""fp"":""Q2"",""form"":""10-Q"",""filed"":""2026-07-23"",""frame"":""CY2026Q2""}","{""label"":""Revenues"",""description"":""Amount of revenue recognized from goods sold, services rendered, insurance premiums, or other activities that constitute an earning process. Includes, but is not limited to, investment and interest income before deduction of interest expense when recognized as a component of revenue, and sales and trading gain (loss).""}"
"[""companyfacts-0000731766"",""us-gaap"",""CashAndCashEquivalentsAtCarryingValue"",""USD"",""234""]","0000731766","companyfacts-0000731766","us-gaap","CashAndCashEquivalentsAtCarryingValue","USD","234","25312000000","present","\N","2024-12-31","0000731766-25-000305","2025-10-28","10-Q","2025","Q3","\N","/facts/us-gaap/CashAndCashEquivalentsAtCarryingValue/units/USD/234","{""end"":""2024-12-31"",""val"":25312000000,""accn"":""0000731766-25-000305"",""fy"":2025,""fp"":""Q3"",""form"":""10-Q"",""filed"":""2025-10-28""}","{""label"":""Cash and Cash Equivalents, at Carrying Value"",""description"":""Amount of currency on hand as well as demand deposits with banks or financial institutions. Includes other kinds of accounts that have the general characteristics of demand deposits. Also includes short-term, highly liquid investments that are both readily convertible to known amounts of cash and so near their maturity that they present insignificant risk of changes in value because of changes in interest rates. Excludes cash and cash equivalents within disposal group and discontinued operation.""}"
"[""companyfacts-0000731766"",""us-gaap"",""CashAndCashEquivalentsAtCarryingValue"",""USD"",""235""]","0000731766","companyfacts-0000731766","us-gaap","CashAndCashEquivalentsAtCarryingValue","USD","235","25312000000","present","\N","2024-12-31","0000731766-26-000062","2026-03-02","10-K","2025","FY","CY2024Q4I","/facts/us-gaap/CashAndCashEquivalentsAtCarryingValue/units/USD/235","{""end"":""2024-12-31"",""val"":25312000000,""accn"":""0000731766-26-000062"",""fy"":2025,""fp"":""FY"",""form"":""10-K"",""filed"":""2026-03-02"",""frame"":""CY2024Q4I""}","{""label"":""Cash and Cash Equivalents, at Carrying Value"",""description"":""Amount of currency on hand as well as demand deposits with banks or financial institutions. Includes other kinds of accounts that have the general characteristics of demand deposits. Also includes short-term, highly liquid investments that are both readily convertible to known amounts of cash and so near their maturity that they present insignificant risk of changes in value because of changes in interest rates. Excludes cash and cash equivalents within disposal group and discontinued operation.""}"
"[""companyfacts-0000731766"",""us-gaap"",""CashAndCashEquivalentsAtCarryingValue"",""USD"",""238""]","0000731766","companyfacts-0000731766","us-gaap","CashAndCashEquivalentsAtCarryingValue","USD","238","27210000000","present","\N","2025-09-30","0000731766-25-000305","2025-10-28","10-Q","2025","Q3","CY2025Q3I","/facts/us-gaap/CashAndCashEquivalentsAtCarryingValue/units/USD/238","{""end"":""2025-09-30"",""val"":27210000000,""accn"":""0000731766-25-000305"",""fy"":2025,""fp"":""Q3"",""form"":""10-Q"",""filed"":""2025-10-28"",""frame"":""CY2025Q3I""}","{""label"":""Cash and Cash Equivalents, at Carrying Value"",""description"":""Amount of currency on hand as well as demand deposits with banks or financial institutions. Includes other kinds of accounts that have the general characteristics of demand deposits. Also includes short-term, highly liquid investments that are both readily convertible to known amounts of cash and so near their maturity that they present insignificant risk of changes in value because of changes in interest rates. Excludes cash and cash equivalents within disposal group and discontinued operation.""}"
"[""companyfacts-0000731766"",""us-gaap"",""CashAndCashEquivalentsAtCarryingValue"",""USD"",""239""]","0000731766","companyfacts-0000731766","us-gaap","CashAndCashEquivalentsAtCarryingValue","USD","239","24365000000","present","\N","2025-12-31","0000731766-26-000062","2026-03-02","10-K","2025","FY","\N","/facts/us-gaap/CashAndCashEquivalentsAtCarryingValue/units/USD/239","{""end"":""2025-12-31"",""val"":24365000000,""accn"":""0000731766-26-000062"",""fy"":2025,""fp"":""FY"",""form"":""10-K"",""filed"":""2026-03-02""}","{""label"":""Cash and Cash Equivalents, at Carrying Value"",""description"":""Amount of currency on hand as well as demand deposits with banks or financial institutions. Includes other kinds of accounts that have the general characteristics of demand deposits. Also includes short-term, highly liquid investments that are both readily convertible to known amounts of cash and so near their maturity that they present insignificant risk of changes in value because of changes in interest rates. Excludes cash and cash equivalents within disposal group and discontinued operation.""}"
"[""companyfacts-0000731766"",""us-gaap"",""CashAndCashEquivalentsAtCarryingValue"",""USD"",""240""]","0000731766","companyfacts-0000731766","us-gaap","CashAndCashEquivalentsAtCarryingValue","USD","240","24365000000","present","\N","2025-12-31","0000731766-26-000127","2026-05-05","10-Q","2026","Q1","\N","/facts/us-gaap/CashAndCashEquivalentsAtCarryingValue/units/USD/240","{""end"":""2025-12-31"",""val"":24365000000,""accn"":""0000731766-26-000127"",""fy"":2026,""fp"":""Q1"",""form"":""10-Q"",""filed"":""2026-05-05""}","{""label"":""Cash and Cash Equivalents, at Carrying Value"",""description"":""Amount of currency on hand as well as demand deposits with banks or financial institutions. Includes other kinds of accounts that have the general characteristics of demand deposits. Also includes short-term, highly liquid investments that are both readily convertible to known amounts of cash and so near their maturity that they present insignificant risk of changes in value because of changes in interest rates. Excludes cash and cash equivalents within disposal group and discontinued operation.""}"
"[""companyfacts-0000731766"",""us-gaap"",""CashAndCashEquivalentsAtCarryingValue"",""USD"",""241""]","0000731766","companyfacts-0000731766","us-gaap","CashAndCashEquivalentsAtCarryingValue","USD","241","24365000000","present","\N","2025-12-31","0000731766-26-000197","2026-08-10","10-Q","2026","Q2","CY2025Q4I","/facts/us-gaap/CashAndCashEquivalentsAtCarryingValue/units/USD/241","{""end"":""2025-12-31"",""val"":24365000000,""accn"":""0000731766-26-000197"",""fy"":2026,""fp"":""Q2"",""form"":""10-Q"",""filed"":""2026-08-10"",""frame"":""CY2025Q4I""}","{""label"":""Cash and Cash Equivalents, at Carrying Value"",""description"":""Amount of currency on hand as well as demand deposits with banks or financial institutions. Includes other kinds of accounts that have the general characteristics of demand deposits. Also includes short-term, highly liquid investments that are both readily convertible to known amounts of cash and so near their maturity that they present insignificant risk of changes in value because of changes in interest rates. Excludes cash and cash equivalents within disposal group and discontinued operation.""}"
"[""companyfacts-0000731766"",""us-gaap"",""CashAndCashEquivalentsAtCarryingValue"",""USD"",""242""]","0000731766","companyfacts-0000731766","us-gaap","CashAndCashEquivalentsAtCarryingValue","USD","242","28001000000","present","\N","2026-03-31","0000731766-26-000127","2026-05-05","10-Q","2026","Q1","CY2026Q1I","/facts/us-gaap/CashAndCashEquivalentsAtCarryingValue/units/USD/242","{""end"":""2026-03-31"",""val"":28001000000,""accn"":""0000731766-26-000127"",""fy"":2026,""fp"":""Q1"",""form"":""10-Q"",""filed"":""2026-05-05"",""frame"":""CY2026Q1I""}","{""label"":""Cash and Cash Equivalents, at Carrying Value"",""description"":""Amount of currency on hand as well as demand deposits with banks or financial institutions. Includes other kinds of accounts that have the general characteristics of demand deposits. Also includes short-term, highly liquid investments that are both readily convertible to known amounts of cash and so near their maturity that they present insignificant risk of changes in value because of changes in interest rates. Excludes cash and cash equivalents within disposal group and discontinued operation.""}"
"[""companyfacts-0000731766"",""us-gaap"",""CashAndCashEquivalentsAtCarryingValue"",""USD"",""243""]","0000731766","companyfacts-0000731766","us-gaap","CashAndCashEquivalentsAtCarryingValue","USD","243","28585000000","present","\N","2026-06-30","0000731766-26-000197","2026-08-10","10-Q","2026","Q2","CY2026Q2I","/facts/us-gaap/CashAndCashEquivalentsAtCarryingValue/units/USD/243","{""end"":""2026-06-30"",""val"":28585000000,""accn"":""0000731766-26-000197"",""fy"":2026,""fp"":""Q2"",""form"":""10-Q"",""filed"":""2026-08-10"",""frame"":""CY2026Q2I""}","{""label"":""Cash and Cash Equivalents, at Carrying Value"",""description"":""Amount of currency on hand as well as demand deposits with banks or financial institutions. Includes other kinds of accounts that have the general characteristics of demand deposits. Also includes short-term, highly liquid investments that are both readily convertible to known amounts of cash and so near their maturity that they present insignificant risk of changes in value because of changes in interest rates. Excludes cash and cash equivalents within disposal group and discontinued operation.""}"
"[""companyfacts-0000731766"",""us-gaap"",""LongTermDebtNoncurrent"",""USD"",""130""]","0000731766","companyfacts-0000731766","us-gaap","LongTermDebtNoncurrent","USD","130","72359000000","present","\N","2024-12-31","0000731766-25-000305","2025-10-28","10-Q","2025","Q3","\N","/facts/us-gaap/LongTermDebtNoncurrent/units/USD/130","{""end"":""2024-12-31"",""val"":72359000000,""accn"":""0000731766-25-000305"",""fy"":2025,""fp"":""Q3"",""form"":""10-Q"",""filed"":""2025-10-28""}","{""label"":""Long-term Debt, Excluding Current Maturities"",""description"":""Amount after unamortized (discount) premium and debt issuance costs of long-term debt classified as noncurrent and excluding amounts to be repaid within one year or the normal operating cycle, if longer. Includes, but not limited to, notes payable, bonds payable, debentures, mortgage loans and commercial paper. Excludes capital lease obligations.""}"
"[""companyfacts-0000731766"",""us-gaap"",""LongTermDebtNoncurrent"",""USD"",""131""]","0000731766","companyfacts-0000731766","us-gaap","LongTermDebtNoncurrent","USD","131","72359000000","present","\N","2024-12-31","0000731766-26-000062","2026-03-02","10-K","2025","FY","CY2024Q4I","/facts/us-gaap/LongTermDebtNoncurrent/units/USD/131","{""end"":""2024-12-31"",""val"":72359000000,""accn"":""0000731766-26-000062"",""fy"":2025,""fp"":""FY"",""form"":""10-K"",""filed"":""2026-03-02"",""frame"":""CY2024Q4I""}","{""label"":""Long-term Debt, Excluding Current Maturities"",""description"":""Amount after unamortized (discount) premium and debt issuance costs of long-term debt classified as noncurrent and excluding amounts to be repaid within one year or the normal operating cycle, if longer. Includes, but not limited to, notes payable, bonds payable, debentures, mortgage loans and commercial paper. Excludes capital lease obligations.""}"
"[""companyfacts-0000731766"",""us-gaap"",""LongTermDebtNoncurrent"",""USD"",""134""]","0000731766","companyfacts-0000731766","us-gaap","LongTermDebtNoncurrent","USD","134","72399000000","present","\N","2025-09-30","0000731766-25-000305","2025-10-28","10-Q","2025","Q3","CY2025Q3I","/facts/us-gaap/LongTermDebtNoncurrent/units/USD/134","{""end"":""2025-09-30"",""val"":72399000000,""accn"":""0000731766-25-000305"",""fy"":2025,""fp"":""Q3"",""form"":""10-Q"",""filed"":""2025-10-28"",""frame"":""CY2025Q3I""}","{""label"":""Long-term Debt, Excluding Current Maturities"",""description"":""Amount after unamortized (discount) premium and debt issuance costs of long-term debt classified as noncurrent and excluding amounts to be repaid within one year or the normal operating cycle, if longer. Includes, but not limited to, notes payable, bonds payable, debentures, mortgage loans and commercial paper. Excludes capital lease obligations.""}"
"[""companyfacts-0000731766"",""us-gaap"",""LongTermDebtNoncurrent"",""USD"",""135""]","0000731766","companyfacts-0000731766","us-gaap","LongTermDebtNoncurrent","USD","135","72320000000","present","\N","2025-12-31","0000731766-26-000062","2026-03-02","10-K","2025","FY","\N","/facts/us-gaap/LongTermDebtNoncurrent/units/USD/135","{""end"":""2025-12-31"",""val"":72320000000,""accn"":""0000731766-26-000062"",""fy"":2025,""fp"":""FY"",""form"":""10-K"",""filed"":""2026-03-02""}","{""label"":""Long-term Debt, Excluding Current Maturities"",""description"":""Amount after unamortized (discount) premium and debt issuance costs of long-term debt classified as noncurrent and excluding amounts to be repaid within one year or the normal operating cycle, if longer. Includes, but not limited to, notes payable, bonds payable, debentures, mortgage loans and commercial paper. Excludes capital lease obligations.""}"
"[""companyfacts-0000731766"",""us-gaap"",""LongTermDebtNoncurrent"",""USD"",""136""]","0000731766","companyfacts-0000731766","us-gaap","LongTermDebtNoncurrent","USD","136","72320000000","present","\N","2025-12-31","0000731766-26-000127","2026-05-05","10-Q","2026","Q1","\N","/facts/us-gaap/LongTermDebtNoncurrent/units/USD/136","{""end"":""2025-12-31"",""val"":72320000000,""accn"":""0000731766-26-000127"",""fy"":2026,""fp"":""Q1"",""form"":""10-Q"",""filed"":""2026-05-05""}","{""label"":""Long-term Debt, Excluding Current Maturities"",""description"":""Amount after unamortized (discount) premium and debt issuance costs of long-term debt classified as noncurrent and excluding amounts to be repaid within one year or the normal operating cycle, if longer. Includes, but not limited to, notes payable, bonds payable, debentures, mortgage loans and commercial paper. Excludes capital lease obligations.""}"
"[""companyfacts-0000731766"",""us-gaap"",""LongTermDebtNoncurrent"",""USD"",""137""]","0000731766","companyfacts-0000731766","us-gaap","LongTermDebtNoncurrent","USD","137","72320000000","present","\N","2025-12-31","0000731766-26-000197","2026-08-10","10-Q","2026","Q2","CY2025Q4I","/facts/us-gaap/LongTermDebtNoncurrent/units/USD/137","{""end"":""2025-12-31"",""val"":72320000000,""accn"":""0000731766-26-000197"",""fy"":2026,""fp"":""Q2"",""form"":""10-Q"",""filed"":""2026-08-10"",""frame"":""CY2025Q4I""}","{""label"":""Long-term Debt, Excluding Current Maturities"",""description"":""Amount after unamortized (discount) premium and debt issuance costs of long-term debt classified as noncurrent and excluding amounts to be repaid within one year or the normal operating cycle, if longer. Includes, but not limited to, notes payable, bonds payable, debentures, mortgage loans and commercial paper. Excludes capital lease obligations.""}"
"[""companyfacts-0000731766"",""us-gaap"",""LongTermDebtNoncurrent"",""USD"",""138""]","0000731766","companyfacts-0000731766","us-gaap","LongTermDebtNoncurrent","USD","138","71440000000","present","\N","2026-03-31","0000731766-26-000127","2026-05-05","10-Q","2026","Q1","CY2026Q1I","/facts/us-gaap/LongTermDebtNoncurrent/units/USD/138","{""end"":""2026-03-31"",""val"":71440000000,""accn"":""0000731766-26-000127"",""fy"":2026,""fp"":""Q1"",""form"":""10-Q"",""filed"":""2026-05-05"",""frame"":""CY2026Q1I""}","{""label"":""Long-term Debt, Excluding Current Maturities"",""description"":""Amount after unamortized (discount) premium and debt issuance costs of long-term debt classified as noncurrent and excluding amounts to be repaid within one year or the normal operating cycle, if longer. Includes, but not limited to, notes payable, bonds payable, debentures, mortgage loans and commercial paper. Excludes capital lease obligations.""}"
"[""companyfacts-0000731766"",""us-gaap"",""LongTermDebtNoncurrent"",""USD"",""139""]","0000731766","companyfacts-0000731766","us-gaap","LongTermDebtNoncurrent","USD","139","69501000000","present","\N","2026-06-30","0000731766-26-000197","2026-08-10","10-Q","2026","Q2","CY2026Q2I","/facts/us-gaap/LongTermDebtNoncurrent/units/USD/139","{""end"":""2026-06-30"",""val"":69501000000,""accn"":""0000731766-26-000197"",""fy"":2026,""fp"":""Q2"",""form"":""10-Q"",""filed"":""2026-08-10"",""frame"":""CY2026Q2I""}","{""label"":""Long-term Debt, Excluding Current Maturities"",""description"":""Amount after unamortized (discount) premium and debt issuance costs of long-term debt classified as noncurrent and excluding amounts to be repaid within one year or the normal operating cycle, if longer. Includes, but not limited to, notes payable, bonds payable, debentures, mortgage loans and commercial paper. Excludes capital lease obligations.""}"
"[""companyfacts-0000731766"",""us-gaap"",""Revenues"",""USD"",""243""]","0000731766","companyfacts-0000731766","us-gaap","Revenues","USD","243","371622000000","present","2023-01-01","2023-12-31","0000731766-26-000062","2026-03-02","10-K","2025","FY","CY2023","/facts/us-gaap/Revenues/units/USD/243","{""start"":""2023-01-01"",""end"":""2023-12-31"",""val"":371622000000,""accn"":""0000731766-26-000062"",""fy"":2025,""fp"":""FY"",""form"":""10-K"",""filed"":""2026-03-02"",""frame"":""CY2023""}","{""label"":""Revenues"",""description"":""Amount of revenue recognized from goods sold, services rendered, insurance premiums, or other activities that constitute an earning process. Includes, but is not limited to, investment and interest income before deduction of interest expense when recognized as a component of revenue, and sales and trading gain (loss).""}"
"[""companyfacts-0000731766"",""us-gaap"",""Revenues"",""USD"",""251""]","0000731766","companyfacts-0000731766","us-gaap","Revenues","USD","251","299471000000","present","2024-01-01","2024-09-30","0000731766-25-000305","2025-10-28","10-Q","2025","Q3","\N","/facts/us-gaap/Revenues/units/USD/251","{""start"":""2024-01-01"",""end"":""2024-09-30"",""val"":299471000000,""accn"":""0000731766-25-000305"",""fy"":2025,""fp"":""Q3"",""form"":""10-Q"",""filed"":""2025-10-28""}","{""label"":""Revenues"",""description"":""Amount of revenue recognized from goods sold, services rendered, insurance premiums, or other activities that constitute an earning process. Includes, but is not limited to, investment and interest income before deduction of interest expense when recognized as a component of revenue, and sales and trading gain (loss).""}"
"[""companyfacts-0000731766"",""us-gaap"",""Revenues"",""USD"",""253""]","0000731766","companyfacts-0000731766","us-gaap","Revenues","USD","253","100820000000","present","2024-07-01","2024-09-30","0000731766-25-000305","2025-10-28","10-Q","2025","Q3","CY2024Q3","/facts/us-gaap/Revenues/units/USD/253","{""start"":""2024-07-01"",""end"":""2024-09-30"",""val"":100820000000,""accn"":""0000731766-25-000305"",""fy"":2025,""fp"":""Q3"",""form"":""10-Q"",""filed"":""2025-10-28"",""frame"":""CY2024Q3""}","{""label"":""Revenues"",""description"":""Amount of revenue recognized from goods sold, services rendered, insurance premiums, or other activities that constitute an earning process. Includes, but is not limited to, investment and interest income before deduction of interest expense when recognized as a component of revenue, and sales and trading gain (loss).""}"
"[""companyfacts-0000731766"",""us-gaap"",""Revenues"",""USD"",""255""]","0000731766","companyfacts-0000731766","us-gaap","Revenues","USD","255","400278000000","present","2024-01-01","2024-12-31","0000731766-26-000062","2026-03-02","10-K","2025","FY","CY2024","/facts/us-gaap/Revenues/units/USD/255","{""start"":""2024-01-01"",""end"":""2024-12-31"",""val"":400278000000,""accn"":""0000731766-26-000062"",""fy"":2025,""fp"":""FY"",""form"":""10-K"",""filed"":""2026-03-02"",""frame"":""CY2024""}","{""label"":""Revenues"",""description"":""Amount of revenue recognized from goods sold, services rendered, insurance premiums, or other activities that constitute an earning process. Includes, but is not limited to, investment and interest income before deduction of interest expense when recognized as a component of revenue, and sales and trading gain (loss).""}"
"[""companyfacts-0000731766"",""us-gaap"",""Revenues"",""USD"",""257""]","0000731766","companyfacts-0000731766","us-gaap","Revenues","USD","257","109575000000","present","2025-01-01","2025-03-31","0000731766-26-000127","2026-05-05","10-Q","2026","Q1","CY2025Q1","/facts/us-gaap/Revenues/units/USD/257","{""start"":""2025-01-01"",""end"":""2025-03-31"",""val"":109575000000,""accn"":""0000731766-26-000127"",""fy"":2026,""fp"":""Q1"",""form"":""10-Q"",""filed"":""2026-05-05"",""frame"":""CY2025Q1""}","{""label"":""Revenues"",""description"":""Amount of revenue recognized from goods sold, services rendered, insurance premiums, or other activities that constitute an earning process. Includes, but is not limited to, investment and interest income before deduction of interest expense when recognized as a component of revenue, and sales and trading gain (loss).""}"
"[""companyfacts-0000731766"",""us-gaap"",""Revenues"",""USD"",""259""]","0000731766","companyfacts-0000731766","us-gaap","Revenues","USD","259","221191000000","present","2025-01-01","2025-06-30","0000731766-26-000197","2026-08-10","10-Q","2026","Q2","\N","/facts/us-gaap/Revenues/units/USD/259","{""start"":""2025-01-01"",""end"":""2025-06-30"",""val"":221191000000,""accn"":""0000731766-26-000197"",""fy"":2026,""fp"":""Q2"",""form"":""10-Q"",""filed"":""2026-08-10""}","{""label"":""Revenues"",""description"":""Amount of revenue recognized from goods sold, services rendered, insurance premiums, or other activities that constitute an earning process. Includes, but is not limited to, investment and interest income before deduction of interest expense when recognized as a component of revenue, and sales and trading gain (loss).""}"
"[""companyfacts-0000731766"",""us-gaap"",""Revenues"",""USD"",""261""]","0000731766","companyfacts-0000731766","us-gaap","Revenues","USD","261","111616000000","present","2025-04-01","2025-06-30","0000731766-26-000197","2026-08-10","10-Q","2026","Q2","CY2025Q2","/facts/us-gaap/Revenues/units/USD/261","{""start"":""2025-04-01"",""end"":""2025-06-30"",""val"":111616000000,""accn"":""0000731766-26-000197"",""fy"":2026,""fp"":""Q2"",""form"":""10-Q"",""filed"":""2026-08-10"",""frame"":""CY2025Q2""}","{""label"":""Revenues"",""description"":""Amount of revenue recognized from goods sold, services rendered, insurance premiums, or other activities that constitute an earning process. Includes, but is not limited to, investment and interest income before deduction of interest expense when recognized as a component of revenue, and sales and trading gain (loss).""}"
"[""companyfacts-0000731766"",""us-gaap"",""Revenues"",""USD"",""262""]","0000731766","companyfacts-0000731766","us-gaap","Revenues","USD","262","334352000000","present","2025-01-01","2025-09-30","0000731766-25-000305","2025-10-28","10-Q","2025","Q3","\N","/facts/us-gaap/Revenues/units/USD/262","{""start"":""2025-01-01"",""end"":""2025-09-30"",""val"":334352000000,""accn"":""0000731766-25-000305"",""fy"":2025,""fp"":""Q3"",""form"":""10-Q"",""filed"":""2025-10-28""}","{""label"":""Revenues"",""description"":""Amount of revenue recognized from goods sold, services rendered, insurance premiums, or other activities that constitute an earning process. Includes, but is not limited to, investment and interest income before deduction of interest expense when recognized as a component of revenue, and sales and trading gain (loss).""}"
"[""companyfacts-0000731766"",""us-gaap"",""Revenues"",""USD"",""263""]","0000731766","companyfacts-0000731766","us-gaap","Revenues","USD","263","113161000000","present","2025-07-01","2025-09-30","0000731766-25-000305","2025-10-28","10-Q","2025","Q3","CY2025Q3","/facts/us-gaap/Revenues/units/USD/263","{""start"":""2025-07-01"",""end"":""2025-09-30"",""val"":113161000000,""accn"":""0000731766-25-000305"",""fy"":2025,""fp"":""Q3"",""form"":""10-Q"",""filed"":""2025-10-28"",""frame"":""CY2025Q3""}","{""label"":""Revenues"",""description"":""Amount of revenue recognized from goods sold, services rendered, insurance premiums, or other activities that constitute an earning process. Includes, but is not limited to, investment and interest income before deduction of interest expense when recognized as a component of revenue, and sales and trading gain (loss).""}"
"[""companyfacts-0000731766"",""us-gaap"",""Revenues"",""USD"",""264""]","0000731766","companyfacts-0000731766","us-gaap","Revenues","USD","264","447567000000","present","2025-01-01","2025-12-31","0000731766-26-000062","2026-03-02","10-K","2025","FY","CY2025","/facts/us-gaap/Revenues/units/USD/264","{""start"":""2025-01-01"",""end"":""2025-12-31"",""val"":447567000000,""accn"":""0000731766-26-000062"",""fy"":2025,""fp"":""FY"",""form"":""10-K"",""filed"":""2026-03-02"",""frame"":""CY2025""}","{""label"":""Revenues"",""description"":""Amount of revenue recognized from goods sold, services rendered, insurance premiums, or other activities that constitute an earning process. Includes, but is not limited to, investment and interest income before deduction of interest expense when recognized as a component of revenue, and sales and trading gain (loss).""}"
"[""companyfacts-0000731766"",""us-gaap"",""Revenues"",""USD"",""265""]","0000731766","companyfacts-0000731766","us-gaap","Revenues","USD","265","111721000000","present","2026-01-01","2026-03-31","0000731766-26-000127","2026-05-05","10-Q","2026","Q1","CY2026Q1","/facts/us-gaap/Revenues/units/USD/265","{""start"":""2026-01-01"",""end"":""2026-03-31"",""val"":111721000000,""accn"":""0000731766-26-000127"",""fy"":2026,""fp"":""Q1"",""form"":""10-Q"",""filed"":""2026-05-05"",""frame"":""CY2026Q1""}","{""label"":""Revenues"",""description"":""Amount of revenue recognized from goods sold, services rendered, insurance premiums, or other activities that constitute an earning process. Includes, but is not limited to, investment and interest income before deduction of interest expense when recognized as a component of revenue, and sales and trading gain (loss).""}"
"[""companyfacts-0000731766"",""us-gaap"",""Revenues"",""USD"",""266""]","0000731766","companyfacts-0000731766","us-gaap","Revenues","USD","266","223753000000","present","2026-01-01","2026-06-30","0000731766-26-000197","2026-08-10","10-Q","2026","Q2","\N","/facts/us-gaap/Revenues/units/USD/266","{""start"":""2026-01-01"",""end"":""2026-06-30"",""val"":223753000000,""accn"":""0000731766-26-000197"",""fy"":2026,""fp"":""Q2"",""form"":""10-Q"",""filed"":""2026-08-10""}","{""label"":""Revenues"",""description"":""Amount of revenue recognized from goods sold, services rendered, insurance premiums, or other activities that constitute an earning process. Includes, but is not limited to, investment and interest income before deduction of interest expense when recognized as a component of revenue, and sales and trading gain (loss).""}"
"[""companyfacts-0000731766"",""us-gaap"",""Revenues"",""USD"",""267""]","0000731766","companyfacts-0000731766","us-gaap","Revenues","USD","267","112032000000","present","2026-04-01","2026-06-30","0000731766-26-000197","2026-08-10","10-Q","2026","Q2","CY2026Q2","/facts/us-gaap/Revenues/units/USD/267","{""start"":""2026-04-01"",""end"":""2026-06-30"",""val"":112032000000,""accn"":""0000731766-26-000197"",""fy"":2026,""fp"":""Q2"",""form"":""10-Q"",""filed"":""2026-08-10"",""frame"":""CY2026Q2""}","{""label"":""Revenues"",""description"":""Amount of revenue recognized from goods sold, services rendered, insurance premiums, or other activities that constitute an earning process. Includes, but is not limited to, investment and interest income before deduction of interest expense when recognized as a component of revenue, and sales and trading gain (loss).""}"
"[""companyfacts-0000080424"",""us-gaap"",""LongTermDebtCurrent"",""USD"",""42""]","0000080424","companyfacts-0000080424","us-gaap","LongTermDebtCurrent","USD","42","5377000000","present","\N","2025-06-30","0000080424-26-000103","2026-08-04","10-K","2026","FY","CY2025Q2I","/facts/us-gaap/LongTermDebtCurrent/units/USD/42","{""end"":""2025-06-30"",""val"":5377000000,""accn"":""0000080424-26-000103"",""fy"":2026,""fp"":""FY"",""form"":""10-K"",""filed"":""2026-08-04"",""frame"":""CY2025Q2I""}","{""label"":""Long-term Debt, Current Maturities"",""description"":""Amount, after unamortized (discount) premium and debt issuance costs, of long-term debt, classified as current. Includes, but not limited to, notes payable, bonds payable, debentures, mortgage loans and commercial paper. Excludes capital lease obligations.""}"
"[""companyfacts-0000080424"",""us-gaap"",""LongTermDebtCurrent"",""USD"",""43""]","0000080424","companyfacts-0000080424","us-gaap","LongTermDebtCurrent","USD","43","6457000000","present","\N","2026-06-30","0000080424-26-000103","2026-08-04","10-K","2026","FY","CY2026Q2I","/facts/us-gaap/LongTermDebtCurrent/units/USD/43","{""end"":""2026-06-30"",""val"":6457000000,""accn"":""0000080424-26-000103"",""fy"":2026,""fp"":""FY"",""form"":""10-K"",""filed"":""2026-08-04"",""frame"":""CY2026Q2I""}","{""label"":""Long-term Debt, Current Maturities"",""description"":""Amount, after unamortized (discount) premium and debt issuance costs, of long-term debt, classified as current. Includes, but not limited to, notes payable, bonds payable, debentures, mortgage loans and commercial paper. Excludes capital lease obligations.""}"
"[""companyfacts-0000080424"",""us-gaap"",""LongTermDebtNoncurrent"",""USD"",""140""]","0000080424","companyfacts-0000080424","us-gaap","LongTermDebtNoncurrent","USD","140","24995000000","present","\N","2025-06-30","0000080424-25-000245","2025-10-24","10-Q","2026","Q1","\N","/facts/us-gaap/LongTermDebtNoncurrent/units/USD/140","{""end"":""2025-06-30"",""val"":24995000000,""accn"":""0000080424-25-000245"",""fy"":2026,""fp"":""Q1"",""form"":""10-Q"",""filed"":""2025-10-24""}","{""label"":""Long-term Debt, Excluding Current Maturities"",""description"":""Amount after unamortized (discount) premium and debt issuance costs of long-term debt classified as noncurrent and excluding amounts to be repaid within one year or the normal operating cycle, if longer. Includes, but not limited to, notes payable, bonds payable, debentures, mortgage loans and commercial paper. Excludes capital lease obligations.""}"
"[""companyfacts-0000080424"",""us-gaap"",""LongTermDebtNoncurrent"",""USD"",""141""]","0000080424","companyfacts-0000080424","us-gaap","LongTermDebtNoncurrent","USD","141","24995000000","present","\N","2025-06-30","0000080424-26-000011","2026-01-23","10-Q","2026","Q2","\N","/facts/us-gaap/LongTermDebtNoncurrent/units/USD/141","{""end"":""2025-06-30"",""val"":24995000000,""accn"":""0000080424-26-000011"",""fy"":2026,""fp"":""Q2"",""form"":""10-Q"",""filed"":""2026-01-23""}","{""label"":""Long-term Debt, Excluding Current Maturities"",""description"":""Amount after unamortized (discount) premium and debt issuance costs of long-term debt classified as noncurrent and excluding amounts to be repaid within one year or the normal operating cycle, if longer. Includes, but not limited to, notes payable, bonds payable, debentures, mortgage loans and commercial paper. Excludes capital lease obligations.""}"
"[""companyfacts-0000080424"",""us-gaap"",""LongTermDebtNoncurrent"",""USD"",""142""]","0000080424","companyfacts-0000080424","us-gaap","LongTermDebtNoncurrent","USD","142","24995000000","present","\N","2025-06-30","0000080424-26-000060","2026-04-24","10-Q","2026","Q3","\N","/facts/us-gaap/LongTermDebtNoncurrent/units/USD/142","{""end"":""2025-06-30"",""val"":24995000000,""accn"":""0000080424-26-000060"",""fy"":2026,""fp"":""Q3"",""form"":""10-Q"",""filed"":""2026-04-24""}","{""label"":""Long-term Debt, Excluding Current Maturities"",""description"":""Amount after unamortized (discount) premium and debt issuance costs of long-term debt classified as noncurrent and excluding amounts to be repaid within one year or the normal operating cycle, if longer. Includes, but not limited to, notes payable, bonds payable, debentures, mortgage loans and commercial paper. Excludes capital lease obligations.""}"
"[""companyfacts-0000080424"",""us-gaap"",""LongTermDebtNoncurrent"",""USD"",""143""]","0000080424","companyfacts-0000080424","us-gaap","LongTermDebtNoncurrent","USD","143","24995000000","present","\N","2025-06-30","0000080424-26-000103","2026-08-04","10-K","2026","FY","CY2025Q2I","/facts/us-gaap/LongTermDebtNoncurrent/units/USD/143","{""end"":""2025-06-30"",""val"":24995000000,""accn"":""0000080424-26-000103"",""fy"":2026,""fp"":""FY"",""form"":""10-K"",""filed"":""2026-08-04"",""frame"":""CY2025Q2I""}","{""label"":""Long-term Debt, Excluding Current Maturities"",""description"":""Amount after unamortized (discount) premium and debt issuance costs of long-term debt classified as noncurrent and excluding amounts to be repaid within one year or the normal operating cycle, if longer. Includes, but not limited to, notes payable, bonds payable, debentures, mortgage loans and commercial paper. Excludes capital lease obligations.""}"
"[""companyfacts-0000080424"",""us-gaap"",""LongTermDebtNoncurrent"",""USD"",""144""]","0000080424","companyfacts-0000080424","us-gaap","LongTermDebtNoncurrent","USD","144","24315000000","present","\N","2025-09-30","0000080424-25-000245","2025-10-24","10-Q","2026","Q1","CY2025Q3I","/facts/us-gaap/LongTermDebtNoncurrent/units/USD/144","{""end"":""2025-09-30"",""val"":24315000000,""accn"":""0000080424-25-000245"",""fy"":2026,""fp"":""Q1"",""form"":""10-Q"",""filed"":""2025-10-24"",""frame"":""CY2025Q3I""}","{""label"":""Long-term Debt, Excluding Current Maturities"",""description"":""Amount after unamortized (discount) premium and debt issuance costs of long-term debt classified as noncurrent and excluding amounts to be repaid within one year or the normal operating cycle, if longer. Includes, but not limited to, notes payable, bonds payable, debentures, mortgage loans and commercial paper. Excludes capital lease obligations.""}"
"[""companyfacts-0000080424"",""us-gaap"",""LongTermDebtNoncurrent"",""USD"",""145""]","0000080424","companyfacts-0000080424","us-gaap","LongTermDebtNoncurrent","USD","145","25577000000","present","\N","2025-12-31","0000080424-26-000011","2026-01-23","10-Q","2026","Q2","CY2025Q4I","/facts/us-gaap/LongTermDebtNoncurrent/units/USD/145","{""end"":""2025-12-31"",""val"":25577000000,""accn"":""0000080424-26-000011"",""fy"":2026,""fp"":""Q2"",""form"":""10-Q"",""filed"":""2026-01-23"",""frame"":""CY2025Q4I""}","{""label"":""Long-term Debt, Excluding Current Maturities"",""description"":""Amount after unamortized (discount) premium and debt issuance costs of long-term debt classified as noncurrent and excluding amounts to be repaid within one year or the normal operating cycle, if longer. Includes, but not limited to, notes payable, bonds payable, debentures, mortgage loans and commercial paper. Excludes capital lease obligations.""}"
"[""companyfacts-0000080424"",""us-gaap"",""LongTermDebtNoncurrent"",""USD"",""146""]","0000080424","companyfacts-0000080424","us-gaap","LongTermDebtNoncurrent","USD","146","23852000000","present","\N","2026-03-31","0000080424-26-000060","2026-04-24","10-Q","2026","Q3","CY2026Q1I","/facts/us-gaap/LongTermDebtNoncurrent/units/USD/146","{""end"":""2026-03-31"",""val"":23852000000,""accn"":""0000080424-26-000060"",""fy"":2026,""fp"":""Q3"",""form"":""10-Q"",""filed"":""2026-04-24"",""frame"":""CY2026Q1I""}","{""label"":""Long-term Debt, Excluding Current Maturities"",""description"":""Amount after unamortized (discount) premium and debt issuance costs of long-term debt classified as noncurrent and excluding amounts to be repaid within one year or the normal operating cycle, if longer. Includes, but not limited to, notes payable, bonds payable, debentures, mortgage loans and commercial paper. Excludes capital lease obligations.""}"
"[""companyfacts-0000080424"",""us-gaap"",""LongTermDebtNoncurrent"",""USD"",""147""]","0000080424","companyfacts-0000080424","us-gaap","LongTermDebtNoncurrent","USD","147","22842000000","present","\N","2026-06-30","0000080424-26-000103","2026-08-04","10-K","2026","FY","CY2026Q2I","/facts/us-gaap/LongTermDebtNoncurrent/units/USD/147","{""end"":""2026-06-30"",""val"":22842000000,""accn"":""0000080424-26-000103"",""fy"":2026,""fp"":""FY"",""form"":""10-K"",""filed"":""2026-08-04"",""frame"":""CY2026Q2I""}","{""label"":""Long-term Debt, Excluding Current Maturities"",""description"":""Amount after unamortized (discount) premium and debt issuance costs of long-term debt classified as noncurrent and excluding amounts to be repaid within one year or the normal operating cycle, if longer. Includes, but not limited to, notes payable, bonds payable, debentures, mortgage loans and commercial paper. Excludes capital lease obligations.""}"
"[""companyfacts-0000080424"",""us-gaap"",""Revenues"",""USD"",""115""]","0000080424","companyfacts-0000080424","us-gaap","Revenues","USD","115","84039000000","present","2023-07-01","2024-06-30","0000080424-26-000103","2026-08-04","10-K","2026","FY","CY2024","/facts/us-gaap/Revenues/units/USD/115","{""start"":""2023-07-01"",""end"":""2024-06-30"",""val"":84039000000,""accn"":""0000080424-26-000103"",""fy"":2026,""fp"":""FY"",""form"":""10-K"",""filed"":""2026-08-04"",""frame"":""CY2024""}","{""label"":""Revenues"",""description"":""Amount of revenue recognized from goods sold, services rendered, insurance premiums, or other activities that constitute an earning process. Includes, but is not limited to, investment and interest income before deduction of interest expense when recognized as a component of revenue, and sales and trading gain (loss).""}"
"[""companyfacts-0000080424"",""us-gaap"",""Revenues"",""USD"",""117""]","0000080424","companyfacts-0000080424","us-gaap","Revenues","USD","117","21737000000","present","2024-07-01","2024-09-30","0000080424-25-000245","2025-10-24","10-Q","2026","Q1","CY2024Q3","/facts/us-gaap/Revenues/units/USD/117","{""start"":""2024-07-01"",""end"":""2024-09-30"",""val"":21737000000,""accn"":""0000080424-25-000245"",""fy"":2026,""fp"":""Q1"",""form"":""10-Q"",""filed"":""2025-10-24"",""frame"":""CY2024Q3""}","{""label"":""Revenues"",""description"":""Amount of revenue recognized from goods sold, services rendered, insurance premiums, or other activities that constitute an earning process. Includes, but is not limited to, investment and interest income before deduction of interest expense when recognized as a component of revenue, and sales and trading gain (loss).""}"
"[""companyfacts-0000080424"",""us-gaap"",""Revenues"",""USD"",""119""]","0000080424","companyfacts-0000080424","us-gaap","Revenues","USD","119","43619000000","present","2024-07-01","2024-12-31","0000080424-26-000011","2026-01-23","10-Q","2026","Q2","\N","/facts/us-gaap/Revenues/units/USD/119","{""start"":""2024-07-01"",""end"":""2024-12-31"",""val"":43619000000,""accn"":""0000080424-26-000011"",""fy"":2026,""fp"":""Q2"",""form"":""10-Q"",""filed"":""2026-01-23""}","{""label"":""Revenues"",""description"":""Amount of revenue recognized from goods sold, services rendered, insurance premiums, or other activities that constitute an earning process. Includes, but is not limited to, investment and interest income before deduction of interest expense when recognized as a component of revenue, and sales and trading gain (loss).""}"
"[""companyfacts-0000080424"",""us-gaap"",""Revenues"",""USD"",""121""]","0000080424","companyfacts-0000080424","us-gaap","Revenues","USD","121","21882000000","present","2024-10-01","2024-12-31","0000080424-26-000011","2026-01-23","10-Q","2026","Q2","CY2024Q4","/facts/us-gaap/Revenues/units/USD/121","{""start"":""2024-10-01"",""end"":""2024-12-31"",""val"":21882000000,""accn"":""0000080424-26-000011"",""fy"":2026,""fp"":""Q2"",""form"":""10-Q"",""filed"":""2026-01-23"",""frame"":""CY2024Q4""}","{""label"":""Revenues"",""description"":""Amount of revenue recognized from goods sold, services rendered, insurance premiums, or other activities that constitute an earning process. Includes, but is not limited to, investment and interest income before deduction of interest expense when recognized as a component of revenue, and sales and trading gain (loss).""}"
"[""companyfacts-0000080424"",""us-gaap"",""Revenues"",""USD"",""123""]","0000080424","companyfacts-0000080424","us-gaap","Revenues","USD","123","63395000000","present","2024-07-01","2025-03-31","0000080424-26-000060","2026-04-24","10-Q","2026","Q3","\N","/facts/us-gaap/Revenues/units/USD/123","{""start"":""2024-07-01"",""end"":""2025-03-31"",""val"":63395000000,""accn"":""0000080424-26-000060"",""fy"":2026,""fp"":""Q3"",""form"":""10-Q"",""filed"":""2026-04-24""}","{""label"":""Revenues"",""description"":""Amount of revenue recognized from goods sold, services rendered, insurance premiums, or other activities that constitute an earning process. Includes, but is not limited to, investment and interest income before deduction of interest expense when recognized as a component of revenue, and sales and trading gain (loss).""}"
"[""companyfacts-0000080424"",""us-gaap"",""Revenues"",""USD"",""125""]","0000080424","companyfacts-0000080424","us-gaap","Revenues","USD","125","19776000000","present","2025-01-01","2025-03-31","0000080424-26-000060","2026-04-24","10-Q","2026","Q3","CY2025Q1","/facts/us-gaap/Revenues/units/USD/125","{""start"":""2025-01-01"",""end"":""2025-03-31"",""val"":19776000000,""accn"":""0000080424-26-000060"",""fy"":2026,""fp"":""Q3"",""form"":""10-Q"",""filed"":""2026-04-24"",""frame"":""CY2025Q1""}","{""label"":""Revenues"",""description"":""Amount of revenue recognized from goods sold, services rendered, insurance premiums, or other activities that constitute an earning process. Includes, but is not limited to, investment and interest income before deduction of interest expense when recognized as a component of revenue, and sales and trading gain (loss).""}"
"[""companyfacts-0000080424"",""us-gaap"",""Revenues"",""USD"",""127""]","0000080424","companyfacts-0000080424","us-gaap","Revenues","USD","127","84284000000","present","2024-07-01","2025-06-30","0000080424-26-000103","2026-08-04","10-K","2026","FY","CY2025","/facts/us-gaap/Revenues/units/USD/127","{""start"":""2024-07-01"",""end"":""2025-06-30"",""val"":84284000000,""accn"":""0000080424-26-000103"",""fy"":2026,""fp"":""FY"",""form"":""10-K"",""filed"":""2026-08-04"",""frame"":""CY2025""}","{""label"":""Revenues"",""description"":""Amount of revenue recognized from goods sold, services rendered, insurance premiums, or other activities that constitute an earning process. Includes, but is not limited to, investment and interest income before deduction of interest expense when recognized as a component of revenue, and sales and trading gain (loss).""}"
"[""companyfacts-0000080424"",""us-gaap"",""Revenues"",""USD"",""128""]","0000080424","companyfacts-0000080424","us-gaap","Revenues","USD","128","22386000000","present","2025-07-01","2025-09-30","0000080424-25-000245","2025-10-24","10-Q","2026","Q1","CY2025Q3","/facts/us-gaap/Revenues/units/USD/128","{""start"":""2025-07-01"",""end"":""2025-09-30"",""val"":22386000000,""accn"":""0000080424-25-000245"",""fy"":2026,""fp"":""Q1"",""form"":""10-Q"",""filed"":""2025-10-24"",""frame"":""CY2025Q3""}","{""label"":""Revenues"",""description"":""Amount of revenue recognized from goods sold, services rendered, insurance premiums, or other activities that constitute an earning process. Includes, but is not limited to, investment and interest income before deduction of interest expense when recognized as a component of revenue, and sales and trading gain (loss).""}"
"[""companyfacts-0000080424"",""us-gaap"",""Revenues"",""USD"",""129""]","0000080424","companyfacts-0000080424","us-gaap","Revenues","USD","129","44594000000","present","2025-07-01","2025-12-31","0000080424-26-000011","2026-01-23","10-Q","2026","Q2","\N","/facts/us-gaap/Revenues/units/USD/129","{""start"":""2025-07-01"",""end"":""2025-12-31"",""val"":44594000000,""accn"":""0000080424-26-000011"",""fy"":2026,""fp"":""Q2"",""form"":""10-Q"",""filed"":""2026-01-23""}","{""label"":""Revenues"",""description"":""Amount of revenue recognized from goods sold, services rendered, insurance premiums, or other activities that constitute an earning process. Includes, but is not limited to, investment and interest income before deduction of interest expense when recognized as a component of revenue, and sales and trading gain (loss).""}"
"[""companyfacts-0000080424"",""us-gaap"",""Revenues"",""USD"",""130""]","0000080424","companyfacts-0000080424","us-gaap","Revenues","USD","130","22208000000","present","2025-10-01","2025-12-31","0000080424-26-000011","2026-01-23","10-Q","2026","Q2","CY2025Q4","/facts/us-gaap/Revenues/units/USD/130","{""start"":""2025-10-01"",""end"":""2025-12-31"",""val"":22208000000,""accn"":""0000080424-26-000011"",""fy"":2026,""fp"":""Q2"",""form"":""10-Q"",""filed"":""2026-01-23"",""frame"":""CY2025Q4""}","{""label"":""Revenues"",""description"":""Amount of revenue recognized from goods sold, services rendered, insurance premiums, or other activities that constitute an earning process. Includes, but is not limited to, investment and interest income before deduction of interest expense when recognized as a component of revenue, and sales and trading gain (loss).""}"
"[""companyfacts-0000080424"",""us-gaap"",""Revenues"",""USD"",""131""]","0000080424","companyfacts-0000080424","us-gaap","Revenues","USD","131","65828000000","present","2025-07-01","2026-03-31","0000080424-26-000060","2026-04-24","10-Q","2026","Q3","\N","/facts/us-gaap/Revenues/units/USD/131","{""start"":""2025-07-01"",""end"":""2026-03-31"",""val"":65828000000,""accn"":""0000080424-26-000060"",""fy"":2026,""fp"":""Q3"",""form"":""10-Q"",""filed"":""2026-04-24""}","{""label"":""Revenues"",""description"":""Amount of revenue recognized from goods sold, services rendered, insurance premiums, or other activities that constitute an earning process. Includes, but is not limited to, investment and interest income before deduction of interest expense when recognized as a component of revenue, and sales and trading gain (loss).""}"
"[""companyfacts-0000080424"",""us-gaap"",""Revenues"",""USD"",""132""]","0000080424","companyfacts-0000080424","us-gaap","Revenues","USD","132","21235000000","present","2026-01-01","2026-03-31","0000080424-26-000060","2026-04-24","10-Q","2026","Q3","CY2026Q1","/facts/us-gaap/Revenues/units/USD/132","{""start"":""2026-01-01"",""end"":""2026-03-31"",""val"":21235000000,""accn"":""0000080424-26-000060"",""fy"":2026,""fp"":""Q3"",""form"":""10-Q"",""filed"":""2026-04-24"",""frame"":""CY2026Q1""}","{""label"":""Revenues"",""description"":""Amount of revenue recognized from goods sold, services rendered, insurance premiums, or other activities that constitute an earning process. Includes, but is not limited to, investment and interest income before deduction of interest expense when recognized as a component of revenue, and sales and trading gain (loss).""}"
"[""companyfacts-0000080424"",""us-gaap"",""Revenues"",""USD"",""133""]","0000080424","companyfacts-0000080424","us-gaap","Revenues","USD","133","87032000000","present","2025-07-01","2026-06-30","0000080424-26-000103","2026-08-04","10-K","2026","FY","CY2026","/facts/us-gaap/Revenues/units/USD/133","{""start"":""2025-07-01"",""end"":""2026-06-30"",""val"":87032000000,""accn"":""0000080424-26-000103"",""fy"":2026,""fp"":""FY"",""form"":""10-K"",""filed"":""2026-08-04"",""frame"":""CY2026""}","{""label"":""Revenues"",""description"":""Amount of revenue recognized from goods sold, services rendered, insurance premiums, or other activities that constitute an earning process. Includes, but is not limited to, investment and interest income before deduction of interest expense when recognized as a component of revenue, and sales and trading gain (loss).""}"
"[""companyfacts-0000021344"",""us-gaap"",""CashAndCashEquivalentsAtCarryingValue"",""USD"",""257""]","0000021344","companyfacts-0000021344","us-gaap","CashAndCashEquivalentsAtCarryingValue","USD","257","9366000000","present","\N","2023-12-31","0001628280-25-046054","2025-10-23","10-Q","2025","Q3","\N","/facts/us-gaap/CashAndCashEquivalentsAtCarryingValue/units/USD/257","{""end"":""2023-12-31"",""val"":9366000000,""accn"":""0001628280-25-046054"",""fy"":2025,""fp"":""Q3"",""form"":""10-Q"",""filed"":""2025-10-23""}","{""label"":""Cash and Cash Equivalents, at Carrying Value"",""description"":""Amount of currency on hand as well as demand deposits with banks or financial institutions. Includes other kinds of accounts that have the general characteristics of demand deposits. Also includes short-term, highly liquid investments that are both readily convertible to known amounts of cash and so near their maturity that they present insignificant risk of changes in value because of changes in interest rates. Excludes cash and cash equivalents within disposal group and discontinued operation.""}"
"[""companyfacts-0000021344"",""us-gaap"",""CashAndCashEquivalentsAtCarryingValue"",""USD"",""258""]","0000021344","companyfacts-0000021344","us-gaap","CashAndCashEquivalentsAtCarryingValue","USD","258","9366000000","present","\N","2023-12-31","0001628280-26-010047","2026-02-20","10-K","2025","FY","CY2023Q4I","/facts/us-gaap/CashAndCashEquivalentsAtCarryingValue/units/USD/258","{""end"":""2023-12-31"",""val"":9366000000,""accn"":""0001628280-26-010047"",""fy"":2025,""fp"":""FY"",""form"":""10-K"",""filed"":""2026-02-20"",""frame"":""CY2023Q4I""}","{""label"":""Cash and Cash Equivalents, at Carrying Value"",""description"":""Amount of currency on hand as well as demand deposits with banks or financial institutions. Includes other kinds of accounts that have the general characteristics of demand deposits. Also includes short-term, highly liquid investments that are both readily convertible to known amounts of cash and so near their maturity that they present insignificant risk of changes in value because of changes in interest rates. Excludes cash and cash equivalents within disposal group and discontinued operation.""}"
"[""companyfacts-0000021344"",""us-gaap"",""CashAndCashEquivalentsAtCarryingValue"",""USD"",""264""]","0000021344","companyfacts-0000021344","us-gaap","CashAndCashEquivalentsAtCarryingValue","USD","264","13938000000","present","\N","2024-09-27","0001628280-25-046054","2025-10-23","10-Q","2025","Q3","CY2024Q3I","/facts/us-gaap/CashAndCashEquivalentsAtCarryingValue/units/USD/264","{""end"":""2024-09-27"",""val"":13938000000,""accn"":""0001628280-25-046054"",""fy"":2025,""fp"":""Q3"",""form"":""10-Q"",""filed"":""2025-10-23"",""frame"":""CY2024Q3I""}","{""label"":""Cash and Cash Equivalents, at Carrying Value"",""description"":""Amount of currency on hand as well as demand deposits with banks or financial institutions. Includes other kinds of accounts that have the general characteristics of demand deposits. Also includes short-term, highly liquid investments that are both readily convertible to known amounts of cash and so near their maturity that they present insignificant risk of changes in value because of changes in interest rates. Excludes cash and cash equivalents within disposal group and discontinued operation.""}"
"[""companyfacts-0000021344"",""us-gaap"",""CashAndCashEquivalentsAtCarryingValue"",""USD"",""269""]","0000021344","companyfacts-0000021344","us-gaap","CashAndCashEquivalentsAtCarryingValue","USD","269","10828000000","present","\N","2024-12-31","0001628280-25-046054","2025-10-23","10-Q","2025","Q3","\N","/facts/us-gaap/CashAndCashEquivalentsAtCarryingValue/units/USD/269","{""end"":""2024-12-31"",""val"":10828000000,""accn"":""0001628280-25-046054"",""fy"":2025,""fp"":""Q3"",""form"":""10-Q"",""filed"":""2025-10-23""}","{""label"":""Cash and Cash Equivalents, at Carrying Value"",""description"":""Amount of currency on hand as well as demand deposits with banks or financial institutions. Includes other kinds of accounts that have the general characteristics of demand deposits. Also includes short-term, highly liquid investments that are both readily convertible to known amounts of cash and so near their maturity that they present insignificant risk of changes in value because of changes in interest rates. Excludes cash and cash equivalents within disposal group and discontinued operation.""}"
"[""companyfacts-0000021344"",""us-gaap"",""CashAndCashEquivalentsAtCarryingValue"",""USD"",""270""]","0000021344","companyfacts-0000021344","us-gaap","CashAndCashEquivalentsAtCarryingValue","USD","270","10828000000","present","\N","2024-12-31","0001628280-26-010047","2026-02-20","10-K","2025","FY","\N","/facts/us-gaap/CashAndCashEquivalentsAtCarryingValue/units/USD/270","{""end"":""2024-12-31"",""val"":10828000000,""accn"":""0001628280-26-010047"",""fy"":2025,""fp"":""FY"",""form"":""10-K"",""filed"":""2026-02-20""}","{""label"":""Cash and Cash Equivalents, at Carrying Value"",""description"":""Amount of currency on hand as well as demand deposits with banks or financial institutions. Includes other kinds of accounts that have the general characteristics of demand deposits. Also includes short-term, highly liquid investments that are both readily convertible to known amounts of cash and so near their maturity that they present insignificant risk of changes in value because of changes in interest rates. Excludes cash and cash equivalents within disposal group and discontinued operation.""}"
"[""companyfacts-0000021344"",""us-gaap"",""CashAndCashEquivalentsAtCarryingValue"",""USD"",""271""]","0000021344","companyfacts-0000021344","us-gaap","CashAndCashEquivalentsAtCarryingValue","USD","271","10828000000","present","\N","2024-12-31","0001628280-26-028802","2026-04-30","10-Q","2026","Q1","CY2024Q4I","/facts/us-gaap/CashAndCashEquivalentsAtCarryingValue/units/USD/271","{""end"":""2024-12-31"",""val"":10828000000,""accn"":""0001628280-26-028802"",""fy"":2026,""fp"":""Q1"",""form"":""10-Q"",""filed"":""2026-04-30"",""frame"":""CY2024Q4I""}","{""label"":""Cash and Cash Equivalents, at Carrying Value"",""description"":""Amount of currency on hand as well as demand deposits with banks or financial institutions. Includes other kinds of accounts that have the general characteristics of demand deposits. Also includes short-term, highly liquid investments that are both readily convertible to known amounts of cash and so near their maturity that they present insignificant risk of changes in value because of changes in interest rates. Excludes cash and cash equivalents within disposal group and discontinued operation.""}"
"[""companyfacts-0000021344"",""us-gaap"",""CashAndCashEquivalentsAtCarryingValue"",""USD"",""273""]","0000021344","companyfacts-0000021344","us-gaap","CashAndCashEquivalentsAtCarryingValue","USD","273","8417000000","present","\N","2025-03-28","0001628280-26-028802","2026-04-30","10-Q","2026","Q1","CY2025Q1I","/facts/us-gaap/CashAndCashEquivalentsAtCarryingValue/units/USD/273","{""end"":""2025-03-28"",""val"":8417000000,""accn"":""0001628280-26-028802"",""fy"":2026,""fp"":""Q1"",""form"":""10-Q"",""filed"":""2026-04-30"",""frame"":""CY2025Q1I""}","{""label"":""Cash and Cash Equivalents, at Carrying Value"",""description"":""Amount of currency on hand as well as demand deposits with banks or financial institutions. Includes other kinds of accounts that have the general characteristics of demand deposits. Also includes short-term, highly liquid investments that are both readily convertible to known amounts of cash and so near their maturity that they present insignificant risk of changes in value because of changes in interest rates. Excludes cash and cash equivalents within disposal group and discontinued operation.""}"
"[""companyfacts-0000021344"",""us-gaap"",""CashAndCashEquivalentsAtCarryingValue"",""USD"",""275""]","0000021344","companyfacts-0000021344","us-gaap","CashAndCashEquivalentsAtCarryingValue","USD","275","12732000000","present","\N","2025-09-26","0001628280-25-046054","2025-10-23","10-Q","2025","Q3","CY2025Q3I","/facts/us-gaap/CashAndCashEquivalentsAtCarryingValue/units/USD/275","{""end"":""2025-09-26"",""val"":12732000000,""accn"":""0001628280-25-046054"",""fy"":2025,""fp"":""Q3"",""form"":""10-Q"",""filed"":""2025-10-23"",""frame"":""CY2025Q3I""}","{""label"":""Cash and Cash Equivalents, at Carrying Value"",""description"":""Amount of currency on hand as well as demand deposits with banks or financial institutions. Includes other kinds of accounts that have the general characteristics of demand deposits. Also includes short-term, highly liquid investments that are both readily convertible to known amounts of cash and so near their maturity that they present insignificant risk of changes in value because of changes in interest rates. Excludes cash and cash equivalents within disposal group and discontinued operation.""}"
"[""companyfacts-0000021344"",""us-gaap"",""CashAndCashEquivalentsAtCarryingValue"",""USD"",""276""]","0000021344","companyfacts-0000021344","us-gaap","CashAndCashEquivalentsAtCarryingValue","USD","276","10270000000","present","\N","2025-12-31","0001628280-26-010047","2026-02-20","10-K","2025","FY","\N","/facts/us-gaap/CashAndCashEquivalentsAtCarryingValue/units/USD/276","{""end"":""2025-12-31"",""val"":10270000000,""accn"":""0001628280-26-010047"",""fy"":2025,""fp"":""FY"",""form"":""10-K"",""filed"":""2026-02-20""}","{""label"":""Cash and Cash Equivalents, at Carrying Value"",""description"":""Amount of currency on hand as well as demand deposits with banks or financial institutions. Includes other kinds of accounts that have the general characteristics of demand deposits. Also includes short-term, highly liquid investments that are both readily convertible to known amounts of cash and so near their maturity that they present insignificant risk of changes in value because of changes in interest rates. Excludes cash and cash equivalents within disposal group and discontinued operation.""}"
"[""companyfacts-0000021344"",""us-gaap"",""CashAndCashEquivalentsAtCarryingValue"",""USD"",""277""]","0000021344","companyfacts-0000021344","us-gaap","CashAndCashEquivalentsAtCarryingValue","USD","277","10270000000","present","\N","2025-12-31","0001628280-26-028802","2026-04-30","10-Q","2026","Q1","CY2025Q4I","/facts/us-gaap/CashAndCashEquivalentsAtCarryingValue/units/USD/277","{""end"":""2025-12-31"",""val"":10270000000,""accn"":""0001628280-26-028802"",""fy"":2026,""fp"":""Q1"",""form"":""10-Q"",""filed"":""2026-04-30"",""frame"":""CY2025Q4I""}","{""label"":""Cash and Cash Equivalents, at Carrying Value"",""description"":""Amount of currency on hand as well as demand deposits with banks or financial institutions. Includes other kinds of accounts that have the general characteristics of demand deposits. Also includes short-term, highly liquid investments that are both readily convertible to known amounts of cash and so near their maturity that they present insignificant risk of changes in value because of changes in interest rates. Excludes cash and cash equivalents within disposal group and discontinued operation.""}"
"[""companyfacts-0000021344"",""us-gaap"",""CashAndCashEquivalentsAtCarryingValue"",""USD"",""278""]","0000021344","companyfacts-0000021344","us-gaap","CashAndCashEquivalentsAtCarryingValue","USD","278","10574000000","present","\N","2026-04-03","0001628280-26-028802","2026-04-30","10-Q","2026","Q1","CY2026Q1I","/facts/us-gaap/CashAndCashEquivalentsAtCarryingValue/units/USD/278","{""end"":""2026-04-03"",""val"":10574000000,""accn"":""0001628280-26-028802"",""fy"":2026,""fp"":""Q1"",""form"":""10-Q"",""filed"":""2026-04-30"",""frame"":""CY2026Q1I""}","{""label"":""Cash and Cash Equivalents, at Carrying Value"",""description"":""Amount of currency on hand as well as demand deposits with banks or financial institutions. Includes other kinds of accounts that have the general characteristics of demand deposits. Also includes short-term, highly liquid investments that are both readily convertible to known amounts of cash and so near their maturity that they present insignificant risk of changes in value because of changes in interest rates. Excludes cash and cash equivalents within disposal group and discontinued operation.""}"
"[""companyfacts-0000021344"",""us-gaap"",""Revenues"",""USD"",""84""]","0000021344","companyfacts-0000021344","us-gaap","Revenues","USD","84","45754000000","present","2023-01-01","2023-12-31","0001628280-26-010047","2026-02-20","10-K","2025","FY","CY2023","/facts/us-gaap/Revenues/units/USD/84","{""start"":""2023-01-01"",""end"":""2023-12-31"",""val"":45754000000,""accn"":""0001628280-26-010047"",""fy"":2025,""fp"":""FY"",""form"":""10-K"",""filed"":""2026-02-20"",""frame"":""CY2023""}","{""label"":""Revenues"",""description"":""Amount of revenue recognized from goods sold, services rendered, insurance premiums, or other activities that constitute an earning process. Includes, but is not limited to, investment and interest income before deduction of interest expense when recognized as a component of revenue, and sales and trading gain (loss).""}"
"[""companyfacts-0000021344"",""us-gaap"",""Revenues"",""USD"",""92""]","0000021344","companyfacts-0000021344","us-gaap","Revenues","USD","92","35517000000","present","2024-01-01","2024-09-27","0001628280-25-046054","2025-10-23","10-Q","2025","Q3","\N","/facts/us-gaap/Revenues/units/USD/92","{""start"":""2024-01-01"",""end"":""2024-09-27"",""val"":35517000000,""accn"":""0001628280-25-046054"",""fy"":2025,""fp"":""Q3"",""form"":""10-Q"",""filed"":""2025-10-23""}","{""label"":""Revenues"",""description"":""Amount of revenue recognized from goods sold, services rendered, insurance premiums, or other activities that constitute an earning process. Includes, but is not limited to, investment and interest income before deduction of interest expense when recognized as a component of revenue, and sales and trading gain (loss).""}"
"[""companyfacts-0000021344"",""us-gaap"",""Revenues"",""USD"",""94""]","0000021344","companyfacts-0000021344","us-gaap","Revenues","USD","94","11854000000","present","2024-06-29","2024-09-27","0001628280-25-046054","2025-10-23","10-Q","2025","Q3","CY2024Q3","/facts/us-gaap/Revenues/units/USD/94","{""start"":""2024-06-29"",""end"":""2024-09-27"",""val"":11854000000,""accn"":""0001628280-25-046054"",""fy"":2025,""fp"":""Q3"",""form"":""10-Q"",""filed"":""2025-10-23"",""frame"":""CY2024Q3""}","{""label"":""Revenues"",""description"":""Amount of revenue recognized from goods sold, services rendered, insurance premiums, or other activities that constitute an earning process. Includes, but is not limited to, investment and interest income before deduction of interest expense when recognized as a component of revenue, and sales and trading gain (loss).""}"
"[""companyfacts-0000021344"",""us-gaap"",""Revenues"",""USD"",""97""]","0000021344","companyfacts-0000021344","us-gaap","Revenues","USD","97","47061000000","present","2024-01-01","2024-12-31","0001628280-26-010047","2026-02-20","10-K","2025","FY","CY2024","/facts/us-gaap/Revenues/units/USD/97","{""start"":""2024-01-01"",""end"":""2024-12-31"",""val"":47061000000,""accn"":""0001628280-26-010047"",""fy"":2025,""fp"":""FY"",""form"":""10-K"",""filed"":""2026-02-20"",""frame"":""CY2024""}","{""label"":""Revenues"",""description"":""Amount of revenue recognized from goods sold, services rendered, insurance premiums, or other activities that constitute an earning process. Includes, but is not limited to, investment and interest income before deduction of interest expense when recognized as a component of revenue, and sales and trading gain (loss).""}"
"[""companyfacts-0000021344"",""us-gaap"",""Revenues"",""USD"",""99""]","0000021344","companyfacts-0000021344","us-gaap","Revenues","USD","99","11129000000","present","2025-01-01","2025-03-28","0001628280-26-028802","2026-04-30","10-Q","2026","Q1","CY2025Q1","/facts/us-gaap/Revenues/units/USD/99","{""start"":""2025-01-01"",""end"":""2025-03-28"",""val"":11129000000,""accn"":""0001628280-26-028802"",""fy"":2026,""fp"":""Q1"",""form"":""10-Q"",""filed"":""2026-04-30"",""frame"":""CY2025Q1""}","{""label"":""Revenues"",""description"":""Amount of revenue recognized from goods sold, services rendered, insurance premiums, or other activities that constitute an earning process. Includes, but is not limited to, investment and interest income before deduction of interest expense when recognized as a component of revenue, and sales and trading gain (loss).""}"
"[""companyfacts-0000021344"",""us-gaap"",""Revenues"",""USD"",""102""]","0000021344","companyfacts-0000021344","us-gaap","Revenues","USD","102","36119000000","present","2025-01-01","2025-09-26","0001628280-25-046054","2025-10-23","10-Q","2025","Q3","\N","/facts/us-gaap/Revenues/units/USD/102","{""start"":""2025-01-01"",""end"":""2025-09-26"",""val"":36119000000,""accn"":""0001628280-25-046054"",""fy"":2025,""fp"":""Q3"",""form"":""10-Q"",""filed"":""2025-10-23""}","{""label"":""Revenues"",""description"":""Amount of revenue recognized from goods sold, services rendered, insurance premiums, or other activities that constitute an earning process. Includes, but is not limited to, investment and interest income before deduction of interest expense when recognized as a component of revenue, and sales and trading gain (loss).""}"
"[""companyfacts-0000021344"",""us-gaap"",""Revenues"",""USD"",""103""]","0000021344","companyfacts-0000021344","us-gaap","Revenues","USD","103","12455000000","present","2025-06-28","2025-09-26","0001628280-25-046054","2025-10-23","10-Q","2025","Q3","CY2025Q3","/facts/us-gaap/Revenues/units/USD/103","{""start"":""2025-06-28"",""end"":""2025-09-26"",""val"":12455000000,""accn"":""0001628280-25-046054"",""fy"":2025,""fp"":""Q3"",""form"":""10-Q"",""filed"":""2025-10-23"",""frame"":""CY2025Q3""}","{""label"":""Revenues"",""description"":""Amount of revenue recognized from goods sold, services rendered, insurance premiums, or other activities that constitute an earning process. Includes, but is not limited to, investment and interest income before deduction of interest expense when recognized as a component of revenue, and sales and trading gain (loss).""}"
"[""companyfacts-0000021344"",""us-gaap"",""Revenues"",""USD"",""104""]","0000021344","companyfacts-0000021344","us-gaap","Revenues","USD","104","47941000000","present","2025-01-01","2025-12-31","0001628280-26-010047","2026-02-20","10-K","2025","FY","CY2025","/facts/us-gaap/Revenues/units/USD/104","{""start"":""2025-01-01"",""end"":""2025-12-31"",""val"":47941000000,""accn"":""0001628280-26-010047"",""fy"":2025,""fp"":""FY"",""form"":""10-K"",""filed"":""2026-02-20"",""frame"":""CY2025""}","{""label"":""Revenues"",""description"":""Amount of revenue recognized from goods sold, services rendered, insurance premiums, or other activities that constitute an earning process. Includes, but is not limited to, investment and interest income before deduction of interest expense when recognized as a component of revenue, and sales and trading gain (loss).""}"
"[""companyfacts-0000021344"",""us-gaap"",""Revenues"",""USD"",""105""]","0000021344","companyfacts-0000021344","us-gaap","Revenues","USD","105","12472000000","present","2026-01-01","2026-04-03","0001628280-26-028802","2026-04-30","10-Q","2026","Q1","CY2026Q1","/facts/us-gaap/Revenues/units/USD/105","{""start"":""2026-01-01"",""end"":""2026-04-03"",""val"":12472000000,""accn"":""0001628280-26-028802"",""fy"":2026,""fp"":""Q1"",""form"":""10-Q"",""filed"":""2026-04-30"",""frame"":""CY2026Q1""}","{""label"":""Revenues"",""description"":""Amount of revenue recognized from goods sold, services rendered, insurance premiums, or other activities that constitute an earning process. Includes, but is not limited to, investment and interest income before deduction of interest expense when recognized as a component of revenue, and sales and trading gain (loss).""}"
"[""companyfacts-0000858877"",""us-gaap"",""CashAndCashEquivalentsAtCarryingValue"",""USD"",""204""]","0000858877","companyfacts-0000858877","us-gaap","CashAndCashEquivalentsAtCarryingValue","USD","204","8346000000","present","\N","2025-07-26","0000858877-25-000171","2025-11-18","10-Q","2026","Q1","\N","/facts/us-gaap/CashAndCashEquivalentsAtCarryingValue/units/USD/204","{""end"":""2025-07-26"",""val"":8346000000,""accn"":""0000858877-25-000171"",""fy"":2026,""fp"":""Q1"",""form"":""10-Q"",""filed"":""2025-11-18""}","{""label"":""Cash and Cash Equivalents, at Carrying Value"",""description"":""Amount of currency on hand as well as demand deposits with banks or financial institutions. Includes other kinds of accounts that have the general characteristics of demand deposits. Also includes short-term, highly liquid investments that are both readily convertible to known amounts of cash and so near their maturity that they present insignificant risk of changes in value because of changes in interest rates. Excludes cash and cash equivalents within disposal group and discontinued operation.""}"
"[""companyfacts-0000858877"",""us-gaap"",""CashAndCashEquivalentsAtCarryingValue"",""USD"",""205""]","0000858877","companyfacts-0000858877","us-gaap","CashAndCashEquivalentsAtCarryingValue","USD","205","8346000000","present","\N","2025-07-26","0000858877-26-000021","2026-02-17","10-Q","2026","Q2","\N","/facts/us-gaap/CashAndCashEquivalentsAtCarryingValue/units/USD/205","{""end"":""2025-07-26"",""val"":8346000000,""accn"":""0000858877-26-000021"",""fy"":2026,""fp"":""Q2"",""form"":""10-Q"",""filed"":""2026-02-17""}","{""label"":""Cash and Cash Equivalents, at Carrying Value"",""description"":""Amount of currency on hand as well as demand deposits with banks or financial institutions. Includes other kinds of accounts that have the general characteristics of demand deposits. Also includes short-term, highly liquid investments that are both readily convertible to known amounts of cash and so near their maturity that they present insignificant risk of changes in value because of changes in interest rates. Excludes cash and cash equivalents within disposal group and discontinued operation.""}"
"[""companyfacts-0000858877"",""us-gaap"",""CashAndCashEquivalentsAtCarryingValue"",""USD"",""206""]","0000858877","companyfacts-0000858877","us-gaap","CashAndCashEquivalentsAtCarryingValue","USD","206","8346000000","present","\N","2025-07-26","0000858877-26-000078","2026-05-19","10-Q","2026","Q3","\N","/facts/us-gaap/CashAndCashEquivalentsAtCarryingValue/units/USD/206","{""end"":""2025-07-26"",""val"":8346000000,""accn"":""0000858877-26-000078"",""fy"":2026,""fp"":""Q3"",""form"":""10-Q"",""filed"":""2026-05-19""}","{""label"":""Cash and Cash Equivalents, at Carrying Value"",""description"":""Amount of currency on hand as well as demand deposits with banks or financial institutions. Includes other kinds of accounts that have the general characteristics of demand deposits. Also includes short-term, highly liquid investments that are both readily convertible to known amounts of cash and so near their maturity that they present insignificant risk of changes in value because of changes in interest rates. Excludes cash and cash equivalents within disposal group and discontinued operation.""}"
"[""companyfacts-0000858877"",""us-gaap"",""CashAndCashEquivalentsAtCarryingValue"",""USD"",""207""]","0000858877","companyfacts-0000858877","us-gaap","CashAndCashEquivalentsAtCarryingValue","USD","207","8346000000","present","\N","2025-07-26","0000858877-26-000132","2026-09-02","10-K","2026","FY","CY2025Q2I","/facts/us-gaap/CashAndCashEquivalentsAtCarryingValue/units/USD/207","{""end"":""2025-07-26"",""val"":8346000000,""accn"":""0000858877-26-000132"",""fy"":2026,""fp"":""FY"",""form"":""10-K"",""filed"":""2026-09-02"",""frame"":""CY2025Q2I""}","{""label"":""Cash and Cash Equivalents, at Carrying Value"",""description"":""Amount of currency on hand as well as demand deposits with banks or financial institutions. Includes other kinds of accounts that have the general characteristics of demand deposits. Also includes short-term, highly liquid investments that are both readily convertible to known amounts of cash and so near their maturity that they present insignificant risk of changes in value because of changes in interest rates. Excludes cash and cash equivalents within disposal group and discontinued operation.""}"
"[""companyfacts-0000858877"",""us-gaap"",""CashAndCashEquivalentsAtCarryingValue"",""USD"",""208""]","0000858877","companyfacts-0000858877","us-gaap","CashAndCashEquivalentsAtCarryingValue","USD","208","8400000000","present","\N","2025-10-25","0000858877-25-000171","2025-11-18","10-Q","2026","Q1","CY2025Q3I","/facts/us-gaap/CashAndCashEquivalentsAtCarryingValue/units/USD/208","{""end"":""2025-10-25"",""val"":8400000000,""accn"":""0000858877-25-000171"",""fy"":2026,""fp"":""Q1"",""form"":""10-Q"",""filed"":""2025-11-18"",""frame"":""CY2025Q3I""}","{""label"":""Cash and Cash Equivalents, at Carrying Value"",""description"":""Amount of currency on hand as well as demand deposits with banks or financial institutions. Includes other kinds of accounts that have the general characteristics of demand deposits. Also includes short-term, highly liquid investments that are both readily convertible to known amounts of cash and so near their maturity that they present insignificant risk of changes in value because of changes in interest rates. Excludes cash and cash equivalents within disposal group and discontinued operation.""}"
"[""companyfacts-0000858877"",""us-gaap"",""CashAndCashEquivalentsAtCarryingValue"",""USD"",""209""]","0000858877","companyfacts-0000858877","us-gaap","CashAndCashEquivalentsAtCarryingValue","USD","209","7458000000","present","\N","2026-01-24","0000858877-26-000021","2026-02-17","10-Q","2026","Q2","CY2025Q4I","/facts/us-gaap/CashAndCashEquivalentsAtCarryingValue/units/USD/209","{""end"":""2026-01-24"",""val"":7458000000,""accn"":""0000858877-26-000021"",""fy"":2026,""fp"":""Q2"",""form"":""10-Q"",""filed"":""2026-02-17"",""frame"":""CY2025Q4I""}","{""label"":""Cash and Cash Equivalents, at Carrying Value"",""description"":""Amount of currency on hand as well as demand deposits with banks or financial institutions. Includes other kinds of accounts that have the general characteristics of demand deposits. Also includes short-term, highly liquid investments that are both readily convertible to known amounts of cash and so near their maturity that they present insignificant risk of changes in value because of changes in interest rates. Excludes cash and cash equivalents within disposal group and discontinued operation.""}"
"[""companyfacts-0000858877"",""us-gaap"",""CashAndCashEquivalentsAtCarryingValue"",""USD"",""210""]","0000858877","companyfacts-0000858877","us-gaap","CashAndCashEquivalentsAtCarryingValue","USD","210","7083000000","present","\N","2026-04-25","0000858877-26-000078","2026-05-19","10-Q","2026","Q3","CY2026Q1I","/facts/us-gaap/CashAndCashEquivalentsAtCarryingValue/units/USD/210","{""end"":""2026-04-25"",""val"":7083000000,""accn"":""0000858877-26-000078"",""fy"":2026,""fp"":""Q3"",""form"":""10-Q"",""filed"":""2026-05-19"",""frame"":""CY2026Q1I""}","{""label"":""Cash and Cash Equivalents, at Carrying Value"",""description"":""Amount of currency on hand as well as demand deposits with banks or financial institutions. Includes other kinds of accounts that have the general characteristics of demand deposits. Also includes short-term, highly liquid investments that are both readily convertible to known amounts of cash and so near their maturity that they present insignificant risk of changes in value because of changes in interest rates. Excludes cash and cash equivalents within disposal group and discontinued operation.""}"
"[""companyfacts-0000858877"",""us-gaap"",""CashAndCashEquivalentsAtCarryingValue"",""USD"",""211""]","0000858877","companyfacts-0000858877","us-gaap","CashAndCashEquivalentsAtCarryingValue","USD","211","7218000000","present","\N","2026-07-25","0000858877-26-000132","2026-09-02","10-K","2026","FY","CY2026Q2I","/facts/us-gaap/CashAndCashEquivalentsAtCarryingValue/units/USD/211","{""end"":""2026-07-25"",""val"":7218000000,""accn"":""0000858877-26-000132"",""fy"":2026,""fp"":""FY"",""form"":""10-K"",""filed"":""2026-09-02"",""frame"":""CY2026Q2I""}","{""label"":""Cash and Cash Equivalents, at Carrying Value"",""description"":""Amount of currency on hand as well as demand deposits with banks or financial institutions. Includes other kinds of accounts that have the general characteristics of demand deposits. Also includes short-term, highly liquid investments that are both readily convertible to known amounts of cash and so near their maturity that they present insignificant risk of changes in value because of changes in interest rates. Excludes cash and cash equivalents within disposal group and discontinued operation.""}"
"[""companyfacts-0000858877"",""us-gaap"",""LongTermDebtCurrent"",""USD"",""109""]","0000858877","companyfacts-0000858877","us-gaap","LongTermDebtCurrent","USD","109","1750000000","present","\N","2025-07-26","0000858877-25-000171","2025-11-18","10-Q","2026","Q1","\N","/facts/us-gaap/LongTermDebtCurrent/units/USD/109","{""end"":""2025-07-26"",""val"":1750000000,""accn"":""0000858877-25-000171"",""fy"":2026,""fp"":""Q1"",""form"":""10-Q"",""filed"":""2025-11-18""}","{""label"":""Long-term Debt, Current Maturities"",""description"":""Amount, after unamortized (discount) premium and debt issuance costs, of long-term debt, classified as current. Includes, but not limited to, notes payable, bonds payable, debentures, mortgage loans and commercial paper. Excludes capital lease obligations.""}"
"[""companyfacts-0000858877"",""us-gaap"",""LongTermDebtCurrent"",""USD"",""110""]","0000858877","companyfacts-0000858877","us-gaap","LongTermDebtCurrent","USD","110","1750000000","present","\N","2025-07-26","0000858877-26-000021","2026-02-17","10-Q","2026","Q2","\N","/facts/us-gaap/LongTermDebtCurrent/units/USD/110","{""end"":""2025-07-26"",""val"":1750000000,""accn"":""0000858877-26-000021"",""fy"":2026,""fp"":""Q2"",""form"":""10-Q"",""filed"":""2026-02-17""}","{""label"":""Long-term Debt, Current Maturities"",""description"":""Amount, after unamortized (discount) premium and debt issuance costs, of long-term debt, classified as current. Includes, but not limited to, notes payable, bonds payable, debentures, mortgage loans and commercial paper. Excludes capital lease obligations.""}"
"[""companyfacts-0000858877"",""us-gaap"",""LongTermDebtCurrent"",""USD"",""111""]","0000858877","companyfacts-0000858877","us-gaap","LongTermDebtCurrent","USD","111","1750000000","present","\N","2025-07-26","0000858877-26-000078","2026-05-19","10-Q","2026","Q3","\N","/facts/us-gaap/LongTermDebtCurrent/units/USD/111","{""end"":""2025-07-26"",""val"":1750000000,""accn"":""0000858877-26-000078"",""fy"":2026,""fp"":""Q3"",""form"":""10-Q"",""filed"":""2026-05-19""}","{""label"":""Long-term Debt, Current Maturities"",""description"":""Amount, after unamortized (discount) premium and debt issuance costs, of long-term debt, classified as current. Includes, but not limited to, notes payable, bonds payable, debentures, mortgage loans and commercial paper. Excludes capital lease obligations.""}"
"[""companyfacts-0000858877"",""us-gaap"",""LongTermDebtCurrent"",""USD"",""112""]","0000858877","companyfacts-0000858877","us-gaap","LongTermDebtCurrent","USD","112","1750000000","present","\N","2025-07-26","0000858877-26-000132","2026-09-02","10-K","2026","FY","CY2025Q2I","/facts/us-gaap/LongTermDebtCurrent/units/USD/112","{""end"":""2025-07-26"",""val"":1750000000,""accn"":""0000858877-26-000132"",""fy"":2026,""fp"":""FY"",""form"":""10-K"",""filed"":""2026-09-02"",""frame"":""CY2025Q2I""}","{""label"":""Long-term Debt, Current Maturities"",""description"":""Amount, after unamortized (discount) premium and debt issuance costs, of long-term debt, classified as current. Includes, but not limited to, notes payable, bonds payable, debentures, mortgage loans and commercial paper. Excludes capital lease obligations.""}"
"[""companyfacts-0000858877"",""us-gaap"",""LongTermDebtCurrent"",""USD"",""113""]","0000858877","companyfacts-0000858877","us-gaap","LongTermDebtCurrent","USD","113","3249000000","present","\N","2025-10-25","0000858877-25-000171","2025-11-18","10-Q","2026","Q1","CY2025Q3I","/facts/us-gaap/LongTermDebtCurrent/units/USD/113","{""end"":""2025-10-25"",""val"":3249000000,""accn"":""0000858877-25-000171"",""fy"":2026,""fp"":""Q1"",""form"":""10-Q"",""filed"":""2025-11-18"",""frame"":""CY2025Q3I""}","{""label"":""Long-term Debt, Current Maturities"",""description"":""Amount, after unamortized (discount) premium and debt issuance costs, of long-term debt, classified as current. Includes, but not limited to, notes payable, bonds payable, debentures, mortgage loans and commercial paper. Excludes capital lease obligations.""}"
"[""companyfacts-0000858877"",""us-gaap"",""LongTermDebtCurrent"",""USD"",""114""]","0000858877","companyfacts-0000858877","us-gaap","LongTermDebtCurrent","USD","114","3250000000","present","\N","2026-01-24","0000858877-26-000021","2026-02-17","10-Q","2026","Q2","CY2025Q4I","/facts/us-gaap/LongTermDebtCurrent/units/USD/114","{""end"":""2026-01-24"",""val"":3250000000,""accn"":""0000858877-26-000021"",""fy"":2026,""fp"":""Q2"",""form"":""10-Q"",""filed"":""2026-02-17"",""frame"":""CY2025Q4I""}","{""label"":""Long-term Debt, Current Maturities"",""description"":""Amount, after unamortized (discount) premium and debt issuance costs, of long-term debt, classified as current. Includes, but not limited to, notes payable, bonds payable, debentures, mortgage loans and commercial paper. Excludes capital lease obligations.""}"
"[""companyfacts-0000858877"",""us-gaap"",""LongTermDebtCurrent"",""USD"",""115""]","0000858877","companyfacts-0000858877","us-gaap","LongTermDebtCurrent","USD","115","3498000000","present","\N","2026-04-25","0000858877-26-000078","2026-05-19","10-Q","2026","Q3","CY2026Q1I","/facts/us-gaap/LongTermDebtCurrent/units/USD/115","{""end"":""2026-04-25"",""val"":3498000000,""accn"":""0000858877-26-000078"",""fy"":2026,""fp"":""Q3"",""form"":""10-Q"",""filed"":""2026-05-19"",""frame"":""CY2026Q1I""}","{""label"":""Long-term Debt, Current Maturities"",""description"":""Amount, after unamortized (discount) premium and debt issuance costs, of long-term debt, classified as current. Includes, but not limited to, notes payable, bonds payable, debentures, mortgage loans and commercial paper. Excludes capital lease obligations.""}"
"[""companyfacts-0000858877"",""us-gaap"",""LongTermDebtCurrent"",""USD"",""116""]","0000858877","companyfacts-0000858877","us-gaap","LongTermDebtCurrent","USD","116","3500000000","present","\N","2026-07-25","0000858877-26-000132","2026-09-02","10-K","2026","FY","CY2026Q2I","/facts/us-gaap/LongTermDebtCurrent/units/USD/116","{""end"":""2026-07-25"",""val"":3500000000,""accn"":""0000858877-26-000132"",""fy"":2026,""fp"":""FY"",""form"":""10-K"",""filed"":""2026-09-02"",""frame"":""CY2026Q2I""}","{""label"":""Long-term Debt, Current Maturities"",""description"":""Amount, after unamortized (discount) premium and debt issuance costs, of long-term debt, classified as current. Includes, but not limited to, notes payable, bonds payable, debentures, mortgage loans and commercial paper. Excludes capital lease obligations.""}"
"[""companyfacts-0000858877"",""us-gaap"",""LongTermDebtNoncurrent"",""USD"",""130""]","0000858877","companyfacts-0000858877","us-gaap","LongTermDebtNoncurrent","USD","130","22861000000","present","\N","2025-07-26","0000858877-25-000171","2025-11-18","10-Q","2026","Q1","\N","/facts/us-gaap/LongTermDebtNoncurrent/units/USD/130","{""end"":""2025-07-26"",""val"":22861000000,""accn"":""0000858877-25-000171"",""fy"":2026,""fp"":""Q1"",""form"":""10-Q"",""filed"":""2025-11-18""}","{""label"":""Long-term Debt, Excluding Current Maturities"",""description"":""Amount after unamortized (discount) premium and debt issuance costs of long-term debt classified as noncurrent and excluding amounts to be repaid within one year or the normal operating cycle, if longer. Includes, but not limited to, notes payable, bonds payable, debentures, mortgage loans and commercial paper. Excludes capital lease obligations.""}"
"[""companyfacts-0000858877"",""us-gaap"",""LongTermDebtNoncurrent"",""USD"",""131""]","0000858877","companyfacts-0000858877","us-gaap","LongTermDebtNoncurrent","USD","131","22861000000","present","\N","2025-07-26","0000858877-26-000021","2026-02-17","10-Q","2026","Q2","\N","/facts/us-gaap/LongTermDebtNoncurrent/units/USD/131","{""end"":""2025-07-26"",""val"":22861000000,""accn"":""0000858877-26-000021"",""fy"":2026,""fp"":""Q2"",""form"":""10-Q"",""filed"":""2026-02-17""}","{""label"":""Long-term Debt, Excluding Current Maturities"",""description"":""Amount after unamortized (discount) premium and debt issuance costs of long-term debt classified as noncurrent and excluding amounts to be repaid within one year or the normal operating cycle, if longer. Includes, but not limited to, notes payable, bonds payable, debentures, mortgage loans and commercial paper. Excludes capital lease obligations.""}"
"[""companyfacts-0000858877"",""us-gaap"",""LongTermDebtNoncurrent"",""USD"",""132""]","0000858877","companyfacts-0000858877","us-gaap","LongTermDebtNoncurrent","USD","132","22861000000","present","\N","2025-07-26","0000858877-26-000078","2026-05-19","10-Q","2026","Q3","\N","/facts/us-gaap/LongTermDebtNoncurrent/units/USD/132","{""end"":""2025-07-26"",""val"":22861000000,""accn"":""0000858877-26-000078"",""fy"":2026,""fp"":""Q3"",""form"":""10-Q"",""filed"":""2026-05-19""}","{""label"":""Long-term Debt, Excluding Current Maturities"",""description"":""Amount after unamortized (discount) premium and debt issuance costs of long-term debt classified as noncurrent and excluding amounts to be repaid within one year or the normal operating cycle, if longer. Includes, but not limited to, notes payable, bonds payable, debentures, mortgage loans and commercial paper. Excludes capital lease obligations.""}"
"[""companyfacts-0000858877"",""us-gaap"",""LongTermDebtNoncurrent"",""USD"",""133""]","0000858877","companyfacts-0000858877","us-gaap","LongTermDebtNoncurrent","USD","133","22861000000","present","\N","2025-07-26","0000858877-26-000132","2026-09-02","10-K","2026","FY","CY2025Q2I","/facts/us-gaap/LongTermDebtNoncurrent/units/USD/133","{""end"":""2025-07-26"",""val"":22861000000,""accn"":""0000858877-26-000132"",""fy"":2026,""fp"":""FY"",""form"":""10-K"",""filed"":""2026-09-02"",""frame"":""CY2025Q2I""}","{""label"":""Long-term Debt, Excluding Current Maturities"",""description"":""Amount after unamortized (discount) premium and debt issuance costs of long-term debt classified as noncurrent and excluding amounts to be repaid within one year or the normal operating cycle, if longer. Includes, but not limited to, notes payable, bonds payable, debentures, mortgage loans and commercial paper. Excludes capital lease obligations.""}"
"[""companyfacts-0000858877"",""us-gaap"",""LongTermDebtNoncurrent"",""USD"",""134""]","0000858877","companyfacts-0000858877","us-gaap","LongTermDebtNoncurrent","USD","134","21364000000","present","\N","2025-10-25","0000858877-25-000171","2025-11-18","10-Q","2026","Q1","CY2025Q3I","/facts/us-gaap/LongTermDebtNoncurrent/units/USD/134","{""end"":""2025-10-25"",""val"":21364000000,""accn"":""0000858877-25-000171"",""fy"":2026,""fp"":""Q1"",""form"":""10-Q"",""filed"":""2025-11-18"",""frame"":""CY2025Q3I""}","{""label"":""Long-term Debt, Excluding Current Maturities"",""description"":""Amount after unamortized (discount) premium and debt issuance costs of long-term debt classified as noncurrent and excluding amounts to be repaid within one year or the normal operating cycle, if longer. Includes, but not limited to, notes payable, bonds payable, debentures, mortgage loans and commercial paper. Excludes capital lease obligations.""}"
"[""companyfacts-0000858877"",""us-gaap"",""LongTermDebtNoncurrent"",""USD"",""135""]","0000858877","companyfacts-0000858877","us-gaap","LongTermDebtNoncurrent","USD","135","21367000000","present","\N","2026-01-24","0000858877-26-000021","2026-02-17","10-Q","2026","Q2","CY2025Q4I","/facts/us-gaap/LongTermDebtNoncurrent/units/USD/135","{""end"":""2026-01-24"",""val"":21367000000,""accn"":""0000858877-26-000021"",""fy"":2026,""fp"":""Q2"",""form"":""10-Q"",""filed"":""2026-02-17"",""frame"":""CY2025Q4I""}","{""label"":""Long-term Debt, Excluding Current Maturities"",""description"":""Amount after unamortized (discount) premium and debt issuance costs of long-term debt classified as noncurrent and excluding amounts to be repaid within one year or the normal operating cycle, if longer. Includes, but not limited to, notes payable, bonds payable, debentures, mortgage loans and commercial paper. Excludes capital lease obligations.""}"
"[""companyfacts-0000858877"",""us-gaap"",""LongTermDebtNoncurrent"",""USD"",""136""]","0000858877","companyfacts-0000858877","us-gaap","LongTermDebtNoncurrent","USD","136","19371000000","present","\N","2026-04-25","0000858877-26-000078","2026-05-19","10-Q","2026","Q3","CY2026Q1I","/facts/us-gaap/LongTermDebtNoncurrent/units/USD/136","{""end"":""2026-04-25"",""val"":19371000000,""accn"":""0000858877-26-000078"",""fy"":2026,""fp"":""Q3"",""form"":""10-Q"",""filed"":""2026-05-19"",""frame"":""CY2026Q1I""}","{""label"":""Long-term Debt, Excluding Current Maturities"",""description"":""Amount after unamortized (discount) premium and debt issuance costs of long-term debt classified as noncurrent and excluding amounts to be repaid within one year or the normal operating cycle, if longer. Includes, but not limited to, notes payable, bonds payable, debentures, mortgage loans and commercial paper. Excludes capital lease obligations.""}"
"[""companyfacts-0000858877"",""us-gaap"",""LongTermDebtNoncurrent"",""USD"",""137""]","0000858877","companyfacts-0000858877","us-gaap","LongTermDebtNoncurrent","USD","137","19372000000","present","\N","2026-07-25","0000858877-26-000132","2026-09-02","10-K","2026","FY","CY2026Q2I","/facts/us-gaap/LongTermDebtNoncurrent/units/USD/137","{""end"":""2026-07-25"",""val"":19372000000,""accn"":""0000858877-26-000132"",""fy"":2026,""fp"":""FY"",""form"":""10-K"",""filed"":""2026-09-02"",""frame"":""CY2026Q2I""}","{""label"":""Long-term Debt, Excluding Current Maturities"",""description"":""Amount after unamortized (discount) premium and debt issuance costs of long-term debt classified as noncurrent and excluding amounts to be repaid within one year or the normal operating cycle, if longer. Includes, but not limited to, notes payable, bonds payable, debentures, mortgage loans and commercial paper. Excludes capital lease obligations.""}"
"[""companyfacts-0000858877"",""us-gaap"",""RevenueFromContractWithCustomerExcludingAssessedTax"",""USD"",""101""]","0000858877","companyfacts-0000858877","us-gaap","RevenueFromContractWithCustomerExcludingAssessedTax","USD","101","53803000000","present","2023-07-30","2024-07-27","0000858877-26-000132","2026-09-02","10-K","2026","FY","CY2024","/facts/us-gaap/RevenueFromContractWithCustomerExcludingAssessedTax/units/USD/101","{""start"":""2023-07-30"",""end"":""2024-07-27"",""val"":53803000000,""accn"":""0000858877-26-000132"",""fy"":2026,""fp"":""FY"",""form"":""10-K"",""filed"":""2026-09-02"",""frame"":""CY2024""}","{""label"":""Revenue from Contract with Customer, Excluding Assessed Tax"",""description"":""Amount, excluding tax collected from customer, of revenue from satisfaction of performance obligation by transferring promised good or service to customer. Tax collected from customer is tax assessed by governmental authority that is both imposed on and concurrent with specific revenue-producing transaction, including, but not limited to, sales, use, value added and excise.""}"
"[""companyfacts-0000858877"",""us-gaap"",""RevenueFromContractWithCustomerExcludingAssessedTax"",""USD"",""103""]","0000858877","companyfacts-0000858877","us-gaap","RevenueFromContractWithCustomerExcludingAssessedTax","USD","103","13841000000","present","2024-07-28","2024-10-26","0000858877-25-000171","2025-11-18","10-Q","2026","Q1","CY2024Q3","/facts/us-gaap/RevenueFromContractWithCustomerExcludingAssessedTax/units/USD/103","{""start"":""2024-07-28"",""end"":""2024-10-26"",""val"":13841000000,""accn"":""0000858877-25-000171"",""fy"":2026,""fp"":""Q1"",""form"":""10-Q"",""filed"":""2025-11-18"",""frame"":""CY2024Q3""}","{""label"":""Revenue from Contract with Customer, Excluding Assessed Tax"",""description"":""Amount, excluding tax collected from customer, of revenue from satisfaction of performance obligation by transferring promised good or service to customer. Tax collected from customer is tax assessed by governmental authority that is both imposed on and concurrent with specific revenue-producing transaction, including, but not limited to, sales, use, value added and excise.""}"
"[""companyfacts-0000858877"",""us-gaap"",""RevenueFromContractWithCustomerExcludingAssessedTax"",""USD"",""105""]","0000858877","companyfacts-0000858877","us-gaap","RevenueFromContractWithCustomerExcludingAssessedTax","USD","105","27832000000","present","2024-07-28","2025-01-25","0000858877-26-000021","2026-02-17","10-Q","2026","Q2","\N","/facts/us-gaap/RevenueFromContractWithCustomerExcludingAssessedTax/units/USD/105","{""start"":""2024-07-28"",""end"":""2025-01-25"",""val"":27832000000,""accn"":""0000858877-26-000021"",""fy"":2026,""fp"":""Q2"",""form"":""10-Q"",""filed"":""2026-02-17""}","{""label"":""Revenue from Contract with Customer, Excluding Assessed Tax"",""description"":""Amount, excluding tax collected from customer, of revenue from satisfaction of performance obligation by transferring promised good or service to customer. Tax collected from customer is tax assessed by governmental authority that is both imposed on and concurrent with specific revenue-producing transaction, including, but not limited to, sales, use, value added and excise.""}"
"[""companyfacts-0000858877"",""us-gaap"",""RevenueFromContractWithCustomerExcludingAssessedTax"",""USD"",""107""]","0000858877","companyfacts-0000858877","us-gaap","RevenueFromContractWithCustomerExcludingAssessedTax","USD","107","13991000000","present","2024-10-27","2025-01-25","0000858877-26-000021","2026-02-17","10-Q","2026","Q2","CY2024Q4","/facts/us-gaap/RevenueFromContractWithCustomerExcludingAssessedTax/units/USD/107","{""start"":""2024-10-27"",""end"":""2025-01-25"",""val"":13991000000,""accn"":""0000858877-26-000021"",""fy"":2026,""fp"":""Q2"",""form"":""10-Q"",""filed"":""2026-02-17"",""frame"":""CY2024Q4""}","{""label"":""Revenue from Contract with Customer, Excluding Assessed Tax"",""description"":""Amount, excluding tax collected from customer, of revenue from satisfaction of performance obligation by transferring promised good or service to customer. Tax collected from customer is tax assessed by governmental authority that is both imposed on and concurrent with specific revenue-producing transaction, including, but not limited to, sales, use, value added and excise.""}"
"[""companyfacts-0000858877"",""us-gaap"",""RevenueFromContractWithCustomerExcludingAssessedTax"",""USD"",""109""]","0000858877","companyfacts-0000858877","us-gaap","RevenueFromContractWithCustomerExcludingAssessedTax","USD","109","41981000000","present","2024-07-28","2025-04-26","0000858877-26-000078","2026-05-19","10-Q","2026","Q3","\N","/facts/us-gaap/RevenueFromContractWithCustomerExcludingAssessedTax/units/USD/109","{""start"":""2024-07-28"",""end"":""2025-04-26"",""val"":41981000000,""accn"":""0000858877-26-000078"",""fy"":2026,""fp"":""Q3"",""form"":""10-Q"",""filed"":""2026-05-19""}","{""label"":""Revenue from Contract with Customer, Excluding Assessed Tax"",""description"":""Amount, excluding tax collected from customer, of revenue from satisfaction of performance obligation by transferring promised good or service to customer. Tax collected from customer is tax assessed by governmental authority that is both imposed on and concurrent with specific revenue-producing transaction, including, but not limited to, sales, use, value added and excise.""}"
"[""companyfacts-0000858877"",""us-gaap"",""RevenueFromContractWithCustomerExcludingAssessedTax"",""USD"",""111""]","0000858877","companyfacts-0000858877","us-gaap","RevenueFromContractWithCustomerExcludingAssessedTax","USD","111","14149000000","present","2025-01-26","2025-04-26","0000858877-26-000078","2026-05-19","10-Q","2026","Q3","CY2025Q1","/facts/us-gaap/RevenueFromContractWithCustomerExcludingAssessedTax/units/USD/111","{""start"":""2025-01-26"",""end"":""2025-04-26"",""val"":14149000000,""accn"":""0000858877-26-000078"",""fy"":2026,""fp"":""Q3"",""form"":""10-Q"",""filed"":""2026-05-19"",""frame"":""CY2025Q1""}","{""label"":""Revenue from Contract with Customer, Excluding Assessed Tax"",""description"":""Amount, excluding tax collected from customer, of revenue from satisfaction of performance obligation by transferring promised good or service to customer. Tax collected from customer is tax assessed by governmental authority that is both imposed on and concurrent with specific revenue-producing transaction, including, but not limited to, sales, use, value added and excise.""}"
"[""companyfacts-0000858877"",""us-gaap"",""RevenueFromContractWithCustomerExcludingAssessedTax"",""USD"",""113""]","0000858877","companyfacts-0000858877","us-gaap","RevenueFromContractWithCustomerExcludingAssessedTax","USD","113","56654000000","present","2024-07-28","2025-07-26","0000858877-26-000132","2026-09-02","10-K","2026","FY","CY2025","/facts/us-gaap/RevenueFromContractWithCustomerExcludingAssessedTax/units/USD/113","{""start"":""2024-07-28"",""end"":""2025-07-26"",""val"":56654000000,""accn"":""0000858877-26-000132"",""fy"":2026,""fp"":""FY"",""form"":""10-K"",""filed"":""2026-09-02"",""frame"":""CY2025""}","{""label"":""Revenue from Contract with Customer, Excluding Assessed Tax"",""description"":""Amount, excluding tax collected from customer, of revenue from satisfaction of performance obligation by transferring promised good or service to customer. Tax collected from customer is tax assessed by governmental authority that is both imposed on and concurrent with specific revenue-producing transaction, including, but not limited to, sales, use, value added and excise.""}"
"[""companyfacts-0000858877"",""us-gaap"",""RevenueFromContractWithCustomerExcludingAssessedTax"",""USD"",""114""]","0000858877","companyfacts-0000858877","us-gaap","RevenueFromContractWithCustomerExcludingAssessedTax","USD","114","14883000000","present","2025-07-27","2025-10-25","0000858877-25-000171","2025-11-18","10-Q","2026","Q1","CY2025Q3","/facts/us-gaap/RevenueFromContractWithCustomerExcludingAssessedTax/units/USD/114","{""start"":""2025-07-27"",""end"":""2025-10-25"",""val"":14883000000,""accn"":""0000858877-25-000171"",""fy"":2026,""fp"":""Q1"",""form"":""10-Q"",""filed"":""2025-11-18"",""frame"":""CY2025Q3""}","{""label"":""Revenue from Contract with Customer, Excluding Assessed Tax"",""description"":""Amount, excluding tax collected from customer, of revenue from satisfaction of performance obligation by transferring promised good or service to customer. Tax collected from customer is tax assessed by governmental authority that is both imposed on and concurrent with specific revenue-producing transaction, including, but not limited to, sales, use, value added and excise.""}"
"[""companyfacts-0000858877"",""us-gaap"",""RevenueFromContractWithCustomerExcludingAssessedTax"",""USD"",""115""]","0000858877","companyfacts-0000858877","us-gaap","RevenueFromContractWithCustomerExcludingAssessedTax","USD","115","30232000000","present","2025-07-27","2026-01-24","0000858877-26-000021","2026-02-17","10-Q","2026","Q2","\N","/facts/us-gaap/RevenueFromContractWithCustomerExcludingAssessedTax/units/USD/115","{""start"":""2025-07-27"",""end"":""2026-01-24"",""val"":30232000000,""accn"":""0000858877-26-000021"",""fy"":2026,""fp"":""Q2"",""form"":""10-Q"",""filed"":""2026-02-17""}","{""label"":""Revenue from Contract with Customer, Excluding Assessed Tax"",""description"":""Amount, excluding tax collected from customer, of revenue from satisfaction of performance obligation by transferring promised good or service to customer. Tax collected from customer is tax assessed by governmental authority that is both imposed on and concurrent with specific revenue-producing transaction, including, but not limited to, sales, use, value added and excise.""}"
"[""companyfacts-0000858877"",""us-gaap"",""RevenueFromContractWithCustomerExcludingAssessedTax"",""USD"",""116""]","0000858877","companyfacts-0000858877","us-gaap","RevenueFromContractWithCustomerExcludingAssessedTax","USD","116","15349000000","present","2025-10-26","2026-01-24","0000858877-26-000021","2026-02-17","10-Q","2026","Q2","CY2025Q4","/facts/us-gaap/RevenueFromContractWithCustomerExcludingAssessedTax/units/USD/116","{""start"":""2025-10-26"",""end"":""2026-01-24"",""val"":15349000000,""accn"":""0000858877-26-000021"",""fy"":2026,""fp"":""Q2"",""form"":""10-Q"",""filed"":""2026-02-17"",""frame"":""CY2025Q4""}","{""label"":""Revenue from Contract with Customer, Excluding Assessed Tax"",""description"":""Amount, excluding tax collected from customer, of revenue from satisfaction of performance obligation by transferring promised good or service to customer. Tax collected from customer is tax assessed by governmental authority that is both imposed on and concurrent with specific revenue-producing transaction, including, but not limited to, sales, use, value added and excise.""}"
"[""companyfacts-0000858877"",""us-gaap"",""RevenueFromContractWithCustomerExcludingAssessedTax"",""USD"",""117""]","0000858877","companyfacts-0000858877","us-gaap","RevenueFromContractWithCustomerExcludingAssessedTax","USD","117","46073000000","present","2025-07-27","2026-04-25","0000858877-26-000078","2026-05-19","10-Q","2026","Q3","\N","/facts/us-gaap/RevenueFromContractWithCustomerExcludingAssessedTax/units/USD/117","{""start"":""2025-07-27"",""end"":""2026-04-25"",""val"":46073000000,""accn"":""0000858877-26-000078"",""fy"":2026,""fp"":""Q3"",""form"":""10-Q"",""filed"":""2026-05-19""}","{""label"":""Revenue from Contract with Customer, Excluding Assessed Tax"",""description"":""Amount, excluding tax collected from customer, of revenue from satisfaction of performance obligation by transferring promised good or service to customer. Tax collected from customer is tax assessed by governmental authority that is both imposed on and concurrent with specific revenue-producing transaction, including, but not limited to, sales, use, value added and excise.""}"
"[""companyfacts-0000858877"",""us-gaap"",""RevenueFromContractWithCustomerExcludingAssessedTax"",""USD"",""118""]","0000858877","companyfacts-0000858877","us-gaap","RevenueFromContractWithCustomerExcludingAssessedTax","USD","118","15841000000","present","2026-01-25","2026-04-25","0000858877-26-000078","2026-05-19","10-Q","2026","Q3","CY2026Q1","/facts/us-gaap/RevenueFromContractWithCustomerExcludingAssessedTax/units/USD/118","{""start"":""2026-01-25"",""end"":""2026-04-25"",""val"":15841000000,""accn"":""0000858877-26-000078"",""fy"":2026,""fp"":""Q3"",""form"":""10-Q"",""filed"":""2026-05-19"",""frame"":""CY2026Q1""}","{""label"":""Revenue from Contract with Customer, Excluding Assessed Tax"",""description"":""Amount, excluding tax collected from customer, of revenue from satisfaction of performance obligation by transferring promised good or service to customer. Tax collected from customer is tax assessed by governmental authority that is both imposed on and concurrent with specific revenue-producing transaction, including, but not limited to, sales, use, value added and excise.""}"
"[""companyfacts-0000858877"",""us-gaap"",""RevenueFromContractWithCustomerExcludingAssessedTax"",""USD"",""119""]","0000858877","companyfacts-0000858877","us-gaap","RevenueFromContractWithCustomerExcludingAssessedTax","USD","119","63325000000","present","2025-07-27","2026-07-25","0000858877-26-000132","2026-09-02","10-K","2026","FY","CY2026","/facts/us-gaap/RevenueFromContractWithCustomerExcludingAssessedTax/units/USD/119","{""start"":""2025-07-27"",""end"":""2026-07-25"",""val"":63325000000,""accn"":""0000858877-26-000132"",""fy"":2026,""fp"":""FY"",""form"":""10-K"",""filed"":""2026-09-02"",""frame"":""CY2026""}","{""label"":""Revenue from Contract with Customer, Excluding Assessed Tax"",""description"":""Amount, excluding tax collected from customer, of revenue from satisfaction of performance obligation by transferring promised good or service to customer. Tax collected from customer is tax assessed by governmental authority that is both imposed on and concurrent with specific revenue-producing transaction, including, but not limited to, sales, use, value added and excise.""}"
"[""companyfacts-0000063908"",""us-gaap"",""CashAndCashEquivalentsAtCarryingValue"",""USD"",""282""]","0000063908","companyfacts-0000063908","us-gaap","CashAndCashEquivalentsAtCarryingValue","USD","282","1085000000","present","\N","2024-12-31","0000063908-25-000059","2025-11-05","10-Q","2025","Q3","\N","/facts/us-gaap/CashAndCashEquivalentsAtCarryingValue/units/USD/282","{""end"":""2024-12-31"",""val"":1085000000,""accn"":""0000063908-25-000059"",""fy"":2025,""fp"":""Q3"",""form"":""10-Q"",""filed"":""2025-11-05""}","{""label"":""Cash and Cash Equivalents, at Carrying Value"",""description"":""Amount of currency on hand as well as demand deposits with banks or financial institutions. Includes other kinds of accounts that have the general characteristics of demand deposits. Also includes short-term, highly liquid investments that are both readily convertible to known amounts of cash and so near their maturity that they present insignificant risk of changes in value because of changes in interest rates. Excludes cash and cash equivalents within disposal group and discontinued operation.""}"
"[""companyfacts-0000063908"",""us-gaap"",""CashAndCashEquivalentsAtCarryingValue"",""USD"",""283""]","0000063908","companyfacts-0000063908","us-gaap","CashAndCashEquivalentsAtCarryingValue","USD","283","1085000000","present","\N","2024-12-31","0000063908-26-000035","2026-02-24","10-K","2025","FY","CY2024Q4I","/facts/us-gaap/CashAndCashEquivalentsAtCarryingValue/units/USD/283","{""end"":""2024-12-31"",""val"":1085000000,""accn"":""0000063908-26-000035"",""fy"":2025,""fp"":""FY"",""form"":""10-K"",""filed"":""2026-02-24"",""frame"":""CY2024Q4I""}","{""label"":""Cash and Cash Equivalents, at Carrying Value"",""description"":""Amount of currency on hand as well as demand deposits with banks or financial institutions. Includes other kinds of accounts that have the general characteristics of demand deposits. Also includes short-term, highly liquid investments that are both readily convertible to known amounts of cash and so near their maturity that they present insignificant risk of changes in value because of changes in interest rates. Excludes cash and cash equivalents within disposal group and discontinued operation.""}"
"[""companyfacts-0000063908"",""us-gaap"",""CashAndCashEquivalentsAtCarryingValue"",""USD"",""286""]","0000063908","companyfacts-0000063908","us-gaap","CashAndCashEquivalentsAtCarryingValue","USD","286","2413000000","present","\N","2025-09-30","0000063908-25-000059","2025-11-05","10-Q","2025","Q3","CY2025Q3I","/facts/us-gaap/CashAndCashEquivalentsAtCarryingValue/units/USD/286","{""end"":""2025-09-30"",""val"":2413000000,""accn"":""0000063908-25-000059"",""fy"":2025,""fp"":""Q3"",""form"":""10-Q"",""filed"":""2025-11-05"",""frame"":""CY2025Q3I""}","{""label"":""Cash and Cash Equivalents, at Carrying Value"",""description"":""Amount of currency on hand as well as demand deposits with banks or financial institutions. Includes other kinds of accounts that have the general characteristics of demand deposits. Also includes short-term, highly liquid investments that are both readily convertible to known amounts of cash and so near their maturity that they present insignificant risk of changes in value because of changes in interest rates. Excludes cash and cash equivalents within disposal group and discontinued operation.""}"
"[""companyfacts-0000063908"",""us-gaap"",""CashAndCashEquivalentsAtCarryingValue"",""USD"",""287""]","0000063908","companyfacts-0000063908","us-gaap","CashAndCashEquivalentsAtCarryingValue","USD","287","774000000","present","\N","2025-12-31","0000063908-26-000035","2026-02-24","10-K","2025","FY","\N","/facts/us-gaap/CashAndCashEquivalentsAtCarryingValue/units/USD/287","{""end"":""2025-12-31"",""val"":774000000,""accn"":""0000063908-26-000035"",""fy"":2025,""fp"":""FY"",""form"":""10-K"",""filed"":""2026-02-24""}","{""label"":""Cash and Cash Equivalents, at Carrying Value"",""description"":""Amount of currency on hand as well as demand deposits with banks or financial institutions. Includes other kinds of accounts that have the general characteristics of demand deposits. Also includes short-term, highly liquid investments that are both readily convertible to known amounts of cash and so near their maturity that they present insignificant risk of changes in value because of changes in interest rates. Excludes cash and cash equivalents within disposal group and discontinued operation.""}"
"[""companyfacts-0000063908"",""us-gaap"",""CashAndCashEquivalentsAtCarryingValue"",""USD"",""288""]","0000063908","companyfacts-0000063908","us-gaap","CashAndCashEquivalentsAtCarryingValue","USD","288","774000000","present","\N","2025-12-31","0000063908-26-000051","2026-05-07","10-Q","2026","Q1","\N","/facts/us-gaap/CashAndCashEquivalentsAtCarryingValue/units/USD/288","{""end"":""2025-12-31"",""val"":774000000,""accn"":""0000063908-26-000051"",""fy"":2026,""fp"":""Q1"",""form"":""10-Q"",""filed"":""2026-05-07""}","{""label"":""Cash and Cash Equivalents, at Carrying Value"",""description"":""Amount of currency on hand as well as demand deposits with banks or financial institutions. Includes other kinds of accounts that have the general characteristics of demand deposits. Also includes short-term, highly liquid investments that are both readily convertible to known amounts of cash and so near their maturity that they present insignificant risk of changes in value because of changes in interest rates. Excludes cash and cash equivalents within disposal group and discontinued operation.""}"
"[""companyfacts-0000063908"",""us-gaap"",""CashAndCashEquivalentsAtCarryingValue"",""USD"",""289""]","0000063908","companyfacts-0000063908","us-gaap","CashAndCashEquivalentsAtCarryingValue","USD","289","774000000","present","\N","2025-12-31","0000063908-26-000073","2026-08-07","10-Q","2026","Q2","CY2025Q4I","/facts/us-gaap/CashAndCashEquivalentsAtCarryingValue/units/USD/289","{""end"":""2025-12-31"",""val"":774000000,""accn"":""0000063908-26-000073"",""fy"":2026,""fp"":""Q2"",""form"":""10-Q"",""filed"":""2026-08-07"",""frame"":""CY2025Q4I""}","{""label"":""Cash and Cash Equivalents, at Carrying Value"",""description"":""Amount of currency on hand as well as demand deposits with banks or financial institutions. Includes other kinds of accounts that have the general characteristics of demand deposits. Also includes short-term, highly liquid investments that are both readily convertible to known amounts of cash and so near their maturity that they present insignificant risk of changes in value because of changes in interest rates. Excludes cash and cash equivalents within disposal group and discontinued operation.""}"
"[""companyfacts-0000063908"",""us-gaap"",""CashAndCashEquivalentsAtCarryingValue"",""USD"",""290""]","0000063908","companyfacts-0000063908","us-gaap","CashAndCashEquivalentsAtCarryingValue","USD","290","1170000000","present","\N","2026-03-31","0000063908-26-000051","2026-05-07","10-Q","2026","Q1","CY2026Q1I","/facts/us-gaap/CashAndCashEquivalentsAtCarryingValue/units/USD/290","{""end"":""2026-03-31"",""val"":1170000000,""accn"":""0000063908-26-000051"",""fy"":2026,""fp"":""Q1"",""form"":""10-Q"",""filed"":""2026-05-07"",""frame"":""CY2026Q1I""}","{""label"":""Cash and Cash Equivalents, at Carrying Value"",""description"":""Amount of currency on hand as well as demand deposits with banks or financial institutions. Includes other kinds of accounts that have the general characteristics of demand deposits. Also includes short-term, highly liquid investments that are both readily convertible to known amounts of cash and so near their maturity that they present insignificant risk of changes in value because of changes in interest rates. Excludes cash and cash equivalents within disposal group and discontinued operation.""}"
"[""companyfacts-0000063908"",""us-gaap"",""CashAndCashEquivalentsAtCarryingValue"",""USD"",""291""]","0000063908","companyfacts-0000063908","us-gaap","CashAndCashEquivalentsAtCarryingValue","USD","291","822000000","present","\N","2026-06-30","0000063908-26-000073","2026-08-07","10-Q","2026","Q2","CY2026Q2I","/facts/us-gaap/CashAndCashEquivalentsAtCarryingValue/units/USD/291","{""end"":""2026-06-30"",""val"":822000000,""accn"":""0000063908-26-000073"",""fy"":2026,""fp"":""Q2"",""form"":""10-Q"",""filed"":""2026-08-07"",""frame"":""CY2026Q2I""}","{""label"":""Cash and Cash Equivalents, at Carrying Value"",""description"":""Amount of currency on hand as well as demand deposits with banks or financial institutions. Includes other kinds of accounts that have the general characteristics of demand deposits. Also includes short-term, highly liquid investments that are both readily convertible to known amounts of cash and so near their maturity that they present insignificant risk of changes in value because of changes in interest rates. Excludes cash and cash equivalents within disposal group and discontinued operation.""}"
"[""companyfacts-0000063908"",""us-gaap"",""LongTermDebtCurrent"",""USD"",""65""]","0000063908","companyfacts-0000063908","us-gaap","LongTermDebtCurrent","USD","65","725000000","present","\N","2025-12-31","0000063908-26-000035","2026-02-24","10-K","2025","FY","CY2025Q4I","/facts/us-gaap/LongTermDebtCurrent/units/USD/65","{""end"":""2025-12-31"",""val"":725000000,""accn"":""0000063908-26-000035"",""fy"":2025,""fp"":""FY"",""form"":""10-K"",""filed"":""2026-02-24"",""frame"":""CY2025Q4I""}","{""label"":""Long-term Debt, Current Maturities"",""description"":""Amount, after unamortized (discount) premium and debt issuance costs, of long-term debt, classified as current. Includes, but not limited to, notes payable, bonds payable, debentures, mortgage loans and commercial paper. Excludes capital lease obligations.""}"
"[""companyfacts-0000063908"",""us-gaap"",""LongTermDebtNoncurrent"",""USD"",""128""]","0000063908","companyfacts-0000063908","us-gaap","LongTermDebtNoncurrent","USD","128","38424000000","present","\N","2024-12-31","0000063908-25-000059","2025-11-05","10-Q","2025","Q3","\N","/facts/us-gaap/LongTermDebtNoncurrent/units/USD/128","{""end"":""2024-12-31"",""val"":38424000000,""accn"":""0000063908-25-000059"",""fy"":2025,""fp"":""Q3"",""form"":""10-Q"",""filed"":""2025-11-05""}","{""label"":""Long-term Debt, Excluding Current Maturities"",""description"":""Amount after unamortized (discount) premium and debt issuance costs of long-term debt classified as noncurrent and excluding amounts to be repaid within one year or the normal operating cycle, if longer. Includes, but not limited to, notes payable, bonds payable, debentures, mortgage loans and commercial paper. Excludes capital lease obligations.""}"
"[""companyfacts-0000063908"",""us-gaap"",""LongTermDebtNoncurrent"",""USD"",""129""]","0000063908","companyfacts-0000063908","us-gaap","LongTermDebtNoncurrent","USD","129","38424000000","present","\N","2024-12-31","0000063908-26-000035","2026-02-24","10-K","2025","FY","CY2024Q4I","/facts/us-gaap/LongTermDebtNoncurrent/units/USD/129","{""end"":""2024-12-31"",""val"":38424000000,""accn"":""0000063908-26-000035"",""fy"":2025,""fp"":""FY"",""form"":""10-K"",""filed"":""2026-02-24"",""frame"":""CY2024Q4I""}","{""label"":""Long-term Debt, Excluding Current Maturities"",""description"":""Amount after unamortized (discount) premium and debt issuance costs of long-term debt classified as noncurrent and excluding amounts to be repaid within one year or the normal operating cycle, if longer. Includes, but not limited to, notes payable, bonds payable, debentures, mortgage loans and commercial paper. Excludes capital lease obligations.""}"
"[""companyfacts-0000063908"",""us-gaap"",""LongTermDebtNoncurrent"",""USD"",""132""]","0000063908","companyfacts-0000063908","us-gaap","LongTermDebtNoncurrent","USD","132","39483000000","present","\N","2025-09-30","0000063908-25-000059","2025-11-05","10-Q","2025","Q3","CY2025Q3I","/facts/us-gaap/LongTermDebtNoncurrent/units/USD/132","{""end"":""2025-09-30"",""val"":39483000000,""accn"":""0000063908-25-000059"",""fy"":2025,""fp"":""Q3"",""form"":""10-Q"",""filed"":""2025-11-05"",""frame"":""CY2025Q3I""}","{""label"":""Long-term Debt, Excluding Current Maturities"",""description"":""Amount after unamortized (discount) premium and debt issuance costs of long-term debt classified as noncurrent and excluding amounts to be repaid within one year or the normal operating cycle, if longer. Includes, but not limited to, notes payable, bonds payable, debentures, mortgage loans and commercial paper. Excludes capital lease obligations.""}"
"[""companyfacts-0000063908"",""us-gaap"",""LongTermDebtNoncurrent"",""USD"",""133""]","0000063908","companyfacts-0000063908","us-gaap","LongTermDebtNoncurrent","USD","133","39973000000","present","\N","2025-12-31","0000063908-26-000035","2026-02-24","10-K","2025","FY","\N","/facts/us-gaap/LongTermDebtNoncurrent/units/USD/133","{""end"":""2025-12-31"",""val"":39973000000,""accn"":""0000063908-26-000035"",""fy"":2025,""fp"":""FY"",""form"":""10-K"",""filed"":""2026-02-24""}","{""label"":""Long-term Debt, Excluding Current Maturities"",""description"":""Amount after unamortized (discount) premium and debt issuance costs of long-term debt classified as noncurrent and excluding amounts to be repaid within one year or the normal operating cycle, if longer. Includes, but not limited to, notes payable, bonds payable, debentures, mortgage loans and commercial paper. Excludes capital lease obligations.""}"
"[""companyfacts-0000063908"",""us-gaap"",""LongTermDebtNoncurrent"",""USD"",""134""]","0000063908","companyfacts-0000063908","us-gaap","LongTermDebtNoncurrent","USD","134","39973000000","present","\N","2025-12-31","0000063908-26-000051","2026-05-07","10-Q","2026","Q1","\N","/facts/us-gaap/LongTermDebtNoncurrent/units/USD/134","{""end"":""2025-12-31"",""val"":39973000000,""accn"":""0000063908-26-000051"",""fy"":2026,""fp"":""Q1"",""form"":""10-Q"",""filed"":""2026-05-07""}","{""label"":""Long-term Debt, Excluding Current Maturities"",""description"":""Amount after unamortized (discount) premium and debt issuance costs of long-term debt classified as noncurrent and excluding amounts to be repaid within one year or the normal operating cycle, if longer. Includes, but not limited to, notes payable, bonds payable, debentures, mortgage loans and commercial paper. Excludes capital lease obligations.""}"
"[""companyfacts-0000063908"",""us-gaap"",""LongTermDebtNoncurrent"",""USD"",""135""]","0000063908","companyfacts-0000063908","us-gaap","LongTermDebtNoncurrent","USD","135","39973000000","present","\N","2025-12-31","0000063908-26-000073","2026-08-07","10-Q","2026","Q2","CY2025Q4I","/facts/us-gaap/LongTermDebtNoncurrent/units/USD/135","{""end"":""2025-12-31"",""val"":39973000000,""accn"":""0000063908-26-000073"",""fy"":2026,""fp"":""Q2"",""form"":""10-Q"",""filed"":""2026-08-07"",""frame"":""CY2025Q4I""}","{""label"":""Long-term Debt, Excluding Current Maturities"",""description"":""Amount after unamortized (discount) premium and debt issuance costs of long-term debt classified as noncurrent and excluding amounts to be repaid within one year or the normal operating cycle, if longer. Includes, but not limited to, notes payable, bonds payable, debentures, mortgage loans and commercial paper. Excludes capital lease obligations.""}"
"[""companyfacts-0000063908"",""us-gaap"",""LongTermDebtNoncurrent"",""USD"",""136""]","0000063908","companyfacts-0000063908","us-gaap","LongTermDebtNoncurrent","USD","136","40105000000","present","\N","2026-03-31","0000063908-26-000051","2026-05-07","10-Q","2026","Q1","CY2026Q1I","/facts/us-gaap/LongTermDebtNoncurrent/units/USD/136","{""end"":""2026-03-31"",""val"":40105000000,""accn"":""0000063908-26-000051"",""fy"":2026,""fp"":""Q1"",""form"":""10-Q"",""filed"":""2026-05-07"",""frame"":""CY2026Q1I""}","{""label"":""Long-term Debt, Excluding Current Maturities"",""description"":""Amount after unamortized (discount) premium and debt issuance costs of long-term debt classified as noncurrent and excluding amounts to be repaid within one year or the normal operating cycle, if longer. Includes, but not limited to, notes payable, bonds payable, debentures, mortgage loans and commercial paper. Excludes capital lease obligations.""}"
"[""companyfacts-0000063908"",""us-gaap"",""LongTermDebtNoncurrent"",""USD"",""137""]","0000063908","companyfacts-0000063908","us-gaap","LongTermDebtNoncurrent","USD","137","39863000000","present","\N","2026-06-30","0000063908-26-000073","2026-08-07","10-Q","2026","Q2","CY2026Q2I","/facts/us-gaap/LongTermDebtNoncurrent/units/USD/137","{""end"":""2026-06-30"",""val"":39863000000,""accn"":""0000063908-26-000073"",""fy"":2026,""fp"":""Q2"",""form"":""10-Q"",""filed"":""2026-08-07"",""frame"":""CY2026Q2I""}","{""label"":""Long-term Debt, Excluding Current Maturities"",""description"":""Amount after unamortized (discount) premium and debt issuance costs of long-term debt classified as noncurrent and excluding amounts to be repaid within one year or the normal operating cycle, if longer. Includes, but not limited to, notes payable, bonds payable, debentures, mortgage loans and commercial paper. Excludes capital lease obligations.""}"
"[""companyfacts-0000063908"",""us-gaap"",""Revenues"",""USD"",""280""]","0000063908","companyfacts-0000063908","us-gaap","Revenues","USD","280","25494000000","present","2023-01-01","2023-12-31","0000063908-26-000035","2026-02-24","10-K","2025","FY","CY2023","/facts/us-gaap/Revenues/units/USD/280","{""start"":""2023-01-01"",""end"":""2023-12-31"",""val"":25494000000,""accn"":""0000063908-26-000035"",""fy"":2025,""fp"":""FY"",""form"":""10-K"",""filed"":""2026-02-24"",""frame"":""CY2023""}","{""label"":""Revenues"",""description"":""Amount of revenue recognized from goods sold, services rendered, insurance premiums, or other activities that constitute an earning process. Includes, but is not limited to, investment and interest income before deduction of interest expense when recognized as a component of revenue, and sales and trading gain (loss).""}"
"[""companyfacts-0000063908"",""us-gaap"",""Revenues"",""USD"",""288""]","0000063908","companyfacts-0000063908","us-gaap","Revenues","USD","288","19532000000","present","2024-01-01","2024-09-30","0000063908-25-000059","2025-11-05","10-Q","2025","Q3","\N","/facts/us-gaap/Revenues/units/USD/288","{""start"":""2024-01-01"",""end"":""2024-09-30"",""val"":19532000000,""accn"":""0000063908-25-000059"",""fy"":2025,""fp"":""Q3"",""form"":""10-Q"",""filed"":""2025-11-05""}","{""label"":""Revenues"",""description"":""Amount of revenue recognized from goods sold, services rendered, insurance premiums, or other activities that constitute an earning process. Includes, but is not limited to, investment and interest income before deduction of interest expense when recognized as a component of revenue, and sales and trading gain (loss).""}"
"[""companyfacts-0000063908"",""us-gaap"",""Revenues"",""USD"",""290""]","0000063908","companyfacts-0000063908","us-gaap","Revenues","USD","290","6873000000","present","2024-07-01","2024-09-30","0000063908-25-000059","2025-11-05","10-Q","2025","Q3","CY2024Q3","/facts/us-gaap/Revenues/units/USD/290","{""start"":""2024-07-01"",""end"":""2024-09-30"",""val"":6873000000,""accn"":""0000063908-25-000059"",""fy"":2025,""fp"":""Q3"",""form"":""10-Q"",""filed"":""2025-11-05"",""frame"":""CY2024Q3""}","{""label"":""Revenues"",""description"":""Amount of revenue recognized from goods sold, services rendered, insurance premiums, or other activities that constitute an earning process. Includes, but is not limited to, investment and interest income before deduction of interest expense when recognized as a component of revenue, and sales and trading gain (loss).""}"
"[""companyfacts-0000063908"",""us-gaap"",""Revenues"",""USD"",""292""]","0000063908","companyfacts-0000063908","us-gaap","Revenues","USD","292","25920000000","present","2024-01-01","2024-12-31","0000063908-26-000035","2026-02-24","10-K","2025","FY","CY2024","/facts/us-gaap/Revenues/units/USD/292","{""start"":""2024-01-01"",""end"":""2024-12-31"",""val"":25920000000,""accn"":""0000063908-26-000035"",""fy"":2025,""fp"":""FY"",""form"":""10-K"",""filed"":""2026-02-24"",""frame"":""CY2024""}","{""label"":""Revenues"",""description"":""Amount of revenue recognized from goods sold, services rendered, insurance premiums, or other activities that constitute an earning process. Includes, but is not limited to, investment and interest income before deduction of interest expense when recognized as a component of revenue, and sales and trading gain (loss).""}"
"[""companyfacts-0000063908"",""us-gaap"",""Revenues"",""USD"",""294""]","0000063908","companyfacts-0000063908","us-gaap","Revenues","USD","294","5956000000","present","2025-01-01","2025-03-31","0000063908-26-000051","2026-05-07","10-Q","2026","Q1","CY2025Q1","/facts/us-gaap/Revenues/units/USD/294","{""start"":""2025-01-01"",""end"":""2025-03-31"",""val"":5956000000,""accn"":""0000063908-26-000051"",""fy"":2026,""fp"":""Q1"",""form"":""10-Q"",""filed"":""2026-05-07"",""frame"":""CY2025Q1""}","{""label"":""Revenues"",""description"":""Amount of revenue recognized from goods sold, services rendered, insurance premiums, or other activities that constitute an earning process. Includes, but is not limited to, investment and interest income before deduction of interest expense when recognized as a component of revenue, and sales and trading gain (loss).""}"
"[""companyfacts-0000063908"",""us-gaap"",""Revenues"",""USD"",""296""]","0000063908","companyfacts-0000063908","us-gaap","Revenues","USD","296","12799000000","present","2025-01-01","2025-06-30","0000063908-26-000073","2026-08-07","10-Q","2026","Q2","\N","/facts/us-gaap/Revenues/units/USD/296","{""start"":""2025-01-01"",""end"":""2025-06-30"",""val"":12799000000,""accn"":""0000063908-26-000073"",""fy"":2026,""fp"":""Q2"",""form"":""10-Q"",""filed"":""2026-08-07""}","{""label"":""Revenues"",""description"":""Amount of revenue recognized from goods sold, services rendered, insurance premiums, or other activities that constitute an earning process. Includes, but is not limited to, investment and interest income before deduction of interest expense when recognized as a component of revenue, and sales and trading gain (loss).""}"
"[""companyfacts-0000063908"",""us-gaap"",""Revenues"",""USD"",""298""]","0000063908","companyfacts-0000063908","us-gaap","Revenues","USD","298","6843000000","present","2025-04-01","2025-06-30","0000063908-26-000073","2026-08-07","10-Q","2026","Q2","CY2025Q2","/facts/us-gaap/Revenues/units/USD/298","{""start"":""2025-04-01"",""end"":""2025-06-30"",""val"":6843000000,""accn"":""0000063908-26-000073"",""fy"":2026,""fp"":""Q2"",""form"":""10-Q"",""filed"":""2026-08-07"",""frame"":""CY2025Q2""}","{""label"":""Revenues"",""description"":""Amount of revenue recognized from goods sold, services rendered, insurance premiums, or other activities that constitute an earning process. Includes, but is not limited to, investment and interest income before deduction of interest expense when recognized as a component of revenue, and sales and trading gain (loss).""}"
"[""companyfacts-0000063908"",""us-gaap"",""Revenues"",""USD"",""299""]","0000063908","companyfacts-0000063908","us-gaap","Revenues","USD","299","19876000000","present","2025-01-01","2025-09-30","0000063908-25-000059","2025-11-05","10-Q","2025","Q3","\N","/facts/us-gaap/Revenues/units/USD/299","{""start"":""2025-01-01"",""end"":""2025-09-30"",""val"":19876000000,""accn"":""0000063908-25-000059"",""fy"":2025,""fp"":""Q3"",""form"":""10-Q"",""filed"":""2025-11-05""}","{""label"":""Revenues"",""description"":""Amount of revenue recognized from goods sold, services rendered, insurance premiums, or other activities that constitute an earning process. Includes, but is not limited to, investment and interest income before deduction of interest expense when recognized as a component of revenue, and sales and trading gain (loss).""}"
"[""companyfacts-0000063908"",""us-gaap"",""Revenues"",""USD"",""300""]","0000063908","companyfacts-0000063908","us-gaap","Revenues","USD","300","7078000000","present","2025-07-01","2025-09-30","0000063908-25-000059","2025-11-05","10-Q","2025","Q3","CY2025Q3","/facts/us-gaap/Revenues/units/USD/300","{""start"":""2025-07-01"",""end"":""2025-09-30"",""val"":7078000000,""accn"":""0000063908-25-000059"",""fy"":2025,""fp"":""Q3"",""form"":""10-Q"",""filed"":""2025-11-05"",""frame"":""CY2025Q3""}","{""label"":""Revenues"",""description"":""Amount of revenue recognized from goods sold, services rendered, insurance premiums, or other activities that constitute an earning process. Includes, but is not limited to, investment and interest income before deduction of interest expense when recognized as a component of revenue, and sales and trading gain (loss).""}"
"[""companyfacts-0000063908"",""us-gaap"",""Revenues"",""USD"",""301""]","0000063908","companyfacts-0000063908","us-gaap","Revenues","USD","301","26885000000","present","2025-01-01","2025-12-31","0000063908-26-000035","2026-02-24","10-K","2025","FY","CY2025","/facts/us-gaap/Revenues/units/USD/301","{""start"":""2025-01-01"",""end"":""2025-12-31"",""val"":26885000000,""accn"":""0000063908-26-000035"",""fy"":2025,""fp"":""FY"",""form"":""10-K"",""filed"":""2026-02-24"",""frame"":""CY2025""}","{""label"":""Revenues"",""description"":""Amount of revenue recognized from goods sold, services rendered, insurance premiums, or other activities that constitute an earning process. Includes, but is not limited to, investment and interest income before deduction of interest expense when recognized as a component of revenue, and sales and trading gain (loss).""}"
"[""companyfacts-0000063908"",""us-gaap"",""Revenues"",""USD"",""302""]","0000063908","companyfacts-0000063908","us-gaap","Revenues","USD","302","6517000000","present","2026-01-01","2026-03-31","0000063908-26-000051","2026-05-07","10-Q","2026","Q1","CY2026Q1","/facts/us-gaap/Revenues/units/USD/302","{""start"":""2026-01-01"",""end"":""2026-03-31"",""val"":6517000000,""accn"":""0000063908-26-000051"",""fy"":2026,""fp"":""Q1"",""form"":""10-Q"",""filed"":""2026-05-07"",""frame"":""CY2026Q1""}","{""label"":""Revenues"",""description"":""Amount of revenue recognized from goods sold, services rendered, insurance premiums, or other activities that constitute an earning process. Includes, but is not limited to, investment and interest income before deduction of interest expense when recognized as a component of revenue, and sales and trading gain (loss).""}"
"[""companyfacts-0000063908"",""us-gaap"",""Revenues"",""USD"",""303""]","0000063908","companyfacts-0000063908","us-gaap","Revenues","USD","303","13616000000","present","2026-01-01","2026-06-30","0000063908-26-000073","2026-08-07","10-Q","2026","Q2","\N","/facts/us-gaap/Revenues/units/USD/303","{""start"":""2026-01-01"",""end"":""2026-06-30"",""val"":13616000000,""accn"":""0000063908-26-000073"",""fy"":2026,""fp"":""Q2"",""form"":""10-Q"",""filed"":""2026-08-07""}","{""label"":""Revenues"",""description"":""Amount of revenue recognized from goods sold, services rendered, insurance premiums, or other activities that constitute an earning process. Includes, but is not limited to, investment and interest income before deduction of interest expense when recognized as a component of revenue, and sales and trading gain (loss).""}"
"[""companyfacts-0000063908"",""us-gaap"",""Revenues"",""USD"",""304""]","0000063908","companyfacts-0000063908","us-gaap","Revenues","USD","304","7099000000","present","2026-04-01","2026-06-30","0000063908-26-000073","2026-08-07","10-Q","2026","Q2","CY2026Q2","/facts/us-gaap/Revenues/units/USD/304","{""start"":""2026-04-01"",""end"":""2026-06-30"",""val"":7099000000,""accn"":""0000063908-26-000073"",""fy"":2026,""fp"":""Q2"",""form"":""10-Q"",""filed"":""2026-08-07"",""frame"":""CY2026Q2""}","{""label"":""Revenues"",""description"":""Amount of revenue recognized from goods sold, services rendered, insurance premiums, or other activities that constitute an earning process. Includes, but is not limited to, investment and interest income before deduction of interest expense when recognized as a component of revenue, and sales and trading gain (loss).""}"
"[""companyfacts-0000040545"",""us-gaap"",""Revenues"",""USD"",""299""]","0000040545","companyfacts-0000040545","us-gaap","Revenues","USD","299","35348000000","present","2023-01-01","2023-12-31","0000040545-26-000008","2026-01-29","10-K","2025","FY","CY2023","/facts/us-gaap/Revenues/units/USD/299","{""start"":""2023-01-01"",""end"":""2023-12-31"",""val"":35348000000,""accn"":""0000040545-26-000008"",""fy"":2025,""fp"":""FY"",""form"":""10-K"",""filed"":""2026-01-29"",""frame"":""CY2023""}","{""label"":""Revenues"",""description"":""Amount of revenue recognized from goods sold, services rendered, insurance premiums, or other activities that constitute an earning process. Includes, but is not limited to, investment and interest income before deduction of interest expense when recognized as a component of revenue, and sales and trading gain (loss).""}"
"[""companyfacts-0000040545"",""us-gaap"",""Revenues"",""USD"",""311""]","0000040545","companyfacts-0000040545","us-gaap","Revenues","USD","311","27890000000","present","2024-01-01","2024-09-30","0000040545-25-000132","2025-10-21","10-Q","2025","Q3","\N","/facts/us-gaap/Revenues/units/USD/311","{""start"":""2024-01-01"",""end"":""2024-09-30"",""val"":27890000000,""accn"":""0000040545-25-000132"",""fy"":2025,""fp"":""Q3"",""form"":""10-Q"",""filed"":""2025-10-21""}","{""label"":""Revenues"",""description"":""Amount of revenue recognized from goods sold, services rendered, insurance premiums, or other activities that constitute an earning process. Includes, but is not limited to, investment and interest income before deduction of interest expense when recognized as a component of revenue, and sales and trading gain (loss).""}"
"[""companyfacts-0000040545"",""us-gaap"",""Revenues"",""USD"",""314""]","0000040545","companyfacts-0000040545","us-gaap","Revenues","USD","314","9842000000","present","2024-07-01","2024-09-30","0000040545-25-000132","2025-10-21","10-Q","2025","Q3","CY2024Q3","/facts/us-gaap/Revenues/units/USD/314","{""start"":""2024-07-01"",""end"":""2024-09-30"",""val"":9842000000,""accn"":""0000040545-25-000132"",""fy"":2025,""fp"":""Q3"",""form"":""10-Q"",""filed"":""2025-10-21"",""frame"":""CY2024Q3""}","{""label"":""Revenues"",""description"":""Amount of revenue recognized from goods sold, services rendered, insurance premiums, or other activities that constitute an earning process. Includes, but is not limited to, investment and interest income before deduction of interest expense when recognized as a component of revenue, and sales and trading gain (loss).""}"
"[""companyfacts-0000040545"",""us-gaap"",""Revenues"",""USD"",""316""]","0000040545","companyfacts-0000040545","us-gaap","Revenues","USD","316","38702000000","present","2024-01-01","2024-12-31","0000040545-26-000008","2026-01-29","10-K","2025","FY","CY2024","/facts/us-gaap/Revenues/units/USD/316","{""start"":""2024-01-01"",""end"":""2024-12-31"",""val"":38702000000,""accn"":""0000040545-26-000008"",""fy"":2025,""fp"":""FY"",""form"":""10-K"",""filed"":""2026-01-29"",""frame"":""CY2024""}","{""label"":""Revenues"",""description"":""Amount of revenue recognized from goods sold, services rendered, insurance premiums, or other activities that constitute an earning process. Includes, but is not limited to, investment and interest income before deduction of interest expense when recognized as a component of revenue, and sales and trading gain (loss).""}"
"[""companyfacts-0000040545"",""us-gaap"",""Revenues"",""USD"",""319""]","0000040545","companyfacts-0000040545","us-gaap","Revenues","USD","319","9935000000","present","2025-01-01","2025-03-31","0000040545-26-000027","2026-04-21","10-Q","2026","Q1","CY2025Q1","/facts/us-gaap/Revenues/units/USD/319","{""start"":""2025-01-01"",""end"":""2025-03-31"",""val"":9935000000,""accn"":""0000040545-26-000027"",""fy"":2026,""fp"":""Q1"",""form"":""10-Q"",""filed"":""2026-04-21"",""frame"":""CY2025Q1""}","{""label"":""Revenues"",""description"":""Amount of revenue recognized from goods sold, services rendered, insurance premiums, or other activities that constitute an earning process. Includes, but is not limited to, investment and interest income before deduction of interest expense when recognized as a component of revenue, and sales and trading gain (loss).""}"
"[""companyfacts-0000040545"",""us-gaap"",""Revenues"",""USD"",""321""]","0000040545","companyfacts-0000040545","us-gaap","Revenues","USD","321","20957000000","present","2025-01-01","2025-06-30","0000040545-26-000049","2026-07-16","10-Q","2026","Q2","\N","/facts/us-gaap/Revenues/units/USD/321","{""start"":""2025-01-01"",""end"":""2025-06-30"",""val"":20957000000,""accn"":""0000040545-26-000049"",""fy"":2026,""fp"":""Q2"",""form"":""10-Q"",""filed"":""2026-07-16""}","{""label"":""Revenues"",""description"":""Amount of revenue recognized from goods sold, services rendered, insurance premiums, or other activities that constitute an earning process. Includes, but is not limited to, investment and interest income before deduction of interest expense when recognized as a component of revenue, and sales and trading gain (loss).""}"
"[""companyfacts-0000040545"",""us-gaap"",""Revenues"",""USD"",""323""]","0000040545","companyfacts-0000040545","us-gaap","Revenues","USD","323","11023000000","present","2025-04-01","2025-06-30","0000040545-26-000049","2026-07-16","10-Q","2026","Q2","CY2025Q2","/facts/us-gaap/Revenues/units/USD/323","{""start"":""2025-04-01"",""end"":""2025-06-30"",""val"":11023000000,""accn"":""0000040545-26-000049"",""fy"":2026,""fp"":""Q2"",""form"":""10-Q"",""filed"":""2026-07-16"",""frame"":""CY2025Q2""}","{""label"":""Revenues"",""description"":""Amount of revenue recognized from goods sold, services rendered, insurance premiums, or other activities that constitute an earning process. Includes, but is not limited to, investment and interest income before deduction of interest expense when recognized as a component of revenue, and sales and trading gain (loss).""}"
"[""companyfacts-0000040545"",""us-gaap"",""Revenues"",""USD"",""324""]","0000040545","companyfacts-0000040545","us-gaap","Revenues","USD","324","33138000000","present","2025-01-01","2025-09-30","0000040545-25-000132","2025-10-21","10-Q","2025","Q3","\N","/facts/us-gaap/Revenues/units/USD/324","{""start"":""2025-01-01"",""end"":""2025-09-30"",""val"":33138000000,""accn"":""0000040545-25-000132"",""fy"":2025,""fp"":""Q3"",""form"":""10-Q"",""filed"":""2025-10-21""}","{""label"":""Revenues"",""description"":""Amount of revenue recognized from goods sold, services rendered, insurance premiums, or other activities that constitute an earning process. Includes, but is not limited to, investment and interest income before deduction of interest expense when recognized as a component of revenue, and sales and trading gain (loss).""}"
"[""companyfacts-0000040545"",""us-gaap"",""Revenues"",""USD"",""325""]","0000040545","companyfacts-0000040545","us-gaap","Revenues","USD","325","12181000000","present","2025-07-01","2025-09-30","0000040545-25-000132","2025-10-21","10-Q","2025","Q3","CY2025Q3","/facts/us-gaap/Revenues/units/USD/325","{""start"":""2025-07-01"",""end"":""2025-09-30"",""val"":12181000000,""accn"":""0000040545-25-000132"",""fy"":2025,""fp"":""Q3"",""form"":""10-Q"",""filed"":""2025-10-21"",""frame"":""CY2025Q3""}","{""label"":""Revenues"",""description"":""Amount of revenue recognized from goods sold, services rendered, insurance premiums, or other activities that constitute an earning process. Includes, but is not limited to, investment and interest income before deduction of interest expense when recognized as a component of revenue, and sales and trading gain (loss).""}"
"[""companyfacts-0000040545"",""us-gaap"",""Revenues"",""USD"",""326""]","0000040545","companyfacts-0000040545","us-gaap","Revenues","USD","326","45855000000","present","2025-01-01","2025-12-31","0000040545-26-000008","2026-01-29","10-K","2025","FY","CY2025","/facts/us-gaap/Revenues/units/USD/326","{""start"":""2025-01-01"",""end"":""2025-12-31"",""val"":45855000000,""accn"":""0000040545-26-000008"",""fy"":2025,""fp"":""FY"",""form"":""10-K"",""filed"":""2026-01-29"",""frame"":""CY2025""}","{""label"":""Revenues"",""description"":""Amount of revenue recognized from goods sold, services rendered, insurance premiums, or other activities that constitute an earning process. Includes, but is not limited to, investment and interest income before deduction of interest expense when recognized as a component of revenue, and sales and trading gain (loss).""}"
"[""companyfacts-0000040545"",""us-gaap"",""Revenues"",""USD"",""327""]","0000040545","companyfacts-0000040545","us-gaap","Revenues","USD","327","12392000000","present","2026-01-01","2026-03-31","0000040545-26-000027","2026-04-21","10-Q","2026","Q1","CY2026Q1","/facts/us-gaap/Revenues/units/USD/327","{""start"":""2026-01-01"",""end"":""2026-03-31"",""val"":12392000000,""accn"":""0000040545-26-000027"",""fy"":2026,""fp"":""Q1"",""form"":""10-Q"",""filed"":""2026-04-21"",""frame"":""CY2026Q1""}","{""label"":""Revenues"",""description"":""Amount of revenue recognized from goods sold, services rendered, insurance premiums, or other activities that constitute an earning process. Includes, but is not limited to, investment and interest income before deduction of interest expense when recognized as a component of revenue, and sales and trading gain (loss).""}"
"[""companyfacts-0000040545"",""us-gaap"",""Revenues"",""USD"",""328""]","0000040545","companyfacts-0000040545","us-gaap","Revenues","USD","328","25741000000","present","2026-01-01","2026-06-30","0000040545-26-000049","2026-07-16","10-Q","2026","Q2","\N","/facts/us-gaap/Revenues/units/USD/328","{""start"":""2026-01-01"",""end"":""2026-06-30"",""val"":25741000000,""accn"":""0000040545-26-000049"",""fy"":2026,""fp"":""Q2"",""form"":""10-Q"",""filed"":""2026-07-16""}","{""label"":""Revenues"",""description"":""Amount of revenue recognized from goods sold, services rendered, insurance premiums, or other activities that constitute an earning process. Includes, but is not limited to, investment and interest income before deduction of interest expense when recognized as a component of revenue, and sales and trading gain (loss).""}"
"[""companyfacts-0000040545"",""us-gaap"",""Revenues"",""USD"",""329""]","0000040545","companyfacts-0000040545","us-gaap","Revenues","USD","329","13349000000","present","2026-04-01","2026-06-30","0000040545-26-000049","2026-07-16","10-Q","2026","Q2","CY2026Q2","/facts/us-gaap/Revenues/units/USD/329","{""start"":""2026-04-01"",""end"":""2026-06-30"",""val"":13349000000,""accn"":""0000040545-26-000049"",""fy"":2026,""fp"":""Q2"",""form"":""10-Q"",""filed"":""2026-07-16"",""frame"":""CY2026Q2""}","{""label"":""Revenues"",""description"":""Amount of revenue recognized from goods sold, services rendered, insurance premiums, or other activities that constitute an earning process. Includes, but is not limited to, investment and interest income before deduction of interest expense when recognized as a component of revenue, and sales and trading gain (loss).""}"
"[""companyfacts-0000886982"",""us-gaap"",""CashAndCashEquivalentsAtCarryingValue"",""USD"",""170""]","0000886982","companyfacts-0000886982","us-gaap","CashAndCashEquivalentsAtCarryingValue","USD","170","182092000000","present","\N","2024-12-31","0000886982-25-001411","2025-10-31","10-Q","2025","Q3","\N","/facts/us-gaap/CashAndCashEquivalentsAtCarryingValue/units/USD/170","{""end"":""2024-12-31"",""val"":182092000000,""accn"":""0000886982-25-001411"",""fy"":2025,""fp"":""Q3"",""form"":""10-Q"",""filed"":""2025-10-31""}","{""label"":""Cash and Cash Equivalents, at Carrying Value"",""description"":""Amount of currency on hand as well as demand deposits with banks or financial institutions. Includes other kinds of accounts that have the general characteristics of demand deposits. Also includes short-term, highly liquid investments that are both readily convertible to known amounts of cash and so near their maturity that they present insignificant risk of changes in value because of changes in interest rates. Excludes cash and cash equivalents within disposal group and discontinued operation.""}"
"[""companyfacts-0000886982"",""us-gaap"",""CashAndCashEquivalentsAtCarryingValue"",""USD"",""171""]","0000886982","companyfacts-0000886982","us-gaap","CashAndCashEquivalentsAtCarryingValue","USD","171","182092000000","present","\N","2024-12-31","0000886982-26-000091","2026-02-25","10-K","2025","FY","CY2024Q4I","/facts/us-gaap/CashAndCashEquivalentsAtCarryingValue/units/USD/171","{""end"":""2024-12-31"",""val"":182092000000,""accn"":""0000886982-26-000091"",""fy"":2025,""fp"":""FY"",""form"":""10-K"",""filed"":""2026-02-25"",""frame"":""CY2024Q4I""}","{""label"":""Cash and Cash Equivalents, at Carrying Value"",""description"":""Amount of currency on hand as well as demand deposits with banks or financial institutions. Includes other kinds of accounts that have the general characteristics of demand deposits. Also includes short-term, highly liquid investments that are both readily convertible to known amounts of cash and so near their maturity that they present insignificant risk of changes in value because of changes in interest rates. Excludes cash and cash equivalents within disposal group and discontinued operation.""}"
"[""companyfacts-0000886982"",""us-gaap"",""CashAndCashEquivalentsAtCarryingValue"",""USD"",""174""]","0000886982","companyfacts-0000886982","us-gaap","CashAndCashEquivalentsAtCarryingValue","USD","174","169577000000","present","\N","2025-09-30","0000886982-25-001411","2025-10-31","10-Q","2025","Q3","CY2025Q3I","/facts/us-gaap/CashAndCashEquivalentsAtCarryingValue/units/USD/174","{""end"":""2025-09-30"",""val"":169577000000,""accn"":""0000886982-25-001411"",""fy"":2025,""fp"":""Q3"",""form"":""10-Q"",""filed"":""2025-10-31"",""frame"":""CY2025Q3I""}","{""label"":""Cash and Cash Equivalents, at Carrying Value"",""description"":""Amount of currency on hand as well as demand deposits with banks or financial institutions. Includes other kinds of accounts that have the general characteristics of demand deposits. Also includes short-term, highly liquid investments that are both readily convertible to known amounts of cash and so near their maturity that they present insignificant risk of changes in value because of changes in interest rates. Excludes cash and cash equivalents within disposal group and discontinued operation.""}"
"[""companyfacts-0000886982"",""us-gaap"",""CashAndCashEquivalentsAtCarryingValue"",""USD"",""175""]","0000886982","companyfacts-0000886982","us-gaap","CashAndCashEquivalentsAtCarryingValue","USD","175","164259000000","present","\N","2025-12-31","0000886982-26-000091","2026-02-25","10-K","2025","FY","\N","/facts/us-gaap/CashAndCashEquivalentsAtCarryingValue/units/USD/175","{""end"":""2025-12-31"",""val"":164259000000,""accn"":""0000886982-26-000091"",""fy"":2025,""fp"":""FY"",""form"":""10-K"",""filed"":""2026-02-25""}","{""label"":""Cash and Cash Equivalents, at Carrying Value"",""description"":""Amount of currency on hand as well as demand deposits with banks or financial institutions. Includes other kinds of accounts that have the general characteristics of demand deposits. Also includes short-term, highly liquid investments that are both readily convertible to known amounts of cash and so near their maturity that they present insignificant risk of changes in value because of changes in interest rates. Excludes cash and cash equivalents within disposal group and discontinued operation.""}"
"[""companyfacts-0000886982"",""us-gaap"",""CashAndCashEquivalentsAtCarryingValue"",""USD"",""176""]","0000886982","companyfacts-0000886982","us-gaap","CashAndCashEquivalentsAtCarryingValue","USD","176","164259000000","present","\N","2025-12-31","0000886982-26-000118","2026-05-01","10-Q","2026","Q1","\N","/facts/us-gaap/CashAndCashEquivalentsAtCarryingValue/units/USD/176","{""end"":""2025-12-31"",""val"":164259000000,""accn"":""0000886982-26-000118"",""fy"":2026,""fp"":""Q1"",""form"":""10-Q"",""filed"":""2026-05-01""}","{""label"":""Cash and Cash Equivalents, at Carrying Value"",""description"":""Amount of currency on hand as well as demand deposits with banks or financial institutions. Includes other kinds of accounts that have the general characteristics of demand deposits. Also includes short-term, highly liquid investments that are both readily convertible to known amounts of cash and so near their maturity that they present insignificant risk of changes in value because of changes in interest rates. Excludes cash and cash equivalents within disposal group and discontinued operation.""}"
"[""companyfacts-0000886982"",""us-gaap"",""CashAndCashEquivalentsAtCarryingValue"",""USD"",""177""]","0000886982","companyfacts-0000886982","us-gaap","CashAndCashEquivalentsAtCarryingValue","USD","177","164259000000","present","\N","2025-12-31","0000886982-26-000297","2026-08-03","10-Q","2026","Q2","CY2025Q4I","/facts/us-gaap/CashAndCashEquivalentsAtCarryingValue/units/USD/177","{""end"":""2025-12-31"",""val"":164259000000,""accn"":""0000886982-26-000297"",""fy"":2026,""fp"":""Q2"",""form"":""10-Q"",""filed"":""2026-08-03"",""frame"":""CY2025Q4I""}","{""label"":""Cash and Cash Equivalents, at Carrying Value"",""description"":""Amount of currency on hand as well as demand deposits with banks or financial institutions. Includes other kinds of accounts that have the general characteristics of demand deposits. Also includes short-term, highly liquid investments that are both readily convertible to known amounts of cash and so near their maturity that they present insignificant risk of changes in value because of changes in interest rates. Excludes cash and cash equivalents within disposal group and discontinued operation.""}"
"[""companyfacts-0000886982"",""us-gaap"",""CashAndCashEquivalentsAtCarryingValue"",""USD"",""178""]","0000886982","companyfacts-0000886982","us-gaap","CashAndCashEquivalentsAtCarryingValue","USD","178","179530000000","present","\N","2026-03-31","0000886982-26-000118","2026-05-01","10-Q","2026","Q1","CY2026Q1I","/facts/us-gaap/CashAndCashEquivalentsAtCarryingValue/units/USD/178","{""end"":""2026-03-31"",""val"":179530000000,""accn"":""0000886982-26-000118"",""fy"":2026,""fp"":""Q1"",""form"":""10-Q"",""filed"":""2026-05-01"",""frame"":""CY2026Q1I""}","{""label"":""Cash and Cash Equivalents, at Carrying Value"",""description"":""Amount of currency on hand as well as demand deposits with banks or financial institutions. Includes other kinds of accounts that have the general characteristics of demand deposits. Also includes short-term, highly liquid investments that are both readily convertible to known amounts of cash and so near their maturity that they present insignificant risk of changes in value because of changes in interest rates. Excludes cash and cash equivalents within disposal group and discontinued operation.""}"
"[""companyfacts-0000886982"",""us-gaap"",""CashAndCashEquivalentsAtCarryingValue"",""USD"",""179""]","0000886982","companyfacts-0000886982","us-gaap","CashAndCashEquivalentsAtCarryingValue","USD","179","187266000000","present","\N","2026-06-30","0000886982-26-000297","2026-08-03","10-Q","2026","Q2","CY2026Q2I","/facts/us-gaap/CashAndCashEquivalentsAtCarryingValue/units/USD/179","{""end"":""2026-06-30"",""val"":187266000000,""accn"":""0000886982-26-000297"",""fy"":2026,""fp"":""Q2"",""form"":""10-Q"",""filed"":""2026-08-03"",""frame"":""CY2026Q2I""}","{""label"":""Cash and Cash Equivalents, at Carrying Value"",""description"":""Amount of currency on hand as well as demand deposits with banks or financial institutions. Includes other kinds of accounts that have the general characteristics of demand deposits. Also includes short-term, highly liquid investments that are both readily convertible to known amounts of cash and so near their maturity that they present insignificant risk of changes in value because of changes in interest rates. Excludes cash and cash equivalents within disposal group and discontinued operation.""}"
"[""companyfacts-0000831001"",""us-gaap"",""Revenues"",""USD"",""347""]","0000831001","companyfacts-0000831001","us-gaap","Revenues","USD","347","78066000000","present","2023-01-01","2023-12-31","0000831001-26-000011","2026-02-20","10-K","2025","FY","CY2023","/facts/us-gaap/Revenues/units/USD/347","{""start"":""2023-01-01"",""end"":""2023-12-31"",""val"":78066000000,""accn"":""0000831001-26-000011"",""fy"":2025,""fp"":""FY"",""form"":""10-K"",""filed"":""2026-02-20"",""frame"":""CY2023""}","{""label"":""Revenues"",""description"":""Amount of revenue recognized from goods sold, services rendered, insurance premiums, or other activities that constitute an earning process. Includes, but is not limited to, investment and interest income before deduction of interest expense when recognized as a component of revenue, and sales and trading gain (loss).""}"
"[""companyfacts-0000831001"",""us-gaap"",""Revenues"",""USD"",""355""]","0000831001","companyfacts-0000831001","us-gaap","Revenues","USD","355","61257000000","present","2024-01-01","2024-09-30","0000831001-25-000154","2025-11-06","10-Q","2025","Q3","\N","/facts/us-gaap/Revenues/units/USD/355","{""start"":""2024-01-01"",""end"":""2024-09-30"",""val"":61257000000,""accn"":""0000831001-25-000154"",""fy"":2025,""fp"":""Q3"",""form"":""10-Q"",""filed"":""2025-11-06""}","{""label"":""Revenues"",""description"":""Amount of revenue recognized from goods sold, services rendered, insurance premiums, or other activities that constitute an earning process. Includes, but is not limited to, investment and interest income before deduction of interest expense when recognized as a component of revenue, and sales and trading gain (loss).""}"
"[""companyfacts-0000831001"",""us-gaap"",""Revenues"",""USD"",""357""]","0000831001","companyfacts-0000831001","us-gaap","Revenues","USD","357","20209000000","present","2024-07-01","2024-09-30","0000831001-25-000154","2025-11-06","10-Q","2025","Q3","CY2024Q3","/facts/us-gaap/Revenues/units/USD/357","{""start"":""2024-07-01"",""end"":""2024-09-30"",""val"":20209000000,""accn"":""0000831001-25-000154"",""fy"":2025,""fp"":""Q3"",""form"":""10-Q"",""filed"":""2025-11-06"",""frame"":""CY2024Q3""}","{""label"":""Revenues"",""description"":""Amount of revenue recognized from goods sold, services rendered, insurance premiums, or other activities that constitute an earning process. Includes, but is not limited to, investment and interest income before deduction of interest expense when recognized as a component of revenue, and sales and trading gain (loss).""}"
"[""companyfacts-0000831001"",""us-gaap"",""Revenues"",""USD"",""359""]","0000831001","companyfacts-0000831001","us-gaap","Revenues","USD","359","80722000000","present","2024-01-01","2024-12-31","0000831001-26-000011","2026-02-20","10-K","2025","FY","CY2024","/facts/us-gaap/Revenues/units/USD/359","{""start"":""2024-01-01"",""end"":""2024-12-31"",""val"":80722000000,""accn"":""0000831001-26-000011"",""fy"":2025,""fp"":""FY"",""form"":""10-K"",""filed"":""2026-02-20"",""frame"":""CY2024""}","{""label"":""Revenues"",""description"":""Amount of revenue recognized from goods sold, services rendered, insurance premiums, or other activities that constitute an earning process. Includes, but is not limited to, investment and interest income before deduction of interest expense when recognized as a component of revenue, and sales and trading gain (loss).""}"
"[""companyfacts-0000831001"",""us-gaap"",""Revenues"",""USD"",""363""]","0000831001","companyfacts-0000831001","us-gaap","Revenues","USD","363","65354000000","present","2025-01-01","2025-09-30","0000831001-25-000154","2025-11-06","10-Q","2025","Q3","\N","/facts/us-gaap/Revenues/units/USD/363","{""start"":""2025-01-01"",""end"":""2025-09-30"",""val"":65354000000,""accn"":""0000831001-25-000154"",""fy"":2025,""fp"":""Q3"",""form"":""10-Q"",""filed"":""2025-11-06""}","{""label"":""Revenues"",""description"":""Amount of revenue recognized from goods sold, services rendered, insurance premiums, or other activities that constitute an earning process. Includes, but is not limited to, investment and interest income before deduction of interest expense when recognized as a component of revenue, and sales and trading gain (loss).""}"
"[""companyfacts-0000831001"",""us-gaap"",""Revenues"",""USD"",""364""]","0000831001","companyfacts-0000831001","us-gaap","Revenues","USD","364","22090000000","present","2025-07-01","2025-09-30","0000831001-25-000154","2025-11-06","10-Q","2025","Q3","CY2025Q3","/facts/us-gaap/Revenues/units/USD/364","{""start"":""2025-07-01"",""end"":""2025-09-30"",""val"":22090000000,""accn"":""0000831001-25-000154"",""fy"":2025,""fp"":""Q3"",""form"":""10-Q"",""filed"":""2025-11-06"",""frame"":""CY2025Q3""}","{""label"":""Revenues"",""description"":""Amount of revenue recognized from goods sold, services rendered, insurance premiums, or other activities that constitute an earning process. Includes, but is not limited to, investment and interest income before deduction of interest expense when recognized as a component of revenue, and sales and trading gain (loss).""}"
"[""companyfacts-0000831001"",""us-gaap"",""Revenues"",""USD"",""365""]","0000831001","companyfacts-0000831001","us-gaap","Revenues","USD","365","85225000000","present","2025-01-01","2025-12-31","0000831001-26-000011","2026-02-20","10-K","2025","FY","CY2025","/facts/us-gaap/Revenues/units/USD/365","{""start"":""2025-01-01"",""end"":""2025-12-31"",""val"":85225000000,""accn"":""0000831001-26-000011"",""fy"":2025,""fp"":""FY"",""form"":""10-K"",""filed"":""2026-02-20"",""frame"":""CY2025""}","{""label"":""Revenues"",""description"":""Amount of revenue recognized from goods sold, services rendered, insurance premiums, or other activities that constitute an earning process. Includes, but is not limited to, investment and interest income before deduction of interest expense when recognized as a component of revenue, and sales and trading gain (loss).""}"
"[""companyfacts-0001067983"",""us-gaap"",""RevenueFromContractWithCustomerExcludingAssessedTax"",""USD"",""75""]","0001067983","companyfacts-0001067983","us-gaap","RevenueFromContractWithCustomerExcludingAssessedTax","USD","75","254906000000","present","2023-01-01","2023-12-31","0001193125-26-083899","2026-03-02","10-K","2025","FY","CY2023","/facts/us-gaap/RevenueFromContractWithCustomerExcludingAssessedTax/units/USD/75","{""start"":""2023-01-01"",""end"":""2023-12-31"",""val"":254906000000,""accn"":""0001193125-26-083899"",""fy"":2025,""fp"":""FY"",""form"":""10-K"",""filed"":""2026-03-02"",""frame"":""CY2023""}","{""label"":""Revenue from Contract with Customer, Excluding Assessed Tax"",""description"":""Amount, excluding tax collected from customer, of revenue from satisfaction of performance obligation by transferring promised good or service to customer. Tax collected from customer is tax assessed by governmental authority that is both imposed on and concurrent with specific revenue-producing transaction, including, but not limited to, sales, use, value added and excise.""}"
"[""companyfacts-0001067983"",""us-gaap"",""RevenueFromContractWithCustomerExcludingAssessedTax"",""USD"",""83""]","0001067983","companyfacts-0001067983","us-gaap","RevenueFromContractWithCustomerExcludingAssessedTax","USD","83","186858000000","present","2024-01-01","2024-09-30","0001193125-25-261548","2025-11-03","10-Q","2025","Q3","\N","/facts/us-gaap/RevenueFromContractWithCustomerExcludingAssessedTax/units/USD/83","{""start"":""2024-01-01"",""end"":""2024-09-30"",""val"":186858000000,""accn"":""0001193125-25-261548"",""fy"":2025,""fp"":""Q3"",""form"":""10-Q"",""filed"":""2025-11-03""}","{""label"":""Revenue from Contract with Customer, Excluding Assessed Tax"",""description"":""Amount, excluding tax collected from customer, of revenue from satisfaction of performance obligation by transferring promised good or service to customer. Tax collected from customer is tax assessed by governmental authority that is both imposed on and concurrent with specific revenue-producing transaction, including, but not limited to, sales, use, value added and excise.""}"
"[""companyfacts-0001067983"",""us-gaap"",""RevenueFromContractWithCustomerExcludingAssessedTax"",""USD"",""85""]","0001067983","companyfacts-0001067983","us-gaap","RevenueFromContractWithCustomerExcludingAssessedTax","USD","85","62048000000","present","2024-07-01","2024-09-30","0001193125-25-261548","2025-11-03","10-Q","2025","Q3","CY2024Q3","/facts/us-gaap/RevenueFromContractWithCustomerExcludingAssessedTax/units/USD/85","{""start"":""2024-07-01"",""end"":""2024-09-30"",""val"":62048000000,""accn"":""0001193125-25-261548"",""fy"":2025,""fp"":""Q3"",""form"":""10-Q"",""filed"":""2025-11-03"",""frame"":""CY2024Q3""}","{""label"":""Revenue from Contract with Customer, Excluding Assessed Tax"",""description"":""Amount, excluding tax collected from customer, of revenue from satisfaction of performance obligation by transferring promised good or service to customer. Tax collected from customer is tax assessed by governmental authority that is both imposed on and concurrent with specific revenue-producing transaction, including, but not limited to, sales, use, value added and excise.""}"
"[""companyfacts-0001067983"",""us-gaap"",""RevenueFromContractWithCustomerExcludingAssessedTax"",""USD"",""87""]","0001067983","companyfacts-0001067983","us-gaap","RevenueFromContractWithCustomerExcludingAssessedTax","USD","87","249714000000","present","2024-01-01","2024-12-31","0001193125-26-083899","2026-03-02","10-K","2025","FY","CY2024","/facts/us-gaap/RevenueFromContractWithCustomerExcludingAssessedTax/units/USD/87","{""start"":""2024-01-01"",""end"":""2024-12-31"",""val"":249714000000,""accn"":""0001193125-26-083899"",""fy"":2025,""fp"":""FY"",""form"":""10-K"",""filed"":""2026-03-02"",""frame"":""CY2024""}","{""label"":""Revenue from Contract with Customer, Excluding Assessed Tax"",""description"":""Amount, excluding tax collected from customer, of revenue from satisfaction of performance obligation by transferring promised good or service to customer. Tax collected from customer is tax assessed by governmental authority that is both imposed on and concurrent with specific revenue-producing transaction, including, but not limited to, sales, use, value added and excise.""}"
"[""companyfacts-0001067983"",""us-gaap"",""RevenueFromContractWithCustomerExcludingAssessedTax"",""USD"",""89""]","0001067983","companyfacts-0001067983","us-gaap","RevenueFromContractWithCustomerExcludingAssessedTax","USD","89","59357000000","present","2025-01-01","2025-03-31","0001193125-26-202243","2026-05-04","10-Q","2026","Q1","CY2025Q1","/facts/us-gaap/RevenueFromContractWithCustomerExcludingAssessedTax/units/USD/89","{""start"":""2025-01-01"",""end"":""2025-03-31"",""val"":59357000000,""accn"":""0001193125-26-202243"",""fy"":2026,""fp"":""Q1"",""form"":""10-Q"",""filed"":""2026-05-04"",""frame"":""CY2025Q1""}","{""label"":""Revenue from Contract with Customer, Excluding Assessed Tax"",""description"":""Amount, excluding tax collected from customer, of revenue from satisfaction of performance obligation by transferring promised good or service to customer. Tax collected from customer is tax assessed by governmental authority that is both imposed on and concurrent with specific revenue-producing transaction, including, but not limited to, sales, use, value added and excise.""}"
"[""companyfacts-0001067983"",""us-gaap"",""RevenueFromContractWithCustomerExcludingAssessedTax"",""USD"",""91""]","0001067983","companyfacts-0001067983","us-gaap","RevenueFromContractWithCustomerExcludingAssessedTax","USD","91","120763000000","present","2025-01-01","2025-06-30","0001193125-26-341032","2026-08-10","10-Q","2026","Q2","\N","/facts/us-gaap/RevenueFromContractWithCustomerExcludingAssessedTax/units/USD/91","{""start"":""2025-01-01"",""end"":""2025-06-30"",""val"":120763000000,""accn"":""0001193125-26-341032"",""fy"":2026,""fp"":""Q2"",""form"":""10-Q"",""filed"":""2026-08-10""}","{""label"":""Revenue from Contract with Customer, Excluding Assessed Tax"",""description"":""Amount, excluding tax collected from customer, of revenue from satisfaction of performance obligation by transferring promised good or service to customer. Tax collected from customer is tax assessed by governmental authority that is both imposed on and concurrent with specific revenue-producing transaction, including, but not limited to, sales, use, value added and excise.""}"
"[""companyfacts-0001067983"",""us-gaap"",""RevenueFromContractWithCustomerExcludingAssessedTax"",""USD"",""93""]","0001067983","companyfacts-0001067983","us-gaap","RevenueFromContractWithCustomerExcludingAssessedTax","USD","93","61406000000","present","2025-04-01","2025-06-30","0001193125-26-341032","2026-08-10","10-Q","2026","Q2","CY2025Q2","/facts/us-gaap/RevenueFromContractWithCustomerExcludingAssessedTax/units/USD/93","{""start"":""2025-04-01"",""end"":""2025-06-30"",""val"":61406000000,""accn"":""0001193125-26-341032"",""fy"":2026,""fp"":""Q2"",""form"":""10-Q"",""filed"":""2026-08-10"",""frame"":""CY2025Q2""}","{""label"":""Revenue from Contract with Customer, Excluding Assessed Tax"",""description"":""Amount, excluding tax collected from customer, of revenue from satisfaction of performance obligation by transferring promised good or service to customer. Tax collected from customer is tax assessed by governmental authority that is both imposed on and concurrent with specific revenue-producing transaction, including, but not limited to, sales, use, value added and excise.""}"
"[""companyfacts-0001067983"",""us-gaap"",""RevenueFromContractWithCustomerExcludingAssessedTax"",""USD"",""94""]","0001067983","companyfacts-0001067983","us-gaap","RevenueFromContractWithCustomerExcludingAssessedTax","USD","94","184510000000","present","2025-01-01","2025-09-30","0001193125-25-261548","2025-11-03","10-Q","2025","Q3","\N","/facts/us-gaap/RevenueFromContractWithCustomerExcludingAssessedTax/units/USD/94","{""start"":""2025-01-01"",""end"":""2025-09-30"",""val"":184510000000,""accn"":""0001193125-25-261548"",""fy"":2025,""fp"":""Q3"",""form"":""10-Q"",""filed"":""2025-11-03""}","{""label"":""Revenue from Contract with Customer, Excluding Assessed Tax"",""description"":""Amount, excluding tax collected from customer, of revenue from satisfaction of performance obligation by transferring promised good or service to customer. Tax collected from customer is tax assessed by governmental authority that is both imposed on and concurrent with specific revenue-producing transaction, including, but not limited to, sales, use, value added and excise.""}"
"[""companyfacts-0001067983"",""us-gaap"",""RevenueFromContractWithCustomerExcludingAssessedTax"",""USD"",""95""]","0001067983","companyfacts-0001067983","us-gaap","RevenueFromContractWithCustomerExcludingAssessedTax","USD","95","63747000000","present","2025-07-01","2025-09-30","0001193125-25-261548","2025-11-03","10-Q","2025","Q3","CY2025Q3","/facts/us-gaap/RevenueFromContractWithCustomerExcludingAssessedTax/units/USD/95","{""start"":""2025-07-01"",""end"":""2025-09-30"",""val"":63747000000,""accn"":""0001193125-25-261548"",""fy"":2025,""fp"":""Q3"",""form"":""10-Q"",""filed"":""2025-11-03"",""frame"":""CY2025Q3""}","{""label"":""Revenue from Contract with Customer, Excluding Assessed Tax"",""description"":""Amount, excluding tax collected from customer, of revenue from satisfaction of performance obligation by transferring promised good or service to customer. Tax collected from customer is tax assessed by governmental authority that is both imposed on and concurrent with specific revenue-producing transaction, including, but not limited to, sales, use, value added and excise.""}"
"[""companyfacts-0001067983"",""us-gaap"",""RevenueFromContractWithCustomerExcludingAssessedTax"",""USD"",""96""]","0001067983","companyfacts-0001067983","us-gaap","RevenueFromContractWithCustomerExcludingAssessedTax","USD","96","247244000000","present","2025-01-01","2025-12-31","0001193125-26-083899","2026-03-02","10-K","2025","FY","CY2025","/facts/us-gaap/RevenueFromContractWithCustomerExcludingAssessedTax/units/USD/96","{""start"":""2025-01-01"",""end"":""2025-12-31"",""val"":247244000000,""accn"":""0001193125-26-083899"",""fy"":2025,""fp"":""FY"",""form"":""10-K"",""filed"":""2026-03-02"",""frame"":""CY2025""}","{""label"":""Revenue from Contract with Customer, Excluding Assessed Tax"",""description"":""Amount, excluding tax collected from customer, of revenue from satisfaction of performance obligation by transferring promised good or service to customer. Tax collected from customer is tax assessed by governmental authority that is both imposed on and concurrent with specific revenue-producing transaction, including, but not limited to, sales, use, value added and excise.""}"
"[""companyfacts-0001067983"",""us-gaap"",""RevenueFromContractWithCustomerExcludingAssessedTax"",""USD"",""97""]","0001067983","companyfacts-0001067983","us-gaap","RevenueFromContractWithCustomerExcludingAssessedTax","USD","97","63137000000","present","2026-01-01","2026-03-31","0001193125-26-202243","2026-05-04","10-Q","2026","Q1","CY2026Q1","/facts/us-gaap/RevenueFromContractWithCustomerExcludingAssessedTax/units/USD/97","{""start"":""2026-01-01"",""end"":""2026-03-31"",""val"":63137000000,""accn"":""0001193125-26-202243"",""fy"":2026,""fp"":""Q1"",""form"":""10-Q"",""filed"":""2026-05-04"",""frame"":""CY2026Q1""}","{""label"":""Revenue from Contract with Customer, Excluding Assessed Tax"",""description"":""Amount, excluding tax collected from customer, of revenue from satisfaction of performance obligation by transferring promised good or service to customer. Tax collected from customer is tax assessed by governmental authority that is both imposed on and concurrent with specific revenue-producing transaction, including, but not limited to, sales, use, value added and excise.""}"
"[""companyfacts-0001067983"",""us-gaap"",""RevenueFromContractWithCustomerExcludingAssessedTax"",""USD"",""98""]","0001067983","companyfacts-0001067983","us-gaap","RevenueFromContractWithCustomerExcludingAssessedTax","USD","98","133252000000","present","2026-01-01","2026-06-30","0001193125-26-341032","2026-08-10","10-Q","2026","Q2","\N","/facts/us-gaap/RevenueFromContractWithCustomerExcludingAssessedTax/units/USD/98","{""start"":""2026-01-01"",""end"":""2026-06-30"",""val"":133252000000,""accn"":""0001193125-26-341032"",""fy"":2026,""fp"":""Q2"",""form"":""10-Q"",""filed"":""2026-08-10""}","{""label"":""Revenue from Contract with Customer, Excluding Assessed Tax"",""description"":""Amount, excluding tax collected from customer, of revenue from satisfaction of performance obligation by transferring promised good or service to customer. Tax collected from customer is tax assessed by governmental authority that is both imposed on and concurrent with specific revenue-producing transaction, including, but not limited to, sales, use, value added and excise.""}"
"[""companyfacts-0001067983"",""us-gaap"",""RevenueFromContractWithCustomerExcludingAssessedTax"",""USD"",""99""]","0001067983","companyfacts-0001067983","us-gaap","RevenueFromContractWithCustomerExcludingAssessedTax","USD","99","70115000000","present","2026-04-01","2026-06-30","0001193125-26-341032","2026-08-10","10-Q","2026","Q2","CY2026Q2","/facts/us-gaap/RevenueFromContractWithCustomerExcludingAssessedTax/units/USD/99","{""start"":""2026-04-01"",""end"":""2026-06-30"",""val"":70115000000,""accn"":""0001193125-26-341032"",""fy"":2026,""fp"":""Q2"",""form"":""10-Q"",""filed"":""2026-08-10"",""frame"":""CY2026Q2""}","{""label"":""Revenue from Contract with Customer, Excluding Assessed Tax"",""description"":""Amount, excluding tax collected from customer, of revenue from satisfaction of performance obligation by transferring promised good or service to customer. Tax collected from customer is tax assessed by governmental authority that is both imposed on and concurrent with specific revenue-producing transaction, including, but not limited to, sales, use, value added and excise.""}"
"[""companyfacts-0001067983"",""us-gaap"",""Revenues"",""USD"",""284""]","0001067983","companyfacts-0001067983","us-gaap","Revenues","USD","284","364482000000","present","2023-01-01","2023-12-31","0001193125-26-083899","2026-03-02","10-K","2025","FY","CY2023","/facts/us-gaap/Revenues/units/USD/284","{""start"":""2023-01-01"",""end"":""2023-12-31"",""val"":364482000000,""accn"":""0001193125-26-083899"",""fy"":2025,""fp"":""FY"",""form"":""10-K"",""filed"":""2026-03-02"",""frame"":""CY2023""}","{""label"":""Revenues"",""description"":""Amount of revenue recognized from goods sold, services rendered, insurance premiums, or other activities that constitute an earning process. Includes, but is not limited to, investment and interest income before deduction of interest expense when recognized as a component of revenue, and sales and trading gain (loss).""}"
"[""companyfacts-0001067983"",""us-gaap"",""Revenues"",""USD"",""292""]","0001067983","companyfacts-0001067983","us-gaap","Revenues","USD","292","276517000000","present","2024-01-01","2024-09-30","0001193125-25-261548","2025-11-03","10-Q","2025","Q3","\N","/facts/us-gaap/Revenues/units/USD/292","{""start"":""2024-01-01"",""end"":""2024-09-30"",""val"":276517000000,""accn"":""0001193125-25-261548"",""fy"":2025,""fp"":""Q3"",""form"":""10-Q"",""filed"":""2025-11-03""}","{""label"":""Revenues"",""description"":""Amount of revenue recognized from goods sold, services rendered, insurance premiums, or other activities that constitute an earning process. Includes, but is not limited to, investment and interest income before deduction of interest expense when recognized as a component of revenue, and sales and trading gain (loss).""}"
"[""companyfacts-0001067983"",""us-gaap"",""Revenues"",""USD"",""294""]","0001067983","companyfacts-0001067983","us-gaap","Revenues","USD","294","92995000000","present","2024-07-01","2024-09-30","0001193125-25-261548","2025-11-03","10-Q","2025","Q3","CY2024Q3","/facts/us-gaap/Revenues/units/USD/294","{""start"":""2024-07-01"",""end"":""2024-09-30"",""val"":92995000000,""accn"":""0001193125-25-261548"",""fy"":2025,""fp"":""Q3"",""form"":""10-Q"",""filed"":""2025-11-03"",""frame"":""CY2024Q3""}","{""label"":""Revenues"",""description"":""Amount of revenue recognized from goods sold, services rendered, insurance premiums, or other activities that constitute an earning process. Includes, but is not limited to, investment and interest income before deduction of interest expense when recognized as a component of revenue, and sales and trading gain (loss).""}"
"[""companyfacts-0001067983"",""us-gaap"",""Revenues"",""USD"",""296""]","0001067983","companyfacts-0001067983","us-gaap","Revenues","USD","296","371433000000","present","2024-01-01","2024-12-31","0001193125-26-083899","2026-03-02","10-K","2025","FY","CY2024","/facts/us-gaap/Revenues/units/USD/296","{""start"":""2024-01-01"",""end"":""2024-12-31"",""val"":371433000000,""accn"":""0001193125-26-083899"",""fy"":2025,""fp"":""FY"",""form"":""10-K"",""filed"":""2026-03-02"",""frame"":""CY2024""}","{""label"":""Revenues"",""description"":""Amount of revenue recognized from goods sold, services rendered, insurance premiums, or other activities that constitute an earning process. Includes, but is not limited to, investment and interest income before deduction of interest expense when recognized as a component of revenue, and sales and trading gain (loss).""}"
"[""companyfacts-0001067983"",""us-gaap"",""Revenues"",""USD"",""298""]","0001067983","companyfacts-0001067983","us-gaap","Revenues","USD","298","89725000000","present","2025-01-01","2025-03-31","0001193125-26-202243","2026-05-04","10-Q","2026","Q1","CY2025Q1","/facts/us-gaap/Revenues/units/USD/298","{""start"":""2025-01-01"",""end"":""2025-03-31"",""val"":89725000000,""accn"":""0001193125-26-202243"",""fy"":2026,""fp"":""Q1"",""form"":""10-Q"",""filed"":""2026-05-04"",""frame"":""CY2025Q1""}","{""label"":""Revenues"",""description"":""Amount of revenue recognized from goods sold, services rendered, insurance premiums, or other activities that constitute an earning process. Includes, but is not limited to, investment and interest income before deduction of interest expense when recognized as a component of revenue, and sales and trading gain (loss).""}"
"[""companyfacts-0001067983"",""us-gaap"",""Revenues"",""USD"",""300""]","0001067983","companyfacts-0001067983","us-gaap","Revenues","USD","300","182240000000","present","2025-01-01","2025-06-30","0001193125-26-341032","2026-08-10","10-Q","2026","Q2","\N","/facts/us-gaap/Revenues/units/USD/300","{""start"":""2025-01-01"",""end"":""2025-06-30"",""val"":182240000000,""accn"":""0001193125-26-341032"",""fy"":2026,""fp"":""Q2"",""form"":""10-Q"",""filed"":""2026-08-10""}","{""label"":""Revenues"",""description"":""Amount of revenue recognized from goods sold, services rendered, insurance premiums, or other activities that constitute an earning process. Includes, but is not limited to, investment and interest income before deduction of interest expense when recognized as a component of revenue, and sales and trading gain (loss).""}"
"[""companyfacts-0001067983"",""us-gaap"",""Revenues"",""USD"",""302""]","0001067983","companyfacts-0001067983","us-gaap","Revenues","USD","302","92515000000","present","2025-04-01","2025-06-30","0001193125-26-341032","2026-08-10","10-Q","2026","Q2","CY2025Q2","/facts/us-gaap/Revenues/units/USD/302","{""start"":""2025-04-01"",""end"":""2025-06-30"",""val"":92515000000,""accn"":""0001193125-26-341032"",""fy"":2026,""fp"":""Q2"",""form"":""10-Q"",""filed"":""2026-08-10"",""frame"":""CY2025Q2""}","{""label"":""Revenues"",""description"":""Amount of revenue recognized from goods sold, services rendered, insurance premiums, or other activities that constitute an earning process. Includes, but is not limited to, investment and interest income before deduction of interest expense when recognized as a component of revenue, and sales and trading gain (loss).""}"
"[""companyfacts-0001067983"",""us-gaap"",""Revenues"",""USD"",""303""]","0001067983","companyfacts-0001067983","us-gaap","Revenues","USD","303","277212000000","present","2025-01-01","2025-09-30","0001193125-25-261548","2025-11-03","10-Q","2025","Q3","\N","/facts/us-gaap/Revenues/units/USD/303","{""start"":""2025-01-01"",""end"":""2025-09-30"",""val"":277212000000,""accn"":""0001193125-25-261548"",""fy"":2025,""fp"":""Q3"",""form"":""10-Q"",""filed"":""2025-11-03""}","{""label"":""Revenues"",""description"":""Amount of revenue recognized from goods sold, services rendered, insurance premiums, or other activities that constitute an earning process. Includes, but is not limited to, investment and interest income before deduction of interest expense when recognized as a component of revenue, and sales and trading gain (loss).""}"
"[""companyfacts-0001067983"",""us-gaap"",""Revenues"",""USD"",""304""]","0001067983","companyfacts-0001067983","us-gaap","Revenues","USD","304","94972000000","present","2025-07-01","2025-09-30","0001193125-25-261548","2025-11-03","10-Q","2025","Q3","CY2025Q3","/facts/us-gaap/Revenues/units/USD/304","{""start"":""2025-07-01"",""end"":""2025-09-30"",""val"":94972000000,""accn"":""0001193125-25-261548"",""fy"":2025,""fp"":""Q3"",""form"":""10-Q"",""filed"":""2025-11-03"",""frame"":""CY2025Q3""}","{""label"":""Revenues"",""description"":""Amount of revenue recognized from goods sold, services rendered, insurance premiums, or other activities that constitute an earning process. Includes, but is not limited to, investment and interest income before deduction of interest expense when recognized as a component of revenue, and sales and trading gain (loss).""}"
"[""companyfacts-0001067983"",""us-gaap"",""Revenues"",""USD"",""305""]","0001067983","companyfacts-0001067983","us-gaap","Revenues","USD","305","371444000000","present","2025-01-01","2025-12-31","0001193125-26-083899","2026-03-02","10-K","2025","FY","CY2025","/facts/us-gaap/Revenues/units/USD/305","{""start"":""2025-01-01"",""end"":""2025-12-31"",""val"":371444000000,""accn"":""0001193125-26-083899"",""fy"":2025,""fp"":""FY"",""form"":""10-K"",""filed"":""2026-03-02"",""frame"":""CY2025""}","{""label"":""Revenues"",""description"":""Amount of revenue recognized from goods sold, services rendered, insurance premiums, or other activities that constitute an earning process. Includes, but is not limited to, investment and interest income before deduction of interest expense when recognized as a component of revenue, and sales and trading gain (loss).""}"
"[""companyfacts-0001067983"",""us-gaap"",""Revenues"",""USD"",""306""]","0001067983","companyfacts-0001067983","us-gaap","Revenues","USD","306","93675000000","present","2026-01-01","2026-03-31","0001193125-26-202243","2026-05-04","10-Q","2026","Q1","CY2026Q1","/facts/us-gaap/Revenues/units/USD/306","{""start"":""2026-01-01"",""end"":""2026-03-31"",""val"":93675000000,""accn"":""0001193125-26-202243"",""fy"":2026,""fp"":""Q1"",""form"":""10-Q"",""filed"":""2026-05-04"",""frame"":""CY2026Q1""}","{""label"":""Revenues"",""description"":""Amount of revenue recognized from goods sold, services rendered, insurance premiums, or other activities that constitute an earning process. Includes, but is not limited to, investment and interest income before deduction of interest expense when recognized as a component of revenue, and sales and trading gain (loss).""}"
"[""companyfacts-0001067983"",""us-gaap"",""Revenues"",""USD"",""307""]","0001067983","companyfacts-0001067983","us-gaap","Revenues","USD","307","195483000000","present","2026-01-01","2026-06-30","0001193125-26-341032","2026-08-10","10-Q","2026","Q2","\N","/facts/us-gaap/Revenues/units/USD/307","{""start"":""2026-01-01"",""end"":""2026-06-30"",""val"":195483000000,""accn"":""0001193125-26-341032"",""fy"":2026,""fp"":""Q2"",""form"":""10-Q"",""filed"":""2026-08-10""}","{""label"":""Revenues"",""description"":""Amount of revenue recognized from goods sold, services rendered, insurance premiums, or other activities that constitute an earning process. Includes, but is not limited to, investment and interest income before deduction of interest expense when recognized as a component of revenue, and sales and trading gain (loss).""}"
"[""companyfacts-0001067983"",""us-gaap"",""Revenues"",""USD"",""308""]","0001067983","companyfacts-0001067983","us-gaap","Revenues","USD","308","101808000000","present","2026-04-01","2026-06-30","0001193125-26-341032","2026-08-10","10-Q","2026","Q2","CY2026Q2","/facts/us-gaap/Revenues/units/USD/308","{""start"":""2026-04-01"",""end"":""2026-06-30"",""val"":101808000000,""accn"":""0001193125-26-341032"",""fy"":2026,""fp"":""Q2"",""form"":""10-Q"",""filed"":""2026-08-10"",""frame"":""CY2026Q2""}","{""label"":""Revenues"",""description"":""Amount of revenue recognized from goods sold, services rendered, insurance premiums, or other activities that constitute an earning process. Includes, but is not limited to, investment and interest income before deduction of interest expense when recognized as a component of revenue, and sales and trading gain (loss).""}"
"[""companyfacts-0001108524"",""us-gaap"",""CashAndCashEquivalentsAtCarryingValue"",""USD"",""252""]","0001108524","companyfacts-0001108524","us-gaap","CashAndCashEquivalentsAtCarryingValue","USD","252","8848000000","present","\N","2025-01-31","0001108524-25-000238","2025-12-04","10-Q","2026","Q3","\N","/facts/us-gaap/CashAndCashEquivalentsAtCarryingValue/units/USD/252","{""end"":""2025-01-31"",""val"":8848000000,""accn"":""0001108524-25-000238"",""fy"":2026,""fp"":""Q3"",""form"":""10-Q"",""filed"":""2025-12-04""}","{""label"":""Cash and Cash Equivalents, at Carrying Value"",""description"":""Amount of currency on hand as well as demand deposits with banks or financial institutions. Includes other kinds of accounts that have the general characteristics of demand deposits. Also includes short-term, highly liquid investments that are both readily convertible to known amounts of cash and so near their maturity that they present insignificant risk of changes in value because of changes in interest rates. Excludes cash and cash equivalents within disposal group and discontinued operation.""}"
"[""companyfacts-0001108524"",""us-gaap"",""CashAndCashEquivalentsAtCarryingValue"",""USD"",""253""]","0001108524","companyfacts-0001108524","us-gaap","CashAndCashEquivalentsAtCarryingValue","USD","253","8848000000","present","\N","2025-01-31","0001108524-26-000060","2026-03-02","10-K","2025","FY","CY2024Q4I","/facts/us-gaap/CashAndCashEquivalentsAtCarryingValue/units/USD/253","{""end"":""2025-01-31"",""val"":8848000000,""accn"":""0001108524-26-000060"",""fy"":2025,""fp"":""FY"",""form"":""10-K"",""filed"":""2026-03-02"",""frame"":""CY2024Q4I""}","{""label"":""Cash and Cash Equivalents, at Carrying Value"",""description"":""Amount of currency on hand as well as demand deposits with banks or financial institutions. Includes other kinds of accounts that have the general characteristics of demand deposits. Also includes short-term, highly liquid investments that are both readily convertible to known amounts of cash and so near their maturity that they present insignificant risk of changes in value because of changes in interest rates. Excludes cash and cash equivalents within disposal group and discontinued operation.""}"
"[""companyfacts-0001108524"",""us-gaap"",""CashAndCashEquivalentsAtCarryingValue"",""USD"",""256""]","0001108524","companyfacts-0001108524","us-gaap","CashAndCashEquivalentsAtCarryingValue","USD","256","8978000000","present","\N","2025-10-31","0001108524-25-000238","2025-12-04","10-Q","2026","Q3","CY2025Q3I","/facts/us-gaap/CashAndCashEquivalentsAtCarryingValue/units/USD/256","{""end"":""2025-10-31"",""val"":8978000000,""accn"":""0001108524-25-000238"",""fy"":2026,""fp"":""Q3"",""form"":""10-Q"",""filed"":""2025-12-04"",""frame"":""CY2025Q3I""}","{""label"":""Cash and Cash Equivalents, at Carrying Value"",""description"":""Amount of currency on hand as well as demand deposits with banks or financial institutions. Includes other kinds of accounts that have the general characteristics of demand deposits. Also includes short-term, highly liquid investments that are both readily convertible to known amounts of cash and so near their maturity that they present insignificant risk of changes in value because of changes in interest rates. Excludes cash and cash equivalents within disposal group and discontinued operation.""}"
"[""companyfacts-0001108524"",""us-gaap"",""CashAndCashEquivalentsAtCarryingValue"",""USD"",""257""]","0001108524","companyfacts-0001108524","us-gaap","CashAndCashEquivalentsAtCarryingValue","USD","257","7327000000","present","\N","2026-01-31","0001108524-26-000060","2026-03-02","10-K","2025","FY","\N","/facts/us-gaap/CashAndCashEquivalentsAtCarryingValue/units/USD/257","{""end"":""2026-01-31"",""val"":7327000000,""accn"":""0001108524-26-000060"",""fy"":2025,""fp"":""FY"",""form"":""10-K"",""filed"":""2026-03-02""}","{""label"":""Cash and Cash Equivalents, at Carrying Value"",""description"":""Amount of currency on hand as well as demand deposits with banks or financial institutions. Includes other kinds of accounts that have the general characteristics of demand deposits. Also includes short-term, highly liquid investments that are both readily convertible to known amounts of cash and so near their maturity that they present insignificant risk of changes in value because of changes in interest rates. Excludes cash and cash equivalents within disposal group and discontinued operation.""}"
"[""companyfacts-0001108524"",""us-gaap"",""CashAndCashEquivalentsAtCarryingValue"",""USD"",""258""]","0001108524","companyfacts-0001108524","us-gaap","CashAndCashEquivalentsAtCarryingValue","USD","258","7327000000","present","\N","2026-01-31","0001108524-26-000127","2026-05-28","10-Q","2027","Q1","\N","/facts/us-gaap/CashAndCashEquivalentsAtCarryingValue/units/USD/258","{""end"":""2026-01-31"",""val"":7327000000,""accn"":""0001108524-26-000127"",""fy"":2027,""fp"":""Q1"",""form"":""10-Q"",""filed"":""2026-05-28""}","{""label"":""Cash and Cash Equivalents, at Carrying Value"",""description"":""Amount of currency on hand as well as demand deposits with banks or financial institutions. Includes other kinds of accounts that have the general characteristics of demand deposits. Also includes short-term, highly liquid investments that are both readily convertible to known amounts of cash and so near their maturity that they present insignificant risk of changes in value because of changes in interest rates. Excludes cash and cash equivalents within disposal group and discontinued operation.""}"
"[""companyfacts-0001108524"",""us-gaap"",""CashAndCashEquivalentsAtCarryingValue"",""USD"",""259""]","0001108524","companyfacts-0001108524","us-gaap","CashAndCashEquivalentsAtCarryingValue","USD","259","7327000000","present","\N","2026-01-31","0001108524-26-000190","2026-08-27","10-Q","2027","Q2","CY2025Q4I","/facts/us-gaap/CashAndCashEquivalentsAtCarryingValue/units/USD/259","{""end"":""2026-01-31"",""val"":7327000000,""accn"":""0001108524-26-000190"",""fy"":2027,""fp"":""Q2"",""form"":""10-Q"",""filed"":""2026-08-27"",""frame"":""CY2025Q4I""}","{""label"":""Cash and Cash Equivalents, at Carrying Value"",""description"":""Amount of currency on hand as well as demand deposits with banks or financial institutions. Includes other kinds of accounts that have the general characteristics of demand deposits. Also includes short-term, highly liquid investments that are both readily convertible to known amounts of cash and so near their maturity that they present insignificant risk of changes in value because of changes in interest rates. Excludes cash and cash equivalents within disposal group and discontinued operation.""}"
"[""companyfacts-0001108524"",""us-gaap"",""CashAndCashEquivalentsAtCarryingValue"",""USD"",""260""]","0001108524","companyfacts-0001108524","us-gaap","CashAndCashEquivalentsAtCarryingValue","USD","260","8935000000","present","\N","2026-04-30","0001108524-26-000127","2026-05-28","10-Q","2027","Q1","CY2026Q1I","/facts/us-gaap/CashAndCashEquivalentsAtCarryingValue/units/USD/260","{""end"":""2026-04-30"",""val"":8935000000,""accn"":""0001108524-26-000127"",""fy"":2027,""fp"":""Q1"",""form"":""10-Q"",""filed"":""2026-05-28"",""frame"":""CY2026Q1I""}","{""label"":""Cash and Cash Equivalents, at Carrying Value"",""description"":""Amount of currency on hand as well as demand deposits with banks or financial institutions. Includes other kinds of accounts that have the general characteristics of demand deposits. Also includes short-term, highly liquid investments that are both readily convertible to known amounts of cash and so near their maturity that they present insignificant risk of changes in value because of changes in interest rates. Excludes cash and cash equivalents within disposal group and discontinued operation.""}"
"[""companyfacts-0001108524"",""us-gaap"",""CashAndCashEquivalentsAtCarryingValue"",""USD"",""261""]","0001108524","companyfacts-0001108524","us-gaap","CashAndCashEquivalentsAtCarryingValue","USD","261","8310000000","present","\N","2026-07-31","0001108524-26-000190","2026-08-27","10-Q","2027","Q2","CY2026Q2I","/facts/us-gaap/CashAndCashEquivalentsAtCarryingValue/units/USD/261","{""end"":""2026-07-31"",""val"":8310000000,""accn"":""0001108524-26-000190"",""fy"":2027,""fp"":""Q2"",""form"":""10-Q"",""filed"":""2026-08-27"",""frame"":""CY2026Q2I""}","{""label"":""Cash and Cash Equivalents, at Carrying Value"",""description"":""Amount of currency on hand as well as demand deposits with banks or financial institutions. Includes other kinds of accounts that have the general characteristics of demand deposits. Also includes short-term, highly liquid investments that are both readily convertible to known amounts of cash and so near their maturity that they present insignificant risk of changes in value because of changes in interest rates. Excludes cash and cash equivalents within disposal group and discontinued operation.""}"
"[""companyfacts-0001108524"",""us-gaap"",""LongTermDebtCurrent"",""USD"",""74""]","0001108524","companyfacts-0001108524","us-gaap","LongTermDebtCurrent","USD","74","0","present","\N","2025-01-31","0001108524-25-000238","2025-12-04","10-Q","2026","Q3","\N","/facts/us-gaap/LongTermDebtCurrent/units/USD/74","{""end"":""2025-01-31"",""val"":0,""accn"":""0001108524-25-000238"",""fy"":2026,""fp"":""Q3"",""form"":""10-Q"",""filed"":""2025-12-04""}","{""label"":""Long-term Debt, Current Maturities"",""description"":""Amount, after unamortized (discount) premium and debt issuance costs, of long-term debt, classified as current. Includes, but not limited to, notes payable, bonds payable, debentures, mortgage loans and commercial paper. Excludes capital lease obligations.""}"
"[""companyfacts-0001108524"",""us-gaap"",""LongTermDebtCurrent"",""USD"",""75""]","0001108524","companyfacts-0001108524","us-gaap","LongTermDebtCurrent","USD","75","0","present","\N","2025-01-31","0001108524-26-000060","2026-03-02","10-K","2025","FY","CY2024Q4I","/facts/us-gaap/LongTermDebtCurrent/units/USD/75","{""end"":""2025-01-31"",""val"":0,""accn"":""0001108524-26-000060"",""fy"":2025,""fp"":""FY"",""form"":""10-K"",""filed"":""2026-03-02"",""frame"":""CY2024Q4I""}","{""label"":""Long-term Debt, Current Maturities"",""description"":""Amount, after unamortized (discount) premium and debt issuance costs, of long-term debt, classified as current. Includes, but not limited to, notes payable, bonds payable, debentures, mortgage loans and commercial paper. Excludes capital lease obligations.""}"
"[""companyfacts-0001108524"",""us-gaap"",""LongTermDebtCurrent"",""USD"",""78""]","0001108524","companyfacts-0001108524","us-gaap","LongTermDebtCurrent","USD","78","0","present","\N","2025-10-31","0001108524-25-000238","2025-12-04","10-Q","2026","Q3","CY2025Q3I","/facts/us-gaap/LongTermDebtCurrent/units/USD/78","{""end"":""2025-10-31"",""val"":0,""accn"":""0001108524-25-000238"",""fy"":2026,""fp"":""Q3"",""form"":""10-Q"",""filed"":""2025-12-04"",""frame"":""CY2025Q3I""}","{""label"":""Long-term Debt, Current Maturities"",""description"":""Amount, after unamortized (discount) premium and debt issuance costs, of long-term debt, classified as current. Includes, but not limited to, notes payable, bonds payable, debentures, mortgage loans and commercial paper. Excludes capital lease obligations.""}"
"[""companyfacts-0001108524"",""us-gaap"",""LongTermDebtCurrent"",""USD"",""79""]","0001108524","companyfacts-0001108524","us-gaap","LongTermDebtCurrent","USD","79","4000000000","present","\N","2026-01-31","0001108524-26-000060","2026-03-02","10-K","2025","FY","\N","/facts/us-gaap/LongTermDebtCurrent/units/USD/79","{""end"":""2026-01-31"",""val"":4000000000,""accn"":""0001108524-26-000060"",""fy"":2025,""fp"":""FY"",""form"":""10-K"",""filed"":""2026-03-02""}","{""label"":""Long-term Debt, Current Maturities"",""description"":""Amount, after unamortized (discount) premium and debt issuance costs, of long-term debt, classified as current. Includes, but not limited to, notes payable, bonds payable, debentures, mortgage loans and commercial paper. Excludes capital lease obligations.""}"
"[""companyfacts-0001108524"",""us-gaap"",""LongTermDebtCurrent"",""USD"",""80""]","0001108524","companyfacts-0001108524","us-gaap","LongTermDebtCurrent","USD","80","4000000000","present","\N","2026-01-31","0001108524-26-000127","2026-05-28","10-Q","2027","Q1","\N","/facts/us-gaap/LongTermDebtCurrent/units/USD/80","{""end"":""2026-01-31"",""val"":4000000000,""accn"":""0001108524-26-000127"",""fy"":2027,""fp"":""Q1"",""form"":""10-Q"",""filed"":""2026-05-28""}","{""label"":""Long-term Debt, Current Maturities"",""description"":""Amount, after unamortized (discount) premium and debt issuance costs, of long-term debt, classified as current. Includes, but not limited to, notes payable, bonds payable, debentures, mortgage loans and commercial paper. Excludes capital lease obligations.""}"
"[""companyfacts-0001108524"",""us-gaap"",""LongTermDebtCurrent"",""USD"",""81""]","0001108524","companyfacts-0001108524","us-gaap","LongTermDebtCurrent","USD","81","4000000000","present","\N","2026-01-31","0001108524-26-000190","2026-08-27","10-Q","2027","Q2","CY2025Q4I","/facts/us-gaap/LongTermDebtCurrent/units/USD/81","{""end"":""2026-01-31"",""val"":4000000000,""accn"":""0001108524-26-000190"",""fy"":2027,""fp"":""Q2"",""form"":""10-Q"",""filed"":""2026-08-27"",""frame"":""CY2025Q4I""}","{""label"":""Long-term Debt, Current Maturities"",""description"":""Amount, after unamortized (discount) premium and debt issuance costs, of long-term debt, classified as current. Includes, but not limited to, notes payable, bonds payable, debentures, mortgage loans and commercial paper. Excludes capital lease obligations.""}"
"[""companyfacts-0001108524"",""us-gaap"",""LongTermDebtCurrent"",""USD"",""82""]","0001108524","companyfacts-0001108524","us-gaap","LongTermDebtCurrent","USD","82","0","present","\N","2026-04-30","0001108524-26-000127","2026-05-28","10-Q","2027","Q1","CY2026Q1I","/facts/us-gaap/LongTermDebtCurrent/units/USD/82","{""end"":""2026-04-30"",""val"":0,""accn"":""0001108524-26-000127"",""fy"":2027,""fp"":""Q1"",""form"":""10-Q"",""filed"":""2026-05-28"",""frame"":""CY2026Q1I""}","{""label"":""Long-term Debt, Current Maturities"",""description"":""Amount, after unamortized (discount) premium and debt issuance costs, of long-term debt, classified as current. Includes, but not limited to, notes payable, bonds payable, debentures, mortgage loans and commercial paper. Excludes capital lease obligations.""}"
"[""companyfacts-0001108524"",""us-gaap"",""LongTermDebtCurrent"",""USD"",""83""]","0001108524","companyfacts-0001108524","us-gaap","LongTermDebtCurrent","USD","83","0","present","\N","2026-07-31","0001108524-26-000190","2026-08-27","10-Q","2027","Q2","CY2026Q2I","/facts/us-gaap/LongTermDebtCurrent/units/USD/83","{""end"":""2026-07-31"",""val"":0,""accn"":""0001108524-26-000190"",""fy"":2027,""fp"":""Q2"",""form"":""10-Q"",""filed"":""2026-08-27"",""frame"":""CY2026Q2I""}","{""label"":""Long-term Debt, Current Maturities"",""description"":""Amount, after unamortized (discount) premium and debt issuance costs, of long-term debt, classified as current. Includes, but not limited to, notes payable, bonds payable, debentures, mortgage loans and commercial paper. Excludes capital lease obligations.""}"
"[""companyfacts-0001108524"",""us-gaap"",""LongTermDebtNoncurrent"",""USD"",""74""]","0001108524","companyfacts-0001108524","us-gaap","LongTermDebtNoncurrent","USD","74","8433000000","present","\N","2025-01-31","0001108524-25-000238","2025-12-04","10-Q","2026","Q3","\N","/facts/us-gaap/LongTermDebtNoncurrent/units/USD/74","{""end"":""2025-01-31"",""val"":8433000000,""accn"":""0001108524-25-000238"",""fy"":2026,""fp"":""Q3"",""form"":""10-Q"",""filed"":""2025-12-04""}","{""label"":""Long-term Debt, Excluding Current Maturities"",""description"":""Amount after unamortized (discount) premium and debt issuance costs of long-term debt classified as noncurrent and excluding amounts to be repaid within one year or the normal operating cycle, if longer. Includes, but not limited to, notes payable, bonds payable, debentures, mortgage loans and commercial paper. Excludes capital lease obligations.""}"
"[""companyfacts-0001108524"",""us-gaap"",""LongTermDebtNoncurrent"",""USD"",""75""]","0001108524","companyfacts-0001108524","us-gaap","LongTermDebtNoncurrent","USD","75","8433000000","present","\N","2025-01-31","0001108524-26-000060","2026-03-02","10-K","2025","FY","CY2024Q4I","/facts/us-gaap/LongTermDebtNoncurrent/units/USD/75","{""end"":""2025-01-31"",""val"":8433000000,""accn"":""0001108524-26-000060"",""fy"":2025,""fp"":""FY"",""form"":""10-K"",""filed"":""2026-03-02"",""frame"":""CY2024Q4I""}","{""label"":""Long-term Debt, Excluding Current Maturities"",""description"":""Amount after unamortized (discount) premium and debt issuance costs of long-term debt classified as noncurrent and excluding amounts to be repaid within one year or the normal operating cycle, if longer. Includes, but not limited to, notes payable, bonds payable, debentures, mortgage loans and commercial paper. Excludes capital lease obligations.""}"
"[""companyfacts-0001108524"",""us-gaap"",""LongTermDebtNoncurrent"",""USD"",""78""]","0001108524","companyfacts-0001108524","us-gaap","LongTermDebtNoncurrent","USD","78","8438000000","present","\N","2025-10-31","0001108524-25-000238","2025-12-04","10-Q","2026","Q3","CY2025Q3I","/facts/us-gaap/LongTermDebtNoncurrent/units/USD/78","{""end"":""2025-10-31"",""val"":8438000000,""accn"":""0001108524-25-000238"",""fy"":2026,""fp"":""Q3"",""form"":""10-Q"",""filed"":""2025-12-04"",""frame"":""CY2025Q3I""}","{""label"":""Long-term Debt, Excluding Current Maturities"",""description"":""Amount after unamortized (discount) premium and debt issuance costs of long-term debt classified as noncurrent and excluding amounts to be repaid within one year or the normal operating cycle, if longer. Includes, but not limited to, notes payable, bonds payable, debentures, mortgage loans and commercial paper. Excludes capital lease obligations.""}"
"[""companyfacts-0001108524"",""us-gaap"",""LongTermDebtNoncurrent"",""USD"",""79""]","0001108524","companyfacts-0001108524","us-gaap","LongTermDebtNoncurrent","USD","79","10439000000","present","\N","2026-01-31","0001108524-26-000060","2026-03-02","10-K","2025","FY","\N","/facts/us-gaap/LongTermDebtNoncurrent/units/USD/79","{""end"":""2026-01-31"",""val"":10439000000,""accn"":""0001108524-26-000060"",""fy"":2025,""fp"":""FY"",""form"":""10-K"",""filed"":""2026-03-02""}","{""label"":""Long-term Debt, Excluding Current Maturities"",""description"":""Amount after unamortized (discount) premium and debt issuance costs of long-term debt classified as noncurrent and excluding amounts to be repaid within one year or the normal operating cycle, if longer. Includes, but not limited to, notes payable, bonds payable, debentures, mortgage loans and commercial paper. Excludes capital lease obligations.""}"
"[""companyfacts-0001108524"",""us-gaap"",""LongTermDebtNoncurrent"",""USD"",""80""]","0001108524","companyfacts-0001108524","us-gaap","LongTermDebtNoncurrent","USD","80","10439000000","present","\N","2026-01-31","0001108524-26-000127","2026-05-28","10-Q","2027","Q1","\N","/facts/us-gaap/LongTermDebtNoncurrent/units/USD/80","{""end"":""2026-01-31"",""val"":10439000000,""accn"":""0001108524-26-000127"",""fy"":2027,""fp"":""Q1"",""form"":""10-Q"",""filed"":""2026-05-28""}","{""label"":""Long-term Debt, Excluding Current Maturities"",""description"":""Amount after unamortized (discount) premium and debt issuance costs of long-term debt classified as noncurrent and excluding amounts to be repaid within one year or the normal operating cycle, if longer. Includes, but not limited to, notes payable, bonds payable, debentures, mortgage loans and commercial paper. Excludes capital lease obligations.""}"
"[""companyfacts-0001108524"",""us-gaap"",""LongTermDebtNoncurrent"",""USD"",""81""]","0001108524","companyfacts-0001108524","us-gaap","LongTermDebtNoncurrent","USD","81","10439000000","present","\N","2026-01-31","0001108524-26-000190","2026-08-27","10-Q","2027","Q2","CY2025Q4I","/facts/us-gaap/LongTermDebtNoncurrent/units/USD/81","{""end"":""2026-01-31"",""val"":10439000000,""accn"":""0001108524-26-000190"",""fy"":2027,""fp"":""Q2"",""form"":""10-Q"",""filed"":""2026-08-27"",""frame"":""CY2025Q4I""}","{""label"":""Long-term Debt, Excluding Current Maturities"",""description"":""Amount after unamortized (discount) premium and debt issuance costs of long-term debt classified as noncurrent and excluding amounts to be repaid within one year or the normal operating cycle, if longer. Includes, but not limited to, notes payable, bonds payable, debentures, mortgage loans and commercial paper. Excludes capital lease obligations.""}"
"[""companyfacts-0001108524"",""us-gaap"",""LongTermDebtNoncurrent"",""USD"",""82""]","0001108524","companyfacts-0001108524","us-gaap","LongTermDebtNoncurrent","USD","82","39280000000","present","\N","2026-04-30","0001108524-26-000127","2026-05-28","10-Q","2027","Q1","CY2026Q1I","/facts/us-gaap/LongTermDebtNoncurrent/units/USD/82","{""end"":""2026-04-30"",""val"":39280000000,""accn"":""0001108524-26-000127"",""fy"":2027,""fp"":""Q1"",""form"":""10-Q"",""filed"":""2026-05-28"",""frame"":""CY2026Q1I""}","{""label"":""Long-term Debt, Excluding Current Maturities"",""description"":""Amount after unamortized (discount) premium and debt issuance costs of long-term debt classified as noncurrent and excluding amounts to be repaid within one year or the normal operating cycle, if longer. Includes, but not limited to, notes payable, bonds payable, debentures, mortgage loans and commercial paper. Excludes capital lease obligations.""}"
"[""companyfacts-0001108524"",""us-gaap"",""LongTermDebtNoncurrent"",""USD"",""83""]","0001108524","companyfacts-0001108524","us-gaap","LongTermDebtNoncurrent","USD","83","39288000000","present","\N","2026-07-31","0001108524-26-000190","2026-08-27","10-Q","2027","Q2","CY2026Q2I","/facts/us-gaap/LongTermDebtNoncurrent/units/USD/83","{""end"":""2026-07-31"",""val"":39288000000,""accn"":""0001108524-26-000190"",""fy"":2027,""fp"":""Q2"",""form"":""10-Q"",""filed"":""2026-08-27"",""frame"":""CY2026Q2I""}","{""label"":""Long-term Debt, Excluding Current Maturities"",""description"":""Amount after unamortized (discount) premium and debt issuance costs of long-term debt classified as noncurrent and excluding amounts to be repaid within one year or the normal operating cycle, if longer. Includes, but not limited to, notes payable, bonds payable, debentures, mortgage loans and commercial paper. Excludes capital lease obligations.""}"
"[""companyfacts-0001108524"",""us-gaap"",""RevenueFromContractWithCustomerExcludingAssessedTax"",""USD"",""104""]","0001108524","companyfacts-0001108524","us-gaap","RevenueFromContractWithCustomerExcludingAssessedTax","USD","104","34857000000","present","2023-02-01","2024-01-31","0001108524-26-000060","2026-03-02","10-K","2025","FY","CY2023","/facts/us-gaap/RevenueFromContractWithCustomerExcludingAssessedTax/units/USD/104","{""start"":""2023-02-01"",""end"":""2024-01-31"",""val"":34857000000,""accn"":""0001108524-26-000060"",""fy"":2025,""fp"":""FY"",""form"":""10-K"",""filed"":""2026-03-02"",""frame"":""CY2023""}","{""label"":""Revenue from Contract with Customer, Excluding Assessed Tax"",""description"":""Amount, excluding tax collected from customer, of revenue from satisfaction of performance obligation by transferring promised good or service to customer. Tax collected from customer is tax assessed by governmental authority that is both imposed on and concurrent with specific revenue-producing transaction, including, but not limited to, sales, use, value added and excise.""}"
"[""companyfacts-0001108524"",""us-gaap"",""RevenueFromContractWithCustomerExcludingAssessedTax"",""USD"",""112""]","0001108524","companyfacts-0001108524","us-gaap","RevenueFromContractWithCustomerExcludingAssessedTax","USD","112","27902000000","present","2024-02-01","2024-10-31","0001108524-25-000238","2025-12-04","10-Q","2026","Q3","\N","/facts/us-gaap/RevenueFromContractWithCustomerExcludingAssessedTax/units/USD/112","{""start"":""2024-02-01"",""end"":""2024-10-31"",""val"":27902000000,""accn"":""0001108524-25-000238"",""fy"":2026,""fp"":""Q3"",""form"":""10-Q"",""filed"":""2025-12-04""}","{""label"":""Revenue from Contract with Customer, Excluding Assessed Tax"",""description"":""Amount, excluding tax collected from customer, of revenue from satisfaction of performance obligation by transferring promised good or service to customer. Tax collected from customer is tax assessed by governmental authority that is both imposed on and concurrent with specific revenue-producing transaction, including, but not limited to, sales, use, value added and excise.""}"
"[""companyfacts-0001108524"",""us-gaap"",""RevenueFromContractWithCustomerExcludingAssessedTax"",""USD"",""114""]","0001108524","companyfacts-0001108524","us-gaap","RevenueFromContractWithCustomerExcludingAssessedTax","USD","114","9444000000","present","2024-08-01","2024-10-31","0001108524-25-000238","2025-12-04","10-Q","2026","Q3","CY2024Q3","/facts/us-gaap/RevenueFromContractWithCustomerExcludingAssessedTax/units/USD/114","{""start"":""2024-08-01"",""end"":""2024-10-31"",""val"":9444000000,""accn"":""0001108524-25-000238"",""fy"":2026,""fp"":""Q3"",""form"":""10-Q"",""filed"":""2025-12-04"",""frame"":""CY2024Q3""}","{""label"":""Revenue from Contract with Customer, Excluding Assessed Tax"",""description"":""Amount, excluding tax collected from customer, of revenue from satisfaction of performance obligation by transferring promised good or service to customer. Tax collected from customer is tax assessed by governmental authority that is both imposed on and concurrent with specific revenue-producing transaction, including, but not limited to, sales, use, value added and excise.""}"
"[""companyfacts-0001108524"",""us-gaap"",""RevenueFromContractWithCustomerExcludingAssessedTax"",""USD"",""116""]","0001108524","companyfacts-0001108524","us-gaap","RevenueFromContractWithCustomerExcludingAssessedTax","USD","116","37895000000","present","2024-02-01","2025-01-31","0001108524-26-000060","2026-03-02","10-K","2025","FY","CY2024","/facts/us-gaap/RevenueFromContractWithCustomerExcludingAssessedTax/units/USD/116","{""start"":""2024-02-01"",""end"":""2025-01-31"",""val"":37895000000,""accn"":""0001108524-26-000060"",""fy"":2025,""fp"":""FY"",""form"":""10-K"",""filed"":""2026-03-02"",""frame"":""CY2024""}","{""label"":""Revenue from Contract with Customer, Excluding Assessed Tax"",""description"":""Amount, excluding tax collected from customer, of revenue from satisfaction of performance obligation by transferring promised good or service to customer. Tax collected from customer is tax assessed by governmental authority that is both imposed on and concurrent with specific revenue-producing transaction, including, but not limited to, sales, use, value added and excise.""}"
"[""companyfacts-0001108524"",""us-gaap"",""RevenueFromContractWithCustomerExcludingAssessedTax"",""USD"",""118""]","0001108524","companyfacts-0001108524","us-gaap","RevenueFromContractWithCustomerExcludingAssessedTax","USD","118","9829000000","present","2025-02-01","2025-04-30","0001108524-26-000127","2026-05-28","10-Q","2027","Q1","CY2025Q1","/facts/us-gaap/RevenueFromContractWithCustomerExcludingAssessedTax/units/USD/118","{""start"":""2025-02-01"",""end"":""2025-04-30"",""val"":9829000000,""accn"":""0001108524-26-000127"",""fy"":2027,""fp"":""Q1"",""form"":""10-Q"",""filed"":""2026-05-28"",""frame"":""CY2025Q1""}","{""label"":""Revenue from Contract with Customer, Excluding Assessed Tax"",""description"":""Amount, excluding tax collected from customer, of revenue from satisfaction of performance obligation by transferring promised good or service to customer. Tax collected from customer is tax assessed by governmental authority that is both imposed on and concurrent with specific revenue-producing transaction, including, but not limited to, sales, use, value added and excise.""}"
"[""companyfacts-0001108524"",""us-gaap"",""RevenueFromContractWithCustomerExcludingAssessedTax"",""USD"",""120""]","0001108524","companyfacts-0001108524","us-gaap","RevenueFromContractWithCustomerExcludingAssessedTax","USD","120","20065000000","present","2025-02-01","2025-07-31","0001108524-26-000190","2026-08-27","10-Q","2027","Q2","\N","/facts/us-gaap/RevenueFromContractWithCustomerExcludingAssessedTax/units/USD/120","{""start"":""2025-02-01"",""end"":""2025-07-31"",""val"":20065000000,""accn"":""0001108524-26-000190"",""fy"":2027,""fp"":""Q2"",""form"":""10-Q"",""filed"":""2026-08-27""}","{""label"":""Revenue from Contract with Customer, Excluding Assessed Tax"",""description"":""Amount, excluding tax collected from customer, of revenue from satisfaction of performance obligation by transferring promised good or service to customer. Tax collected from customer is tax assessed by governmental authority that is both imposed on and concurrent with specific revenue-producing transaction, including, but not limited to, sales, use, value added and excise.""}"
"[""companyfacts-0001108524"",""us-gaap"",""RevenueFromContractWithCustomerExcludingAssessedTax"",""USD"",""122""]","0001108524","companyfacts-0001108524","us-gaap","RevenueFromContractWithCustomerExcludingAssessedTax","USD","122","10236000000","present","2025-05-01","2025-07-31","0001108524-26-000190","2026-08-27","10-Q","2027","Q2","CY2025Q2","/facts/us-gaap/RevenueFromContractWithCustomerExcludingAssessedTax/units/USD/122","{""start"":""2025-05-01"",""end"":""2025-07-31"",""val"":10236000000,""accn"":""0001108524-26-000190"",""fy"":2027,""fp"":""Q2"",""form"":""10-Q"",""filed"":""2026-08-27"",""frame"":""CY2025Q2""}","{""label"":""Revenue from Contract with Customer, Excluding Assessed Tax"",""description"":""Amount, excluding tax collected from customer, of revenue from satisfaction of performance obligation by transferring promised good or service to customer. Tax collected from customer is tax assessed by governmental authority that is both imposed on and concurrent with specific revenue-producing transaction, including, but not limited to, sales, use, value added and excise.""}"
"[""companyfacts-0001108524"",""us-gaap"",""RevenueFromContractWithCustomerExcludingAssessedTax"",""USD"",""123""]","0001108524","companyfacts-0001108524","us-gaap","RevenueFromContractWithCustomerExcludingAssessedTax","USD","123","30324000000","present","2025-02-01","2025-10-31","0001108524-25-000238","2025-12-04","10-Q","2026","Q3","\N","/facts/us-gaap/RevenueFromContractWithCustomerExcludingAssessedTax/units/USD/123","{""start"":""2025-02-01"",""end"":""2025-10-31"",""val"":30324000000,""accn"":""0001108524-25-000238"",""fy"":2026,""fp"":""Q3"",""form"":""10-Q"",""filed"":""2025-12-04""}","{""label"":""Revenue from Contract with Customer, Excluding Assessed Tax"",""description"":""Amount, excluding tax collected from customer, of revenue from satisfaction of performance obligation by transferring promised good or service to customer. Tax collected from customer is tax assessed by governmental authority that is both imposed on and concurrent with specific revenue-producing transaction, including, but not limited to, sales, use, value added and excise.""}"
"[""companyfacts-0001108524"",""us-gaap"",""RevenueFromContractWithCustomerExcludingAssessedTax"",""USD"",""124""]","0001108524","companyfacts-0001108524","us-gaap","RevenueFromContractWithCustomerExcludingAssessedTax","USD","124","10259000000","present","2025-08-01","2025-10-31","0001108524-25-000238","2025-12-04","10-Q","2026","Q3","CY2025Q3","/facts/us-gaap/RevenueFromContractWithCustomerExcludingAssessedTax/units/USD/124","{""start"":""2025-08-01"",""end"":""2025-10-31"",""val"":10259000000,""accn"":""0001108524-25-000238"",""fy"":2026,""fp"":""Q3"",""form"":""10-Q"",""filed"":""2025-12-04"",""frame"":""CY2025Q3""}","{""label"":""Revenue from Contract with Customer, Excluding Assessed Tax"",""description"":""Amount, excluding tax collected from customer, of revenue from satisfaction of performance obligation by transferring promised good or service to customer. Tax collected from customer is tax assessed by governmental authority that is both imposed on and concurrent with specific revenue-producing transaction, including, but not limited to, sales, use, value added and excise.""}"
"[""companyfacts-0001108524"",""us-gaap"",""RevenueFromContractWithCustomerExcludingAssessedTax"",""USD"",""125""]","0001108524","companyfacts-0001108524","us-gaap","RevenueFromContractWithCustomerExcludingAssessedTax","USD","125","41525000000","present","2025-02-01","2026-01-31","0001108524-26-000060","2026-03-02","10-K","2025","FY","CY2025","/facts/us-gaap/RevenueFromContractWithCustomerExcludingAssessedTax/units/USD/125","{""start"":""2025-02-01"",""end"":""2026-01-31"",""val"":41525000000,""accn"":""0001108524-26-000060"",""fy"":2025,""fp"":""FY"",""form"":""10-K"",""filed"":""2026-03-02"",""frame"":""CY2025""}","{""label"":""Revenue from Contract with Customer, Excluding Assessed Tax"",""description"":""Amount, excluding tax collected from customer, of revenue from satisfaction of performance obligation by transferring promised good or service to customer. Tax collected from customer is tax assessed by governmental authority that is both imposed on and concurrent with specific revenue-producing transaction, including, but not limited to, sales, use, value added and excise.""}"
"[""companyfacts-0001108524"",""us-gaap"",""RevenueFromContractWithCustomerExcludingAssessedTax"",""USD"",""126""]","0001108524","companyfacts-0001108524","us-gaap","RevenueFromContractWithCustomerExcludingAssessedTax","USD","126","11133000000","present","2026-02-01","2026-04-30","0001108524-26-000127","2026-05-28","10-Q","2027","Q1","CY2026Q1","/facts/us-gaap/RevenueFromContractWithCustomerExcludingAssessedTax/units/USD/126","{""start"":""2026-02-01"",""end"":""2026-04-30"",""val"":11133000000,""accn"":""0001108524-26-000127"",""fy"":2027,""fp"":""Q1"",""form"":""10-Q"",""filed"":""2026-05-28"",""frame"":""CY2026Q1""}","{""label"":""Revenue from Contract with Customer, Excluding Assessed Tax"",""description"":""Amount, excluding tax collected from customer, of revenue from satisfaction of performance obligation by transferring promised good or service to customer. Tax collected from customer is tax assessed by governmental authority that is both imposed on and concurrent with specific revenue-producing transaction, including, but not limited to, sales, use, value added and excise.""}"
"[""companyfacts-0001108524"",""us-gaap"",""RevenueFromContractWithCustomerExcludingAssessedTax"",""USD"",""127""]","0001108524","companyfacts-0001108524","us-gaap","RevenueFromContractWithCustomerExcludingAssessedTax","USD","127","22478000000","present","2026-02-01","2026-07-31","0001108524-26-000190","2026-08-27","10-Q","2027","Q2","\N","/facts/us-gaap/RevenueFromContractWithCustomerExcludingAssessedTax/units/USD/127","{""start"":""2026-02-01"",""end"":""2026-07-31"",""val"":22478000000,""accn"":""0001108524-26-000190"",""fy"":2027,""fp"":""Q2"",""form"":""10-Q"",""filed"":""2026-08-27""}","{""label"":""Revenue from Contract with Customer, Excluding Assessed Tax"",""description"":""Amount, excluding tax collected from customer, of revenue from satisfaction of performance obligation by transferring promised good or service to customer. Tax collected from customer is tax assessed by governmental authority that is both imposed on and concurrent with specific revenue-producing transaction, including, but not limited to, sales, use, value added and excise.""}"
"[""companyfacts-0001108524"",""us-gaap"",""RevenueFromContractWithCustomerExcludingAssessedTax"",""USD"",""128""]","0001108524","companyfacts-0001108524","us-gaap","RevenueFromContractWithCustomerExcludingAssessedTax","USD","128","11345000000","present","2026-05-01","2026-07-31","0001108524-26-000190","2026-08-27","10-Q","2027","Q2","CY2026Q2","/facts/us-gaap/RevenueFromContractWithCustomerExcludingAssessedTax/units/USD/128","{""start"":""2026-05-01"",""end"":""2026-07-31"",""val"":11345000000,""accn"":""0001108524-26-000190"",""fy"":2027,""fp"":""Q2"",""form"":""10-Q"",""filed"":""2026-08-27"",""frame"":""CY2026Q2""}","{""label"":""Revenue from Contract with Customer, Excluding Assessed Tax"",""description"":""Amount, excluding tax collected from customer, of revenue from satisfaction of performance obligation by transferring promised good or service to customer. Tax collected from customer is tax assessed by governmental authority that is both imposed on and concurrent with specific revenue-producing transaction, including, but not limited to, sales, use, value added and excise.""}"
"[""companyfacts-0000004962"",""us-gaap"",""RevenueFromContractWithCustomerExcludingAssessedTax"",""USD"",""82""]","0000004962","companyfacts-0000004962","us-gaap","RevenueFromContractWithCustomerExcludingAssessedTax","USD","82","37218000000","present","2023-01-01","2023-12-31","0000004962-26-000080","2026-02-06","10-K","2025","FY","CY2023","/facts/us-gaap/RevenueFromContractWithCustomerExcludingAssessedTax/units/USD/82","{""start"":""2023-01-01"",""end"":""2023-12-31"",""val"":37218000000,""accn"":""0000004962-26-000080"",""fy"":2025,""fp"":""FY"",""form"":""10-K"",""filed"":""2026-02-06"",""frame"":""CY2023""}","{""label"":""Revenue from Contract with Customer, Excluding Assessed Tax"",""description"":""Amount, excluding tax collected from customer, of revenue from satisfaction of performance obligation by transferring promised good or service to customer. Tax collected from customer is tax assessed by governmental authority that is both imposed on and concurrent with specific revenue-producing transaction, including, but not limited to, sales, use, value added and excise.""}"
"[""companyfacts-0000004962"",""us-gaap"",""RevenueFromContractWithCustomerExcludingAssessedTax"",""USD"",""90""]","0000004962","companyfacts-0000004962","us-gaap","RevenueFromContractWithCustomerExcludingAssessedTax","USD","90","28873000000","present","2024-01-01","2024-09-30","0000004962-25-000222","2025-10-17","10-Q","2025","Q3","\N","/facts/us-gaap/RevenueFromContractWithCustomerExcludingAssessedTax/units/USD/90","{""start"":""2024-01-01"",""end"":""2024-09-30"",""val"":28873000000,""accn"":""0000004962-25-000222"",""fy"":2025,""fp"":""Q3"",""form"":""10-Q"",""filed"":""2025-10-17""}","{""label"":""Revenue from Contract with Customer, Excluding Assessed Tax"",""description"":""Amount, excluding tax collected from customer, of revenue from satisfaction of performance obligation by transferring promised good or service to customer. Tax collected from customer is tax assessed by governmental authority that is both imposed on and concurrent with specific revenue-producing transaction, including, but not limited to, sales, use, value added and excise.""}"
"[""companyfacts-0000004962"",""us-gaap"",""RevenueFromContractWithCustomerExcludingAssessedTax"",""USD"",""92""]","0000004962","companyfacts-0000004962","us-gaap","RevenueFromContractWithCustomerExcludingAssessedTax","USD","92","9716000000","present","2024-07-01","2024-09-30","0000004962-25-000222","2025-10-17","10-Q","2025","Q3","CY2024Q3","/facts/us-gaap/RevenueFromContractWithCustomerExcludingAssessedTax/units/USD/92","{""start"":""2024-07-01"",""end"":""2024-09-30"",""val"":9716000000,""accn"":""0000004962-25-000222"",""fy"":2025,""fp"":""Q3"",""form"":""10-Q"",""filed"":""2025-10-17"",""frame"":""CY2024Q3""}","{""label"":""Revenue from Contract with Customer, Excluding Assessed Tax"",""description"":""Amount, excluding tax collected from customer, of revenue from satisfaction of performance obligation by transferring promised good or service to customer. Tax collected from customer is tax assessed by governmental authority that is both imposed on and concurrent with specific revenue-producing transaction, including, but not limited to, sales, use, value added and excise.""}"
"[""companyfacts-0000004962"",""us-gaap"",""RevenueFromContractWithCustomerExcludingAssessedTax"",""USD"",""94""]","0000004962","companyfacts-0000004962","us-gaap","RevenueFromContractWithCustomerExcludingAssessedTax","USD","94","38825000000","present","2024-01-01","2024-12-31","0000004962-26-000080","2026-02-06","10-K","2025","FY","CY2024","/facts/us-gaap/RevenueFromContractWithCustomerExcludingAssessedTax/units/USD/94","{""start"":""2024-01-01"",""end"":""2024-12-31"",""val"":38825000000,""accn"":""0000004962-26-000080"",""fy"":2025,""fp"":""FY"",""form"":""10-K"",""filed"":""2026-02-06"",""frame"":""CY2024""}","{""label"":""Revenue from Contract with Customer, Excluding Assessed Tax"",""description"":""Amount, excluding tax collected from customer, of revenue from satisfaction of performance obligation by transferring promised good or service to customer. Tax collected from customer is tax assessed by governmental authority that is both imposed on and concurrent with specific revenue-producing transaction, including, but not limited to, sales, use, value added and excise.""}"
"[""companyfacts-0000004962"",""us-gaap"",""RevenueFromContractWithCustomerExcludingAssessedTax"",""USD"",""96""]","0000004962","companyfacts-0000004962","us-gaap","RevenueFromContractWithCustomerExcludingAssessedTax","USD","96","9626000000","present","2025-01-01","2025-03-31","0000004962-26-000192","2026-04-23","10-Q","2026","Q1","CY2025Q1","/facts/us-gaap/RevenueFromContractWithCustomerExcludingAssessedTax/units/USD/96","{""start"":""2025-01-01"",""end"":""2025-03-31"",""val"":9626000000,""accn"":""0000004962-26-000192"",""fy"":2026,""fp"":""Q1"",""form"":""10-Q"",""filed"":""2026-04-23"",""frame"":""CY2025Q1""}","{""label"":""Revenue from Contract with Customer, Excluding Assessed Tax"",""description"":""Amount, excluding tax collected from customer, of revenue from satisfaction of performance obligation by transferring promised good or service to customer. Tax collected from customer is tax assessed by governmental authority that is both imposed on and concurrent with specific revenue-producing transaction, including, but not limited to, sales, use, value added and excise.""}"
"[""companyfacts-0000004962"",""us-gaap"",""RevenueFromContractWithCustomerExcludingAssessedTax"",""USD"",""98""]","0000004962","companyfacts-0000004962","us-gaap","RevenueFromContractWithCustomerExcludingAssessedTax","USD","98","19947000000","present","2025-01-01","2025-06-30","0000004962-26-000322","2026-07-24","10-Q","2026","Q2","\N","/facts/us-gaap/RevenueFromContractWithCustomerExcludingAssessedTax/units/USD/98","{""start"":""2025-01-01"",""end"":""2025-06-30"",""val"":19947000000,""accn"":""0000004962-26-000322"",""fy"":2026,""fp"":""Q2"",""form"":""10-Q"",""filed"":""2026-07-24""}","{""label"":""Revenue from Contract with Customer, Excluding Assessed Tax"",""description"":""Amount, excluding tax collected from customer, of revenue from satisfaction of performance obligation by transferring promised good or service to customer. Tax collected from customer is tax assessed by governmental authority that is both imposed on and concurrent with specific revenue-producing transaction, including, but not limited to, sales, use, value added and excise.""}"
"[""companyfacts-0000004962"",""us-gaap"",""RevenueFromContractWithCustomerExcludingAssessedTax"",""USD"",""100""]","0000004962","companyfacts-0000004962","us-gaap","RevenueFromContractWithCustomerExcludingAssessedTax","USD","100","10321000000","present","2025-04-01","2025-06-30","0000004962-26-000322","2026-07-24","10-Q","2026","Q2","CY2025Q2","/facts/us-gaap/RevenueFromContractWithCustomerExcludingAssessedTax/units/USD/100","{""start"":""2025-04-01"",""end"":""2025-06-30"",""val"":10321000000,""accn"":""0000004962-26-000322"",""fy"":2026,""fp"":""Q2"",""form"":""10-Q"",""filed"":""2026-07-24"",""frame"":""CY2025Q2""}","{""label"":""Revenue from Contract with Customer, Excluding Assessed Tax"",""description"":""Amount, excluding tax collected from customer, of revenue from satisfaction of performance obligation by transferring promised good or service to customer. Tax collected from customer is tax assessed by governmental authority that is both imposed on and concurrent with specific revenue-producing transaction, including, but not limited to, sales, use, value added and excise.""}"
"[""companyfacts-0000004962"",""us-gaap"",""RevenueFromContractWithCustomerExcludingAssessedTax"",""USD"",""101""]","0000004962","companyfacts-0000004962","us-gaap","RevenueFromContractWithCustomerExcludingAssessedTax","USD","101","30362000000","present","2025-01-01","2025-09-30","0000004962-25-000222","2025-10-17","10-Q","2025","Q3","\N","/facts/us-gaap/RevenueFromContractWithCustomerExcludingAssessedTax/units/USD/101","{""start"":""2025-01-01"",""end"":""2025-09-30"",""val"":30362000000,""accn"":""0000004962-25-000222"",""fy"":2025,""fp"":""Q3"",""form"":""10-Q"",""filed"":""2025-10-17""}","{""label"":""Revenue from Contract with Customer, Excluding Assessed Tax"",""description"":""Amount, excluding tax collected from customer, of revenue from satisfaction of performance obligation by transferring promised good or service to customer. Tax collected from customer is tax assessed by governmental authority that is both imposed on and concurrent with specific revenue-producing transaction, including, but not limited to, sales, use, value added and excise.""}"
"[""companyfacts-0000004962"",""us-gaap"",""RevenueFromContractWithCustomerExcludingAssessedTax"",""USD"",""102""]","0000004962","companyfacts-0000004962","us-gaap","RevenueFromContractWithCustomerExcludingAssessedTax","USD","102","10415000000","present","2025-07-01","2025-09-30","0000004962-25-000222","2025-10-17","10-Q","2025","Q3","CY2025Q3","/facts/us-gaap/RevenueFromContractWithCustomerExcludingAssessedTax/units/USD/102","{""start"":""2025-07-01"",""end"":""2025-09-30"",""val"":10415000000,""accn"":""0000004962-25-000222"",""fy"":2025,""fp"":""Q3"",""form"":""10-Q"",""filed"":""2025-10-17"",""frame"":""CY2025Q3""}","{""label"":""Revenue from Contract with Customer, Excluding Assessed Tax"",""description"":""Amount, excluding tax collected from customer, of revenue from satisfaction of performance obligation by transferring promised good or service to customer. Tax collected from customer is tax assessed by governmental authority that is both imposed on and concurrent with specific revenue-producing transaction, including, but not limited to, sales, use, value added and excise.""}"
"[""companyfacts-0000004962"",""us-gaap"",""RevenueFromContractWithCustomerExcludingAssessedTax"",""USD"",""103""]","0000004962","companyfacts-0000004962","us-gaap","RevenueFromContractWithCustomerExcludingAssessedTax","USD","103","41304000000","present","2025-01-01","2025-12-31","0000004962-26-000080","2026-02-06","10-K","2025","FY","CY2025","/facts/us-gaap/RevenueFromContractWithCustomerExcludingAssessedTax/units/USD/103","{""start"":""2025-01-01"",""end"":""2025-12-31"",""val"":41304000000,""accn"":""0000004962-26-000080"",""fy"":2025,""fp"":""FY"",""form"":""10-K"",""filed"":""2026-02-06"",""frame"":""CY2025""}","{""label"":""Revenue from Contract with Customer, Excluding Assessed Tax"",""description"":""Amount, excluding tax collected from customer, of revenue from satisfaction of performance obligation by transferring promised good or service to customer. Tax collected from customer is tax assessed by governmental authority that is both imposed on and concurrent with specific revenue-producing transaction, including, but not limited to, sales, use, value added and excise.""}"
"[""companyfacts-0000004962"",""us-gaap"",""RevenueFromContractWithCustomerExcludingAssessedTax"",""USD"",""104""]","0000004962","companyfacts-0000004962","us-gaap","RevenueFromContractWithCustomerExcludingAssessedTax","USD","104","10517000000","present","2026-01-01","2026-03-31","0000004962-26-000192","2026-04-23","10-Q","2026","Q1","CY2026Q1","/facts/us-gaap/RevenueFromContractWithCustomerExcludingAssessedTax/units/USD/104","{""start"":""2026-01-01"",""end"":""2026-03-31"",""val"":10517000000,""accn"":""0000004962-26-000192"",""fy"":2026,""fp"":""Q1"",""form"":""10-Q"",""filed"":""2026-04-23"",""frame"":""CY2026Q1""}","{""label"":""Revenue from Contract with Customer, Excluding Assessed Tax"",""description"":""Amount, excluding tax collected from customer, of revenue from satisfaction of performance obligation by transferring promised good or service to customer. Tax collected from customer is tax assessed by governmental authority that is both imposed on and concurrent with specific revenue-producing transaction, including, but not limited to, sales, use, value added and excise.""}"
"[""companyfacts-0000004962"",""us-gaap"",""RevenueFromContractWithCustomerExcludingAssessedTax"",""USD"",""105""]","0000004962","companyfacts-0000004962","us-gaap","RevenueFromContractWithCustomerExcludingAssessedTax","USD","105","21729000000","present","2026-01-01","2026-06-30","0000004962-26-000322","2026-07-24","10-Q","2026","Q2","\N","/facts/us-gaap/RevenueFromContractWithCustomerExcludingAssessedTax/units/USD/105","{""start"":""2026-01-01"",""end"":""2026-06-30"",""val"":21729000000,""accn"":""0000004962-26-000322"",""fy"":2026,""fp"":""Q2"",""form"":""10-Q"",""filed"":""2026-07-24""}","{""label"":""Revenue from Contract with Customer, Excluding Assessed Tax"",""description"":""Amount, excluding tax collected from customer, of revenue from satisfaction of performance obligation by transferring promised good or service to customer. Tax collected from customer is tax assessed by governmental authority that is both imposed on and concurrent with specific revenue-producing transaction, including, but not limited to, sales, use, value added and excise.""}"
"[""companyfacts-0000004962"",""us-gaap"",""RevenueFromContractWithCustomerExcludingAssessedTax"",""USD"",""106""]","0000004962","companyfacts-0000004962","us-gaap","RevenueFromContractWithCustomerExcludingAssessedTax","USD","106","11212000000","present","2026-04-01","2026-06-30","0000004962-26-000322","2026-07-24","10-Q","2026","Q2","CY2026Q2","/facts/us-gaap/RevenueFromContractWithCustomerExcludingAssessedTax/units/USD/106","{""start"":""2026-04-01"",""end"":""2026-06-30"",""val"":11212000000,""accn"":""0000004962-26-000322"",""fy"":2026,""fp"":""Q2"",""form"":""10-Q"",""filed"":""2026-07-24"",""frame"":""CY2026Q2""}","{""label"":""Revenue from Contract with Customer, Excluding Assessed Tax"",""description"":""Amount, excluding tax collected from customer, of revenue from satisfaction of performance obligation by transferring promised good or service to customer. Tax collected from customer is tax assessed by governmental authority that is both imposed on and concurrent with specific revenue-producing transaction, including, but not limited to, sales, use, value added and excise.""}"
"[""companyfacts-0000077476"",""us-gaap"",""CashAndCashEquivalentsAtCarryingValue"",""USD"",""204""]","0000077476","companyfacts-0000077476","us-gaap","CashAndCashEquivalentsAtCarryingValue","USD","204","8505000000","present","\N","2024-12-28","0000077476-25-000053","2025-10-09","10-Q","2025","Q3","\N","/facts/us-gaap/CashAndCashEquivalentsAtCarryingValue/units/USD/204","{""end"":""2024-12-28"",""val"":8505000000,""accn"":""0000077476-25-000053"",""fy"":2025,""fp"":""Q3"",""form"":""10-Q"",""filed"":""2025-10-09""}","{""label"":""Cash and Cash Equivalents, at Carrying Value"",""description"":""Amount of currency on hand as well as demand deposits with banks or financial institutions. Includes other kinds of accounts that have the general characteristics of demand deposits. Also includes short-term, highly liquid investments that are both readily convertible to known amounts of cash and so near their maturity that they present insignificant risk of changes in value because of changes in interest rates. Excludes cash and cash equivalents within disposal group and discontinued operation.""}"
"[""companyfacts-0000077476"",""us-gaap"",""CashAndCashEquivalentsAtCarryingValue"",""USD"",""205""]","0000077476","companyfacts-0000077476","us-gaap","CashAndCashEquivalentsAtCarryingValue","USD","205","8505000000","present","\N","2024-12-28","0000077476-26-000007","2026-02-03","10-K","2025","FY","CY2024Q4I","/facts/us-gaap/CashAndCashEquivalentsAtCarryingValue/units/USD/205","{""end"":""2024-12-28"",""val"":8505000000,""accn"":""0000077476-26-000007"",""fy"":2025,""fp"":""FY"",""form"":""10-K"",""filed"":""2026-02-03"",""frame"":""CY2024Q4I""}","{""label"":""Cash and Cash Equivalents, at Carrying Value"",""description"":""Amount of currency on hand as well as demand deposits with banks or financial institutions. Includes other kinds of accounts that have the general characteristics of demand deposits. Also includes short-term, highly liquid investments that are both readily convertible to known amounts of cash and so near their maturity that they present insignificant risk of changes in value because of changes in interest rates. Excludes cash and cash equivalents within disposal group and discontinued operation.""}"
"[""companyfacts-0000077476"",""us-gaap"",""CashAndCashEquivalentsAtCarryingValue"",""USD"",""208""]","0000077476","companyfacts-0000077476","us-gaap","CashAndCashEquivalentsAtCarryingValue","USD","208","8126000000","present","\N","2025-09-06","0000077476-25-000053","2025-10-09","10-Q","2025","Q3","CY2025Q3I","/facts/us-gaap/CashAndCashEquivalentsAtCarryingValue/units/USD/208","{""end"":""2025-09-06"",""val"":8126000000,""accn"":""0000077476-25-000053"",""fy"":2025,""fp"":""Q3"",""form"":""10-Q"",""filed"":""2025-10-09"",""frame"":""CY2025Q3I""}","{""label"":""Cash and Cash Equivalents, at Carrying Value"",""description"":""Amount of currency on hand as well as demand deposits with banks or financial institutions. Includes other kinds of accounts that have the general characteristics of demand deposits. Also includes short-term, highly liquid investments that are both readily convertible to known amounts of cash and so near their maturity that they present insignificant risk of changes in value because of changes in interest rates. Excludes cash and cash equivalents within disposal group and discontinued operation.""}"
"[""companyfacts-0000077476"",""us-gaap"",""CashAndCashEquivalentsAtCarryingValue"",""USD"",""209""]","0000077476","companyfacts-0000077476","us-gaap","CashAndCashEquivalentsAtCarryingValue","USD","209","9159000000","present","\N","2025-12-27","0000077476-26-000007","2026-02-03","10-K","2025","FY","\N","/facts/us-gaap/CashAndCashEquivalentsAtCarryingValue/units/USD/209","{""end"":""2025-12-27"",""val"":9159000000,""accn"":""0000077476-26-000007"",""fy"":2025,""fp"":""FY"",""form"":""10-K"",""filed"":""2026-02-03""}","{""label"":""Cash and Cash Equivalents, at Carrying Value"",""description"":""Amount of currency on hand as well as demand deposits with banks or financial institutions. Includes other kinds of accounts that have the general characteristics of demand deposits. Also includes short-term, highly liquid investments that are both readily convertible to known amounts of cash and so near their maturity that they present insignificant risk of changes in value because of changes in interest rates. Excludes cash and cash equivalents within disposal group and discontinued operation.""}"
"[""companyfacts-0000077476"",""us-gaap"",""CashAndCashEquivalentsAtCarryingValue"",""USD"",""210""]","0000077476","companyfacts-0000077476","us-gaap","CashAndCashEquivalentsAtCarryingValue","USD","210","9159000000","present","\N","2025-12-27","0000077476-26-000017","2026-04-16","10-Q","2026","Q1","\N","/facts/us-gaap/CashAndCashEquivalentsAtCarryingValue/units/USD/210","{""end"":""2025-12-27"",""val"":9159000000,""accn"":""0000077476-26-000017"",""fy"":2026,""fp"":""Q1"",""form"":""10-Q"",""filed"":""2026-04-16""}","{""label"":""Cash and Cash Equivalents, at Carrying Value"",""description"":""Amount of currency on hand as well as demand deposits with banks or financial institutions. Includes other kinds of accounts that have the general characteristics of demand deposits. Also includes short-term, highly liquid investments that are both readily convertible to known amounts of cash and so near their maturity that they present insignificant risk of changes in value because of changes in interest rates. Excludes cash and cash equivalents within disposal group and discontinued operation.""}"
"[""companyfacts-0000077476"",""us-gaap"",""CashAndCashEquivalentsAtCarryingValue"",""USD"",""211""]","0000077476","companyfacts-0000077476","us-gaap","CashAndCashEquivalentsAtCarryingValue","USD","211","9159000000","present","\N","2025-12-27","0000077476-26-000035","2026-07-09","10-Q","2026","Q2","\N","/facts/us-gaap/CashAndCashEquivalentsAtCarryingValue/units/USD/211","{""end"":""2025-12-27"",""val"":9159000000,""accn"":""0000077476-26-000035"",""fy"":2026,""fp"":""Q2"",""form"":""10-Q"",""filed"":""2026-07-09""}","{""label"":""Cash and Cash Equivalents, at Carrying Value"",""description"":""Amount of currency on hand as well as demand deposits with banks or financial institutions. Includes other kinds of accounts that have the general characteristics of demand deposits. Also includes short-term, highly liquid investments that are both readily convertible to known amounts of cash and so near their maturity that they present insignificant risk of changes in value because of changes in interest rates. Excludes cash and cash equivalents within disposal group and discontinued operation.""}"
"[""companyfacts-0000077476"",""us-gaap"",""CashAndCashEquivalentsAtCarryingValue"",""USD"",""213""]","0000077476","companyfacts-0000077476","us-gaap","CashAndCashEquivalentsAtCarryingValue","USD","213","10475000000","present","\N","2026-03-21","0000077476-26-000017","2026-04-16","10-Q","2026","Q1","CY2026Q1I","/facts/us-gaap/CashAndCashEquivalentsAtCarryingValue/units/USD/213","{""end"":""2026-03-21"",""val"":10475000000,""accn"":""0000077476-26-000017"",""fy"":2026,""fp"":""Q1"",""form"":""10-Q"",""filed"":""2026-04-16"",""frame"":""CY2026Q1I""}","{""label"":""Cash and Cash Equivalents, at Carrying Value"",""description"":""Amount of currency on hand as well as demand deposits with banks or financial institutions. Includes other kinds of accounts that have the general characteristics of demand deposits. Also includes short-term, highly liquid investments that are both readily convertible to known amounts of cash and so near their maturity that they present insignificant risk of changes in value because of changes in interest rates. Excludes cash and cash equivalents within disposal group and discontinued operation.""}"
"[""companyfacts-0000077476"",""us-gaap"",""CashAndCashEquivalentsAtCarryingValue"",""USD"",""214""]","0000077476","companyfacts-0000077476","us-gaap","CashAndCashEquivalentsAtCarryingValue","USD","214","10251000000","present","\N","2026-06-13","0000077476-26-000035","2026-07-09","10-Q","2026","Q2","CY2026Q2I","/facts/us-gaap/CashAndCashEquivalentsAtCarryingValue/units/USD/214","{""end"":""2026-06-13"",""val"":10251000000,""accn"":""0000077476-26-000035"",""fy"":2026,""fp"":""Q2"",""form"":""10-Q"",""filed"":""2026-07-09"",""frame"":""CY2026Q2I""}","{""label"":""Cash and Cash Equivalents, at Carrying Value"",""description"":""Amount of currency on hand as well as demand deposits with banks or financial institutions. Includes other kinds of accounts that have the general characteristics of demand deposits. Also includes short-term, highly liquid investments that are both readily convertible to known amounts of cash and so near their maturity that they present insignificant risk of changes in value because of changes in interest rates. Excludes cash and cash equivalents within disposal group and discontinued operation.""}"
"[""companyfacts-0000077476"",""us-gaap"",""LongTermDebtCurrent"",""EUR"",""4""]","0000077476","companyfacts-0000077476","us-gaap","LongTermDebtCurrent","EUR","4","500000000","present","\N","2026-06-13","0000077476-26-000035","2026-07-09","10-Q","2026","Q2","CY2026Q2I","/facts/us-gaap/LongTermDebtCurrent/units/EUR/4","{""end"":""2026-06-13"",""val"":500000000,""accn"":""0000077476-26-000035"",""fy"":2026,""fp"":""Q2"",""form"":""10-Q"",""filed"":""2026-07-09"",""frame"":""CY2026Q2I""}","{""label"":""Long-term Debt, Current Maturities"",""description"":""Amount, after unamortized (discount) premium and debt issuance costs, of long-term debt, classified as current. Includes, but not limited to, notes payable, bonds payable, debentures, mortgage loans and commercial paper. Excludes capital lease obligations.""}"
"[""companyfacts-0000077476"",""us-gaap"",""LongTermDebtCurrent"",""USD"",""23""]","0000077476","companyfacts-0000077476","us-gaap","LongTermDebtCurrent","USD","23","3200000000","present","\N","2025-09-06","0000077476-25-000053","2025-10-09","10-Q","2025","Q3","CY2025Q3I","/facts/us-gaap/LongTermDebtCurrent/units/USD/23","{""end"":""2025-09-06"",""val"":3200000000,""accn"":""0000077476-25-000053"",""fy"":2025,""fp"":""Q3"",""form"":""10-Q"",""filed"":""2025-10-09"",""frame"":""CY2025Q3I""}","{""label"":""Long-term Debt, Current Maturities"",""description"":""Amount, after unamortized (discount) premium and debt issuance costs, of long-term debt, classified as current. Includes, but not limited to, notes payable, bonds payable, debentures, mortgage loans and commercial paper. Excludes capital lease obligations.""}"
"[""companyfacts-0000077476"",""us-gaap"",""LongTermDebtCurrent"",""USD"",""24""]","0000077476","companyfacts-0000077476","us-gaap","LongTermDebtCurrent","USD","24","1600000000","present","\N","2026-03-21","0000077476-26-000017","2026-04-16","10-Q","2026","Q1","CY2026Q1I","/facts/us-gaap/LongTermDebtCurrent/units/USD/24","{""end"":""2026-03-21"",""val"":1600000000,""accn"":""0000077476-26-000017"",""fy"":2026,""fp"":""Q1"",""form"":""10-Q"",""filed"":""2026-04-16"",""frame"":""CY2026Q1I""}","{""label"":""Long-term Debt, Current Maturities"",""description"":""Amount, after unamortized (discount) premium and debt issuance costs, of long-term debt, classified as current. Includes, but not limited to, notes payable, bonds payable, debentures, mortgage loans and commercial paper. Excludes capital lease obligations.""}"
"[""companyfacts-0000077476"",""us-gaap"",""LongTermDebtCurrent"",""USD"",""25""]","0000077476","companyfacts-0000077476","us-gaap","LongTermDebtCurrent","USD","25","1600000000","present","\N","2026-06-13","0000077476-26-000035","2026-07-09","10-Q","2026","Q2","CY2026Q2I","/facts/us-gaap/LongTermDebtCurrent/units/USD/25","{""end"":""2026-06-13"",""val"":1600000000,""accn"":""0000077476-26-000035"",""fy"":2026,""fp"":""Q2"",""form"":""10-Q"",""filed"":""2026-07-09"",""frame"":""CY2026Q2I""}","{""label"":""Long-term Debt, Current Maturities"",""description"":""Amount, after unamortized (discount) premium and debt issuance costs, of long-term debt, classified as current. Includes, but not limited to, notes payable, bonds payable, debentures, mortgage loans and commercial paper. Excludes capital lease obligations.""}"
"[""companyfacts-0000077476"",""us-gaap"",""LongTermDebtNoncurrent"",""USD"",""54""]","0000077476","companyfacts-0000077476","us-gaap","LongTermDebtNoncurrent","USD","54","37224000000","present","\N","2024-12-28","0000077476-26-000007","2026-02-03","10-K","2025","FY","CY2024Q4I","/facts/us-gaap/LongTermDebtNoncurrent/units/USD/54","{""end"":""2024-12-28"",""val"":37224000000,""accn"":""0000077476-26-000007"",""fy"":2025,""fp"":""FY"",""form"":""10-K"",""filed"":""2026-02-03"",""frame"":""CY2024Q4I""}","{""label"":""Long-term Debt, Excluding Current Maturities"",""description"":""Amount after unamortized (discount) premium and debt issuance costs of long-term debt classified as noncurrent and excluding amounts to be repaid within one year or the normal operating cycle, if longer. Includes, but not limited to, notes payable, bonds payable, debentures, mortgage loans and commercial paper. Excludes capital lease obligations.""}"
"[""companyfacts-0000077476"",""us-gaap"",""LongTermDebtNoncurrent"",""USD"",""55""]","0000077476","companyfacts-0000077476","us-gaap","LongTermDebtNoncurrent","USD","55","42321000000","present","\N","2025-12-27","0000077476-26-000007","2026-02-03","10-K","2025","FY","CY2025Q4I","/facts/us-gaap/LongTermDebtNoncurrent/units/USD/55","{""end"":""2025-12-27"",""val"":42321000000,""accn"":""0000077476-26-000007"",""fy"":2025,""fp"":""FY"",""form"":""10-K"",""filed"":""2026-02-03"",""frame"":""CY2025Q4I""}","{""label"":""Long-term Debt, Excluding Current Maturities"",""description"":""Amount after unamortized (discount) premium and debt issuance costs of long-term debt classified as noncurrent and excluding amounts to be repaid within one year or the normal operating cycle, if longer. Includes, but not limited to, notes payable, bonds payable, debentures, mortgage loans and commercial paper. Excludes capital lease obligations.""}"
"[""companyfacts-0000077476"",""us-gaap"",""Revenues"",""USD"",""93""]","0000077476","companyfacts-0000077476","us-gaap","Revenues","USD","93","91471000000","present","2023-01-01","2023-12-30","0000077476-26-000007","2026-02-03","10-K","2025","FY","CY2023","/facts/us-gaap/Revenues/units/USD/93","{""start"":""2023-01-01"",""end"":""2023-12-30"",""val"":91471000000,""accn"":""0000077476-26-000007"",""fy"":2025,""fp"":""FY"",""form"":""10-K"",""filed"":""2026-02-03"",""frame"":""CY2023""}","{""label"":""Revenues"",""description"":""Amount of revenue recognized from goods sold, services rendered, insurance premiums, or other activities that constitute an earning process. Includes, but is not limited to, investment and interest income before deduction of interest expense when recognized as a component of revenue, and sales and trading gain (loss).""}"
"[""companyfacts-0000077476"",""us-gaap"",""Revenues"",""USD"",""101""]","0000077476","companyfacts-0000077476","us-gaap","Revenues","USD","101","64070000000","present","2023-12-31","2024-09-07","0000077476-25-000053","2025-10-09","10-Q","2025","Q3","\N","/facts/us-gaap/Revenues/units/USD/101","{""start"":""2023-12-31"",""end"":""2024-09-07"",""val"":64070000000,""accn"":""0000077476-25-000053"",""fy"":2025,""fp"":""Q3"",""form"":""10-Q"",""filed"":""2025-10-09""}","{""label"":""Revenues"",""description"":""Amount of revenue recognized from goods sold, services rendered, insurance premiums, or other activities that constitute an earning process. Includes, but is not limited to, investment and interest income before deduction of interest expense when recognized as a component of revenue, and sales and trading gain (loss).""}"
"[""companyfacts-0000077476"",""us-gaap"",""Revenues"",""USD"",""103""]","0000077476","companyfacts-0000077476","us-gaap","Revenues","USD","103","23319000000","present","2024-06-16","2024-09-07","0000077476-25-000053","2025-10-09","10-Q","2025","Q3","CY2024Q3","/facts/us-gaap/Revenues/units/USD/103","{""start"":""2024-06-16"",""end"":""2024-09-07"",""val"":23319000000,""accn"":""0000077476-25-000053"",""fy"":2025,""fp"":""Q3"",""form"":""10-Q"",""filed"":""2025-10-09"",""frame"":""CY2024Q3""}","{""label"":""Revenues"",""description"":""Amount of revenue recognized from goods sold, services rendered, insurance premiums, or other activities that constitute an earning process. Includes, but is not limited to, investment and interest income before deduction of interest expense when recognized as a component of revenue, and sales and trading gain (loss).""}"
"[""companyfacts-0000077476"",""us-gaap"",""Revenues"",""USD"",""106""]","0000077476","companyfacts-0000077476","us-gaap","Revenues","USD","106","91854000000","present","2023-12-31","2024-12-28","0000077476-26-000007","2026-02-03","10-K","2025","FY","CY2024","/facts/us-gaap/Revenues/units/USD/106","{""start"":""2023-12-31"",""end"":""2024-12-28"",""val"":91854000000,""accn"":""0000077476-26-000007"",""fy"":2025,""fp"":""FY"",""form"":""10-K"",""filed"":""2026-02-03"",""frame"":""CY2024""}","{""label"":""Revenues"",""description"":""Amount of revenue recognized from goods sold, services rendered, insurance premiums, or other activities that constitute an earning process. Includes, but is not limited to, investment and interest income before deduction of interest expense when recognized as a component of revenue, and sales and trading gain (loss).""}"
"[""companyfacts-0000077476"",""us-gaap"",""Revenues"",""USD"",""108""]","0000077476","companyfacts-0000077476","us-gaap","Revenues","USD","108","17919000000","present","2024-12-29","2025-03-22","0000077476-26-000017","2026-04-16","10-Q","2026","Q1","CY2025Q1","/facts/us-gaap/Revenues/units/USD/108","{""start"":""2024-12-29"",""end"":""2025-03-22"",""val"":17919000000,""accn"":""0000077476-26-000017"",""fy"":2026,""fp"":""Q1"",""form"":""10-Q"",""filed"":""2026-04-16"",""frame"":""CY2025Q1""}","{""label"":""Revenues"",""description"":""Amount of revenue recognized from goods sold, services rendered, insurance premiums, or other activities that constitute an earning process. Includes, but is not limited to, investment and interest income before deduction of interest expense when recognized as a component of revenue, and sales and trading gain (loss).""}"
"[""companyfacts-0000077476"",""us-gaap"",""Revenues"",""USD"",""110""]","0000077476","companyfacts-0000077476","us-gaap","Revenues","USD","110","40645000000","present","2024-12-29","2025-06-14","0000077476-26-000035","2026-07-09","10-Q","2026","Q2","\N","/facts/us-gaap/Revenues/units/USD/110","{""start"":""2024-12-29"",""end"":""2025-06-14"",""val"":40645000000,""accn"":""0000077476-26-000035"",""fy"":2026,""fp"":""Q2"",""form"":""10-Q"",""filed"":""2026-07-09""}","{""label"":""Revenues"",""description"":""Amount of revenue recognized from goods sold, services rendered, insurance premiums, or other activities that constitute an earning process. Includes, but is not limited to, investment and interest income before deduction of interest expense when recognized as a component of revenue, and sales and trading gain (loss).""}"
"[""companyfacts-0000077476"",""us-gaap"",""Revenues"",""USD"",""112""]","0000077476","companyfacts-0000077476","us-gaap","Revenues","USD","112","22726000000","present","2025-03-23","2025-06-14","0000077476-26-000035","2026-07-09","10-Q","2026","Q2","CY2025Q2","/facts/us-gaap/Revenues/units/USD/112","{""start"":""2025-03-23"",""end"":""2025-06-14"",""val"":22726000000,""accn"":""0000077476-26-000035"",""fy"":2026,""fp"":""Q2"",""form"":""10-Q"",""filed"":""2026-07-09"",""frame"":""CY2025Q2""}","{""label"":""Revenues"",""description"":""Amount of revenue recognized from goods sold, services rendered, insurance premiums, or other activities that constitute an earning process. Includes, but is not limited to, investment and interest income before deduction of interest expense when recognized as a component of revenue, and sales and trading gain (loss).""}"
"[""companyfacts-0000077476"",""us-gaap"",""Revenues"",""USD"",""113""]","0000077476","companyfacts-0000077476","us-gaap","Revenues","USD","113","64582000000","present","2024-12-29","2025-09-06","0000077476-25-000053","2025-10-09","10-Q","2025","Q3","\N","/facts/us-gaap/Revenues/units/USD/113","{""start"":""2024-12-29"",""end"":""2025-09-06"",""val"":64582000000,""accn"":""0000077476-25-000053"",""fy"":2025,""fp"":""Q3"",""form"":""10-Q"",""filed"":""2025-10-09""}","{""label"":""Revenues"",""description"":""Amount of revenue recognized from goods sold, services rendered, insurance premiums, or other activities that constitute an earning process. Includes, but is not limited to, investment and interest income before deduction of interest expense when recognized as a component of revenue, and sales and trading gain (loss).""}"
"[""companyfacts-0000077476"",""us-gaap"",""Revenues"",""USD"",""115""]","0000077476","companyfacts-0000077476","us-gaap","Revenues","USD","115","23937000000","present","2025-06-15","2025-09-06","0000077476-25-000053","2025-10-09","10-Q","2025","Q3","\N","/facts/us-gaap/Revenues/units/USD/115","{""start"":""2025-06-15"",""end"":""2025-09-06"",""val"":23937000000,""accn"":""0000077476-25-000053"",""fy"":2025,""fp"":""Q3"",""form"":""10-Q"",""filed"":""2025-10-09""}","{""label"":""Revenues"",""description"":""Amount of revenue recognized from goods sold, services rendered, insurance premiums, or other activities that constitute an earning process. Includes, but is not limited to, investment and interest income before deduction of interest expense when recognized as a component of revenue, and sales and trading gain (loss).""}"
"[""companyfacts-0000077476"",""us-gaap"",""Revenues"",""USD"",""117""]","0000077476","companyfacts-0000077476","us-gaap","Revenues","USD","117","93925000000","present","2024-12-29","2025-12-27","0000077476-26-000007","2026-02-03","10-K","2025","FY","CY2025","/facts/us-gaap/Revenues/units/USD/117","{""start"":""2024-12-29"",""end"":""2025-12-27"",""val"":93925000000,""accn"":""0000077476-26-000007"",""fy"":2025,""fp"":""FY"",""form"":""10-K"",""filed"":""2026-02-03"",""frame"":""CY2025""}","{""label"":""Revenues"",""description"":""Amount of revenue recognized from goods sold, services rendered, insurance premiums, or other activities that constitute an earning process. Includes, but is not limited to, investment and interest income before deduction of interest expense when recognized as a component of revenue, and sales and trading gain (loss).""}"
"[""companyfacts-0000077476"",""us-gaap"",""Revenues"",""USD"",""118""]","0000077476","companyfacts-0000077476","us-gaap","Revenues","USD","118","19443000000","present","2025-12-28","2026-03-21","0000077476-26-000017","2026-04-16","10-Q","2026","Q1","CY2026Q1","/facts/us-gaap/Revenues/units/USD/118","{""start"":""2025-12-28"",""end"":""2026-03-21"",""val"":19443000000,""accn"":""0000077476-26-000017"",""fy"":2026,""fp"":""Q1"",""form"":""10-Q"",""filed"":""2026-04-16"",""frame"":""CY2026Q1""}","{""label"":""Revenues"",""description"":""Amount of revenue recognized from goods sold, services rendered, insurance premiums, or other activities that constitute an earning process. Includes, but is not limited to, investment and interest income before deduction of interest expense when recognized as a component of revenue, and sales and trading gain (loss).""}"
"[""companyfacts-0000077476"",""us-gaap"",""Revenues"",""USD"",""119""]","0000077476","companyfacts-0000077476","us-gaap","Revenues","USD","119","43624000000","present","2025-12-28","2026-06-13","0000077476-26-000035","2026-07-09","10-Q","2026","Q2","\N","/facts/us-gaap/Revenues/units/USD/119","{""start"":""2025-12-28"",""end"":""2026-06-13"",""val"":43624000000,""accn"":""0000077476-26-000035"",""fy"":2026,""fp"":""Q2"",""form"":""10-Q"",""filed"":""2026-07-09""}","{""label"":""Revenues"",""description"":""Amount of revenue recognized from goods sold, services rendered, insurance premiums, or other activities that constitute an earning process. Includes, but is not limited to, investment and interest income before deduction of interest expense when recognized as a component of revenue, and sales and trading gain (loss).""}"
"[""companyfacts-0000077476"",""us-gaap"",""Revenues"",""USD"",""120""]","0000077476","companyfacts-0000077476","us-gaap","Revenues","USD","120","24181000000","present","2026-03-22","2026-06-13","0000077476-26-000035","2026-07-09","10-Q","2026","Q2","CY2026Q2","/facts/us-gaap/Revenues/units/USD/120","{""start"":""2026-03-22"",""end"":""2026-06-13"",""val"":24181000000,""accn"":""0000077476-26-000035"",""fy"":2026,""fp"":""Q2"",""form"":""10-Q"",""filed"":""2026-07-09"",""frame"":""CY2026Q2""}","{""label"":""Revenues"",""description"":""Amount of revenue recognized from goods sold, services rendered, insurance premiums, or other activities that constitute an earning process. Includes, but is not limited to, investment and interest income before deduction of interest expense when recognized as a component of revenue, and sales and trading gain (loss).""}"
