page_key,evidence_key,pdf_page,text,text_status,bates_candidates_json
complaint:pdf:1,complaint,1,"  
 
 
 
   
 
 
 
 
  
Case 1:23-cv-00108 Document 1 Filed 01/24/23 Page 1 of 153 PageID# 1 
I
N THE UNITED STATES DISTRICT COURT 
FOR THE EASTERN DISTRICT OF VIRGINIA 
Alexandria Division 
UNITED STATES OF AMERICA  
U.S. Department of Justice  
950 Pennsylvania  Avenue NW  
Washington, D C 20530  
 
COMMONWEALTH OF VIRGINIA  
202 North Ninth Street  
Richmond, VA 23219  
 
STATE OF CALIFORNIA  
455 Golden Gate Avenue, Suite 11000  
San Francisco, CA  94102  
 
STATE OF COLORADO  
1300 Broadway, 7th Floor  
Denver, CO 80203  
 
 
STATE OF CONNECTICUT  
165 Capitol  Avenue  
Hartford, CT 06106  
 
STATE OF NEW JERSEY  
124 Halsey Street, 5th Floor  
Newark, NJ 07102  
 
STATE OF NEW YORK  
28 Liberty Street, 20th Floor  
New York, NY 10005  
 
J
URY TRIAL DEMANDED ",text_layer_extracted,[]
complaint:pdf:2,complaint,2," 
 
 
 
 
  
  
   
  
 
 
 
 
 
 
 
 
Case 1:23-cv-00108 Document 1 Filed 01/24/23 Page 2 of 153 PageID# 2 
STATE OF RHODE  ISLAND  
150 South Main Street  
Providence, RI 02903  
and  
STATE OF TENNESSEE  
P.O. Box 20207 
Nashville, TN 37202  
Plaintiffs,  
v. 
GOOGLE LLC  
1600 Amphitheatre Parkway  
Mountain View, CA 94043 
 Defendant.  
 
CO
MPLAINT ",text_layer_extracted,[]
complaint:pdf:3,complaint,3," 
 
Case 1:23-cv-00108 Document 1 Filed 01/24/23 Page 3 of 153 PageID# 3 
Table of Contents  
I.  Introduction ......................................................................................................................... 1  
II.  Nature of this Action ........................................................................................................... 4  
III.  Display Advertising Transactions ..................................................................................... 16  
A.  How Ad Tech Tools Work .................................................................................... 16  
B.  How Ad Tech  Intermediaries Get Paid ................................................................. 22  
C.  How Publishers and Advertisers Select Ad Tech Tools  ....................................... 24  
D.  Why Scale and the Resulting Network Effects are Necessary to Compete in  
Ad Tech ................................................................................................................. 26  
E.  How Multi-Homing Enables Competition in the  Ad Tech Stack  ......................... 28  
IV.  Google’s Scheme to Dominate the Ad Tech Stack ........................................................... 30  
A.  Google  Buys Control of the Key Tools that  Link Publishers and Advertisers ..... 31  
B.  Google  Uses  Its Acquisitions and Position Across the Ad Tech Stack to Lock 
Out Rivals and Control Each Key  Ad Tech Tool  ................................................. 35  
1.  Google Thwarts Fair  Competition by Making I  ts Goo gle Ads’  
Advertiser Demand Exclusive to Its Own Ad Exchange, AdX  ................ 37  
2.  In Turn, Google Makes  Its Ad Exchange’s Real-Time Bids Exclusive  
to Its Publisher Ad Server ......................................................................... 43  
3.  Finally, Google Uses  Its Control of Publisher  Inventory to Force More  
Valuable Transactions Through Its  Ad Exchange  .................................... 46  
4.  Google’s Dominance Across the Ad Tech Stack Gives  It the Unique  
Ability to Manipulate Auctions to Protect Its Position, Hinder Rivals,  
and Work Against  Its Own Customers’  Interests  ..................................... 55  
a)  Google Works Against the  Interests of  Its Google Ads’  
Customers By Submitting Two Bids  Into AdX  Auctions ............. 57  
b)  Google Manipulates  Its Fees to Keep More High-Value 
Impressions Out of the Hands of Rivals  ....................................... 60  
C.  Google  Buys and Kills a Burgeoning Competitor and Then Tightens the  
Screws ................................................................................................................... 65  
1.  Google Extinguishes AdMeld’s Potential Threat  ..................................... 65  
2.  Google Doubles Down on Preventing Rival Publisher Ad Servers from  
Accessing AdX  and Google Ads’ Demand  .............................................. 68  
3.  Google Manipulates Google Ads’ Bidding Strategy  to Block Publisher  
Partnerships with Rivals  ........................................................................... 71  
D.  Google Responds to the Threat of Header  Bidding by  Further  Excluding  
Rivals and Reinforcing I ts Dominance ................................................................. 72  
i ",text_layer_extracted,[]
complaint:pdf:4,complaint,4," 
 
Case 1:23-cv-00108 Document 1 Filed 01/24/23 Page 4 of 153 PageID# 4 
1.  The  Industry Attempts to Rebel Against Google’s  Exclusionary  
Practices  ....................................................................................................  72  
2.  Google  Blunts Header  Bidding B y “Drying Out” the Competition  .........  78  
a)  Google  Develops So-Called Open Bidding, Its Own Google-
Friendly Version of Header Bidding To Preserve  Its Control  
Over the Sale of Publisher  Inventory ............................................  78  
b)  Google  Further Stunts Header  Bidding by Working to Bring  
Facebook and Amazon into Its Open Bidding Fold......................  82  
c)  Google Manipulates  Its Publisher Fees Using  Dynamic  
Revenue Sharing in Order to Route More Transactions  
Through Its Ad Exchange and Deny Scale to Rival Ad 
Exchanges Using Header Bidding  ................................................  86  
d)  Google  Launches Project Poirot to Manipulate  Its  Advertisers’  
Spend to “Dry Out” and  Deny Scale to Rival Ad  Exchanges  
That  Use Header  Bidding..............................................................  90  
e)  Google  Imposes So-Called Unified Pricing Rules  to Deprive  
Publishers of Control and Force More Transactions Through 
Google’s Ad Exchange  ...............................................................  101 
 
f)  Google  Outright Blocks the Use of Standard Header Bidding  
on Accelerated Mobile Pages......................................................  110  
g)  Google Replaces  Its  Last  Look Preference from Dynamic 
Allocation with an Algorithmic Advantage and Degrades  Data  
Available to Publishers  ...............................................................  113  
V.  Anticompetitive Effects  ..................................................................................................  116  
VI.  Relevant Markets  ............................................................................................................  123  
A.  Geographic Markets ............................................................................................  124  
B.  Product Markets ..................................................................................................  124  
1.  Publisher Ad Servers...............................................................................  124  
2.  Ad Exchanges  .........................................................................................  126  
3.  Advertiser Ad Networks  .........................................................................  129  
VII.  Jurisdiction, Venue, and Commerce  ...............................................................................  131  
VIII.  Violations Alleged  ..........................................................................................................  132  
IX.  Request for Relief  ...........................................................................................................  139  
X.  Demand for  a Jury Trial ..................................................................................................  140  
ii ",text_layer_extracted,[]
complaint:pdf:5,complaint,5," 
Case 1:23-cv-00108 Document 1 Filed 01/24/23 Page 5 of 153 PageID# 5 
I.  INTRODUCTION  
1.  An open, vibrant internet is indispensable to  American life. But today’s internet  
would not exist without  the  digital  advertising revenue that, as a practical  matter, funds  its  
creation and expansion. The internet provides the public with unprecedented access to ideas, 
artistic expression,  news, commerce,  and services. Content creators  span  every conceivable 
industry; they publish diverse  material on countless websites that inform, entertain, and connect  
society in vital ways. Yet the viability of many of these  websites depends on their ability to sell 
digital advertising  space. Just as newspaper, radio, and television organizations  historically  relied  
on advertising to fund their operations, today’s online publishers  likewise rely on  advertising  
revenue to support their  activities and reach. But unlike  historical me dia  advertising, today’s  
online ads are bought  and sold in enormous volumes in mere fractions of  a second, using highly  
sophisticated tools and automated exchanges that  more closely resemble a modern stock 
exchange than an old-fashioned, bilateral contract  negotiation for newspaper  ad space.    
2.  Website publishers  in the United States sell more than  5 trillion digital display  
advertisements  on the open web each year—or more than 13 billion advertisements  every day. 
The sheer volume of these online ads make the  offline advertisements  of yesteryear  pale in  
comparison. To put these numbers in perspective, the daily volume of digital display  
advertisements  grossly  outnumbers (by several multiples) the average number of stocks traded 
each day on the New York Stock Exchange. The digital display  advertising bus iness is also 
lucrative.  Collectively,  these  advertisements  generate more than $20 billion  in revenue  per  year, 
just for publishers based in the  United States.  
3.  To meet this demand, sophisticated technological tools, informally  known as “ad 
tech,” have developed to automate advertising  matchmaking between two key  groups:  website 
1 ",text_layer_extracted,[]
complaint:pdf:6,complaint,6," 
 
                                                           
 
  
 
 
Case 1:23-cv-00108 Document 1 Filed 01/24/23 Page 6 of 153 PageID# 6 
publishers and  advertisers.1  These tools have  evolved such  that today, every  time an internet user  
opens a webpage  with ad space to sell,  ad tech  tools  almost instantly  match  that  website 
publisher  with an advertiser  looking to promote its products or services to the website’s  
individual  user. This  process  typically involves the use of an automated advertising  exchange 
that runs a  high-speed  auction  designed to identify the best  match  between  a publisher selling  
internet ad space and the  advertisers looking to buy  it.  
4.  But competition  in the  ad  tech space  is broken, for reasons that were neither  
accidental nor inevitable. One industry behemoth,  Google,  has  corrupted  legitimate competition  
in the ad tech industry  by  engaging  in a  systematic campaign to  seize control  of  the wide  swath  
of high-tech  tools  used by  publishers, advertisers, and brokers, to facilitate  digital advertising.  
Having  inserted  itself into all aspects of  the digital advertising marketplace, Google  has  used  
anticompetitive, exclusionary, and unlawful means to eliminate or severely  diminish  any threat  
to its  dominance over  digital advertising technologies.    
5.  Google’s plan has been  simple  but effective: (1)  neutralize or  eliminate  ad tech  
competitors, actual  or potential, t hrough  a series of  acquisitions;  and (2)  wield  its  dominance  
across  digital advertising markets  to  force more publishers and advertisers  to use its products  
while  disrupting  their  ability to use  competing products  effectively. Whenever  Google’s  
customers and competitors  responded with innovation t hat threatened Google’s stranglehold over  
any one of these ad  tech  tools, Google’s  anticompetitive  response  has been  swift and effective.  
Each time  a threat  has  emerged, Google  has  used  its market power  in one  or more of  these ad  
1 Internet advertisers include businesses, agencies of federal and state governments, charitable 
organizations, political candidates, public interest groups, and more. The money these advertisers 
spend on digital advertising creates an important stream of revenue for websites to use in 
creating, developing, and publishing website content. 
2 ",text_layer_extracted,[]
complaint:pdf:7,complaint,7," 
 
Case 1:23-cv-00108 Document 1 Filed 01/24/23 Page 7 of 153 PageID# 7 
tech tools to quash the threat.  The result:  Google’s plan for  durable, i ndustry-wide  dominance  
has  succeeded.    
6.  G
oogle, a  single company  with pervasive conflicts of interest, now  controls:  
(1)  the  technology  used by  nearly every major  website publisher to offer  advertising  space  for 
sale;  (2)  the  leading tools used by  advertisers  to buy  that advertising  space; and (3)  the  largest ad  
exchange  that matches publishers  with  advertisers  each time that  ad space is sold. Google’s  
pervasive power over  the entire  ad tech  industry  has  been  questioned by its own digital 
advertising executives, at least one of whom  aptly begged t he question:  “[I]s there a deeper issue 
with us owning the platform, the exchange, and a  huge network? The analogy would be if  
Goldman or Citibank owned the NYSE.”  
7.  By deploying opaque  rules that benefit itself and harm rivals,  Google  has wielded  
its  power  across the ad tech industry  to dictate how  digital advertising is sold, a nd the  very terms  
on which its rivals can compete.  Google  abuses  its  monopoly  power to disadvantage  website 
publishers and advertisers  who dare  to use  competing ad tech products  in a search for  higher  
quality, or  lower cost,  matches. Google uses its  dominion ove r  digital advertising technology  to 
funnel  more transactions  to its  own  ad tech  products  where  it  extracts  inflated  fees  to line its own  
pockets at the expense of  the advertisers  and publishers  it purportedly serves.   
8.  Google’s anticompetitive behavior has  raised barriers to entry to artificially  high  
levels,  forced  key competitors  to abandon  the market  for ad tech tools, dissuaded  potential 
competitors  from joining the  market,  and  left  Google’s  few  remaining competitors  marginalized  
and unfairly disadvantaged. G oogle has thwarted meaningful competition and deterred  
innovation in the digital advertising industry, taken  supra-competitive  profits for itself, and 
3 ",text_layer_extracted,[]
complaint:pdf:8,complaint,8," 
                                                           
 
  
Case 1:23-cv-00108 Document 1 Filed 01/24/23 Page 8 of 153 PageID# 8 
prevented  the free market  from  functioning  fairly  to support the interests of  the advertisers and  
publishers who make today’s powerful internet possible.   
9.  The harm is clear: website creators earn less, and advertisers pay more, than they  
would in a market  where unfettered competitive pressure could discipline prices and lead to more 
innovative ad tech tools  that would ultimately result in higher quality  and lower cost transactions  
for market participants. And this conduct hurts all of us because, as publishers make less money  
from  advertisements, fewer publishers are able to offer internet content without subscriptions, 
paywalls, or alternative forms of monetization.  One troubling, but revealing, statistic  
demonstrates the point: on average, Google  keeps  at least  thirty  cents—and sometimes  far  
more—of  each  advertising  dollar  flowing f rom advertisers to website publishers through 
Google’s  ad tech  tools. Google’s  own  internal documents concede  that Google  would earn far  
less in a competitive market. 
10.  The United States  and Plaintiff States bring this action for violations of the  
Sherman Act to halt Google’s  anticompetitive scheme, unwind Google’s monopolistic grip on 
the market, and  restore  competition to digital advertising.  
II.  NATURE  OF THIS ACTION  
11.  The seeds for  Google’s  eventual  march toward a  monopoly  in ad tech  were sown  
in the early 2000s, when it  capitalized on its  well-known search engine to start a profitable  
search  advertising business. In 2000, Google launched Google Ads  (then called AdWords2), a 
tool that allowed  businesses to  buy advertisements  that could be seen by  Google search  users 
right  alongside Google’s  popular  search engine results. Businesses quickly learned the power of  
2 Over the period addressed by the Complaint, Google has renamed its ad tech products a number 
of times and has either shifted certain functions between products or combined its products in 
ways intended to obscure Google’s dominance across the ad tech stack. 
4 ",text_layer_extracted,[]
complaint:pdf:9,complaint,9," 
 
Case 1:23-cv-00108 Document 1 Filed 01/24/23 Page 9 of 153 PageID# 9 
this  instantaneous, highly-targeted  advertising  technique,  and  they  flocked to Google Ads  as a 
result.   
12.  B
y the early 2000s, Google realized that these  same advertisers  would buy  digital  
advertisements  on third-party websites  as well. S o Google  stepped in to profit (as a middleman)  
on digital advertising transactions having nothing to do with Google or its  search engine  by  
creating  an advertiser ad tech tool  for Google Ads’ customers  that wanted  to buy ad space on 
third-party websites.  
13.  But Google  was not satisfied with its dominance on the  advertising  side of the  
industry  alone; Google  devised a plan to build a  moat around the emerging ad tech industry by  
developing a  tool that would be used by website  publishers  as well.    
14.  Google  sought to develop an ad tech tool called a publisher ad server  that  
publishers  would use  to manage their  online advertising sales. Google recognized that  because 
publisher ad servers set the rules for how and to whom publisher advertising opportunities are  
sold, ow ning a publisher  ad server was key to having visibility into, a nd control over,  the 
publisher side  of digital advertising.  By controlling the  publisher  ad server  on the other end of  
the transaction, Google  could further entrench its  advertiser  customer  base  by giving advertisers  
access to more advertising opportunities and pushing  more transactions  their way.  
15.  Of course,  by becoming the dominant player on both sides of the digital  
advertising industry, Google  could  also  play both sides against the middle. It  could c ontrol both 
the publishers  with  digital ad space to  sell,  as well  as the  advertisers who want to buy that space.  
With influence over advertising transactions  end-to-end, Google realized it could  become “the 
be-all, and end-all location for all ad serving.”  The  outsized  influence it  could obt ain by having a  
dominant position on bot h sides of the industry  would give  Google the ability to charge  supra-
5 ",text_layer_extracted,[]
complaint:pdf:10,complaint,10," 
Case 1:23-cv-00108 
Document 1 Filed 01/24/23 Page 10 of 153 PageID# 10 
competitive fees  and also enjoy  an  abiding dominance sufficient  to exclude rivals  from  
competition. Google would no longer have to compete on the merits; it could simply set the rules 
of the game to exclude rivals.  
16.  The only problem with Google’s plan was that Google’s publisher ad server failed 
to gain traction in the industry. So, Google  pivoted to  acquiring  the market-leading publisher ad 
server from an  ad tech firm called  DoubleClick. In early 2008, Google  closed its acquisition of  
DoubleClick for over $3 billion. Through the  transaction, Google acquired a publisher ad server  
(“DoubleClick for Publishers” or “DFP”), which had a 60% market share  at the time. It  also 
acquired  a nascent  ad exchange  (“AdX”) through which digital advertising space could be  
auctioned. The DoubleClick acquisition vaulted Google  into a  commanding position over  the 
tools publishers use to sell advertising opportunities, complementing  Google’s existing tool for  
advertisers, Google Ads, and set the stage for Google’s later exclusionary conduct  across the ad  
tech industry.  
17.  After the DoubleClick acquisition, Google enhanced and entrenched DFP’s  
already-dominant market position. Google  internally  recognized that publisher ad servers  are  
“sticky” products, meaning that publishers rarely  switch because of the high costs and risks  
involved. As  DoubleClick’s former  CEO observed, “Nothing has such high switching costs. . . . 
Takes an act of God to do it.” Thus, in order to lock more publishers into DFP and to reinforce  
its stickiness, Google forged an exclusive link between Google  Ads  and  DFP through the  AdX  
ad exchange. If publishers wanted access to exclusive Google Ads’ advertising demand, they had 
to use Google’s publisher ad server  (DFP)  and  ad  exchange  (AdX), rather than equivalent tools  
offered by Google’s  rivals. In effect,  Google  positioned itself to function simultaneously  as  
buyer, seller, and auctioneer of digital display  advertising.  
6 ",text_layer_extracted,[]
complaint:pdf:11,complaint,11," 
 
Case 1:23-cv-00108 Document 1 Filed 01/24/23 Page 11 of 153 PageID# 11 
18.  Google’s  strategy paid off. This arrangement  has  had a profound effect on the  
evolution of  digital  advertising. First, it tilted the industry in Google’s favor, driving publishers  
to adopt and stay on Google’s  DFP  publisher ad server  in order to have access to Google  Ads’  
advertiser demand. Second, it  cut off the possibility that Google Ads’  advertiser spending could 
sustain, or encourage the  entry of, a rival ad exchange or publisher ad server by providing c ritical  
advertising demand. For  the vast majority of  webpage  publishers, this arrangement made DFP  
the only realistic publisher ad server option. Indeed, by 2015, Google estimated  that  DFP’s  
publisher  ad server  market  share had grown to a remarkable 90%. Google’s durable monopoly  
over the publisher ad server market  has  allowed it to avoid innovation and competition by 
controlling  the very rules  by which the  game is played. As a result, other publisher ad servers  
have left the market  altogether, refocused on related  markets, or faded into insignificance; no 
new publisher ad servers  have entered  the market.  
19.  Around  the same time  that  Google  tied  its  exclusive Google Ads’  advertiser  
demand to its publisher ad server  (DFP)  through AdX,  Google  took two additional steps to make  
it more difficult for rivals to compete.    
20.  First, Google configured Google  Ads to bid on Google’s  AdX ad exchange in a 
way that actually  increased  the price of advertising, to the benefit of publishers and the detriment  
of Google’s own advertiser customers. As one Google  employee observed, Google  Ads was 
effectively sending a “$3bn  yearly check  [to publishers]  by overcharging our advertisers to 
ensure we’re strong on the pub[lisher] side.”  In the short-term, this conduct  locked publishers  
into Google’s  publisher  ad server  by providing them  a steady  stream of  intentionally-inflated  
prices for certain  inventory,  at the cost of Google’s own advertiser  customers. B ut in the long  
run, Google’s actions harmed publishers  as well  by driving out  rival publisher ad servers  and 
7 ",text_layer_extracted,[]
complaint:pdf:12,complaint,12," 
 
Case 1:23-cv-00108 Document 1 Filed 01/24/23 Page 12 of 153 PageID# 12 
limiting competition in the publisher ad server market. In effect, Google  was robbing from Peter  
(the advertisers) to pay Paul (the publishers), all the while collecting a hefty  transaction fee for  
its own privileged position in the middle. T his conduct turned  the entire purpose  of the digital 
advertising industry  on its head. Rather than  helping to  fund website publishing, Google  was  
siphoning  off  advertising dollars for itself through the imposition of  supra-competitive  fees  on its  
platforms. A  rival publisher ad server  could not compete with Google’s inflated ad prices,  
especially without access to Google’s captive  advertiser demand from Google Ads.  
21.  Second,  Google used its captive advertiser demand to  thwart legitimate  
competition by  giving  its AdX ad exchange  an a dvantage over other  ad exchanges through  a 
mechanism known as  dynamic allocation. Dynamic allocation  was a means by which  Google 
manipulated its publisher ad server to give  the  Google-owned AdX (and  only AdX) the  
opportunity to buy publisher inventory before it was offered to any other  ad exchange, a nd often 
to do so at artificially low prices. Google  also  programmed  DFP, its  publisher ad server, t o 
prevent  publishers  from  offering  preferential terms to other ad exchanges or allowing  those  
exchanges to operate i n the same way  with DFP.  Google  knew  that dynamic allocation  would 
inevitably  steer advertising transactions  away from rivals, denying them critical scale needed to  
compete, and would advantage  AdX,  where Google could extract the largest fees.  Google’s  
scheme p redictably reinforced publishers’ dependence on both AdX  and DFP. P ublishers  were 
effectively precluded from using rival ad servers  or ad exchanges that might better suit their  
needs  while Google  was  given a free pass from having to compete on the merits with those  
rivals.   
22.  By at least  2010, other ad tech companies  had  recognized that Google’s platforms  
were not working in the  best interest of publishers, a nd they attempted to develop innovative  
8 ",text_layer_extracted,[]
complaint:pdf:13,complaint,13," 
 
Case 1:23-cv-00108 
Document 1 Filed 01/24/23 Page 13 of 153 PageID# 13 
technologies to introduce more competition. Some companies began offering “yield 
management”  functionality that helped publishers identify  on a real-time basis  better prices for  
their inventory outside of Google’s products. Google recognized  that yield managers posed a 
major threat to the increasingly closed system Google sought to establish, in which  only  its ad  
exchange was able to  compete based on  real-time pricing.  So, in response, Google  employed a 
familiar tactic: acquire, then extinguish, any  competitive threat.    
23.  In 2011, Google  acquired  AdMeld, the leading  yield manager,  folded its 
functionality  into Google’s existing products, a nd then  shut down its  operations  with non-Google  
ad  exchanges and  advertiser tools. Google  soon thereafter  changed  its AdX contract terms to  
prohibit publishers from using any other platform  (such as  another  yield manager) that would  
force  AdX to compete in  real  time with other ad exchanges. As  a Google  product manager  wrote: 
“Our  goal should be  all or nothing  –  use AdX as  your [exchange] or don’t  get access to our  
[advertising]  demand.”  Unsurprisingly, this unabashed, a nticompetitive conduct had a profound 
effect on the market, denying rival ad tech competitors the scale necessary to compete and 
depriving publishers the benefits of free market competition and real choice.  
24.  Not long after, in 2013, Google launched Project Bernanke, a  secret  scheme to  
manipulate the bids that Google  Ads submitted into Google’s  ad exchange, AdX, in order to win  
more competitive transactions and solidify AdX’s dominance  in the industry.  Project Bernanke  
allowed  Google  to suppress competition by  preventing rival  ad  exchanges  from achieving the 
transaction volume and scale necessary to compete. Unless another ad e xchange developed both 
its own unique source of  captive advertiser demand—where it could potentially  manipulate  
advertiser bids—and a widely-adopted publisher  ad server—where it could see the same 
advertising inventory  and bid data as Google—competition  on the same terms as Google was  
9 ",text_layer_extracted,[]
complaint:pdf:14,complaint,14," 
 
     
  
  
  
   
       
       
 
   
 
  
       
    
    
  
  
      
      
  
    
    
   
     
Case 1:23-cv-00108 Document 1 Filed 01/24/23 Page 14 of 153 PageID# 14 
nearly impossible. Once again, by controlling all sides of the ad tech industry, Google has been 
able to manipulate the system in ways unique to itself so that, in the end, it did not have to 
compete on the merits for customers and volume. 
25. Publishers and competing ad tech providers, increasingly wary of Google’s 
bullying behavior, have continued to look for new ways to circumvent Google’s dominance. 
Between 2012 and 2013, market participants began using a technique called “header bidding” 
as a partial workaround to Google’s self-preferential algorithms and ad tech restrictions. As one 
Google employee explained, “Publishers felt locked-in by dynamic allocation in [Google’s ad 
server] which only gave [Google’s ad exchange] the ability to compete, so HB [header bidding] 
was born.” 
26. Publishers used header bidding to take back some degree of power over their own 
advertising transactions. They inserted header bidding computer code onto their own websites to 
allow non-Google advertising exchanges an opportunity to bid for advertising inventory before 
Google’s hard-coded preferences for its own ad exchange were triggered. Header bidding 
allowed publishers to ensure that multiple advertising exchanges—not just Google’s AdX— 
could bid on their inventory, thereby increasing the chances that they could find the best match. 
27. Google has refused to tolerate this new form of competition, even though it has 
acknowledged in internal emails that header bidding had grown naturally out of Google’s being 
“unwilling[] to open our systems to the types of transactions, policies and innovations that 
buyers and sellers wish to transact.” Indeed, Google privately admitted that “header bidding and 
header wrappers are BETTER than [Google’s platforms] for buyers and sellers,” and that 
increased competition between AdX and publishers using header bidding would increase 
publisher revenues by 30 to 40%, and would provide additional transparency to advertisers. Not 
10 ",text_layer_extracted,[]
complaint:pdf:15,complaint,15," 
 
    
  
  
     
      
      
      
     
  
   
     
   
    
      
    
        
       
    
  
     
   
    
    
Case 1:23-cv-00108 Document 1 Filed 01/24/23 Page 15 of 153 PageID# 15 
only would header bidding enable rival exchanges to compete more effectively against Google’s 
ad exchange, it might also allow them or others to enter the publisher ad server market if Google 
no longer had exclusive access to unique advertiser demand. 
28. Google executives described header bidding as an “existential threat.” They 
worried that wider adoption of header bidding practices could lead to Google’s ad exchange 
having to compete with other ad exchanges on a level playing field, where Google could no 
longer set the rules in its own favor. If that were to happen, those rival ad exchanges might 
actually succeed in eroding, or even breaking up, Google’s advertiser juggernaut, and the entire 
industry could be opened up for competition. Google feared the worst: the entire moat of 
anticompetitive protections that Google had built around the ad tech industry could be breached. 
29. Faced with this “existential” threat, Google sought to stem the rising tide toward 
header bidding by promoting a Google-friendly analog of header bidding that Google 
deceptively titled “Open Bidding.” Google has promoted Open Bidding as an answer to the 
industry’s call for wider participation by rival ad exchanges and increased competition. In fact, 
Open Bidding was a Trojan Horse that Google used to further cement its own monopoly power.  
30. As a condition to using Google’s Open Bidding, Google has required that 
publishers and participating ad exchanges give Google visibility into each auction (including 
how rival exchanges bid), allow Google to extract a sizeable fee on every transaction (even 
where another exchange won), and limit the pool of advertisers allowed to bid in the auctions. In 
doing so, Google’s ad exchange has retained a guaranteed seat in every auction, regardless of 
whether Google’s ad exchange offers the best match between advertisers and publishers. 
31. Google also sought to co-opt what it perceived to be its two biggest threats 
(Facebook and Amazon) into Open Bidding. In internal documents, Google concluded that while 
11 ",text_layer_extracted,[]
complaint:pdf:16,complaint,16," 
 
 
 
  
  
  
  
 
  
  
    
    
      
    
     
     
      
      
     
    
   
  
    
      
Case 1:23-cv-00108 Document 1 Filed 01/24/23 Page 16 of 153 PageID# 16 
it “[c]annot avoid competing with FAN [Facebook],” it could, through a deal with Facebook, 
“build a moat around our demand.” Internal documents recommending a deal with Facebook 
revealed Google’s primary motive: “[f]or web inventory, we will move [Facebook’s] demand off 
of header bidding set up and further weaken the header bidding narrative in the marketplace.” 
Thus, for these reasons, Google ultimately agreed to provide preferential Open Bidding auction 
terms to Facebook in exchange for spend and pricing commitments designed to push more of 
Facebook’s captive advertiser spend onto Google’s platforms. Google sought to head off 
Amazon’s investment in header bidding technology with a similar offer, albeit without the same 
success. 
32. Google also adjusted its auction mechanisms across its ad tech products to divert 
more transactions to itself and away from rivals that might deploy header bidding. On the 
publisher side, Google allowed AdX—and only AdX—to change its auction bid by altering 
Google’s own fee after seeing the price to beat from another exchange. 
33. On the advertiser side, Google first considered outright blocking its advertiser 
buying tool from buying inventory made available via header bidding. The goal: “dry out HB 
[header bidding].” When Google decided that strategy would be too costly for Google, it pivoted 
to a different and more insidious strategy with the same effect. 
34. Google recognized that “instead of stop[ping] bidding on HB [header bidding] 
queries, we could bid lower on HB queries,” and win the same impressions on Google’s ad 
exchange instead. No rival exchange was in a position to compete with this strategy because no 
rival had the scale necessary to compete against the industry giant, especially considering the 
built-in advantages that Google afforded its own ad exchange and publisher ad server. Google, 
and Google alone, had control over both the leading source of advertiser demand and the 
12 ",text_layer_extracted,[]
complaint:pdf:17,complaint,17," 
 
     
 
    
     
  
    
    
        
 
 
    
    
       
   
  
 
    
  
   
  
  
Case 1:23-cv-00108 Document 1 Filed 01/24/23 Page 17 of 153 PageID# 17 
dominant publisher ad server. So, Google programmed its advertiser buying tool to advantage its 
ad exchange. 
35. Google’s bidding strategy on header bidding transactions proved remarkably 
effective in stunting the growth of header bidding, but Google still worried that its moat was not 
fully secure. Google learned that some publishers were using price controls within Google’s own 
DFP publisher ad server to sell advertising inventory to rival exchanges outside of Google’s 
closed-wall system, even in instances where Google’s own AdX exchange had offered to pay 
more for the inventory. Publishers did so for a variety of reasons, including considerations 
related to ad quality, volume discounts, diversification of demand sources, data asymmetries, or 
other factors. 
36. When Google identified this threat, it simply removed the feature from DFP and 
instead imposed competition-stifling Unified Pricing Rules. Under these new rules, publishers 
could no longer use price floors to choose rival exchanges or other buyers over AdX or Google 
Ads, no matter the reason. Google effectively took away their own customers’ right to choose 
what buyer or ad exchange best suited their needs. In doing so, Google once again bought itself a 
free pass on competition.  
37. Google’s exclusionary, anticompetitive acts have severely weakened, if not 
destroyed, competition in the ad tech industry. In decision after decision, year after year, Google 
has repeatedly done what was necessary to vanquish competitive threats, including by enacting 
policies that took choices away from its own customers. And despite what Google may claim, it 
did not do so to protect the privacy interests of Google users. Indeed, Google intentionally 
13 ",text_layer_extracted,[]
complaint:pdf:18,complaint,18," 
 
    
   
    
  
     
      
    
     
   
  
  
     
    
    
 
    
     
 
                                                           
  
 
   
 
   
  
   
Case 1:23-cv-00108 Document 1 Filed 01/24/23 Page 18 of 153 PageID# 18 
exploited its massive trove of user data to further entrench its monopoly across the digital 
advertising industry.3 
38. Due to Google’s conduct, ad tech tools that should have evolved to better serve 
website publishers and advertisers in a competitive environment have instead evolved to serve 
the interests of Google alone, to the detriment of Google’s own customers. The results have been 
catastrophic for competition. Today, major website publishers have a single viable choice for 
publisher ad servers—Google’s DoubleClick for Publishers. Google routes transactions from its 
publisher ad server to its more expensive ad exchange— AdX—an d away from rival platforms, 
all of which are less than a quarter of AdX’s size. 
39. Advertisers and publishers, the key players in this market, have had scant 
visibility into the scope and extent of Google’s anticompetitive conduct. As the lone conflicted 
representative of both buyers and sellers, Google has created a deliberately-deceptive black box 
where Google sets the auction rules to its own advantage. Diminished competitive pressure has 
reduced Google’s incentive to innovate, and Google’s control of these key ad tech tools has 
inhibited rivals’ ability to introduce efficiency-enhancing innovations. Publishers and advertisers 
suffer from reduced competition for both ad tech products and advertising inventory. Google’s 
conduct undermines the very purpose of digital advertising in the first place: to achieve optimum 
terms and pricing for digital advertisements so website publishers can continue to serve their 
3 At the time of the DoubleClick acquisition, Google’s privacy policies prohibited the company 
from combining user data obtained from its own properties, e.g., Search, Gmail, and YouTube, 
with data obtained from non-Google websites. But in 2016, as part of Project Narnia, Google 
changed that policy, combining all user data into a single user identification that proved 
invaluable to Google’s efforts to build and maintain its monopoly across the ad tech industry. 
Over time, Google used this unique trove of data to supercharge the ability of Google’s buying 
tools to target advertising to particular users in ways no one else in the industry could absent the 
acquisition of monopoly—or at least dominant—positions in adjacent markets such as Search. 
14 ",text_layer_extracted,[]
complaint:pdf:19,complaint,19," 
 
 
  
 
  
Case 1:23-cv-00108 Document 1 Filed 01/24/23 Page 19 of 153 PageID# 19 
vital purposes in society. Indeed, Google’s own documents show that Google has siphoned off 
thirty-five cents of each advertising dollar that flows through Google’s ad tech tools: 
Fig. 1 
40.  The  cumulative impact of Google’s  anticompetitive  conduct is more than simply  
the sum of  each  harm Google  has  caused. As new  threats  have arisen, Google  has  spread  its  
actions across wide-ranging ad tech products knowing the synergistic, multiplier effect that its  
actions would have across the industry. Because Google has such a powerful hand in each  aspect  
of the ad tech industry, it alone has the power to use and deploy hidden levers to manipulate the  
overall system to its advantage.   
41.  It is  critical to restore  competition in these markets by enjoining Google’s  
anticompetitive practices, unwinding Google’s anticompetitive acquisitions, and imposing a  
remedy sufficient both to deny  Google the fruits of its illegal conduct and  to prevent further harm  
to competition in the future. Absent a  court order for the necessary  and appropriate relief, Google  
will continue to  fortify its monopoly position, execute its anticompetitive strategies,  and  thwart 
15 ",text_layer_extracted,[]
complaint:pdf:20,complaint,20," 
 
                                                           
   
   
 
Case 1:23-cv-00108 Document 1 Filed 01/24/23 Page 20 of 153 PageID# 20 
the competitive process,  thereby raising  costs, reducing c hoice, and stifling innovation in this  
important industry.  
III.  DISPLAY ADVERTISING  TRANSACTIONS  
42.  When an internet user opens a website,  a complex series of transactions—nearl y 
instantaneous and invisible to the user—determines which ad to show to that user in each 
available ad space on the  webpage. The set of technological tools that connect  website publishers  
selling  advertising opportunities to the advertisers  wishing to buy those advertising opportunities  
(“ad inventory”)  is referred to as  ad tech. Below is a schematic depicting  some of the important  
ad tech tools used in online digital advertising:  
Fig.  2  
A.  How Ad Tech Tools  Work4  
43.  The content creator or owner of  a website is called a publisher. Each website can  
be  programmed by its  publisher  to create  slots where ad s  can be displayed. A  graphical  ad  
4 The process described herein governs the sale of display ads on the “open web,” meaning 
websites whose inventory is sold through ad tech intermediaries that offer inventory from 
16 ",text_layer_extracted,[]
complaint:pdf:21,complaint,21," 
 
                                                           
 
   
 
  
 
 
   
 
 
 
Case 1:23-cv-00108 Document 1 Filed 01/24/23 Page 21 of 153 PageID# 21 
displayed on  a website that is  viewed in an internet browser is called  a display ad. A display ad 
may  contain images, text, or multimedia. A single  display  ad shown to a single user  on a single 
occasion  is called  an  impression.  
44.  A
n ad tech transaction  begins when a user opens a  website. While the website’s  
content loads, the  website uses  a  publisher ad server  to select which ads  will fill each ad slot on 
the page. The publisher ad server is an ad tech tool that  evaluates  potential  ads from different  
advertising sources  and  applies  a  decision-making logic  to  determine which ad will be displayed  
to the user opening the website. Since 2008, Google  has owned t he industry’s leading publisher  
ad server, Google Ad Manager, which is often still referred to by its former name,  DoubleClick  
for Publishers (“DFP”).  
45.  For a typical medium-to-large website, the publisher  ad server first determines  
whether the ad spaces  on the  webpage  opened by the user have  already  been sold to a specific 
advertiser directly by the  publisher. Such  direct sales  result from one-on-one negotiations  
between  website publishers and advertisers  and typically involve  premium  ad placements (e.g.,  
ads at the top of a webpage) that command the  highest  prices  from advertisers.  For any ad space  
not filled through  direct sales, the  publisher  ad server then tries to sell the ad  space through 
indirect sales channels.  Indirect sales  allow  publishers  to sell  remaining or “remnant” ad space  
mul
tiple websites. Some websites, especially social media companies like Facebook and 
Snapchat, operate under a different “closed web” (or “walled garden”) model in which inventory 
is sold directly to individual advertisers using a proprietary tool employed by that website. Other 
types of advertising distinct from open web display advertising include search ads (e.g., 
sponsored results in a search engine), video ads (e.g., commercials that play before, during, or 
after a streaming video), and mobile app ads (e.g., ads shown within a game or other non-
browser app downloaded from an app store to a user’s mobile device). The focus of this 
Complaint is on Google’s anticompetitive conduct in the market for open web display 
advertising transactions. 
17 ",text_layer_extracted,[]
complaint:pdf:22,complaint,22," 
 
                                                           
5  For both direct and indirect sales, ad impressions are generally priced on a CPM  basis, 
referring to cost-per-thousand (in Latin, “mille”) per impression. For example, an impression 
with a $1 CPM would cost $0.001, or one-tenth of a cent.  
6  Because the publisher ad server historically transmitted this information to the ad exchange, the  
publisher ad server controlled what information was sent to prospective  advertisers and in what  
form.  
7  Information concerning t he user’s location and browsing history can be  gleaned through  
“cookies” set in place by  the user’s web browser. These cookies  allow the  web browser to collect  
 
Case 1:23-cv-00108 Document 1 Filed 01/24/23 Page 22 of 153 PageID# 22 
(i.e., space not sold through direct sales). Many website publishers, especially smaller ones, only  
sell ad space through such indirect sales.5   
46.  I
ndirect sales  are typically  made via a series of  interactions between  ad tech tools. 
These technologies  allow  website publishers and advertisers to transact through lightning-fast  
automated processes, known as  programmatic  buying. Today, most programmatic transactions  
take place on an ad exchange. An ad exchange  (sometimes called a supply-side platform or SSP) 
is a software platform that receives  requests—often from a publisher ad server—to auction ad 
impressions on a particular webpage. The ad exchange  solicits bids on the impression from  
advertiser  buying  tools, chooses  the  winning bid, and transmits information on the winning bid 
back to the  publisher  ad server.  Google presently  owns the industry’s leading ad  exchange, called  
AdX  (now packaged  as part of Google Ad Manager).  
47.  When a publisher  ad server sends an auction request to an ad exchange, the  
publisher  ad server provides certain information about the impression for sale. This can include  
information about the website itself, the ad space  on the webpage  (e.g., where the ad  is placed), 
and the user  that will view the impression.6  After receiving this information from the publisher  
ad server, the  ad exchange may supplement the information with any  additional information the 
ad exchange  might independently have  about the  user viewing the ad, including information  
about  the user’s browsing history, location, and age.7  The ad exchange then  transmits  the bid 
18 ",text_layer_extracted,[]
complaint:pdf:23,complaint,23," 
 
                                                           
 
 
Case 1:23-cv-00108 Document 1 Filed 01/24/23 Page 23 of 153 PageID# 23 
request, along with information gathered  about the user and the website,  to  various  advertiser  
buying tools, described below. The detailed information c oncerning the user’s location and 
browsing  history is highly  valuable to advertisers  because it helps  advertisers  assess the value of  
the  particular  impression to its  overall  advertising campaign. For example, if  the  information 
tells a  particular  retail advertiser  that the user had previously browsed that retailer’s website but  
did not complete a sale, then that retailer may be  willing to pay a premium for the particular  
impression.  
48.  Advertisers receive and respond to bid requests using  advertiser buying tools. 
These advertiser buying tools assist advertisers with connecting to ad exchanges, selecting  
impressions to bid on, submitting bids, and tracking  the purchased impressions  against the 
advertiser’s advertising campaign goals.  
49.  Large  ad buyers, such as  major ad agencies or large businesses, frequently  use a  
type of  advertiser buying tool called a  demand side platform. Demand side platforms provide  
sophisticated and customizable tools that  allow  the ad agency or business  to manage their  
advertising purchases. Advertisers using  demand side platforms  have  extensive control over  
where  and how they bid for ad inventory. They often use their own data, or  data purchased from  
other entities, to target particular users  for their  ad  campaign.  Google owns the United States’  
leading demand side platform, Display & Video 360 (“DV360”).  
50.  Smaller advertisers  often  rely on  a type of advertiser  buying tool  with fewer,  
simpler options  that are less customized. These advertiser buying tools  are called  advertiser ad  
information about a user’s internet location and browsing history which can then be passed 
along, or sold, to interested parties. 
19 ",text_layer_extracted,[]
complaint:pdf:24,complaint,24," 
 
                                                           
  
   
  
    
  
Case 1:23-cv-00108 Document 1 Filed 01/24/23 Page 24 of 153 PageID# 24 
networks.8  Today, most ad networks  bid for and buy advertising space on an impression-by-
impression basis, submitting bids alongside  other  ad networks and demand side platforms. 
Advertiser ad networks offer  a self-service, easy-to-use technology solution, which as a practical  
matter  is the only viable  option for smaller advertisers, advertisers that prefer a simple “hands-
off” approach, or advertisers that need the  ad network’s targeting data to buy ads effectively.  
Google offers the industry’s leading ad network, Google Ads.  
51.  M
ost ad networks, including Google Ads, are  a “black box” to advertisers. 
Advertisers have almost no control over the process by which the  ad network bids for  
impressions. Nor do the  networks provide  advertisers with information about how or why the  
network bids for particular impressions on particular websites at particular  times. Most ad  
networks charge advertisers primarily on a “cost per click,” or  “CPC”  basis. The advertiser  thus  
has no insight into how much the ad network spent to purchase a particular  impression; the  
advertiser is charged  a fee only when an internet user clicks on the ad.  Google’s  ad network, 
Google  Ads, sets this fee  based on the actual cost incurred to buy  advertising inventory plus a  
markup. This prevents Google’s  advertising customers from knowing how  much Google is  
charging them, over and above Google’s costs, for the inventory.   
52.  These ad networks are particularly important to  businesses that do not have  the 
expertise, advertising budget, or targeting data required for a demand side  platform to be a viable  
option. Ad  networks  are  also critical to website publishers.  These ad networks are the only way  
for publishers to reach and sell ad space to smaller businesses that rely exclusively or primarily  
8 These advertiser networks are referred to as “networks” because they originally operated on a 
network model whereby the ad network would agree to buy a portion of a publisher’s advertising 
space in bulk at a pre-set price. The ad network would then distribute the publisher’s advertising 
space among a network of advertisers. The prices charged to those advertisers were not 
necessarily derived from the bulk price the network paid to acquire the space. 
20 ",text_layer_extracted,[]
complaint:pdf:25,complaint,25," 
 
  
  
   
  
   
 
  
 
    
 
 
 
  
  
   
Case 1:23-cv-00108 Document 1 Filed 01/24/23 Page 25 of 153 PageID# 25 
on ad networks to buy ad space. Further, the type of advertising space these ad networks seek to 
purchase from website publishers is often distinct from the advertising space sought by other 
advertising tools. That is because the advertisers using these networks often have unique 
advertising objectives. Further, these ad networks, and in particular Google Ads, have access to 
unique user data that allow them to target very specific advertising opportunities. 
53. The flow of display ad transactions through these platforms—collectively called 
the ad tech stack—is depicted again below. 
Fig. 3 
54. The publisher ad server is referred to as the “sell-side.” The advertiser buying 
tools are referred to as the “buy-side.” Impressions offered for sale by publishers are referred to 
as publisher “inventory” and advertisers’ interest in buying impressions is referred to as 
advertiser “demand.” 
55. Whether the advertiser uses a demand side platform or an ad network as its 
advertiser buying tool, the tool evaluates the bid request received from the ad exchange and, if 
the impression meets the advertiser’s criteria (e.g., targeted audience, website category), the tool 
21 ",text_layer_extracted,[]
complaint:pdf:26,complaint,26," 
 
   
    
 
  
   
  
  
    
 
   
   
  
     
  
    
  
    
 
    
  
   
Case 1:23-cv-00108 Document 1 Filed 01/24/23 Page 26 of 153 PageID# 26 
determines an amount to bid on the impression. Because each impression is filled within 
fractions of a second while the website loads for the user, an advertiser could never evaluate each 
impression individually. Instead, advertisers rely on these automated advertiser buying tools to 
evaluate impressions and bid on their behalf based on parameters pre-configured by the 
advertiser ahead of time. The advertiser buying tool then sends its highest bid for the 
impression—as calculated by the tool—back to the ad exchange for consideration. 
56. After receiving bids from multiple advertiser buying tools, the ad exchange holds 
an auction to determine the winning bidder. Historically, most ad exchanges ran a second-price 
auction in which the winning bidder paid a price one cent higher than the bid of the second-
highest bidder. Today, however, most ad exchanges run first-price auctions where the highest 
bidder simply pays the price of its winning bid. The ad exchange sends information about its 
winning bid back to the publisher ad server, which evaluates the ad exchange’s bid under a set of 
rules defined by the publisher ad server. The publisher ad server then makes the final decision 
regarding which ad to “serve” to the user. The publisher ad server sends a message to the 
winning advertiser to provide the content of the ad to be displayed. 
B. How Ad Tech Intermediaries Get Paid 
57. Once the winning bid has been chosen, the advertiser pays the website publisher 
for the impression, but a portion of the payment is retained by each intermediary along the way 
as payment for its services. The advertiser buying tool and the ad exchange supplying the 
winning bid each collect a portion of the purchase price for the impression, which is referred to 
as a “revenue share” or “take rate.” The publisher ad server generally charges the publisher a 
fee based on the number of impressions served. Unlike a revenue share, the publisher ad server 
fee typically does not vary based upon the price paid for each particular impression. 
22 ",text_layer_extracted,[]
complaint:pdf:27,complaint,27," 
 
   
 
  
  
  
  
  
     
    
 
 
   
 
  
   
Case 1:23-cv-00108 Document 1 Filed 01/24/23 Page 27 of 153 PageID# 27 
58. The total percentage of advertiser spend extracted by ad tech intermediaries can 
have a substantial impact on the revenue website publishers earn from advertising and on the 
return on investment that advertisers receive from their advertising campaigns. But this 
percentage is typically not fully transparent to advertisers or publishers; some fees are disclosed 
only to publishers or advertisers while other fees are obscured or not disclosed at all. According 
to Google’s internal documents, when a transaction passes through each of Google’s ad tech 
tools (including Google’s campaign manager product, which helps advertisers manage ad content 
and track campaign spending), Google estimates that it gets to keep about 35% of every dollar 
spent on digital advertising (as shown in Figure 4 below). 
Fig. 4 
59. These technology platforms have provided essentially the same services for over a 
decade. During that time, Google’s monopoly positions and the restrictions it has imposed across 
these technologies have diminished the incentive and ability for Google or others to innovate. 
This reduced innovation is compounded by high prices: despite publishers’ and advertisers’ 
23 ",text_layer_extracted,[]
complaint:pdf:28,complaint,28," 
 
 
    
 
  
    
  
      
   
     
  
 
      
    
      
 
   
   
  
  
   
   
   
   
Case 1:23-cv-00108 Document 1 Filed 01/24/23 Page 28 of 153 PageID# 28 
interests in reducing the amount of advertising spending siphoned off by intermediaries, 
Google’s take rate has remained remarkably stable over time. In particular, Google has 
consistently charged a roughly 20% fee for impressions bought through its ad exchange, the link 
in the chain where the highest fees are charged. 
C. How Publishers and Advertisers Select Ad Tech Tools 
60. Publishers and advertisers try to optimize their use of ad tech to meet their 
revenue or advertising goals. As a general matter, publishers use only one publisher ad server to 
manage ad inventory in order to avoid discrepancies in tracking revenue or impressions and to 
minimize the burden of having employees oversee two largely duplicative systems. Ultimately, 
there can only be one publisher ad server acting as the final decision-maker as to which 
advertisement will fill each impression. 
61. Sizeable publishers generally prefer to offer their inventory for sale through more 
than one ad exchange (a practice called “multi-homing”). This increases the likelihood that an 
advertiser on one or more of the ad exchanges will be able to “match” the advertising 
opportunity offered by the publisher to a user or category of user that an advertiser particularly 
values and therefore is willing to compete to buy. When publishers are able to offer their 
inventory for sale through multiple ad exchanges simultaneously, it causes ad exchanges to 
compete with each other to provide the best “match” or the lowest revenue share. However, there 
are integration, contracting, and other costs associated with the publisher adding each additional 
ad exchange. 
62. Likewise, advertisers often connect with multiple ad exchanges through their 
advertiser buying tools, hoping that exposure to as much advertising inventory as possible will 
increase the likelihood of reaching the advertisers’ intended targets for their advertising 
campaigns at the lowest cost. Using multiple ad exchanges also allows advertisers to compare 
24 ",text_layer_extracted,[]
complaint:pdf:29,complaint,29," 
 
   
    
  
    
   
 
      
   
 
  
     
   
   
    
 
     
  
  
   
    
     
     
Case 1:23-cv-00108 Document 1 Filed 01/24/23 Page 29 of 153 PageID# 29 
performance between ad exchanges. Similarly, when advertisers are able to freely multi-home 
among ad exchanges, it forces ad exchanges to compete with each other to provide advertisers 
the best return on their advertising expenditures. 
63. Although there are a number of factors that advertisers consider when deciding 
which ad exchanges and/or ad buying tools to use, one key driver is access to especially valuable 
advertising inventory. Some ad tech products can be used to buy or sell both open web display 
advertising—the focus of this Complaint—as well as other types of advertising, such as 
advertising inventory that is “owned-and-operated” (“O&O”) by the company offering the ad 
tech product. 
64. For example, some of Google’s ad tech products allow advertisers to buy both 
open web display advertising on third-party websites as well as advertising on Google’s O&O 
properties. Google’s O&O properties include several market-leading sources of non-open web 
display advertising inventory, such as Google Search, YouTube, Gmail, and Android’s Google 
Play Store, among others. Advertisers and advertising agencies looking to advertise on these 
O&O properties often must adopt at least one of Google’s advertising tools to do so effectively. 
For example, many larger advertisers and ad agencies seeking to promote their brands through 
online video advertising on the market-leading YouTube website generally must use Google’s 
advertising tools to do so; so for them, as well, adoption of Google’s ad tech tools is considered a 
must.  
65. If an advertiser or advertising agency believes it needs Google’s tools for 
purposes of Google O&O advertising, it is less likely to adopt another buying tool—or tools—to 
advertise on the open web. Among other considerations, the adoption of multiple ad tech tools 
typically costs more (in time and money) and limits the ability of the ad tech tools to share 
25 ",text_layer_extracted,[]
complaint:pdf:30,complaint,30," 
 
  
 
    
 
   
 
   
  
 
   
     
  
   
  
    
    
 
 
    
   
   
     
Case 1:23-cv-00108 Document 1 Filed 01/24/23 Page 30 of 153 PageID# 30 
important performance data across these tools. As a result, companies with especially valuable 
O&O advertising—such as Google—may be able to take advantage of existing, sizeable 
advertising bases already locked into their advertising tools. 
D. Why Scale and the Resulting Network Effects are Necessary to Compete in Ad 
Tech 
66. Scale is a critical factor in the long-term success of each of the key products that 
comprise the ad tech stack. Scale and related network effects are cumulative; they reinforce 
market power for incumbents and raise barriers to entry and competition for nascent and smaller 
rivals. There are at least three important dimensions of scale at play in online digital display 
advertising. 
67. First, scale in ad tech means having a significant number and variety of publishers 
or advertisers using a particular ad tech product. For example, an ad exchange that has 
significant scale enjoys large numbers and varied types of (i) publisher advertising inventory, on 
the one hand; and (ii) advertisers that bid through the ad exchange, on the other hand. This scale 
is key to attracting both publishers and advertisers to the ad exchange because ad exchanges are 
characterized by strong network effects (meaning that the value of an ad exchange to its users 
increases as more users adopt the tool). An ad exchange with access to more inventory— 
especially more sought-after inventory—will be more attractive to advertisers. Likewise, an ad 
exchange with more advertisers—and more unique advertisers—will be more attractive to 
publishers. This aspect of scale plays out in similar but less pronounced ways for publisher ad 
servers. For example, larger and more valuable inventory justify an ad exchange incurring the 
cost to integrate with a particular ad server. Publisher ad servers are also relatively more 
expensive to build and relatively less expensive to run, so a larger publisher base allows the 
publisher ad server to spread the fixed costs over more publishers. With respect to advertising 
26 ",text_layer_extracted,[]
complaint:pdf:31,complaint,31," 
 
   
  
       
     
 
 
 
        
      
  
     
     
 
 
  
  
  
 
   
   
 
   
Case 1:23-cv-00108 Document 1 Filed 01/24/23 Page 31 of 153 PageID# 31 
buying tools, more advertisers and more overall advertising spend will attract publishers to a 
particular tool. Moreover, to the extent that an advertiser buying tool has access to data from a 
related sell-side product, the advertiser buying tool can gain unique targeting abilities. 
68. Second, scale includes the number and quality of impressions that publishers have 
offered for bidding through the ad tech product, the number of bids advertisers have made, and 
the number of transactions that have been completed—as well as the associated revenue for thos e 
transactions. The more business the ad tech provider has done, the more data that provider has, 
and the greater the ability the provider has to increase the value of its services. For example, an 
ad tech provider that is able to see a larger swath of advertising inventory made available for 
auction will have greater insights into the universe of inventory available, and can adjust—or 
suggest adjustments to—its customer’s bidding behavior accordingly. Additionally, an ad tech 
provider that is able to see at scale who ultimately buys or bids on inventory and at what prices 
can create bidding strategies that can be used to predict more accurately future auctions for 
similar inventory. For example, the ability to observe the depth and distribution of bids for 
different advertising inventory can provide valuable data on how demand might change based on 
price and other factors. In addition, data concerning advertisers’ buying strategies, and how all of 
this information changes over time, is incredibly useful. Without access to this type of inventory, 
bidding, and transaction information at scale, an ad tech provider is less able to offer a 
competitive ad tech tool to publishers or advertisers. 
69. Third, scale includes the depth of targeting data that an ad tech product has 
available and can use to identify the most valuable matches between particular pieces of 
publisher inventory and advertisers. This aspect of scale in the ad tech ecosystem is influenced 
both by an ad tech provider’s access to relevant targeting data from seeing and winning more 
27 ",text_layer_extracted,[]
complaint:pdf:32,complaint,32," 
 
   
  
 
 
    
  
     
   
  
  
 
 
     
   
 
   
   
   
  
   
   
    
Case 1:23-cv-00108 Document 1 Filed 01/24/23 Page 32 of 153 PageID# 32 
digital advertising transactions (which can provide important information on an internet user’s 
characteristics and behavior) as well as from other parts of its business (e.g., Google’s access to 
website contextual data and detailed user profiles on its customers using Search, Chrome, 
Android, or Gmail). 
70. The ability of an ad tech product to achieve scale along these dimensions is 
important to its long-term success. For an ad exchange, increasing publisher inventory and 
advertiser demand, understanding the likely bid landscape based on prior consummated 
transactions, and having access to detailed user targeting and contextual data all increase the ad 
exchange’s chances of being the supplier of the advertiser bid ultimately selected by the 
publisher ad server. This is key because ad exchanges only collect a revenue share on winning 
bids—even though the ad exchange incurs costs (for personnel, equipment, and processing 
power) for every bid request and response, whether won or lost. An ad exchange lacking 
sufficient access to these various dimensions of scale may not be able to compete effectively, 
innovate, or even operate. 
E. How Multi-Homing Enables Competition in the Ad Tech Stack 
71. The purpose of the ad tech stack is to bring together publishers and advertisers. 
Publishers benefit when there are more advertisers to bid on their inventory, and advertisers 
benefit when there are more impressions available to buy. As a result, the various markets that 
make up the ad tech stack exhibit strong “indirect network effects,” i.e., the value of the services 
provided by these ad tech tools increases as the number of participants on both sides of the 
product increases. 
72. Additionally, because each possible advertising opportunity (or impression) is 
unique based on a variety of factors (e.g., the identity of the user, the substance of the website, 
the location on the webpage), the value of a particular impression opportunity can vary 
28 ",text_layer_extracted,[]
complaint:pdf:33,complaint,33," 
 
   
   
   
    
    
    
 
   
   
 
   
    
  
  
  
        
  
   
  
  
  
Case 1:23-cv-00108 Document 1 Filed 01/24/23 Page 33 of 153 PageID# 33 
significantly across advertisers. For example, a banner ad at the top of an automotive website 
would be highly valuable to a car dealership located in the same zip code as the user; that same 
banner ad space would be less valuable to a home improvement store located in another state. 
Digital advertising technology, when operating in a healthy, competitive environment, attempts 
to create the most value for its customers by matching publisher advertising opportunities with 
the advertisers willing to pay the most for them. By multi-homing across ad exchanges, both 
website publishers and advertisers are able not only to seek the best possible match for a given 
advertising opportunity, they are also able to contribute to, and benefit from, competition more 
generally. 
73. Ad exchanges compete for publisher inventory and advertiser demand at two 
distinct but related levels. First, they compete for adoption by publishers and advertisers, i.e., the 
opportunity to see a publisher’s inventory or submit an advertiser’s bid. Second, once an 
exchange has been adopted, it competes with other exchanges to win the ability to process a 
particular advertising transaction (i.e., to win individual advertising auctions). At both levels of 
competition, ad exchanges compete not only on price but also on quality and access. Generally, 
an ad exchange with more advertisers will be more valuable to publishers, and vice versa. When 
both sides in a market single-home (i.e., only connect with a single ad exchange), sellers 
(publishers) tend to flock to the ad exchange with the most buyers (advertisers), all else being 
equal. Advertisers likewise prefer the ad exchange that has the most advertising inventory from 
publishers. Google’s dominance of scale on both sides of the ad tech stack thereby strengthens 
Google’s dominance overall in the industry and weakens its rivals’ ability to compete. 
Conversely, when participants on both sides actively multi-home, there may be multiple 
exchanges that offer access to the other side of the market, applying competitive pressure to 
29 ",text_layer_extracted,[]
complaint:pdf:34,complaint,34," 
  
    
      
   
   
 
  
  
  
   
   
  
   
 
    
 
Case 1:23-cv-00108 Document 1 Filed 01/24/23 Page 34 of 153 PageID# 34 
decrease fees or increase quality in order to win business. Thus, actions that impair the ability of 
one or both sides to multi-home are invariably corrosive to competition. 
IV. GOOGLE’S SCHEME TO D OMINATE THE AD TECH STACK 
74. Over the past fifteen years, Google has acquired and maintained mutually 
reinforcing monopoly positions in tools across the ad tech stack. Google’s scheme has involved a 
range of conduct, whereby it—often surreptitiously— has wielded its market power in various ad 
tech tools to undermine attempts by publishers, advertisers, and rivals to introduce more 
competition for digital advertising transactions. Individually and in the aggregate, Google’s 
anticompetitive acts have deprived rivals of critical scale and contributed to Google’s dominance 
by erecting substantial barriers to entry and competition. 
75. Google also has used its dominant position time and again to prevent publishers— 
its own customers—from efficiently and effectively multi -homing across ad exchanges, and to 
prevent rival ad tech providers from deploying technology that would have improved the process 
by which advertisers and publishers find the best advertising matches in real time for each 
impression. In the face of potential competitive threats, Google has resisted innovation and 
chosen not to compete on the merits. Instead, it has used acquisitions and market power across 
adjacent ad tech markets to quash the rise of rivals, tighten its control over the manner and means 
through which digital advertising transactions occur, and prevent publishers and advertisers from 
30 ",text_layer_extracted,[]
complaint:pdf:35,complaint,35," 
 
  
 
 
  
   
     
   
   
  
  
     
Case 1:23-cv-00108 Document 1 Filed 01/24/23 Page 35 of 153 PageID# 35 
working effectively with Google’s rivals. As the figure below demonstrates, Google’s 
dominance across the ad tech industry is unparalleled. 
Fig. 5 
A.  Google Buys Control of  the Key  Tools that Link  Publishers  and Advertisers  
76.  Google  entered display advertising on the back of  its early strength in search and 
search advertising. In 2000, Google launched Google Ads  (then called  “AdWords”), a self-
service buying tool for  advertisers. At the time, advertisers could use  Google Ads to  purchase 
advertising on  the webpage displaying  Google search results.  
77. As Google’s search engine dominance grew, it attracted large numbers of small 
and large businesses that considered advertising on Google’s search results page to be critical to 
reaching customers searching for their products or services. After amassing this pool of 
advertisers, Google realized it could not only sell them advertising space on Google’s search 
results page, but also step in as an intermediary to sell them advertising space on non-Google 
websites as well. Thus in 2003, Google changed the default setting on Google Ads so that 
businesses were automatically opted into using Google Ads to advertise on third-party websites 
31 ",text_layer_extracted,[]
complaint:pdf:36,complaint,36," 
 
    
  
    
   
     
     
  
 
    
    
      
    
  
      
  
   
  
   
  
 
  
   
   
Case 1:23-cv-00108 Document 1 Filed 01/24/23 Page 36 of 153 PageID# 36 
through what became known as Google Display Network, or “GDN.” Today, Google Ads has 
grown to represent over two million advertisers, spending about $11 billion worldwide on open 
web display inventory per year. Google Ads is a substantial, unique source of advertising 
demand and revenue for publishers. 
78. In 2006, Google found itself without sufficient access to non-Google premium 
advertising inventory to meet its advertisers’ demand. Effectively integrating Google Ads with 
existing publisher-facing platforms would have benefited both Google Ads advertisers—by 
increasing their access to inventory—and Google—by increasing advertising sales, and in turn 
Google’s total revenues as a percentage of those sales. Instead, Google sought to maintain more 
control over advertising purchases made by its Google Ads’ advertisers. In particular, it limited 
the ability of its Google Ads’ advertisers to buy inventory from Google’s rivals. Google 
recognized that if it could secure access to its own pool of publisher inventory, it could control 
the entire transaction, end-to-end, and become the “the be-all, and end-all location for all ad 
serving.” To that end, Google built and launched its own publisher ad server, but the product 
failed to gain traction. 
79. Rather than innovate and compete, Google found a shortcut. In 2007, Google 
announced that it would buy DoubleClick for $3.1 billion. DoubleClick offered the industry-
leading publisher ad server, called DoubleClick for Publishers or “DFP”, which at the time had 
an estimated 60% market share. DoubleClick also was developing a nascent ad exchange, called 
AdX. 
80. The DoubleClick acquisition was a pivotal moment for Google’s display 
advertising technology business and its strategy to dominate the ad tech stack. The deal provided 
Google with direct access to website publishers (and their inventory) on DoubleClick’s publisher 
32 ",text_layer_extracted,[]
complaint:pdf:37,complaint,37," 
 
 
   
     
    
  
     
   
   
 
  
  
 
    
  
  
 
 
 
   
 
  
  
Case 1:23-cv-00108 Document 1 Filed 01/24/23 Page 37 of 153 PageID# 37 
ad server and, for the first time, a significant presence on both the advertiser and publisher sides 
of the ad tech stack. Google feared that if a rival acquired DoubleClick, Google would not 
control all the tools that link Google’s advertisers with publisher inventory; in short, a rival could 
“disintermediate” Google. Disintermediation risked allowing another company to control how 
and where publishers sell impressions to advertisers, something Google would not tolerate 
because it would limit Google’s ability to generate monopoly profits. Setting the stage for what 
was to come, the DoubleClick acquisition provided Google the unilateral power to implement a 
series of anticompetitive restraints, using its dominance on both the publisher and advertiser 
sides of the market to inhibit competition across the entire ad tech stack. 
81. The Federal Trade Commission (“FTC”) investigated Google’s proposed 
acquisition of DoubleClick. The FTC considered “the possibility that Google could leverage 
DoubleClick’s leading position in third party ad serving to its advantage in the ad intermediation 
market” and whether Google could “exclusively bundle AdWords [advertiser demand] with [its 
publisher-side platforms] AdSense and DFP.” 
82. The FTC ultimately declined to challenge Google’s acquisition of DoubleClick 
for the reasons set out in its public closing statement. The FTC concluded that “DoubleClick 
does not have market power despite its high market share”—over 60 % at the time—and that 
“firms can and do switch ad serving firms when it is in their self-interest to do so.” Based on 
these assumptions, the FTC believed any anticompetitive conduct by Google “would likely be 
defeated by customers switching to one of the other third-party ad serving products.” 
83. Google’s contemporaneous business documents paint a very different picture, 
however. Six months after the FTC closed its investigation without taking action, one senior 
Google executive wrote about the importance of controlling access to publisher inventory 
33 ",text_layer_extracted,[]
complaint:pdf:38,complaint,38," 
   
    
  
 
  
    
  
   
  
  
  
 
    
    
  
   
   
 
 
   
Case 1:23-cv-00108 Document 1 Filed 01/24/23 Page 38 of 153 PageID# 38 
through the DFP publisher ad server, stating “the thing we want ‘secured’ is the DFP platform 
adoption” because “if we have this” then Google would “have a +20% monetization advantage.” 
In other words, Google believed it could sustainably charge a higher price on advertising 
transactions than its competitors because it controlled the process and rules by which publisher 
inventory could be sold. 
84. Google knew the emerging ad tech market better, and acknowledged in internal 
documents that “due to [the publisher ad server’s] position as the operating system for ad sales, 
switching costs are very high.” Because of this “stickiness” of publisher ad servers, Google knew 
it could manipulate the system in its favor—and to the detriment of competition—without fear 
that publishers would switch to other publisher ad servers. After the acquisition was completed, 
the former DoubleClick CEO explained at an internal Google strategy meeting, “My view is 
nothing really matters but the platform [publisher ad server]. Nothing has such high switching 
costs. If there’s a better network or exchange, you can just switch to it. Switching platforms is a 
nightmare. Takes an act of God to do it.” 
85. Following the DoubleClick purchase, Google cemented its position as the 
dominant intermediary between advertisers and publishers through a series of additional 
acquisitions that eliminated potential competitors and further bolstered Google’s position in open 
digital advertising. For example, in 2009, Google paid $750 million to purchase AdMob, a 
technology system that allowed publishers of mobile apps to sell ads as well. While Google’s 
conduct in the distinct market for mobile app advertising is outside the scope of this Complaint, 
Google’s anticompetitive conduct in the mobile apps market is consistent with the conduct 
alleged in the market for display advertising. 
34 ",text_layer_extracted,[]
complaint:pdf:39,complaint,39," 
 
    
 
  
  
  
  
   
  
 
   
   
  
    
   
  
 
  
 
    
      
  
      
   
Case 1:23-cv-00108 Document 1 Filed 01/24/23 Page 39 of 153 PageID# 39 
86. In 2010, Google acquired Invite Media for approximately $81 million. Invite 
Media offered a demand side platform. Google subsumed Invite Media into a demand side 
platform it was developing, Display & Video 360 (at the time, known as “DoubleClick Bid 
Manager”). By capturing an increasingly large share of bigger, more sophisticated advertisers 
and advertising agencies, Display & Video 360 complemented Google Ads and expanded 
Google’s control over advertiser demand. 
87. In 2011, Google bought AdMeld for approximately $400 million. As discussed 
further below, AdMeld had developed technology to provide “yield management” functionality 
to publishers. Yield managers like AdMeld helped publishers manage inventory and optimize 
revenue by comparing offers from multiple advertiser demand sources at the same time. This 
comparison feature made it easier for new ad exchanges and advertiser demand sources to enter 
the ad tech industry because it gave publishers the incentive and ability to switch between ad 
exchanges and advertiser demand sources in response to better prices and service. 
88. The DoubleClick, Invite Media, and AdMeld acquisitions helped Google achieve 
dominant positions at each level of the open web ad tech stack and set the stage for Google to 
control and manipulate the process by which publishers sell and advertisers buy open web 
display inventory. 
B. Google Uses Its Acquisitions and Position Across the Ad Tech Stack to Lock Out 
Rivals and Control Each Key Ad Tech Tool 
89. After amassing a position as the dominant intermediary for display advertising, 
Google used its monopoly power over each level of the ad tech stack to reinforce its dominant 
positions and limit where and how other ad tech providers could compete. Most notably, Google 
made its Google Ads’ demand available only through its AdX ad exchange. In turn, Google 
effectively made its ad exchange available only to publishers using its publisher ad server (DFP). 
35 ",text_layer_extracted,[]
complaint:pdf:40,complaint,40," 
 
 
    
   
  
  
  
    
  
     
  
 
    
 
     
 
   
 
Case 1:23-cv-00108 Document 1 Filed 01/24/23 Page 40 of 153 PageID# 40 
This benefited Google’s long-run aspirations of dominating the publisher ad server market, at the 
expense of Google Ads’ advertisers seeking access to the widest variety of publisher inventory at 
the lowest price. By allowing only its own publisher ad server effective access to important, 
unique Google Ads’ demand, Google could force publishers to adopt and remain on its publisher 
ad server; other ad servers could not compete to offer a similar product. But this restriction 
meant Google Ads’ advertisers could not buy inventory available only on other ad exchanges or 
via non-Google publisher ad servers, and they could not take advantage of fee competition that 
might make that advertising inventory less expensive. The restriction also was contrary to 
Google’s short-term financial interests, which turned on buying more and more-valuable 
advertisements from as many publishers as possible. 
90. Google introduced several policies and auction changes to force more transactions 
to flow through its platforms and make it more difficult for publishers to switch ad servers. 
These restrictions collectively stifled competition by artificially preventing rivals from 
competing on the same terms as Google’s products, thereby impeding publishers’ and 
advertisers’ ability to work effectively with rivals and allowing those rivals to obtain scale. 
Google implemented these restrictions even though it knew that it would have been better for 
Google Ads’ advertisers (and far more profitable for Google Ads in the short run) to multi-home 
across ad exchanges. And, likewise, publishers would have benefited from being able to 
effectively access advertiser demand through multiple ad exchange intermediaries. These 
restrictions had the effect of taking Google’s publisher ad server from a market leader to a 
monopoly—currently with no credible competition —and catapulting its nascent ad exchange 
into a monopoly position that dwarfs all other ad exchanges. 
36 ",text_layer_extracted,[]
complaint:pdf:41,complaint,41," 
 
   
   
 
     
   
 
  
  
 
   
 
     
       
    
    
    
    
  
  
   
Case 1:23-cv-00108 Document 1 Filed 01/24/23 Page 41 of 153 PageID# 41 
1. Google Thwarts Fair Competition by Making Its Google Ads’ Advertiser 
Demand Exclusive to Its Own Ad Exchange, AdX 
91. The DoubleClick acquisition was a first step in Google’s march to monopoly. 
After purchasing DoubleClick, Google restricted Google Ads’ purchasing of display inventory to 
sources controlled by Google (inventory owned by Google or by publishers using Google’s 
monetization products, including its newly acquired publisher ad server). The goal was 
ultimately to lock publishers into its ad exchange and publisher ad server, and block competing 
ad exchanges and publisher ad servers from accessing Google’s valuable pool of advertiser 
demand. Google implemented this restriction when it launched “AdX 2.0” on September 17, 
2009. At the time, Google identified one of AdX’s two differentiators from other ad exchanges 
as unique “access to AdWords advertisers.” 
92. Google has continued to sacrifice profits and act against the interests of its own 
advertisers by blocking its Google Ads’ customers from buying almost any inventory through 
non-Google platforms, such as rival ad exchanges and networks, even if those competitors 
offered more valuable inventory or the same inventory at lower prices. Google estimated that by 
2017, Google Ads was forgoing $863 million per year in revenue by not purchasing inventory 
from rival ad exchanges and networks. But Google believed this forgone revenue was worth it in 
the name of advancing its growing moat and protecting its monopoly positions across the ad tech 
stack. Exclusive access to Google Ads’ demand compelled most publishers to adopt whichever 
ad tech tools Google required to effectively access that demand. 
37 ",text_layer_extracted,[]
complaint:pdf:42,complaint,42," 
 
 
 
   
      
  
    
    
     
 
 
    
   
   
  
                                                           
 
 
  
Case 1:23-cv-00108 Document 1 Filed 01/24/23 Page 42 of 153 PageID# 42 
Fig. 69 
93. Google Ads’ unique and sizeable advertiser demand is what makes Google’s ad 
exchange unavoidable for most website publishers. Google Ads’ demand is unique both in its 
volume and diversity of advertisers (now with more than two million) and in its ability to attract 
advertisers at scale who cannot effectively use any other digital display advertising tool to 
purchase ads on the open web. Even for Google Ads’ advertisers who can use alternative buying 
tools, many of them are pushed into Google Ads in order to buy other forms of critical 
advertising inventory that Google makes available effectively only through its buying tools, such 
as portions of YouTube, Gmail, and Search ad inventory. Together, these characteristics mean 
that Google Ads has a significant scale advantage by controlling a unique demand group (that 
spends about $11.5 billion on display inventory each year). 
94. Google Ads is also differentiated from other sources of advertising demand 
because Google’s data-targeting advantages allow it to identify inventory that is uniquely 
9 Diagrams are provided throughout to highlight the location within the ad tech stack where the 
conduct predominantly occurred. They are not intended to identify all areas where the identified 
conduct impacted the competitive process or other market participants. 
38 ",text_layer_extracted,[]
complaint:pdf:43,complaint,43," 
 
   
 
 
    
 
  
 
  
 
    
     
    
     
   
  
 
   
    
  
                                                           
   
 
 
 
  
Case 1:23-cv-00108 Document 1 Filed 01/24/23 Page 43 of 153 PageID# 43 
valuable to Google Ads’ advertisers. Google Ads’ targeting data is derived from a wide array of 
user data that Google compiles across its many market-leading or monopoly products (e.g., 
Chrome, Gmail, Google Search) as well as data that Google requires its publishers to share with 
it through a data pool called the “ICM Coop.”10 Google Ads combines this targeting data with 
contextual data Google extracts while crawling publisher websites. These sources of data fuel the 
immense network effects that raise barriers to entry and insulate Google from competitive 
pressure. 
95. The advertiser make-up and data advantages of Google Ads lead it to buy large 
swaths of inventory that otherwise would go unsold. Certain inventory is valuable only to 
advertisers that use Google Ads exclusively; other inventory is undervalued without the user 
targeting and contextual data that Google makes available only to Google Ads. Google does not 
simply limit access to this data to its own advertiser buying tools. It also has exercised its market 
power to undercut rivals’ ability to compete using the same or similar data. For example, after 
the DoubleClick acquisition, Google “hashed” (i.e., masked) the user identifiers that publishers 
previously were able to share with other ad technology providers to improve internet user 
identification and tracking, impeding their ability to identify the best matches between 
advertisers and publisher inventory in the same way that Google Ads can. Of course, any 
purported concern about user privacy was purely pretextual; Google was more than happy to 
exploit its users’ privacy when it furthered its own economic interests.
11 
10 The ICM Coop is not a real cooperative among website publishers. Rather, it is a data pool 
over which Google has sole control that publishers must participate in in order to receive 
competitive bids from Google Ads. Google estimated the value of this data to Google Ads was 
$4 billion in 2015. 
11 See supra, n. 3. 
39 ",text_layer_extracted,[]
complaint:pdf:44,complaint,44," 
 
Case 1:23-cv-00108 Document 1 Filed 01/24/23 Page 44 of 153 PageID# 44 
96.  Google  recognized the power it wielded in Google Ads and used  it to prop up and 
insulate its other ad tech products from competition. According to a 2011 internal analysis,  
Google  found that allowing Google  Ads to buy inventory on rival ad  exchanges  would cause 
serious losses to its publisher platforms  (DFP and AdX)  because many publishers and advertisers  
would prefer to transact through rival  platforms. Google  estimated  that in such a scenario  its ad  
exchange would lose 20 t o 30% of its impressions, and its  publisher  ad server would lose 20% of  
its publishers. Later internal studies confirmed Google Ads’ stranglehold. A 2014 Google  
experiment found that more than half of the  impressions that publishers offered on its ad 
exchange would go unsold without the critical Google Ads’  demand. If  the Google Ads’  demand 
was removed from the ad exchange, Google’s publishers would experience  a 65% drop in 
revenue because no advertisers outside of Google  Ads were interested in buying the unique  
impressions available or  able to do so in light of the auction restrictions described below. Google  
congratulated itself on having effectively locked out meaningful  competition. At one Google  
strategy meeting, Google executives applauded the fact the “unique Google Display  Ad demand” 
allowed it to justify “why we can charge 20%” fees for open auction transactions won on AdX, 
even on transactions that did not use Google  Ads’  buying tools.  
97.  By preventing publishers from accessing this  incredibly valuable  demand through 
rival ad exchanges that publishers otherwise would prefer, Google distorted the way in which 
website publishers  partner with Google’s competitors. As Google’s former  head of  global  
strategy and commercialization explained: “When  [advertiser]  demand can only be found 
through certain sources, it compels  publishers to work with that product.”  Because Google owns  
both DFP and Google Ads, a nd publishers needed to use DFP to access Google Ads’  demand 
40 ",text_layer_extracted,[]
complaint:pdf:45,complaint,45," 
 
Case 1:23-cv-00108 Document 1 Filed 01/24/23 Page 45 of 153 PageID# 45 
effectively,  Google had no incentive to operate DFP for its own publisher customers’ benefit in 
the way that DoubleClick did.  
98.  For  Google  Ads’ single-homing advertisers, Google has made it impossible for  
any rival ad exchanges  to  compete for the opportunity to link them  with publisher inventory. As  
a result of this restraint, single-homing advertisers  have more limited access to advertising  
inventory (less  “reach”). Google recognizes  that while  this exclusivity  locks in publishers, it  
harms Google Ads’  advertisers, which have no reasonable alternatives to which they can turn. As  
explained in one 2012 internal document, t he policy  amounts to a  “buyside-subsidizes-sellside  
model” that “artificially  handicap[s] our buyside (GDN  [Google Ads]) to boost the attractiveness  
of our sellside (AdX  [ad exchange]).”  Later, in 2014, one Google employee complained about  
Google Ads’  sending Google’s publisher platforms  a “$3bn yearly check by  overcharging our  
advertisers to ensure we’re strong on the pub[lisher] side.” These complaints by  Google’s own 
employees working on Google’s  advertiser tools reflect the  artificiality of the restrictions  
imposed on Google  Ads, and make clear that  the restrictions  are what they  seem:  blatant 
exclusionary conduct  designed to obtain a nd maintain monopoly power  rather than efforts to  
build a viable, vibrant  ad  exchange.  Deliberately overcharging its own advertisers is also clear  
evidence of monopoly power over the advertising s ide of the ad tech industry. No other  
competitor could engage  in such conduct and expect to stay in business.  
99.  In response to pressure  from within Google’s own ranks, including by  employees  
managing G oogle Ads, and only after it shored up its market position across the ad tech stack, 
beginning in 2015, Google allowed limited categories of advertising demand to bid for some  
inventory on rival ad exchanges. This was something that Google’s  engineering team had  
previously  considered and viewed as technically possible, but which its product leadership had 
41 ",text_layer_extracted,[]
complaint:pdf:46,complaint,46," 
 
Case 1:23-cv-00108 Document 1 Filed 01/24/23 Page 46 of 153 PageID# 46 
refused to allow. Google’s buy-side employees championed this new feature as in the interest of  
Google Ads’  advertisers  and Google Ads itself, as a standalone product.  
100.  Even for the limited subset of demand that Google finally allowed Google  Ads to 
bid on rival ad exchanges, Google disadvantaged those bids.  Specifically,  Google  refused to 
allow Google Ads’ advertisers  to submit bids to rival exchanges using  the same bid modelling  
and targeting data that Google Ads used to generate bids for Google’s own  ad exchange.  
Likewise, when submitting Google  Ads’ advertisers’ bids to rival exchanges, Google submitted  
only the single highest bid, whereas when Google  submitted  the same advertisers’ bids to  
Google’s own ad exchange, AdX, Google submitted  its two highest bids to improve the revenue  
payout to publishers.    
101.  In effect,  Google systematically decreased the payout that Google Ads provided  
to publishers by extracting higher  fees on the transactions (now ranging f rom 32% to 50%). In 
aggregate, Google understood “32% margin and no 2nd  price makes [Google Ads demand] less  
desirable to access via a middle-man.”  Once again, Google  acted to preserve its own monopoly  
power rather than its customers’ best interests.  
102.  Google implemented these changes not because it was interested in helping its  
advertisers  achieve the best return on their  advertising investment; rather, by  submitting two  
bids, G oogle  was able to redirect sales back to AdX, ensuring AdX’s  “must have” status in the  
industry and making it difficult for rivals to have the scale necessary to compete.  In fact, Google  
has gone so far as to enter into non-disclosure agreements with these rival ad  exchanges to  
prohibit them from telling publishers that even this limited form of Google  Ads’  demand could 
be found out side of Google’s ad exchange.  Google  imposed these  restrictions  because it  
understood that “when our competition is able to say that they have  access to [Google Ads], 
42 ",text_layer_extracted,[]
complaint:pdf:47,complaint,47," 
 
Case 1:23-cv-00108 Document 1 Filed 01/24/23 Page 47 of 153 PageID# 47 
whether it is equal or not, our sales and marketing t eams will have to be prepared for significant  
competitive pressure.” Rather than face that competitive pressure,  Google  simply restricted rival 
exchanges’  ability to market their capabilities to their publisher customers.   
103.  Google’s  coupling of  Google Ads’  demand to its  budding  ad  exchange was  
significant in   Google’s  plan to dominate the market and exclude competition. Google took its  
existing scale advantages in Google Ads  and extended those to Google’s other ad tech products, 
by driving more opportunities and transactions through them  and away from rival marketplaces.  
As predicted, Google’s nascent  ad  exchange grew exponentially  after its relaunch in 2009. In the  
wake of the  DoubleClick acquisition and the implementation of these restrictive policies, 
Google’s ad exchange display revenue  grew 283% in 2009 and an astounding 844% in 2010. By  
June 2011, Google executives boasted about becoming the  “#1 player”  in U.S. display  
advertising, a substantial  jump for a company that  had failed to gain traction with  its own 
publisher  ad server just  five years earlier. T oday, because  of this exclusionary  conduct, 95% of  
Google  Ads’ spend flows through Google’s own AdX ad exchange, while less than 5% flows  
through rival ad exchanges. The combination of Google’s  acquisitions  with its anticompetitive  
business practices  has  suppressed,  or altogether  eliminated,  the necessary  growth  for  rivals to  
compete.  
2.  In Turn, Google Makes  Its Ad Exchange’s Real-Time Bids Exclusive to  
Its Publisher Ad Server  
104.  At the same time, Google used  what most publishers saw  as  AdX’s  must-have 
status to reinforce  and grow its  already dominant  publisher ad server, DFP, ultimately pushing  
remaining publishers to adopt Google’s ad server  and forcing rivals to exit  the market. With its  
relaunch of the ad  exchange after the DoubleClick acquisition, Google  required publishers to use  
its ad server to obtain real-time bids from its  ad  exchange.  If a publisher  chose not to use DFP, it  
43 ",text_layer_extracted,[]
complaint:pdf:48,complaint,48," 
 
    
 
 
 
     
  
 
  
    
   
   
     
 
Case 1:23-cv-00108 Document 1 Filed 01/24/23 Page 48 of 153 PageID# 48 
was relegated to selling impressions to AdX at a floor price based on historical average prices, 
which were often much less than the real-time, impression-specific bids AdX made through 
DFP. As a 2018 Google presentation bluntly noted, “[DFP] is the only way to access [AdX] as a 
publisher.” 
Fig. 7 
105. Google did not need to make AdX exclusive to DFP in this way, but nevertheless 
decided to pursue the most restrictive alternative. In 2011 and 2012, Google developed a feature 
that would enable AdX to compete for inventory in the same way on other publisher ad servers. 
The feature was available in beta to some partners and required only “minimal effort” to roll out 
commercially. But Google saw that this feature risked taking away a “key differentiator for 
DFP”: access to real-time AdX demand. As one Google employee explained in September 2012, 
“it is too early to give AdX to non-XFP [DFP] partners. . . . This is an amazing time to ‘lock in’ 
impressions by offering XFP [DFP] to publishers  . . . . AdX can serve as a tool to pull publishers 
onto XFP [DFP]. . . . Ad Servers are sticky, and hard to replace. The next 12 months are a very 
good time to switch publishers over.” By 2013, Google decided to end this experiment in 
44 ",text_layer_extracted,[]
complaint:pdf:49,complaint,49," 
 
Case 1:23-cv-00108 Document 1 Filed 01/24/23 Page 49 of 153 PageID# 49 
openness, with Google’s  lead product manager  for AdX declaring:  “[O]ur goal should be all or  
nothing  – us e AdX  as  your SSP or don’t get access to our demand.”   
106.  By limiting Google Ads’  demand to the AdX ad exchange, and limiting real-time  
access to the ad exchange to publishers using Google’s publisher ad server, Google  compelled 
publishers to adopt its ad server  for effective access to Google Ads’  demand.  Recognizing the  
importance of real-time competition for ad inventory— which  priced an advertisement based on 
the particular  characteristics of a webpage user at that specific point in time—Google blocked 
publishers using rival ad servers  from connecting to  Google’s ad exchange in the same way.  
Google knew that its Google Ads’ advertisers provided a unique, rich source  of advertiser  
demand, and that no other publisher ad server  (or  ad exchange)  could offer  similar access to such 
a lucrative pool  of advertiser demand. Many publishers could not afford to use a rival publisher  
ad server because they  could not afford to lose the  revenue that Google’s exclusively-linked 
platforms could provide. In essence, Google dictated publishers’ choice of  each key ad tech tool 
used to sell their inventory: publishers must make  their inventory available  through Google’s  
publisher ad server and ad exchange to get the opportunity to sell a portion of it to Google’s  
extremely valuable Google Ads’ advertisers.   
107.  By 2015, these  restrictions had virtually  eliminated competition between  
publisher ad servers, driving rivals to abandon the  market completely. Google’s market share for  
publisher ad servers soared from 60% in 2008 to 90%  by 2015. In a 2016 customer presentation, 
Google described DFP as the “defacto  [sic]” publisher  ad server  with a “90% market share.”  At  
the same time, it guaranteed to Google Ads—via  Google’s ad exchange— preferential access to  
an unrivaled swath of publisher inventory, as well as the associated contextual and user targeting  
data, which supported  Google Ads’  remaining a dominant, scaled  ad network.  
45 ",text_layer_extracted,[]
complaint:pdf:50,complaint,50," 
 
Case 1:23-cv-00108 Document 1 Filed 01/24/23 Page 50 of 153 PageID# 50 
108.  To this day, Google’s restrictions and conduct essentially foreclose the possibility  
of entry into the publisher ad server market. To enter the publisher ad server market, a  
competitor  not only  would need to offer a  full-featured ad server, but  also would need to be able  
to link it to an ad exchange and advertiser demand source of the same size and scale as Google’s  
ad exchange and Google  Ads’ advertiser demand. Without such a full-stack offering, a 
competitor would need to convince publishers  to sacrifice effective access  both to Google’s  ad 
exchange as well as  access to Google Ads’ unique advertiser demand, an ask that is simply not  
economically feasible given Google’s successful  exclusionary conduct to date.  
3.  Finally,  Google  Uses Its Control of Publisher Inventory  to Force More 
Valuable Transactions Through Its Ad Exchange  
109.  Google’s ownership of the leading publisher ad server, DFP, allowed it to set the  
rules that governed how  most publisher inventory in the market is sold. Google internally  
referred to publisher  ad servers  as the “ad revenue operating system for publishers” because they  
decide who is offered a chance to buy publisher inventory  and on what terms. Not content to 
operate in a free and competitive  market, Google altered its publisher ad server rules to force 
more transactions—and more high- value transactions—through its ad exchange and advertiser  
platforms. The changes did not allow Google’s  ad exchange rivals to compete in the same way or  
46 ",text_layer_extracted,[]
complaint:pdf:51,complaint,51," 
 
  
 
 
                                                           
    
   
Case 1:23-cv-00108 Document 1 Filed 01/24/23 Page 51 of 153 PageID# 51 
on the same terms, largely leaving them with the leftover scraps of inventory that Google’s 
advertisers did not want, even at artificially discounted prices. 
Fig. 8  
110.  Until at least the advent  of header bidding  between  2012 a nd 2013 (and for many  
publishers not until at least 2018), publ ishers that wanted to offer inventory to multiple ad 
exchanges via Google’s  publisher ad server had to use a system known as  the “waterfall.” Even  
though this system plays  a smaller role now than it once did,12  it played a pivotal role in  
establishing  Google’s dominance in the ad  exchange market, was a critical  predicate to  certain  
other Google conduct, and helped to create the market monopoly that Google enjoys today.  
111.  Under the waterfall process, t he publisher ad server  would send  offers to sell 
advertising inventory to ad exchanges  and advertiser ad networks  one at  a time in sequence until  
it found an eligible buyer. To set up the waterfall, publishers had to manually enter into the  
publisher ad server the average price they expected to be paid by  each  ad exchange based on  
12 Because of the difficulties and costs of utilizing newer alternative systems in Google’s ad 
server, many publishers are still forced to use the waterfall system today. 
47 ",text_layer_extracted,[]
complaint:pdf:52,complaint,52," 
 
   
 
 
  
  
    
 
   
  
 
 
Case 1:23-cv-00108 Document 1 Filed 01/24/23 Page 52 of 153 PageID# 52 
historical averages. Because these were average prices, they did not necessarily reflect what an 
ad exchange would pay for any individual impression at any particular time. The publisher ad 
server then ranked each ad exchange from highest to lowest based on average historical price. 
Then when a user opened a publisher’s webpage and an ad impression became available for sale, 
the ad server offered the impression to the ad exchange ranked highest in the waterfall. If that ad 
exchange had an advertiser willing to pay more for the impression than the minimum price set by 
the publisher (the “price floor”)—which could differ from the average prices of that ad 
exchange—the ad exchange won the impression, and its advertiser was able to display the ad. 
The ad was not submitted to any of the other ad exchanges in the waterfall, even if one of them 
might have been willing to pay more for the impression. Alternatively, if the first ad exchange 
did not have an advertiser willing to pay at least the publisher’s price floor, the ad server called 
the next ad exchange in the list. This process continued until someone purchased the impression 
or the last ad exchange in the waterfall was called. 
48 ",text_layer_extracted,[]
complaint:pdf:53,complaint,53," 
 
 
Case 1:23-cv-00108 Document 1 Filed 01/24/23 Page 53 of 153 PageID# 53 
Fig. 9  
112.  The inefficiencies associated with the waterfall  system are obvious: ad exchanges  
at the bottom of the waterfall might never  get  a chance to bid, even if they  could supply a  
lucrative bid. In those instances, publishers received less revenue than they could have. But  
while this inefficiency plagued how inventory  was sold to rival ad exchanges, Google used its  
control over the process to allow its ad exchange—and only its ad exchange—to compete outside  
of the waterfall process.   
113.  As part of its post-acquisition relaunch of AdX, on a “system written from  
scratch” on Google’s platform, Google  redeployed “dynamic allocation.”  Dynamic allocation  
provided AdX a prized position over all other indirect sources of advertising demand, which 
allowed AdX to both “see more”  and “win more”  valuable publisher inventory.  
114.  First, Google configured its publisher ad server to afford Google’s ad exchange  a  
“first look” at all inventory the  ad exchange  was eligible to buy. Google’s  publisher ad server  
49 ",text_layer_extracted,[]
complaint:pdf:54,complaint,54," 
 
Case 1:23-cv-00108 Document 1 Filed 01/24/23 Page 54 of 153 PageID# 54 
always called  Google’s ad exchange for  a real-time bid before offering inventory to rival  ad 
exchanges. This placed  Google’s ad exchange at  the top of every  waterfall, regardless of where it  
would otherwise be  ranked based on its average historical prices. In practice, it meant that  
Google’s ad exchange saw more publisher inventory  than any other  ad exchange and could offer  
advertisers the  ability  to obtain the most valuable impressions by simply paying slightly  more  
than a static historical average  price paid by rival  ad exchanges.  
115.  Second, before Google’s  ad exchange competed for an  impression, Google’s  
publisher ad server shared with its ad exchange the highest competing price from the waterfall,  
i.e.,  the highest average  price of  a rival ad exchange. This set the auction floor price within 
Google’s ad exchange and provided bidders  on Google’s  ad exchange  with two key advantages:  
(1) buyers on Google’s ad exchange could see the floor price  (i.e.,  the minimum price to win)  
and adjust their bids accordingly;  and (2) buyers on Google’s ad exchange  often had to pay only  
that average  price of the rival ad exchange. The latter of these advantages  was a function of  
Google  conducting a second-price  auction on its ad exchange. Under this auction format, if only  
one bid on Google’s ad exchange was higher than the price floor, that bid won the inventory at  
the floor price that had been set by the rival ad exchange’s  average price.  In this way, Google’s  
ad exchange was able to  win high-value impressions without paying the price advertisers on 
other ad exchanges  were actually willing to pay.  
116.  Third, G oogle configured the ad server to allow its ad exchange to compete on the  
basis of real-time pricing derived from its internal auction for a particular impression shown to a  
particular internet user.  Unlike rival ad exchanges, Google’s ad exchange was not relegated to  
competing on the basis of historical average prices. Combined with Google’s treasure trove of  
user targeting and webpage  contextual data, Google’s control over the ad server  allowed it to 
50 ",text_layer_extracted,[]
complaint:pdf:55,complaint,55," 
 
Case 1:23-cv-00108 Document 1 Filed 01/24/23 Page 55 of 153 PageID# 55 
tailor its bids more carefully; that is, it could bid  high for  a more valuable  impression and low for  
a less valuable impression. For example, it could offer  a publisher $10 CPM to show a car  
dealer’s advertisement to a user who  recently  clicked through several car  manufacturer websites  
while offering the same publisher only $1 CPM to show the same ad to a 14-year-old user who 
resides in a state where the dealer does not operate. Google’s publisher  ad server  would not  
permit other ad exchanges to compete in this way. Instead, all other  ad exchanges were forced to 
compete on the basis of the “waterfall” method using historical, average prices, even though the  
industry quickly developed a technology standard to bid in real time in this  way.  
117.  This two-tiered arrangement denied rival ad exchanges the  opportunity to  gain the  
scale needed to compete  effectively with Google  by diverting bidding opportunities and 
transactions to Google’s  ad exchange and away  from rivals who did not have a chance to 
compete at all or  to compete on the same terms. It  also harmed publishers in the form of lower  
revenues, limited the ability of advertisers to identify publisher inventory they valued most at the  
best prices, and decreased the overall quality of matches between publishers and advertisers.  
118.  Under  the waterfall setup,  rival ad  exchanges never had the opportunity to bid on 
most impressions. If an ad  exchange earlier in the waterfall sequence submitted a bid above the 
publisher’s price  floor, the ad server never offered the inventory to ad  exchanges lower in the 
waterfall.  The rules  that  Google’s publisher ad server applied to Google’s  ad exchange, however, 
provided Google’s  ad exchange  the opportunity to bid on every  eligible  impression, armed with 
substantial data on the  publisher’s inventory and the  competitive landscape. Because rival ad  
exchanges were relegated to the waterfall  process, unlike Google’s ad exchange, they had limited  
windows into the universe of publisher inventory  available and lacked the  valuable  data on 
available inventory  and competition that  Google harvested.  By preventing publ ishers from freely  
51 ",text_layer_extracted,[]
complaint:pdf:56,complaint,56," 
 
Case 1:23-cv-00108 Document 1 Filed 01/24/23 Page 56 of 153 PageID# 56 
multi-homing and seeing real-time bids from multiple ad exchanges, Google deprived publishers  
of the benefits of full competition between ad exchanges. Likewise, by providing Google’s  ad 
exchange with a preferential—and  for many impressions, sole—opportunity to buy publisher  
inventory, Google discouraged advertisers  from multi-homing among a d exchanges and provided 
a substantial competitive advantage to buyers on Google’s  ad exchange, the  largest buyer being  
Google Ads.  
119.  In addition, through dynamic  allocation, Google’s  ad exchange h ad the 
opportunity  to win impressions whenever it matched a rival’s  average price. This permitted  
Google’s ad exchange  (and its largest buyer, Google Ads)  to win more impressions than its  
rivals, especially higher-value impressions. But for dynamic allocation, a rival ad exchange 
might have won the impression because it could offer  a higher price or better match. Over time,  
this distortion of the auction process meant  that advertisers  were more likely to  win  the 
impressions  they most wanted through Google’s  ad exchange  as compared to a rival ad  
exchange.  As a result, rival exchanges  struggled to  attract  advertiser  ad campaigns, which in turn 
made it difficult for them to amass publishers willing  to offer their inventory  through the  ad 
exchange.  Of course, dynamic allocation also hurt  Google’s own publishers, by sacrificing the  
fees they paid Google to maximize the value of their advertising inventory.  
120.  In 2014, Google expanded and further  entrenched  its artificial advantages by  
introducing “enhanced”  dynamic  allocation, which remains in place today. This update allowed 
Google’s ad exchange to obtain the benefits of dynamic allocation over inventory potentially  
covered by direct  contracts between publishers and advertisers. Historically, this inventory was  
not offered to  ad exchanges at all because qualifying inventory  was set aside to fill the direct  
contract; only after the  direct  contract was filled  did ot herwise qualifying inventory  become 
52 ",text_layer_extracted,[]
complaint:pdf:57,complaint,57," 
 
Case 1:23-cv-00108 Document 1 Filed 01/24/23 Page 57 of 153 PageID# 57 
available for auction. Enhanced dynamic allocation afforded Google’s  ad exchange a right of  
first refusal over this inventory  regardless of whether the publisher had yet  fulfilled the terms of  
the direct contract. Enhanced dynamic allocation allowed Google’s  ad exchange to win the  
impression as long as it was willing to pay more than Google’s own  estimate of the “value” of  
fulfilling the terms of the direct contract at that moment, which Google calculated  through an 
opaque process that predicted the likelihood the  publisher would still be able to satisfy the terms  
of the direct  contract through future impressions even if Google’s  exchange filled the one  
currently available. At the same time, Google ensured that “[i]t [was]  not possible for  
publishers  . . .    to deactivate Enhanced  Dynamic Allocation”  within the  publisher  ad server.  
121.  Combined, dynamic allocation and enhanced dynamic allocation push more  
transactions through Google’s  ad exchange by unfairly tilting the playing f ield in Google’s favor, 
driving additional  scale benefits available only to  Google.  Because of the exclusive link between  
Google’s ad exchange and its market-leading publisher ad server, no rival  can  offer publishers or  
advertisers the same terms as Google. The benefits to Google, and only  Google, are plain.  
122.  First, Google  has  been  able to apply its substantial 20% revenue share fee  at the  
ad exchange level over more transactions, boosting Google’s revenues and profits. This fee  has  
been  earned not only on transactions where Google Ads won, but also on t ransactions where  
other Google and non-Google  advertiser buying tools won. Because Google could capture these  
higher  revenues at the ad exchange level, Google was able to forgo or heavily discount the fees it  
otherwise might  charge for publisher ad server services—historically much smaller than ad  
exchange fees.  Indeed, for many  customers, Google completely waived publisher ad server fees  
on a given transaction if it was able to charge its 20% ad exchange fee.  By  extracting higher  fees  
at the ad exchange level than at the publisher ad server level—which Google needed to control to 
53 ",text_layer_extracted,[]
complaint:pdf:58,complaint,58," 
 
Case 1:23-cv-00108 Document 1 Filed 01/24/23 Page 58 of 153 PageID# 58 
force more transactions to its ad exchange—Google  has also able to maintain low ad serving fees  
while still achieving its margin  goals across the  ad tech stack. This fee structure discourages  
entry by  potential ad server competitors, because  entry could only be  economically feasible by  
replicating Google’s overall strategy: building dominant positions at each level of the ad tech  
stack and forcing more transactions to flow through those tools.  
123.  Second, by forcing more  transactions through Google’s  ad exchange  and away  
from rivals, Google  has  distorted the pathways through which publishers and advertisers transact  
and impeded the ability of competitors to gain the scale necessary to compete effectively in the 
ad exchange market. Google’s dynamic allocation and enhanced dynamic allocation programs 
have decreased the likelihood that a rival ad exchange could win a transaction, even if it had an 
advertiser willing to pay  the most for an impression. In turn, this  has  diminished the ability of  ad 
exchanges to attract additional publishers and advertisers to their platforms  and has  deprived 
them of valuable transaction data that could improve their competitiveness.  
124.  Third, by  giving Google’s ad exchange  (and only  Google’s ad exchange) a  “first  
look” option of  purchasing publisher impressions offered for sale through DFP, Google  has  
limited the ability of publishers to freely  and effectively offer their impressions for sale on 
multiple ad exchanges. Dynamic allocation and enhanced dynamic allocation  has  resulted in a 
two-tiered system—a special auction w here Google’s AdX competed and a  secondary, inferior  
auction potentially available to rival exchanges. Publishers  are  unable to partner with Google’s  
rival ad exchanges on the same terms as Google’s  AdX. Those rivals cannot integrate with DFP  
via a mechanism equivalent to dynamic  allocation, even if they had the technological capability  
to do so.  
54 ",text_layer_extracted,[]
complaint:pdf:59,complaint,59," 
 
 
Case 1:23-cv-00108 Document 1 Filed 01/24/23 Page 59 of 153 PageID# 59 
125.  Even though Google modified the way dynamic  allocation operated in late  2019, 
the effects of the decade-long program persist. Over that period, Google  has  amassed  substantial 
scale within its ad exchange  while undercutting rivals’ ability to do the same. The flywheel  
network effects of that scale continue to advantage Google’s ad exchange, especially  when 
combined with the new algorithmic bidding programs described below that largely replicated the 
effect of dynamic allocation.  Even today, Google  continues to use enhanced dynamic  allocation 
to favor buyers transacting through Google’s platforms. Only those buyers  can bid with 
knowledge of the  Google-determined  price floor that  Google  sets  through enhanced dynamic 
allocation.  
4.  Google’s Dominance Across the Ad Tech Stack Gives It the Unique 
Ability to Manipulate Auctions to Protect Its  Position, Hinder Rivals, 
and Work Against  Its Own Customers’ Interests  
126.  In addition to restricting  vital Google Ads’  demand to website publishers using  
Google’s publisher ad server and ad exchange, Google realized it also could manipulate Google  
Ads’ bidding strategy to further entrench its publisher ad server  and make  entry by  competing ad 
servers unworkable.  Google Ads ostensibly bought inventory on behalf of its advertisers using  
price and budget limitations decided by each advertiser. But Google  chose  to do so in ways that  
served Google’s long-term goal of dominating publisher platforms.   
55 ",text_layer_extracted,[]
complaint:pdf:60,complaint,60," 
 
 
                                                           
    
  
 
Case 1:23-cv-00108 Document 1 Filed 01/24/23 Page 60 of 153 PageID# 60 
Fig. 10  
127.  Google  Ads’ advertisers  set maximum prices,13  budgets, and other parameters for  
their campaigns, but Google Ads is otherwise a  “black box” to advertisers. Google has nearly  
full control over when, where, and how Google Ads bids for its advertiser  customers. Using that  
control, Google designed a system intended to force Google Ads’ two million advertisers to pay  
higher  advertising prices. The goal and effect  are clear: increase payouts to publishers using  
Google’s platforms—the  only place Google Ads’  demand was available—to make Google Ads’  
advertising  demand and Google’s publisher ad server and ad exchange  even more indispensable  
to publishers (while also allowing Google to maintain its supra-competitive take rates). In doing  
so, Google  foreclosed the ability of rivals to compete effectively against its publisher ad server  
business and further propelled Google’s DFP ad server from a dominant platform to a monopoly.  
128.  Over time, as Google’s  monopoly over the publisher ad server  was secured, 
Google surreptitiously manipulated its Google  Ads’  bids to ensure  it won more high-value ad  
13 Although advertisers set a maximum price for advertising (generally on a per click basis), 
Google actually charges advertisers the lower of 1) their maximum price or 2) Google’s cost plus 
a set margin. 
56 ",text_layer_extracted,[]
complaint:pdf:61,complaint,61," 
 
Case 1:23-cv-00108 Document 1 Filed 01/24/23 Page 61 of 153 PageID# 61 
inventory on Google’s ad exchange while maintaining its own profit margins by charging much 
higher  fees on inventory  that it expected to be less competitive. In doing so, Google  was able to 
keep both categories of inventory  out of the hands of rivals by competing in ways  that rivals  
without similar dominant positions could not. In doing so, Google preserved its own profits  
across the ad tech stack,  to the detriment  of publishers. Once again, Google engaged in overt  
monopoly  behavior by  grabbing publisher  revenue and keeping it for itself.  Google  called this  
plan “Project Bernanke.”   
a)  Google  Works  Against  the Interests of Its Google Ads’  Customers By  
Submitting  Two  Bids Into AdX Auctions   
129.  Google  Ads determines how to bid on behalf of its advertisers using price and 
budget maximums decided by the advertiser. For  each piece of  available inventory, Google Ads  
runs an internal auction of Google Ads’  advertisers,  based on an algorithm that considers  eligible  
advertisers’  specified maximum cost-per-click prices, Google’s predictions of the likelihood of a  
user clicking an ad, and a number of other  factors. These bids are then converted into a cost-per-
impression (“CPM”) bid, which, until 2013, Google then adjusted downward to ensure Google  
Ads would charge an expected 14%  take rate on each impression—in addition to the 20%  take 
rate charged by  Google’s ad exchange. If Google  Ads then won the impression—and the user  
ultimately clicked on the  ad—the Google Ads’  advertiser would pay the  amount paid for the  
impression plus Google’s  fee.  
130.  Until late 2019, AdX operated what was known as a second-price auction. In  a 
second-price auction, the advertiser with the highest bid wins the right to display its ad on the  
publisher website. The winning advertiser, however, only pays  one  cent more than the price of  
the second-highest bid, and gets to keep the  difference between the two  as an  “auction discount.”  
57 ",text_layer_extracted,[]
complaint:pdf:62,complaint,62," 
 
Case 1:23-cv-00108 Document 1 Filed 01/24/23 Page 62 of 153 PageID# 62 
If the advertiser is the only bidder, then it must pay  only the minimum price the publisher agreed  
to accept, known as the price floor.  
131.  Because of this auction dynamic, advertiser buying tools have  an incentive  to 
submit only one bid into an ad exchange’s auction. If an advertiser buying tool submits two bids  
into a second-price auction, the higher bid might win the auction while the lower bid sets the  
price; without the second bid, the inventory might  have been sold to the winning advertiser at  a  
lower cost (possibly even at the  floor price set by the publisher).  In essence, the second bid into 
the auction only serves to drive the final auction price upwards, while conveying no real  
increased chance of  winning.   
132.  To avoid driving up the  cost of advertising, non-Google advertiser buying tools  
only submitted a single bid into AdX auctions. But Google took a different  approach for Google  
Ads and, unknown to advertisers,  submitted  two  bids from Google Ads’  advertisers into the AdX  
auction. This was contrary  to the interests of Google Ads’  advertisers—who benefited when 
Google  Ads paid less for  impressions resulting in clicks—but furthered Google’s  goal of locking  
publishers into its ad exchange and publisher  ad server. These higher payouts for publishers on 
Google’s platforms were  a key part of Google’s overall strategy to prevent new publisher ad 
servers  from entering the market and to increase the stickiness of Google’s own publisher ad 
server by  raising publishers’ switching costs. The strategy  allowed  Google  to extract additional 
margins  across the  ad tech stack through the two-tiered auction structure described above. A  
publisher that left Google’s platform not only lost access to all of the unique advertiser demand 
available only on Google Ads, but also lost access to an advertising buying  tool willing to  
overcharge its advertisers to benefit its publishers.  
58 ",text_layer_extracted,[]
complaint:pdf:63,complaint,63," 
 
                                                           
    
 
Case 1:23-cv-00108 Document 1 Filed 01/24/23 Page 63 of 153 PageID# 63 
133.  Google  generally did not  disclose to Google  Ads’  advertisers the  fees  that Google  
extracted from their ad purchases. Even when it did publicly disclose average fees  from the  
perspective of the revenue received by publishers, it did not disclose that those  fees  came on top 
of advertising prices  that were inflated  by virtue of Google  Ads’ bidding practices. This obscured 
the total “take rate” Google was keeping  for itself, making it difficult for  advertisers to compare  
Google  Ads to any potential c ompetitor.  
134.  Google’s internal analyses confirm the purpose  and effect of Google  Ads’  double-
bid policy. A  2013 s tudy  found that Google Ads submitted the top two bids  in 85%  of the 
auctions it won, meaning its bids set the price in the vast majority of auctions it won. Because 
Google  Ads did not face  meaningful competition for its advertising c ustomers, however, this  
statistic did not lead Google to reduce its advertisers’ bids or otherwise  adjust its bidding  
strategy. Rather, the study  confirmed Google’s understanding that it had full control and pricing  
power over a unique pool of advertiser demand that was often interested in inventory  other  
advertisers did not or could not value in the same  way. As Google itself  acknowledged, Google  
Ads had “no margin or inventory sourcing constraints” so it was able to “establish[] processes to 
tune margins in the backend,” outside auctions. As usual, what mattered most was Google’s own 
dominance, not its customers’ best interests.  
135.  Years later, little  had changed  when Google  revisited the question of what  would 
happen if Google  Ads submitted only one bid into the AdX auction.
14  The answer:  the 30 t o 40%  
boost in publisher revenue from Google’s two-bid  strategy would disappear. Strikingly, the same  
analysis showed  that if Google Ads submitted only  one bid on AdX—and thereby was able to  
14 On the limited occasions where Google Ads bids on inventory on third-party exchanges, it 
submits only one bid. 
59 ",text_layer_extracted,[]
complaint:pdf:64,complaint,64," 
 
     
 
 
Case 1:23-cv-00108 Document 1 Filed 01/24/23 Page 64 of 153 PageID# 64 
buy inventory at lower prices—its profits on Google Ads would increase by an astonishing 50% 
in the short run. 
Fig. 11  
136.  But Google simply  could not risk a change that weakened its ability to keep  
publishers locked into its publisher ad server and ad exchange. The loss of  inflated publisher  
revenues on Google’s platform might finally make a rival publisher ad server an attractive 
alternative and threaten Google’s monopoly. If publishers switched, Google would lose control  
over the ad selection process and be  forced to interoperate with those rival  products for  
inventory.  
b)  Google  Manipulates Its  Fees  to Keep More High -Value Impressions  
Out of the Hands of Rivals  
137.  As Google’s publisher ad server monopoly was being cemented, Google’s focus  
shifted to ensuring its ad exchange rebuffed growing challenges from rival  ad exchanges. 
Recognizing  that Google Ads  still f aced little competition for most impressions it won on AdX, 
over time Google adjusted its  fees—and in turn its bids—to ensure it could win more high- value 
60 ",text_layer_extracted,[]
complaint:pdf:65,complaint,65," 
 
                                                           
      
  
Case 1:23-cv-00108 Document 1 Filed 01/24/23 Page 65 of 153 PageID# 65 
transactions  while paying less for  lower-value  transactions. B y owning both the dominant  
publisher ad server and the dominant ad exchange, Google had unique access to the price data it  
needed to make these adjustments in a way that ensured more transactions, revenue, and profits  
flowed to Google—and in particular its Google Ads’  ad network and ad exchange—with  
minimal risk  to Google.  
138.  First, i n January 2013, through a program called Dynamic Revenue Share, Google  
adjusted the way  Google Ads  took its revenue share fee  from a  fixed 14%  take rate on each  
impression sold to a changing, or dynamic, fee that averaged 14% per publisher over time. This  
allowed Google Ads to effectively increase its bids in competitive auctions (by taking  a lower  
expected  fee) and make up the losses by setting a higher  expected  fee on non-competitive  
auctions. This change  reinforced Google’s ability  to w in more transactions  on its ad exchange  
than could rival ad networks  or demand-side platforms, augmenting the  advantages Google  
already  afforded its ad exchange through dynamic allocation, without the need to  compete by  
reducing  its fees.  
139.  Second, later in 2013, Google implemented Project Bernanke,15  which doubled-
down on Dynamic Revenue Share by  subsidizing bi ds (i.e., bi dding above the advertiser’s  
willingness to pay)  on competitive impressions, thereby sacrificing  any profit on the transaction.  
Of course, Google  ensured that its own margins would be maintained. Google  offset  any  loss  on 
a given transaction  by charging much higher  fees  (i.e., 50%  or more)  on impressions where  
Google  Ads faced no competition—the majority  of impressions  Google Ads had already been  
winning. In doing so, Google  Ads  and AdX were  able to win more impressions over their  
15 Project Bernanke was named after former Federal Reserve Chairman Ben Bernanke because it 
resembled “quantitative easing on the Ad Exchange.” 
61 ",text_layer_extracted,[]
complaint:pdf:66,complaint,66," 
 
Case 1:23-cv-00108 Document 1 Filed 01/24/23 Page 66 of 153 PageID# 66 
respective rivals,  increasing  Google Ads’  spend by 20% and profits by 30%,  and increasing  
overall  ad exchange  revenue by 8%. A  Google  simulation of the program confirmed  that  
advertisers using  non-Google  buying tools  won fewer of the  coveted high-value impressions, 
decreasing their relatively  smaller spend on AdX  by 14%.  
140.  Finally, in 2014, Google  implemented Project “Global Bernanke”  which changed  
the method by which Google calculated  the Google Ads’  take rate (sometimes referred to  as  
“margin”).  Instead of  applying the same take rate to each publisher’s ad inventory, Google took 
an average take rate at the ad exchange level. Google took a higher cut of  advertiser spend  for 
some publishers while taking less for others. T he  effect was to further shift the publisher benefits  
of Google Ads’ two-bid system  to the most important publishers  and away from  “non-
competitive”  publishers  (i.e., publ ishers whom  Google believed were unlikely to risk switching  
to a rival ad server). Google  candidly acknowledged that by 2014 it was not worried it might lose  
“non-competitive publishers.”  As one document explained, it is “unlikely they  can do better on 
another network (which doesn’t have  any [Google Ads] demand).”  
141.  The Google-generated graphic below shows Dynamic Revenue Share and Project  
Bernanke in practice. After  running its internal auction (as described above),  Google Ads  
calculates its two highest bids on a CPM basis as $1.00 and $0.96 (the  gray bars).  These bids  
might be similar  because they  are based on the same Google targeting data. Applying a uniform  
14%  take rate (or  “margin”)  would result in bids equal to $0.86 CPM and $0.83 CPM. With 
dynamic  revenue share, Google  adjusted the bids  to $0.95 CPM and $0.83 CPM (the red bars in 
the Figure). For Bernanke, Google raised the first  bid even further  (sometimes substantially),  as  
the first bid determines the winner of the auction.  By raising the first bid  (here from $0.95 CPM  
62 ",text_layer_extracted,[]
complaint:pdf:67,complaint,67," 
 
   
    
 
Case 1:23-cv-00108 
Document 1 Filed 01/24/23 Page 67 of 153 PageID# 67 
to $1.20 CPM, the green bars), Google Ads won more auctions, either clearing publishers’ 
reserve price more often or winning against a rival’s bid for competitive impressions. 
Fig. 12  
142.  By manipulating the auctions in this fashion, Google was able to subsidize the  
inflated advertiser bids by  dropping the price of the runner-up’s bid ( here from $0.83 CPM to 
$0.48 CPM). Where an auction was not competitive—the majority of auctions that Goog le Ads  
won—th e  lower  price was the one Google Ads  paid for the impression. Google  then kept the  
margin (an estimated  50% in the example) to subsidize competitive queries.  In this example, 
instead of the website publisher receiving $0.83 CPM for the advertisement, it received only  
$0.48 CPM for the impression under Bernanke, assuming only  Google Ads’  advertisers  
submitted bids. A similar drop in price would occur for other  “non-competitive” impressions. At 
the advertiser level,  Google aimed for the same average take rate for each  Google Ads’  
advertiser: a 32% difference between what the advertiser paid to Google and what Google ended  
63 ",text_layer_extracted,[]
complaint:pdf:68,complaint,68," 
 
                                                           
   
  
 
Case 1:23-cv-00108 Document 1 Filed 01/24/23 Page 68 of 153 PageID# 68 
up paying to publishers for all of the impressions that the advertiser purchased.16  Bernanke 
increased the number of transactions that Google  won through its platforms, and in turn 
increased  Google’s  overall revenues and profits while denying scale to competing ad  exchanges.  
143.  Project Bernanke  allowed Google  Ads to continue to pass along additional  
revenue to publishers on Google’s platforms (the  only place it ran) but did so disproportionately  
relative to the  competitiveness of the publisher. In doing so, it won more high-value impressions  
on Google’s ad exchange and reinforced the stickiness of Google’s  ad server for key publishers.  
Other ad exchanges and  ad servers that lacked a captive source of advertiser demand whose bids  
they could manipulate were unable to subsidize important publishers in the same way, presenting  
another roadblock to entry  or  expansion in the publisher ad server and  ad exchange markets. For  
their part, while Google  Ads’ advertisers won some additional competitive impressions, they did 
not receive the full benefit of the lower prices Google Ads paid for non-competitive inventory. 
Moreover, Google did not disclose to advertisers that it was shifting savings away from them to  
increase its own margins.  In effect,  Google  fended off competition that could have challenged its  
monopoly power to force advertising transactions through its own ad tech products and limited 
publishers’ and advertisers’ ability to multi-home with rival products while still being able to  
maintain its high overall margins.  In essence, a  win-win, but only for Google.  
144.  In terms of its impact on competition, Google’s dynamic allocation and dynamic  
revenue sharing programs functionally made price competition among rival ad exchanges  
obsolete because no rival had sufficient scale across the ad tech stack to  compete against Google.  
16 Google Ads’ advertisers specify a maximum cost-per-click they are willing to pay. Google 
charges advertisers a fee on top of the price that Google pays for publisher inventory. The result 
is often less, and “sometimes much less,” than the advertiser’s specified maximum. 
64 ",text_layer_extracted,[]
complaint:pdf:69,complaint,69," 
 
Case 1:23-cv-00108 Document 1 Filed 01/24/23 Page 69 of 153 PageID# 69 
Google  could effectively  afford to charge nothing w here it wanted to obtain high-value inventory  
because it had the ability  to make up the difference on the back end with  less valuable inventory.  
C.  Google  Buys and Kills  a Burgeoning Competitor  and Then Tightens  the Screws  
145.  By 2010, Google’s  rivals had begun to design and market technology in an 
attempt to circumvent the limitations on competition that Google imposed  through its  publisher  
ad server. Google’s  response was forceful, extinguishing the leading innovator via acquisition 
and tightening its restrictions to head off similar potential threats. Google continued to impede its  
rivals’ ability to offer real-time competition for publisher inventory on the same playing field as  
Google’s ad exchange. Google used anticompetitive means to keep customers on both sides of  
the stack (i.e., publishers  and advertisers) locked in to its ad tech tools, while ensuring that  
competitors for those valuable customers were locked out.  
1.  Google Extinguishes AdMeld’s  Potential Threat  
146.  In 2011, Google acquired a competitor, AdMeld. In doing so, Google removed  
from the market what it viewed as a “critical threat” to  its ad exchange and publisher ad server  
businesses. AdMeld’s  yield management technology could receive bids  in real  time  from  
multiple  ad  exchanges  and other demand sources. This could allow other ad exchanges to  
compete in the same way Google’s  publisher ad server allowed Google’s  ad exchange to 
compete through dynamic allocation, utilizing in part a real-time bidding standard. Publishers  
quickly moved to adopt  the yield management  technology  because it  allowed them to multi-
home  more effectively  among ad exchanges and ad networks.  It also gave  publishers  the ability  
to connect  with the  advertisers  who especially valued their  inventory.  In contrast, Google’s  
publisher ad server did not permit connections to any  advertising demand source other than the  
buyers on the  AdX  ad exchange, which of course  included Google Ads’  advertiser base. Quite  
simply, AdMeld threatened to destroy the  advantage Google had  created for itself in its  
65 ",text_layer_extracted,[]
complaint:pdf:70,complaint,70," 
Case 1:23-cv-00108 Document 1 Filed 01/24/23 Page 70 of 153 PageID# 70 
exclusionary  publisher  ad server  by  allowing  website creators to offer their digital advertising  
inventory to multiple ad exchanges in order to find the best available match.  
147.  Externally, AdMeld described itself as “the largest, independent practitioner of  
RTB [Real Time Bidding] behind Google,”  “connect[ing] to more than 200 ad networks, & 35 
Demands Side Platforms (DSP) and process[ing] more than 11 billion bids daily”  with links to 
20 leading data providers. Relying on its “core functionality” of  real-time bidding, AdMeld  
proposed becoming its customers’ “central ad decision hub,” the key  role  Google  reserved for its  
own publisher ad server  product.  
148.  In a 2010 strategy discussion, Google  executives noted that “Yield Managers are 
a threat we need to take very  seriously” with “AdMeld [being] the largest  concern” and one of  
three “Key competitors.” Specifically, if AdMeld continued to attract publishers to its  
technology, Google worried about the possibility  of having to “pass real-time AdX pricing into a  
non-DFP ad server.” If Google were  forced to do so, it would eliminate DFP’s exclusive access  
to AdX, which Google believed would be—and which ultimately was —the key to DFP’s  growth 
and enduring dominance.  
149.  AdMeld typically  charged only a 7% revenue share compared to Google’s 20%  
revenue share on AdX. So rather than compete with AdMeld, what did Google do?  It bought and 
buried it.  In  a presentation outlining the “Strategic Rationale” for the deal,  Google executives  
explained  that the acquisition would “reduce [the] risk of disintermediation,”  i.e., the possibility  
publishers and advertisers would transact through rivals. Disintermediation  at any level  of  the ad  
tech stack  was a serious threat  to Google’s  entire strategy of being the sole  entity with end-to-end 
control over digital advertising transactions.  
66 ",text_layer_extracted,[]
complaint:pdf:71,complaint,71," 
 
Case 1:23-cv-00108 Document 1 Filed 01/24/23 Page 71 of 153 PageID# 71 
150.  In other documents evaluating whether to buy a  yield manager like  AdMeld, 
Google  candidly acknowledged that the underlying “technology is irrelevant to us.” Google  
already had in place the only  yield management tool it wanted  publishers to use: dynamic  
allocation’s real-time bidding integration with Google’s  ad exchange. Google  also recognized 
that its customer  base al ready largely overlapped,  “so we aren’t buying customers.” Only one 
real question remained open for Google:  “How does the competitive landscape change if we buy  
one?”  
151.  The Antitrust Division investigated the  AdMeld deal before it closed.  Like the 
FTC considering the DoubleClick acquisition, the Antitrust Division declined to challenge the  
deal based on assumptions  about the ad tech market that, w ith the benefit  of hindsight,  were 
incorrect—in  no small part due to G oogle’s subsequent anticompetitive conduct. At the time, the  
Antitrust Division cited  multi-homing among display  advertising platforms as a factor that  
“lessens the risk that the  market will tip to a single dominant platform.”  But  Google’s increasing  
scale and dominance across the ad tech stack, coupled with its subsequent exclusionary conduct, 
destroyed the ability of advertisers and publishers  to effectively multi-home  among alternative ad 
exchanges. As a result, the market tipped and AdX became the dominant ad exchange.  
152.  Shortly after the AdMeld deal closed, Google  combined the yield management  
functionality  of AdMeld into DFP  and migrated all AdMeld customers to  AdX. Critically, it then  
shut down AdMeld’s nascent real-time bidding technology, quashing  a competitive threat that 
otherwise might have  challenged  Google’s market position  and  forced Google to move toward a  
more open system that allowed publishers to utilize AdMeld’s innovative technology  to facilitate  
real-time competition among  non-Google  ad  exchanges and  advertisers.   
67 ",text_layer_extracted,[]
complaint:pdf:72,complaint,72," 
 
Case 1:23-cv-00108 Document 1 Filed 01/24/23 Page 72 of 153 PageID# 72 
153.  By acquiring  AdMeld, Google  eliminated the existing competition between  
AdMeld and Google’s  sell-side products, foreclosed any potential competition, and helped 
eliminate the leading  yield management technology  that Google knew might displace its  
dominant market positions.  
2.  Google Doubles  Down on Preventing Rival Publisher Ad Servers from  
Accessing AdX and Google Ads’  Demand  
154.  After acquiring and killing AdMeld’s innovative technology in order to prevent  
publishers from having the opportunity to experience real-time competition between Google and 
rival ad exchanges  and publisher ad servers, Google clamped down on similar attempts by  
publishers to allow Google’s ad exchange to integrate with rival publisher  ad servers.  
155.  By 2015, Google’s  publisher  ad server, DFP,  had  reached a 90%  market share and  
had snuffed out most meaningful  competition.  In part because of  the scale  that Google’s  
publisher  ad server  had achieved by excluding c ompetitors, Google’s  ad exchange was  large and  
growing quickly;  Google Ads  likewise  remained the dominant advertiser  ad network and an 
especially valuable  source of advertising demand f or many  publishers. E mboldened by its  
success, in 2014 Google  changed the  AdX terms of service to further  entrench its market power. 
Those changes prohibited publishers from using non-Google ad servers, or  the remaining  yield  
management solutions, t o compare bids from Google’s ad  exchange with  bids  from other ad 
exchanges in real  time, notwithstanding the increased access to inventory such an integration 
could provide to advertisers buying on AdX.  In  effect, Google decreed that any publisher  that  
wanted real-time  competition involving  AdX would have to use Google’s publisher ad server,  
68 ",text_layer_extracted,[]
complaint:pdf:73,complaint,73," 
 
 
 
 
Case 1:23-cv-00108 Document 1 Filed 01/24/23 Page 73 of 153 PageID# 73 
DFP, formally cementing in policy what Google had intended from the outset of its relaunch of 
AdX in 2009. 
Fig. 13   
156.  Google’s decision was bad for publishers, locking them into a less innovative  
publisher ad server with  artificial limitations on real-time price competition for advertising  
inventory. It  was also bad for any would-be publisher ad server  rivals—effectively  sounding the  
death knell for future  publisher  ad server competition. Google’s exclusionary  policy effectively  
prohibited a competing  publisher  ad server from offering any  form of real-time competition that 
included Google’s ad exchange and the unique advertiser demand that came with it. Forgoing  
such competition was a non-starter for nearly all publishers. This restriction is still in place  
today, an insurmountable obstacle for  any nascent  publisher ad server competitor.  
157.  Google built a wall around its exclusive link between its  publisher  ad server  and 
ad exchange because it feared competition.  In particular, Google feared a rival could offer a 
more attractive  publisher  ad server by simply allowing all advertiser demand to compete in real  
time  on a level playing field  for publisher inventory. More demand competing in real  time for  
69 ",text_layer_extracted,[]
complaint:pdf:74,complaint,74," 
 
Case 1:23-cv-00108 Document 1 Filed 01/24/23 Page 74 of 153 PageID# 74 
publisher inventory  generally increases  the likelihood that  the advertiser that is willing to pay the  
most for an impression will have a chance to buy it. Rivals that offered technology upending this  
policy would be seen as  offering a better  publisher  ad server. As one Google employee wrote, if  
another  publisher  ad server could place Google’s ad exchange in real-time competition with  
other ad exchanges, that  ad server  could offer publishers a “super set of demand” and “[n]o one  
would sign up for  AdX directly” through Google’s  publisher  ad server.   
158.  Even though bot h publishers and advertisers benefit from real-time competition  
between AdX and other ad exchanges,  by policy,  Google  limited  real-time competition  from  
rival ad exchanges  to maintain its dominant positions at both ends of the ad tech stack and to 
further insulate its  growing position in the ad exchange market. Google’s  decision was based on 
business, not technology.  As the lead architect of  AdX explained in an internal email about the 
policy, “Our  goal should be all or nothing  – us e AdX as  your SSP [ad exchange] or don’t  get  
access to our demand.”  Indeed, Google  had already  worked quietly to develop the technology  
that might a llow AdX to  integrate in real time  with non-Google publisher ad servers. But Google  
made a “strategic decision” to prohibit such integrations via contract; it terminated its internal 
projects and blocked efforts by rivals and publisher customers to implement such integrations. 
That prohibition endures  today, and both publishers and advertisers are paying the price for  
Google’s  anticompetitive  refusal to innovate or integrate.   
159.  Now, the only  way a publisher can access Google’s ad exchange outside Google’s  
publisher  ad server is by  placing a n “AdX Direct”  tag on the publisher’s website. Even though 
these tags could benefit buyers on Google’s  ad exchange by providing access to additional  
publisher inventory, Google designed the  tags  to discourage  publishers  from using them. They  
offer only the most rudimentary functionality: publishers can send a request to Google’s ad 
70 ",text_layer_extracted,[]
complaint:pdf:75,complaint,75," 
 
                                                           
   
 
  
  
Case 1:23-cv-00108 Document 1 Filed 01/24/23 Page 75 of 153 PageID# 75 
exchange  with a price floor, and if there is an advertiser  on AdX  willing to  pay that price or  
higher, Google’s  ad exchange  wins the inventory. No other competing bids  are considered, and 
Google’s bid cannot be  compared to other  ad  exchanges’ bids.  
160.  Recognizing that AdX Direct is an antiquated relic in comparison to real-time  
bidding, Google  even  planned to eliminate the tag  entirely in 2019. Google  later  paused that  
project as antitrust enforcers focused their  gaze on the company’s digital advertising business.  
But Google has not retained  AdX Direct  because it is  a competitive product offering  valued by  
publishers. Rather, in the words of  a Google employee, it  merely  serves as  “a concept for  
antitrust”—something Google’s  antitrust lawyers  could claim offers  rival ad servers some remote 
chance of competing on the merits with Google’s  ad server. Google’s internal analyses of  AdX  
Direct, however, reflect publishers’ reality: Google’s restrictions make impossible any  
reasonable substitute for  the real-time integration with Google’s ad exchange  available  
exclusively  through Google’s  ad server.  
3.  Google  Manipulates  Google Ads’ Bidding Strategy  to Block Publisher  
Partnerships with Rivals  
161.  Google  also took the opportunity to tweak its Project Bernanke algorithm to 
further lock in publishers who considered using innovative bidding technology offered by  
Google’s rivals. Some publishers attempted to partner with rival ad  exchanges to offer them  
“first look” access to inventory—an opportunity to bid in real time for inventory before it was  
offered to Google’s AdX. “First look” could potentially prop up rival  ad exchanges by  giving  
them effective access to some of the most valuable inventory.17   
1
7 Previously, Google used dynamic allocation in its publisher ad server to exclude rival 
exchanges from meaningful competition. By only permitting Google’s own ad exchange to bid in 
real time—ahead of any other exchange—for impressions, Google was unfairly advantaged and 
competitors were effectively stymied from competing. 
71 ",text_layer_extracted,[]
complaint:pdf:76,complaint,76," 
 
                                                           
  
 
Case 1:23-cv-00108 Document 1 Filed 01/24/23 Page 76 of 153 PageID# 76 
162.  Beginning in 2014, Google  recalibrated  the earlier Project  Bernanke to decrease 
Google Ads’  bids  on AdX for  publishers  that  allowed  rivals an opportunity  to buy inventory  
ahead of  AdX.  Google  called this “Project Bell.”  Where publishers tried to partner with rival  
sources  of  advertising demand for “first look” access to inventory, Google reduced bids— 
without any input from or awareness of the underlying advertiser—by about 20%. According to 
Google’s documents, it  explicitly  warned publishers that utilizing innovative “first-call” 
technology  from rivals would cause publisher  yield to drop 20 t o 30%. O f course, only  a  
company like Google with substantial market power across the entire  ad tech stack would have  
the incentive or ability to implement such a program. Project Bell both insulated Google’s ad  
exchange from this new form of competition and preserved preferential access for buyers on 
Google’s ad exchange, including Google  Ads.  
D.  Google Responds to the Threat of Header Bidding by Further Excluding Rivals  
and Reinforcing Its Dominance  
1.  The Industry Attempts to Rebel Against Google’s Exclusionary Practices  
163.  By 2015, Google’s publisher  customers and ad exchange competitors had grown 
so frustrated  with  Google  that they attempted to implement a form of open, real-time competition  
with Google’s ad exchange that evaded Google’s  exclusionary  restrictions. This  innovative  
technology  was called header bidding.   
164.  Header bidding w orked as follows: publishers inserted certain computer  code into 
the “header” section  of the HTML code of  a web page. This code triggered  a real-time auction  
among  ad exchanges  before  the publisher’s web page called the  publisher  ad server.
18  The 
highest  bid from the header bidding a uction was then sent to the publisher’s  ad server. Because 
18 Because early versions of the header code were run on the device of the user, or client, they 
were referred to as “client-side” header bidding. 
72 ",text_layer_extracted,[]
complaint:pdf:77,complaint,77," 
 
Case 1:23-cv-00108 Document 1 Filed 01/24/23 Page 77 of 153 PageID# 77 
of the way Google configured DFP, the winning bid from the header bidding auction was  then  
sent to Google’s ad exchange  to see if it could beat that price. Critically, through dynamic  
allocation, Google’s ad exchange  always  received this “last look” advantage, essentially a right  
to buy any  impression as  long as it had at least one advertiser willing to  match the competing bid  
price from the header bidding auction.  
165.  As originally designed, header bidding had limitations that stemmed from 
Google’s restrictions on how publishers could sell their inventory through Google’s  publisher  ad  
server. For  example, publishers had to configure thousands of entries into the  publisher  ad server  
and recode their pages to implement  a  workaround t o enable  header bidding. Web pages also ran 
somewhat  more slowly  because publishers had to run multiple  auctions sequentially: the header  
bidder auctions first, and then Google’s ad  exchange auction, which  always ran last. Despite 
these limitations, for the first time, Google’s ad exchange was forced to  compete, at least  in some  
fashion,  against real-time bids from rival ad  exchanges  rather than against static, historical 
average prices from those ad exchanges. In assessing the impact of header  bidding, a  2016 
Google  internal presentation noted “header bidding and header wrappers  are BETTER than 
[Google’s platforms] for buyers and sellers.”  Google explained that  competition between AdX  
and buyers using header  bidding  increased publisher revenues  by 30  to 40%, and provided 
additional transparency to advertisers.  In essence, header bidding allowed publishers, advertisers, 
and Google’s rivals an opportunity to at least partially circumvent Google’s restrictions  against 
real-time competition.  Market participants  had demonstrated their preference for improved 
choice, flexibility, and competition, even if it came at the cost of burdensome computer  
workarounds  and slower  load times for end users.   
73 ",text_layer_extracted,[]
complaint:pdf:78,complaint,78," 
 
 
                                                           
  
Case 1:23-cv-00108 Document 1 Filed 01/24/23 Page 78 of 153 PageID# 78 
Fig. 1419  
166.  In practice, header bidding  dramatically improved the competitiveness of rival ad 
exchanges. Header bidding provided a  real opportunity for  rival ad exchanges  to see and 
compete for more publisher inventory, and potentially  gain scale to compete effectively with  
Google.  By  allowing a publisher to call multiple ad exchanges in real  time—effectively multi-
homing at the ad  exchange level—header bidding vastly increased the amount of inventory  rival  
ad exchanges could offer their advertisers. In turn, advertisers had the opportunity to see  and bid 
on more inventory—potentially  through lower-cost channels than Google’s ad tech tools— 
increasing their  chances  of winning inventory. By  improving  the ability of  advertisers  and  
publishers to connect, these  rival ad  exchanges  were able to clear more transactions, increase 
19 “SSPs” refers to non-Google ad exchanges. 
74 ",text_layer_extracted,[]
complaint:pdf:79,complaint,79," 
 
Case 1:23-cv-00108 Document 1 Filed 01/24/23 Page 79 of 153 PageID# 79 
revenues  for publishers, and improve the quality  of matches. In turn, header bidding had the  
potential to attract more  advertisers  and publishers to these  rival ad  exchanges by increasing the 
incremental value  they could offer.  
167.  Due to this increased competitiveness, non-Google affiliated buyers began to buy  
more advertising inventory through third-party ad exchanges using header  bidding. Google’s  
internal analysis showed a deceleration in spend by  non-Google advertiser  buying tools on AdX  
as “header bidding removed AdX inventory  exclusivity . . . [ and]  buyers shift[ed] spend as other  
inventory sources delivered equal/better value.” A large buyer explicitly indicated to Google that  
they were  “shifting spend over  to HB partners”  because they  were  “seeing better performance.”  
168.  More transactions flowing through rival ad  exchanges made it easier  for those ad 
exchanges  to offset the massive cost of processing  billions  of ad requests each day;  ad  exchanges  
are only compensated for requests that result in a won transaction. These new transactions also  
provided ad  exchanges  with additional data on the universe of publisher inventory, user targeting  
data, and the competitive landscape.  
169.  Building on the success of early  client-side header  bidding, several companies  
invested to develop new innovative  free  or low-cost  tools (called “wrappers”) that  enabled  
“server-side” header bidding. This  new  form of header bidding allowed the  header of a web page  
to call a single server, which then sent calls to multiple ad exchanges, each of which returned a  
bid to the  server, which in turn passed on the winning bid to the  web page. Server-side header  
bidding turbocharged the scale benefits of header  bidding by decreasing integration costs and 
improved the internet user experience by  reducing l atency introduced by header bidding.   
170.  Internally, Google recognized  that  header bidding substantially benefited every  
market participant  except  one:  Google. For that reason, Google refused to participate  and instead 
75 ",text_layer_extracted,[]
complaint:pdf:80,complaint,80," 
chose to stifle any competitor that dared employ header bidding. As one Google employee 
explained, “[Header bidding] gives many publishers better  yield, so it’s a no-brainer for a  
publisher to adopt it.” A late 2015 internal discussion somberly noted that Google  “[did] not  
have incredibly  robust arguments to discourage header bidding” and conceded  that header  
bidding offered the  competition Google had publicly preached but privately  precluded:  
With AdX we’ve always  advocated the more competition a pub has  
being  considered  with real time price competition the better the  yield.  
Our competition is using t his same argument for why header bidding  
makes sense.  If they can  submit a near real time price into DFP the[]  
competition with AdX is improved.   
 
As another Google employee observed, “[Google’s ad server] has historically made it difficult 
for [ad exchanges] to compete on a level playing f ield with AdX.”   
171.  Google viewed header bidding—and particularly server -side header bidding—as a 
direct and, in the words of a 2016 internal strategy paper, “existential threat” to the market power  
Google  had amassed. Internal Google documents  confirm that Google understood header bidding  
to be  a direct  response by its customers and competitors to  counteract  Google’s increasing  
dominance and its “unwillingness to open our systems to the types of transactions, policies and 
innovations that buyers  and sellers wish to transact.” Header bidding w as an attempt to 
“circumvent dynamic allocation,” one Google employee noted in late 2015. Another employee  
recognized that “[p]ublishers felt locked-in by dynamic allocation in [Google’s  ad server] which 
only  gave [Google’s ad exchange the]  ability to compete, so HB was born.” Another described 
header bidding as  a “world of true, multi-sourced [real-time bidding]” without Google  as the  
“authoritarian intermediary.”  
172.  Beyond breaking the restrictions Google had put in place, header bidding also 
represented a pervasive threat to Google’s market  power stemming f rom its unique and 
 
Case 1:23-cv-00108 
Document 1 Filed 01/24/23 Page 80 of 153 PageID# 80 
76 ",text_layer_extracted,[]
complaint:pdf:81,complaint,81," 
 
  
  
   
  
  
 
Case 1:23-cv-00108 Document 1 Filed 01/24/23 Page 81 of 153 PageID# 81 
substantial advertiser demand. If header bidding could bring together a critical mass of non-
Google advertising demand into a single real-time auction (e.g., a server-side header bidding 
auction), it might be able to undermine the power Google wielded through its Google Ads’ 
advertising demand, thereby weakening the need for publishers to use Google’s publisher ad 
server and ad exchange in the first place. 
Fig. 15  
173.  While  header  bidding w as an important step toward more competition among ad 
exchanges, it  could not displace Google’s dominance overnight. Google had hard-coded into the  
ad selection rules of its publisher ad server several advantages  for its own ad exchange that  
would prevent rival  ad exchanges from competing. Absent toppling Google’s monopoly  position 
in the publisher ad server market, header bidding could offer publishers  and advertisers only  
incremental  gains. Thus,  in the wake of header bidding, Google implemented still further  
measures to limit the growth of both header bidding and the rival ad  exchanges deploying this  
technology.  
77 ",text_layer_extracted,[]
complaint:pdf:82,complaint,82," 
 
Case 1:23-cv-00108 Document 1 Filed 01/24/23 Page 82 of 153 PageID# 82 
2.  Google Blunts Header Bidding By  “Drying  Out”  the Competition  
174.  Google moved swiftly to respond to the perceived threat header bidding posed to 
its ad exchange dominance and  publisher  ad server monopoly. Instead of leaning into the  
increased real-time competition between  ad  exchanges spurred by header bidding—which would 
have led to higher  revenue for publishers, lower ad tech fees, and better return-on-investment for  
advertisers—Google adopted a multi-prong strategy  to forestall the adoption of header bidding  
by publishers  and, as a Google partnership strategist phrased it in an internal email, “dry out”  
rival ad  exchanges that  adopted header bidding.   
175.  In doing so, Google  aimed to return to a more outdated, closed, two-tiered system 
of competition for advertising transactions. Header bidding represented a real opportunity for the  
market to move to a more open system where publishers could effectively  multi-home their  
inventory  across  competing ad  exchanges and varied sources of advertising de mand. Although 
Google  realized that its original vision of all display  advertising transactions flowing through  
Google’s ad exchange was no longer realistic, Google  also recognized it could take advantage of  
its dominance at each layer of the  ad tech stack to impede publishers, advertisers, and rival ad 
tech providers  from further opening up the ad tech ecosystem and loosening Google’s control  
over where transactions flowed.  
a)  Google Develops So-Called Open Bidding, Its Own Google-Friendly 
Version of Header Bidding To  Preserve Its Control Over the Sale of  
Publisher Inventory  
176.  Employees  working on Google’s publisher-facing platforms responded to the  
threat of header bidding b y developing  a limited way for  rival ad  exchanges to finally  compete in  
real  time within Google’s platforms, but on terms dictated by Google. Although Google  could 
not return to a fully closed system of real-time bidding—one Google previously reserved for its  
own ad  exchange via dynamic allocation—it could create a sy stem over which it retained control  
78 ",text_layer_extracted,[]
complaint:pdf:83,complaint,83," 
 
Case 1:23-cv-00108 Document 1 Filed 01/24/23 Page 83 of 153 PageID# 83 
to dictate the terms on which competition occurred.  The mechanism, internally referred to  as  
“Jedi,” came with a number of limitations designed to dampen competition and insulate  Google’s  
ad exchange  from vigorous competition. T o that end, as explained by Google’s lead product  
manager  for DFP and AdX, Google intentionally designed this new form of  integration to be just  
“slightly better” than early  versions of header bidding.   
177.  Google called this mechanism “Exchange Bidding,” later renamed  “Open 
Bidding” (for simplicity, referred to herein as  “Open Bidding”).  Google started testing Open  
Bidding in 2016 and formally launched the program in April 2018. Externally,  Google portrayed 
Open Bidding  as  an improvement to header bidding that  created  a real-time  bidding auction with  
multiple  ad  exchanges, similar to header bidding, but  on Google’s servers  to reduce latency.  It  
represented the first time that Google’s ad exchange competed in real  time against other  ad  
exchanges, as Google had previously  refused to participate in any header bidding auctions.  
178.  Internally, however, Google understood that the purpose of Open Bidding w as to 
“stem[] the bleeding” and “combat the risk of header bidding.” Google understood that if it could  
blunt header bidding’s momentum, it could maintain its “control point and advantage”  gained 
through its  publisher  ad server monopoly and ultimately  “[g]et pub[lishers] to move away  from  
header  bidding back into our platform.”  
179.  Google outwardly portrayed Open Bidding a s a more publisher-friendly way  for 
participating  ad  exchanges to bid in real  time on publisher inventory, as Open Bidding  
substantially reduced a publisher’s cost  to integrate  an ad exchange other than Google’s AdX  
within DFP. By contrast, to utilize header bidding, publishers had to configure thousands of lines  
of pricing rules in the  publisher  ad server and update each webpage with new code.  Google also  
79 ",text_layer_extracted,[]
complaint:pdf:84,complaint,84," 
 
Case 1:23-cv-00108 Document 1 Filed 01/24/23 Page 84 of 153 PageID# 84 
offered to share  with participating Open Bidding  ad exchanges  its  “last look” advantage over  
header bidding that dynamic allocation previously had provided only to Google’s  ad exchange.  
180.  But Open Bidding a lso came with major drawbacks for both publishers and 
participating  ad  exchanges. Google handicapped rival ad  exchanges to  impair  their chances of  
winning  impressions through Open Bidding, which otherwise might increase their  overall  
attractiveness to publishers. Google did so in four pivotal, mutually  reinforcing ways.   
181.  First, Google  extracted  for itself an additional fee on every transaction won by a  
rival exchange, reducing  the net payout  publishers received from integrating with other  ad 
exchanges. Google imposed a 5% fee on rival ad  exchanges’ transactions through Open Bidding, 
effectively  lowering the  net bid of Open Bidding a d exchange participants  by 5%  relative to  
AdX’s bid. This additional 5% charge effectively  amounted to a 25%  or more increase in the 
average  ad exchange  fee, making bids from rival ad exchanges much less attractive to publishers.  
182.  Second, even if a rival ad exchange won an auction, the rival ad exchange  paid 
Google, and Google paid the publisher. Publishers received payments and reporting r elated to 
Open Bidding-won advertisements from Google, not rival ad exchanges, decreasing the number  
of touchpoints between r ival ad exchanges and publishers. By taking control over the payment  
and reporting functions, Google  effectively disintermediated rival ad exchanges from their own 
publisher customers and, in the long-run, made it less likely publishers would view those  rival ad  
exchanges as valuable partners and continue to use them.  
183.  Third, if a rival ad exchange  also owned an advertiser buying tool (as  Google  
did), that exchange could not allow its own advertiser buying tool to participate in Open Bidding  
auctions. This decreased  the competitiveness of those ad exchanges  from the perspective of  
publishers.  
80 ",text_layer_extracted,[]
complaint:pdf:85,complaint,85," 
 
                                                           
   
  
 
Case 1:23-cv-00108 Document 1 Filed 01/24/23 Page 85 of 153 PageID# 85 
184.  Fourth, through Open Bidding, Google was able to increase its data advantage by  
obtaining access to the bids of its rivals for each impression, which it could not see in header  
bidding auctions. Thus, even when other ad exchanges opted to participate  in Open Bidding, they  
initially did not have  access to the same data: they were  forced to share their bids with Google  
without any reciprocity.20  Although Open Bidding provided an additional avenue for  rival ad 
exchanges to participate  and potentially to win inventory, those ad exchanges  were forced to 
cede  control over the transaction to Google  and take steps that diminished their overall  
competitiveness. By contrast, alternative forms  of server-side header bidding offered by market  
participants without Google’s market power have  much lower—or no—fees and do not include  
the restrictions and limitations that Google incorporated into Open Bidding. Notwithstanding  
these benefits, Google’s  conduct has  stunted adoption and growth. Thus, in the end, Open 
Bidding  fulfilled Google’s intent to  counter header bidding in a manner that  ultimately  protected  
Google’s  publisher  ad server monopoly, and in turn, Google’s ad exchange, AdX.  
185.  Despite Google’s success in using Open Bidding to blunt the impact of header  
bidding, Google  came to  fear that a header bidding wrapper  (code designed to  run a multi-
exchange header bidding auction), such as  Prebid or Amazon’s Transparent Ad Marketplace  
(“TAM”), could one day  supplant the  publisher  ad server  as the ultimate decision-maker of  
which ad to serve. Doing so would  threaten the means by which Google  had given its ad 
exchange an unfair advantage over  rival ad exchanges.  If header bidding  were ab le to aggregate 
enough advertiser demand, Google believed publishers might be  willing to risk adoption of a  
20 Only recently has Google begun to share some bidding information with Open Bidding 
participants—but not header bidding ad exchanges—in a form that has largely proven 
unworkable. 
81 ",text_layer_extracted,[]
complaint:pdf:86,complaint,86," 
 
Case 1:23-cv-00108 Document 1 Filed 01/24/23 Page 86 of 153 PageID# 86 
header-bidding-focused ad server, because of the diminished importance of  advertiser demand  
exclusively  available through Google  Ads.  
186.  In light of this fear, Google set out to lobby other unique sources of  advertising  
demand (such  as Facebook)  or potential aggregators of advertising demand (such as  Amazon)  to 
adopt Google’s Open Bidding rather than invest in header bidding infrastructure.  
b)  Google Further  Stunts Header Bidding by  Working to  Bring 
Facebook and Amazon  into  Its Open Bidding Fold  
187.  Even before the rise of header  bidding, Google had identified Facebook as  a  
potential competitive threat. Facebook had at one  point shown ambitions to challenge Google as  
a full-stack ad tech competitor, acquiring a  publisher  ad server in 2013 and a video advertising  
SSP in 2014, though both products were later shuttered. Years later, Facebook recognized that  
any full-stack ad tech strategy “is subject to one bottleneck and intermediary— Google. They  
‘own’ the Ad Server, and hence the last mile relationship with publishers.” Facebook further  
observed that “[o]ther players in the market, such as Amazon, recognize that unseating G oogle, 
and its relationships with publishers is hard, and are also choosing to build on top of Google’s  
rails.”   
188.  Though it had abandoned its efforts to be a full-stack competitor, Facebook still  
aimed to grow its advertising business beyond its  owned and operated (“O&O”) digital  
properties (e.g., Facebook Blue and Instagram  apps), which were increasingly supply-
constrained. As the number of advertisers on these properties  grew, demand threatened to  
outpace available inventory;  Facebook sought publisher inventory outside Facebook to satisfy  
this unmet advertising demand.  In 2014, it launched Facebook Audience Network (“FAN”),  
which Facebook described as the “power of  Facebook ads, off-Facebook.”  FAN allowed 
82 ",text_layer_extracted,[]
complaint:pdf:87,complaint,87," 
 
Case 1:23-cv-00108 Document 1 Filed 01/24/23 Page 87 of 153 PageID# 87 
Facebook advertisers to extend their campaigns outside of Facebook O&O  properties with a one-
click, opt-in button.  
189.  At launch, FAN primarily  worked with mobile app advertisers to place ads in 
other mobile apps in order to drive app installs and engagement. It later expanded to open web 
on mobile devices. By 2016, FAN was participating in the  growing header  bidding movement, 
partnering with header bidding wrappers to submit real-time, simultaneous  bids, and  eventually  
launching  full-scale header bidding in 2017.   
190.  As a large  ad network connected to millions of Facebook advertisers, FAN  also 
competed with Google to lock up available publisher inventory for its advertisers. Prior to 
joining Open Bidding, Facebook executives foresaw a status quo of “hand-to-hand combat”  
between the  companies to secure  access to sufficient inventory  from publishers. Google feared 
such competition with Facebook would end up “eat[ing]  margin,” and that  Google might  
“respond identically” through de als with top publishers, thus “driving a price war.”  Facebook 
was equally leery of such a future, with one executive fretting that the “significant investment  
required to lock up inventory through direct deals” with publishers would “[l]ikely start a  race to  
the bottom on margin.”  
191.  Google took note of FAN’s launch and kept a wary  eye on FAN  as it grew, 
describing Facebook as “a unique competitive challenge  for us, both short- and long-term” 
because of its “strength in ad formats and targeting.” Google understood Facebook’s  reach with 
over a billion users, and it understood that just as Google had valuable targeting and 
demographic data from its O&O properties—including Search, Gmail, YouTube, Android, and 
Play Store—Facebook, too, had a massive amount of valuable data  from its O&O properties.  
Even though Facebook had largely  given up on building a direct competitor to Google’s  
83 ",text_layer_extracted,[]
complaint:pdf:88,complaint,88," 
 
Case 1:23-cv-00108 Document 1 Filed 01/24/23 Page 88 of 153 PageID# 88 
publisher ad tech stack, Google saw looming “ [d]isintermediation [t]hreats” to DFP from  
“[l]arge [n]etworks with unique data and advertiser scale seek[ing] direct inventory  access[,] 
[g]oing direct to pubs or  using existing [third-party]  channels like Header  Bidding.” By  contrast,  
Google characterized full-stack competitors as  “historical competition” of little concern: “This is  
a short-term threat and we are well positioned here.”   
192.  As FAN began to test and use header bidding, Google  grew increasingly alarmed 
at “the existential threat posed by  Header  Bidding and FAN.” Google strategized over how to 
respond to FAN’s entry into header bidding, and in September 2016, Google laid out a plan to 
bring F AN into Google’s Open Bidding program.  Significantly, Google  concluded that bringing  
FAN demand into Open Bidding w as a better alternative to slow publisher  adoption of header  
bidding than “[a]ggressively mak[ing] [Open Bidding] much better than [header bidding].”  
193.  Rather than making a better product and competing on the merits, Google sought  
a deal with Facebook to bring F AN into Google’s Open Bidding—away from rival exchanges’  
header bidding auctions—to  “dry  out” the nascent threat posed by header  bidding. If  competition 
with Facebook was inevitable, it would be better for Google to compete on a field it still  
controlled, with the many  advantages it had constructed for itself, thus protecting D FP’s market  
dominance. Indeed, Google  concluded that while  it “[c]annot avoid competing with FAN,” it  
could, through a deal with Facebook, “build a moat around our demand.”  And as Google’s  
product leadership would ultimately recommend to  CEO  Sundar Pichai, with a Google-Facebook 
deal, “[f]or web inventory, we will move [FAN’s] demand off of header bidding set up and 
further weaken the header bidding narrative in the  marketplace.”  Facebook, meanwhile, was  
frank in its assessment of Google’s motivation for  the  deal: “What Google wants: To kill header  
bidding (us baptizing [Open Bidding] will help significantly).”  
84 ",text_layer_extracted,[]
complaint:pdf:89,complaint,89," 
 
Case 1:23-cv-00108 Document 1 Filed 01/24/23 Page 89 of 153 PageID# 89 
194.  Ultimately, in September 2018, after  a long negotiation and approvals by  each 
company’s top brass—including Pichai, Mark Zuckerberg, and Sheryl Sandbe rg—Google and 
Facebook entered into a  “Network Bidding Agreement” (“NBA”). The deal provided Facebook 
with unique terms, including a  contractual promise of no last look and direct remittance to 
publishers, ensuring that Facebook would continue to maintain its publisher-facing relationships. 
In exchange, Facebook committed to a minimum  annual spend on Open Bidding and was  
incentivized, through an all-units, tiered volume discount, to shift spend to Open Bidding and 
away from possible alternative header bidding avenues.  
195.  Having tried and failed to challenge Google as full-stack competitor—in part  
because of Google’s anticompetitive conduct described above—Facebook ultimately resigned 
itself to operating on top of Google’s rails. While the NBA satisfied Facebook’s need for 
increased access to publisher inventory, Facebook recognized that it would also “reduce our  
future optionality to build our own ad tech and the likelihood of a newbie like Amazon[, which 
had introduced a header  bidding wrapper,] succeeding.”  Facebook believed that, while perhaps  
“inevitable,” the deal would nevertheless “accelerate Google’s stranglehold on ad tech.” 
Facebook’s then-VP of Partnerships opined that “by doing this deal, we  will cement [Google’s]  
position of power.”   
196.  Amazon’s TAM posed a  different  competitive threat to Google’s dominance. It  
allowed publishers to solicit bids from multiple  ad  exchanges via a single call from a webpage to  
Amazon’s extensive network of servers. And Amazon took only  a small one cent CPM fee— 
much lower than Open Bidding’s 5% fee—for every transaction that flowed through TAM. 
Google initially feared TAM could aggregate advertising demand in a way that challenged 
Google’s ad exchange and publisher ad server, leading Google to ask Amazon what it would take  
85 ",text_layer_extracted,[]
complaint:pdf:90,complaint,90," 
 
Case 1:23-cv-00108 Document 1 Filed 01/24/23 Page 90 of 153 PageID# 90 
for Amazon to stop investing in its  header bidding product. H owever, Amazon rebuffed such 
requests and continued to develop and deploy TAM. But as with other header bidding solutions, 
TAM could not fully circumvent all of the restrictions and preferences baked into Google’s  ad 
tech products, which website publishers still relied upon. For example, TAM remained subject to 
a “last look” by Google’s ad exchange, allowing  Google’s  ad exchange  to win any impression 
that would otherwise flow through TAM by  matching  the competing price from  TAM.  
197.  Google’s  Open Bidding—and Google’s efforts to shift the focus of other  major ad 
tech companies like  Facebook from header bidding toward Open Bidding—stunted header  
bidding’s adoption, leaving header bidding unable to pose a  true threat to Google’s monopoly  
power. In doing so, Open Bidding a chieved its goal of blunting the  growth of header bidding a nd 
protecting Google’s  publisher  ad server. Today, Google still has its  publisher  ad server  
monopoly. Header bidding persisted, but  its adoption stagnated. A nd Google turned to other, 
more surreptitious methods to restrain competition and “dry out”  ad exchanges using header  
bidding.  
c)  Google  Manipulates  Its Publisher Fees  Using Dynamic Revenue  
Sharing in Order to Rout e  More Transaction s Through Its Ad 
Exchange  and Deny Scale to Rival Ad Exchanges Using Header  
Bidding   
198.  Emboldened by its success in manipulating advertiser fees under Project  
Bernanke, Google implemented a similar program for the  ad  exchange fees it charged publishers. 
The goal was the same: push more high-value transactions through the  Google  ad exchange  and 
away from  rival ad  exchanges, including those  engaged in header bidding. Google did not simply  
lower its publisher fees  across the board to compete aggressively on the  merits. Rather, Google  
again  used  the competitive data it alone obtained  through its  publisher  ad server monopoly to 
adjust its fees—and in turn its  ad  exchange’s bids—in a manner calculated to increase the 
86 ",text_layer_extracted,[]
complaint:pdf:91,complaint,91," 
 
  
  
   
   
   
 
 
 
    
  
 
    
   
  
    
   
Case 1:23-cv-00108 Document 1 Filed 01/24/23 Page 91 of 153 PageID# 91 
number of competitive transactions won by Google’s ad exchange, while preserving Google’s 
margins and increasing Google’s revenues and profits. In doing so, Google again was able to 
cherry-pick the most valuable transactions out of the hands of rival ad exchanges, further 
sabotaging their ability to build scale and compete effectively, all without compromising 
Google’s rich bottom line because Google deftly made up the difference in its take rate on other, 
less valuable, transactions. 
Fig. 16 
199. Google called this program sell-side dynamic revenue share. It altered the 
standard 20% ad exchange fee (revenue share) charged to publishers (sell-side) on an 
impression-by-impression basis (dynamic). At a high-level, the program doubled down on the 
benefits Google afforded its ad exchange through dynamic allocation. With dynamic allocation, 
Google’s ad exchange already had the ability to see and use the competing price of its 
competitors before bidding, while rivals were forced to compete in the equivalent of a blind, 
sealed-bid auction. Advertisers on Google’s ad exchange were able to observe the rival ad 
exchange’s offer price and bid accordingly. Google’s ad exchange also used the rival ad 
87 ",text_layer_extracted,[]
complaint:pdf:92,complaint,92," 
 
Case 1:23-cv-00108 Document 1 Filed 01/24/23 Page 92 of 153 PageID# 92 
exchange’s price as a floor,  only  charging the winning advertiser on Google’s ad exchange m ore 
when other advertisers  on the exchange also had higher bids.  
200.  Dynamic revenue share created  an additional advantage for  Google’s ad  
exchange: after Google’s ad exchange  ran its auction, Google  could adjust the winning bid up or  
down—by  as much as 20%—to beat the price offered by  a rival ad exchange. This ensured 
Google’s ad exchange  won even more transactions at a cost  equal to or  only  slightly above the  
highest  bid of  Google’s ad exchange  rivals, recouping any discount of  ad  exchange fees  by 
raising the fees it charged  on other less competitive transactions.  Only by  virtue of Google’s  
control of the dominant publisher ad server and the advantages that ad server afforded Google’s  
ad exchange, such as last look, could Google implement such an anticompetitive program.  
201.  Since its  launch in 2009, Google’s AdX  ad  exchange has consistently  charged  
nearly all publishers a 20% revenue share fee for  all “open auction” transactions—auctions not  
limited to a small set of  buyers—on its ad exchange. This means that f or transactions  on 
Google’s  ad  exchange, Google could withhold 20% of what the  advertiser  buying tool paid  
before passing the balance to the publisher  (on top of any fee Google  charges advertisers using  
its advertiser  buying tools). Beginning in 2014, Google  changed the way it applied AdX’s  fee.  
Instead of taking a 20% cut on every individual transaction, Google allowed its  take rate  to 
fluctuate across transactions with the goal of  averaging a  20% fee for each publisher over the  
course of the month, which continues today.  
202.  Google implemented  the  sell-side dynamic revenue share  program  with  the 
competitive data it was able to obtain through its  publisher  ad server monopoly. Through 
dynamic allocation,  buyers on Google’s ad  exchange, including Google Ads,  were  able to see the 
highest rival  bid before  competing. After running i ts own internal auction, Google’s ad exchange  
88 ",text_layer_extracted,[]
complaint:pdf:93,complaint,93," 
 
Case 1:23-cv-00108 Document 1 Filed 01/24/23 Page 93 of 153 PageID# 93 
compared its highest bid to the highest rival bid, which set the price  floor of the Google  ad  
exchange auction. When comparing bids, Google  considered the  “net bid” to the  publisher, i.e.,  
the amount the publisher  would receive after all  ad  exchange fees were deducted.  If  Google’s ad  
exchange  would have lost a transaction because  Google’s  ad exchange  fee  brought its net bid 
below the rival bid, Google  could adjust its fee for that impression to win the transaction. 
Depending on the rival bid and the publisher at issue, Google could reduce  its  ad  exchange fee to  
0%, essentially boosting  its  ad  exchange’s bid by  20%. If no rival ad  exchange’s bid was  
competitive,  Google’s ad exchange  charged the  full 20% fee, or more.  
203.  Because Google’s  publisher  ad server provided its  ad  exchange—and only its  ad  
exchange—the ability to effectively open the sealed bids of its rivals before  bidding and adjust  
its bid accordingly, only  Google’s ad exchange  could win more transactions this way without 
substantial decreases in  margins. All other  ad  exchanges had to compete based either on static 
average prices in the waterfall or bid for impressions via header bidding without any information 
on competitors’ bids. Because of the way dynamic allocation operated, rival ad  exchanges  were 
disincentivized from  lowering  their own ad  exchange  fees to boost their bids. If they did so, they  
were not particularly more likely to win additional transactions. Instead, Google’s ad  exchange  
could still swoop in afterwards and win the transaction by  matching the rival ad exchange’s bid. 
By contrast,  Google could adjust its  ad  exchange fee (1) only when necessary  and (2) by the  
exact amount  needed, given its privileged position in the  publisher  ad server  space.  
204.  Google  later  went a step  further, allowing its revenue share fee to  go negative for  
some transactions (i.e., s ubsidizing its advertisers’ bids), as it had with Project Bernanke. Google  
offset these subsidized transactions by charging more than a 20%  ad  exchange fee on  
transactions where there  were no competitive bids from rivals.  
89 ",text_layer_extracted,[]
complaint:pdf:94,complaint,94," 
 
    
Case 1:23-cv-00108 Document 1 Filed 01/24/23 Page 94 of 153 PageID# 94 
205.  The program, which continues today, s ubstantially improved Google’s position 
while further depriving other ad exchanges of scale. With the launch of the  initial version of the  
program, Google saw an increase of more than 11% in the number of transactions flowing  
through its  ad  exchange, providing an additional $105 million in annual revenue to Google, 
almost entirely  at the expense of  rival ad  exchanges. The more aggressive version of the program  
launched in 2016 resulted in an estimated increase of almost 5% in Google’s ad exchange  profits  
while reducing  the  amount of advertiser dollars that were ultimately paid to publishers.  
206.  Google did not allow publishers to make an informed choice  about whether  to 
provide  Google’s  ad exchange  with these advantages. Rather, Google pushed through sell-side 
dynamic revenue share in the same way  as many  of its other programs: it imposed the changes  
on publishers by default  with virtually no transparency  for publishers or advertisers  into what  
Google  was doing. Even when one large publisher asked for  an explanation, its Google client  
representative declined to provide any details, indicating the  change likely  would have little to no 
impact on the publisher.  
207.  Of course, Google did not disclose that the program further stacked the deck in 
favor of Google’s ad  exchange  or that it was designed to further  concentrate high-value 
transactions on Google’s  platforms  at the expense of competition by rival ad exchanges.  
d)  Google  Launches Project Poirot  to Manipulate  Its Advertisers’ Spend  
to “Dry  Out” and Deny Scale to  Rival Ad Exchanges  That Use Header  
Bidding  
208.  By the  fall of 2016, Google worried that  it needed to take additional steps to stem 
the competitive threat from header bidding. As such, Google  considered options “for mitigating  
[the] growth of header bidding infrastructure.”  
209.  The first place Google turned was the substantial  volume of advertiser spend that  
flowed through its large advertiser demand side platform, Display and Video 360 (“DV360”). By 
90 ",text_layer_extracted,[]
complaint:pdf:95,complaint,95," 
 
Case 1:23-cv-00108 Document 1 Filed 01/24/23 Page 95 of 153 PageID# 95 
2016-17, Google’s DV360 was already one of the  largest demand side platforms in the market  
with a nearly 30% share  of gross digital advertising revenue  flowing through demand side  
platforms. Google was  familiar with wielding the  power stemming  from the advertiser spend  
locked into Google Ads, but it had previously allowed the larger, more sophisticated advertisers  
and ad agencies  on DV360 greater control over where and how they bought advertising  
inventory. As a result, these advertisers frequently transacted on rival ad  exchanges  that  provided 
lower-cost or more valuable inventory. As of early  2017, more than half  of  total advertising  
spend b y  DV360 advertisers  flowed through rival ad  exchanges.   
210.  Google became increasingly  concerned  that spend from  DV360  advertisers was  
driving header bidding’s  growth and helping  rival ad  exchanges  compete. As  one of  Google’s  
product management leaders for publisher  ad products  reported to his colleagues, “I think you 
know this, but  I am told regularly that [DV360] is  the top buyer on every other  ad  exchange, so a 
huge  chunk of publisher  HB [header bidding] revenue is Google demand going outside our  
ecosystem  and then coming back via 3PE/HB [third-party ad  exchanges/header bidding].”  
DV360 advertisers often represented the largest buyers  on rival ad  exchanges  engaged in header  
bidding.  
211.  If  header bidding was  left unchecked, Google feared its own advertisers’  spend 
would continue to shift to rival  ad  exchanges  and thereby  allow  those  rival  ad exchanges  to gain 
the scale and network  effects  needed to  become serious competitors. Google could not allow that  
to happen.   
212.  In October 2016,  Google employees responsible  for DV360 reached an “overall  
consensus” that Google did not “want to compete  on [header bidding] queries.” To that end, 
Google  engaged in a series of projects designed to reduce the flow of  DV360 advertiser spend to 
91 ",text_layer_extracted,[]
complaint:pdf:96,complaint,96," 
 
 
 
Case 1:23-cv-00108 Document 1 Filed 01/24/23 Page 96 of 153 PageID# 96 
rival ad  exchanges  engaged in header bidding and redirect  that spend ba ck to Google’s ad 
exchange, regardless of the cost to publishers and advertisers. Hence, even though DV360 was  
supposed to be a tool that enabled advertisers to bid most effectively for the inventory they  
wanted, in Google’s hands, DV360 was weaponized to stifle competition. Not only was this  
conduct  against the best interests of  Google’s own advertisers, it was  against the  best interests  of 
DV360 itself because it harmed the very quality and profitability of the tool  Google  had created  
and promoted t o customers.  
213.  As Google’s  Managing Director  for Global Publisher Solutions and Innovation  
explained  in response to news that a competing ad exchange had lowered its fees, the  
overarching goal  for Google  was  not for DV360 advertisers to benefit from reduced fees on other  
exchanges but  for advertiser spend flowing through Google’s tools to “only buy on AdX  
impressions that are [available both] through AdX and multiple”  ad  exchanges in order to “dry  
out HB [header bidding]”  ad  exchanges.  
Fig. 17 
92 ",text_layer_extracted,[]
complaint:pdf:97,complaint,97," 
 
Case 1:23-cv-00108 Document 1 Filed 01/24/23 Page 97 of 153 PageID# 97 
214.  Google’s initial proposed  strategy was to  go all in—simply  block  DV360 
advertisers  from  buying  on rival ad  exchanges  any  inventory offered by publishers Google  
believed used header bidding. In late 2016,  Google experimented with creating a “white list” of  
publishers that did not use header bidding,  retaliating against publishers that dared embrace 
innovative technology that could improve publisher revenue. Google’s DV360 advertiser tool  
would permit advertisers  to  submit  bids on rival ad  exchanges only  for inventory from  such 
white-listed  publishers; it refused to allow its advertisers to submit  bids on rival ad  exchanges if  
Google suspected the  relevant publisher used header bidding. The intended effect was obvious:  
“move a lot of rev[enue] to AdX and put pressure  on HB [header bidding] infra[structure].”  
Unfortunately for Google, experiments testing such an extreme strategy showed that the  
approach would not only  harm advertisers and publishers but also Google. The experiments  
predicted Google’s DV360 buying  tool  would lose approximately 30% of  both impressions and 
revenue.  
215.  At a meeting discussing the  experiments’  results, however, a Google Product  
Manager suggested an  alternative solution to surgically target the threat  of  header bidding on 
rival ad  exchanges while  minimizing losses to Google: “instead of stop bidding on HB [header  
bidding] queries, we  could bid lower  on HB queries.” When combined with the various  
advantages Google had afforded its  ad  exchange  within Google’s  publisher  ad server, this  
approach potentially  could achieve  all of Google’s goals:  inhibit  advertisers from transacting  
through rival ad  exchanges engaged in header bidding while allowing Google to redirect revenue 
and transactions back to Google’s ad exchange, where it could charge supra-competitive fees.   
93 ",text_layer_extracted,[]
complaint:pdf:98,complaint,98," 
 
                                                           
    
  
 
Case 1:23-cv-00108 Document 1 Filed 01/24/23 Page 98 of 153 PageID# 98 
216.  Google’s product  and engineering teams quickly turned to implementing this plan 
of attack under the code name Project Poirot.21  The purpose of the project  was straightforward:  
Google  would shift transactions away  from ad exchanges using header bidding and to Google’s  
AdX by  artificially manipulating the bids sent to rival ad exchanges so that Google’s AdX could 
win those transactions more often  (even if that meant harming  Google’s own advertisers).  Or, as  
Google put it: “for HB [header bidding] we should win back more on AdX.”  By July 2017, 
Google changed the settings of DV360 so that by  default  all advertising campaigns  were opted  
into Project Poirot; only  1% opted out.  
217.  Project  Poirot worked by systematically lowering  all DV360 bids to  rival ad 
exchanges that  no longer  employed  second-price auctions—a proxy for  identifying  ad  exchanges  
using  header bidding.  For each  ad  exchange,  Google set  a percentage by which it reduced  all  
DV360 bids to that  ad  exchange. Initially, Google  reduced advertiser bids by  10% to 40%; later  
Google  reduced bids for  some ad exchanges by as much as 90%. Because Google’s  AdX did not  
participate in header bidding, none of DV360’s bids on Google’s ad exchange  were decreased,  
even where DV360 bid on the same impression on both a  rival ad exchange  and Google’s ad  
exchange. T his manipulation of advertiser bids virtually ensured that Google’s ad exchange 
would win the relevant  auction by virtue of the deliberately decreased bids  supplied to rival ad 
exchanges for the same impression.  
218.  In important ways, the Project Poirot advertiser bid manipulation scheme  was  
both more insidious and more profitable  for Google  than Google’s  initial proposal of not bidding  
at all into rival ad exchanges using header bidding. First, by allowing  its DV360 advertisers to 
21 Project Poirot was named after Agatha Christie’s iconic master detective character, Hercule 
Poirot. Project Poirot was designed to identify and respond effectively to ad exchanges that had 
adopted header bidding technology. 
94 ",text_layer_extracted,[]
complaint:pdf:99,complaint,99," 
 
Case 1:23-cv-00108 Document 1 Filed 01/24/23 Page 99 of 153 PageID# 99 
bid on all inventory on rival  exchanges, albeit at substantially lower  levels  that won fewer  
transactions, advertisers  could still buy  the limited set of  inventory that  publishers chose not to 
make available at all to  Google’s ad exchange, as well as inventory that only appeared  
particularly valuable in light of targeting data  available through a rival  ad exchange. However,  
reduced bids designed to win fewer transactions  went against the interests of DV360 advertisers  
and DV360 itself as  a platform. Both would have  benefited from winning m ore inventory on 
rival ad exchanges  at prices advertisers were willing to pay, but for Google  surreptitiously  
lowering their bids.  
219.  Second, for inventory available to DV360 on both a  rival ad exchange  and 
Google’s ad exchange, Poirot and dynamic allocation worked together to ensure that  Google’s ad  
exchange  often won the transaction. To do this, Google used its control over the bids of  
advertisers using its DV360 product. While these large, sophisticated advertisers set general  
parameters for bidding, especially  after the launch of Poirot, Google  alone  determined the  
particular bid made on behalf of the advertiser on each of the millions or billions of pieces of  
inventory  an advertiser bid on within  each ad exchange; Google opted advertisers  into the  
program while affording t hem  no meaningful visibility into this level of bidding. Through  
Project Poirot, Google used this power to lower  DV360 advertisers’ bids on rival ad  exchanges,  
and in turn, that ad exchange’s  winning bid. Through dynamic  allocation, the winning bid on the  
rival ad exchange—now  lowered by Poirot—served as the price floor for  Google’s ad exchange 
auction. DV360 could then win the same impression on Google’s ad exchange  by matching that 
price. Working together,  Poirot and dynamic  allocation has  led to reduced price competition for  
Google’s ad exchange  and  has  ensured that more transactions flow to Google’s ad exchange,  
even if Google  charges  higher  ad  exchange fees.  Google  has only  been  able to implement this  
95 ",text_layer_extracted,[]
complaint:pdf:100,complaint,100," 
 
  
                                                           
    
  
Case 1:23-cv-00108 Document 1 Filed 01/24/23 Page 100 of 153 PageID# 100 
s
cheme by virtue of its control throughout the ad tech stack: advertisers and ad agencies using 
DV360, the AdX ad exchange, and the publisher ad server.  
220.  A hypothetical illustrates Project Poirot in action. An advertiser  using DV360 
might configure an ad campaign to pay  a maximum price (for example, $1 CPM) for a particular  
type of  advertising impression. Under Poirot, G oogle would lower that maximum bid when 
bidding on rival ad exchanges that used header bidding by applying an ad exchange-level  
multiplier, for example, bidding $0.38, $0.42, and $0.40 on three rival  ad exchanges. In this  
example, the $0.42 bid is the highest and wins the  header bidding auction; that bid is then passed 
to the publisher’s ad server after the ad  exchange deducts its revenue share fee (assumed here to  
be 15%, r educing the net  bid to $0.36). Next, the ad server sends that price  along with a  request  
for a bid to Google’s  ad exchange via dynamic allocation. The $0.36 serves as a price  floor and 
is shared with bidders on the ad exchange. On behalf of the  same advertiser  as before, DV360 
now bids the advertiser’s maximum bid ($1) and wins the impression. Because Google’s  ad  
exchange ran  a second-price auction, however, the publisher receives only the floor price, $0.36. 
Google charges the advertiser this price plus the applicable ad exchange revenue share (20%),  
which translates to $0.45.22  Ultimately, this means the advertiser pays more  for the impression 
than it would have paid bidding via a rival ad exchange, Google is able to profit by  extracting its  
revenue share fee at the ad exchange level, and the rival ad exchange that otherwise would have 
won (because it would have  charged  a smaller revenue share fee than Google’s ad exchange 
from the same DV360 bid) is denied the transaction.  
22 Google also charges an additional fee for use of its DV360 service (on average 9%), which is 
the same regardless of the ad exchange where the inventory is purchased. 
96 ",text_layer_extracted,[]
complaint:pdf:101,complaint,101," 
 
   
Case 1:23-cv-00108 Document 1 Filed 01/24/23 Page 101 of 153 PageID# 101 
221. G
oogle’s prelaunch experiments found that Project Poirot would reduce publisher 
display revenue  from DV360 by over 10%. By contrast, the predicted “surplus”—additional  
revenue shared between  Google and advertisers—was only  about 1%. The total number of  
impressions DV360 purchased would drop by almost 5%.  In particular,  Google recognized that  
some advertisers  would no longer  be able to buy  certain impressions only offered on rival ad  
exchanges, because  even  if those advertisers  were  willing to pay the  minimum  price set by the 
publisher, Poirot reduced their bids below the minimum. Poirot prevented these advertisers from  
spending their  full advertising budgets and resulted in some ad inventory  going unfilled—a loss 
for the display advertising market as a  whole.  
222.  Project  Poirot formally launched in July 2017 under the name  “Optimized Fixed 
CPM Bidding.” Google did not afford its advertisers a meaningful opportunity to choose  whether  
Google  could systematically lower their bids on  rival ad  exchanges. Instead, Google imposed  
these changes while providing virtually no information to its advertisers on the nature or  extent  
of the program. Over 99% of advertising campaigns were  subject to Poirot: all “automated  
bidding” campaigns on DV360 incorporated Poirot automatically, and Google opted in by  
default all “fixed CPM bidding”  campaigns.  
223.  Internally, Google sometimes justified Poirot as benefiting a dvertisers, but such 
justifications were pretextual. Google designed Poirot to lower DV360’s bids into third-party ad  
exchanges ostensibly to account for  “non-second-price auctions,” such as where a publisher uses  
soft floors that are set above the second-highest bid or uses floors that change based on bidding  
history. But  Poirot did not apply the same rules to Google’s ad exchange that  it applied to its  
competitors.  Poirot  did n ot adjust DV360’s bids into AdX even though AdX  was  not a true  
second-price auction: AdX  itself used  features such as Reserve Price Optimization (“RPO”)  
97 ",text_layer_extracted,[]
complaint:pdf:102,complaint,102," 
 
 
 
    
  
  
 
  
   
        
   
  
   
    
   
 
   
   
    
    
    
  
   
that—like those used in purported non-second-price auctions—similarly adjusted floors based on 
what bids Google expected to receive. As one document explained, RPO went live in 2015 
(before Poirot) and “move[d] Google away from a 2nd price auction.” Google employees 
discussed the interaction between RPO and Poirot and noted that RPO was designed to go 
undetected by Poirot, and they concluded that if AdX continued to develop more aggressive 
versions of RPO then DV360 would adjust Poirot to avoid detecting this auction dynamic within 
AdX. Poirot intentionally did not target all non-second-price auctions; it gave the auctions 
Google conducted a pass. 
224. As Google’s Director of Product Management for Display and Video Ads noted, 
Poirot’s initial implementation in 2017 was “quite effective, resulting in [DV360] spending 7% 
more on AdX and reducing spend on most other ad exchanges.” One employee on Google’s team 
explained that with Poirot, “spend on 3PEs [third-party ad exchanges] dropped by a whopping 
32%.” Poirot shifted approximately $200 million of DV360 advertiser spend away from rival ad 
exchanges and toward Google’s. This spend was subjected to Google’s 20% ad exchange 
revenue share fee—one of the highest in the industry—resulting in an additional $40 million in 
profit for Google. 
225. This substantial shift in advertising spend by the largest demand side platform in 
the market, combined with the systematic drop in bid price, had real consequences for 
competition between ad exchanges. DV360’s lowered bids reduced the competitiveness of 
header bidding auctions, which in turn lowered the win rates of ad exchanges relying on header 
bidding. The win rate on Google’s ad exchange increased even though Google had made no 
improvements to its ad exchange, offered no additional benefits to publishers, and reduced 
advertisers’ reach (without their knowledge). Because publishers consider win rates before 
Case 1:23-cv-00108 
Document 1 Filed 01/24/23 Page 102 of 153 PageID# 102 
98 ",text_layer_extracted,[]
complaint:pdf:103,complaint,103," 
 
Case 1:23-cv-00108 Document 1 Filed 01/24/23 Page 103 of 153 PageID# 103 
investing the time and resources necessary to integrate with  ad  exchanges, Poirot’s hit to rival ad  
exchanges made it  even  less likely publishers would continue to offer inventory  to these ad  
exchanges  and less likely that new publishers would integrate  with these ad exchanges through 
header bidding.  
226.  Google’s success with Poirot was possible because of  Google’s  ability to control 
the auction process run by  its monopoly  publisher  ad server  and  Google’s last-look advantage  
stemming from its ad server’s dynamic  allocation function. Google was  able to lower DV360’s  
bids into rival ad  exchanges  without fear of losing impressions—even if  DV360’s  reduced bid 
lost in the  rival ad exchange’s  auction—because  for the majority of impressions, it  would get  
another bite at the  apple  when Google’s  ad exchange  was later called  for a bid. And because 
Poirot generally reduced  the clearing price of  header  bidding auctions, Google’s  ad exchange  
could win the impression at a lower price, thereby  decreasing the revenues  ultimately paid to  
publishers. Without  the  systemic advantages that Google’s publisher  ad server forced publishers  
to afford  to Google’s ad exchange, and without Google’s dominant position among a dvertiser  
buying tools, Poirot could not have been nearly  as successful in halting the  potential rise of  rival 
ad  exchanges.   
227.  Seeing  Poirot’s initial success, Google doubled d own on the  strategy. Google was  
unconcerned about any potential blowback f rom publishers (who had no meaningful alternative  
to DFP) or advertisers (who had no insight into the changes). In September  2018, Google  
launched “Poirot 2.0.” Under this new version of the program, Google reduced DV360 advertiser  
bids  further,  by as much as 90% to some  ad  exchanges.  
228.  Google’s prelaunch experiments indicated that Poirot 2.0 would significantly  
affect  rival ad  exchanges, even more than the initial iteration. Google  anticipated Poirot 2.0 
99 ",text_layer_extracted,[]
complaint:pdf:104,complaint,104," 
 
would further decrease  DV360 advertiser spend on rival ad  exchanges by  another 20%, lower  
publisher payouts from auctions DV360 won by 20%, and lower  rival ad  exchanges’  win rates by  
10%. The estimated impact of Poirot 2.0 on the most vocal proponents of header bidding  
technology  was even more pronounced: AppNexus/Xandr would lose 31%  of DV360 advertiser  
spend, Rubicon would lose 22%, OpenX  would lose 42%, and Pubmatic would lose 26%. For  
Google’s ad exchange, on the other hand, Poirot increased revenue, publisher payouts, and win 
rates, t hrough a sleight  of hand forcing  a shift in advertiser spend. As  Google’s  Director  of 
Engineering—and  chief  architect of Poirot—explained to colleagues, Poirot had largely  achieved  
in practice Google’s earlier plan to boycott header  bidding auctions: “lowering bids may have a 
similar effect” to stopping all bidding on  rival ad  exchanges. Poirot 2.0 also accomplished 
Google’s strategic  goal to  “dry out” header bidding without the need for Google to take the  
significant hit to its revenues and profits  that initial experiments suggested  might be necessary.  
229.  Rival ad  exchanges lost significant  transaction volume  from Poirot, undercutting  
efforts to  gain scale.  Immediately  after the launch, OpenX experienced a 30%  year-over-year  
decline in DV360 advertiser spend, and Google internally identified Poirot as the “biggest  
culprit.” As a result of the loss, OpenX was  forced to lay off approximately  100 employees. 
Other  ad  exchanges also felt significant drops in DV360 spend and complained to Google. 
Google’s internal discussions confirmed that Poirot 2.0 was the cause.  
230.  Poirot’s success enabled  Google to maintain the 20% revenue share fee it  has  
charged on its  ad  exchange  since 2009. Before Poirot, Google  employees  believed  such a high 
fee was no longer sustainable,  as  header bidding risked commoditizing  ad  exchange services; if  
header bidding continued, Google’s employees  expected the fee to drop to 5%. By 2019, after  
Poirot 2.0 was fully implemented, Google’s  Americas  Partnership Finance Lead  noted that on 
Case 1:23-cv-00108 
Document 1 Filed 01/24/23 Page 104 of 153 PageID# 104 
100 ",text_layer_extracted,[]
complaint:pdf:105,complaint,105," 
 
Case 1:23-cv-00108 Document 1 Filed 01/24/23 Page 105 of 153 PageID# 105 
Google’s ad  exchange  fee, “we should continue to hold the line, esp. given currently healthy  
growth levels, since project Poirot.” Poirot, which continues in some form today, s hifted spend to 
Google’s ad exchange  with its higher revenue share fee; deprived  competing  ad  exchanges of  
scale,  auction  pressure, and higher  win rates; lowered publisher payouts; and limited advertisers’  
ability to fully  and effectively spend their budgets—all without any improvements to Google’s  
own ad  exchange.  
e)  Google  Imposes So -Called Unified  Pricing Rules  to Deprive  
Publishers of  Control and Force More Transactions Through  
Google’s  Ad Exchange  
231.  Poirot was incredibly  effective at redirecting DV360 advertiser spend away from  
rival ad  exchanges,  and putting  Google’s ad  exchange  back on the  road t o acquiring monopoly  
power, not withstanding the  opening  that  header bidding had briefly  created for competition  
between  ad exchanges. The fraction of DV360 spend on AdX increased from approximately 40%  
to 70% due to Project Poirot. An internal Google  document fretted that “Adx is now dominant  to 
the point where we need to communicate to advertisers (and sometimes even to ad exchanges)  
why over 70% of [DV360] spend happens on Adx.”  
232.  But Google  was  not satisfied. Despite the dramatic shift of DV360 spend to AdX 
and away  from rival ad  exchanges,  Poirot was not quite as effective as they thought it should be, 
given how much Google  had stacked the deck in favor of its  ad  exchange.  One Google  
Engineering Director  noted that while Poirot had made progress on shifting spend to Google’s ad  
exchange  and away from  rival ad  exchanges,  “we need to do more.” A review of publisher data 
from Google’s ad server  and Open Bidding—information effectively covering the sale of nearly  
all open web ad inventory—quickly identified the problem: Google’s publisher customers. 
Google  employees realized that publishers were using pricing controls built into the  publisher  ad  
server to set the terms on which their inventory was sold to advertisers, including by setting  
101 ",text_layer_extracted,[]
complaint:pdf:106,complaint,106," 
 
Case 1:23-cv-00108 Document 1 Filed 01/24/23 Page 106 of 153 PageID# 106 
different minimum price  floors for different buyers. Google perceived publishers’ ability to steer  
ad sales to rival ad  exchanges,  and  to control who bought their ads  and at what price, as  a threat  
to Google’s  ability to control the flow of transactions.  
233.  Within Google’s  publisher  ad server, publishers  were  able to set different  price  
floors for specific  exchanges or advertiser buying tools. For example, a publisher could set a  
price floor of $2 for Google’s  ad exchange  and $1.80  for the  competing ad  exchange,  OpenX. If  
OpenX submitted a winning bid of $1.85, and Google’s  ad exchange  had a buyer willing to pay  
$1.90, the inventory  would still be sold to the OpenX advertiser  because Google’s  AdX  ad  
exchange failed to clear the minimum price set by  the publisher for AdX.  
234.  There  are many  reasons why publishers might want to set non-uniform price  
floors for different  exchanges or advertiser buying tools. Publishers have relationships and deals  
with advertisers, agencies, and ad  exchanges that  have implications beyond the sale o f a single 
impression. For example, a publisher might want to boost an ad  exchange’s chances of winning a 
particular impression  in order to reach previously negotiated volume discount thresholds. 
Additionally, some publishers might set a higher  price floor for Google’s ad exchange  than for a 
rival ad exchange to  account for publisher-specific preferences for  a particular  ad  exchange, the 
quality of advertiser demand, better  advertisement load  rates, and data advantages.  Some 
publishers also wanted to mitigate risk from overexposure to a single  exchange  (such as  
Google’s ad exchange) or to avoid conflict with direct sales  channels.  For all of these reasons  
and others, the ability to set different floors for different  ad  exchanges or  advertiser buying tools  
was an important tool that publishers used to manage these partner relationships and direct the  
sale of their own inventory to maximize their overall business objectives.  
102 ",text_layer_extracted,[]
complaint:pdf:107,complaint,107," 
 
Case 1:23-cv-00108 Document 1 Filed 01/24/23 Page 107 of 153 PageID# 107 
235.  Google  recognized that the ability to choose  different floors for different ad  
exchanges or buying tools was a DFP feature that  publishers valued. One  Google  Senior Product  
Manager  explained to his colleagues:  “The general idea is that the pub[lisher]  doesn’t care  about  
maximizing revenue on every individual query  –  they  want to maximize  revenue for their overall  
business, and that might  mean sacrificing a few pennies of lost indirect revenue” on a single  
transaction. Similarly, Google’s  Director of Global Partnership and Publisher Solutions  
explained:  “Pub[lishers]  are also rational[] when they decide to diversify their source of  
revenues” using floors  given that  “[i]t help[s]  them to keep Google at bay  and put pressure on us  
(similar to any industry).”  By using different price floors, publishers  expressed a willingness  to 
occasionally  accept a slightly lower price from a  rival ad exchange  than from  Google’s ad 
exchange  for the same inventory.  But publisher  controls and goals mattered little when they  
conflicted with Google’s  desire for increased market share and profits.  Google refused to tolerate  
a system in which  publishers exercised control over their own inventory.  
236.  Even before Poirot, Google had noticed that some publishers used price  floors to 
direct the flow of  certain transactions to rivals. In response, G oogle had insisted on “equal 
footing”  clauses in certain publisher  contracts, which  ostensibly  prevented publishers from  
offering inventory to competitors  on more favorable terms or at lower prices than those offered 
to  AdX.  However,  these  contractual provisions were difficult to monitor and enforce even for the  
small number of publishers for which they  applied. C onfronted with a broader concern about the  
operation of price floors in the wake of Poirot, Google developed an alternative approach that  
was blunt but effective:  Google  simply removed the existing feature in its publisher ad server  
that allowed publishers to set different floor prices and preference rival ad exchanges or buying  
103 ",text_layer_extracted,[]
complaint:pdf:108,complaint,108," 
 
   
 
 
 
   
  
     
   
 
    
  
   
 
 
  
Case 1:23-cv-00108 Document 1 Filed 01/24/23 Page 108 of 153 PageID# 108 
tools. Going forward, only Google, not its customers, would be permitted to dictate preferences, 
and only those preferences that advanced Google’s strategic ambitions would be tolerated. 
Fig. 18 
237. Recognition of the flooring “problem” was widespread within Google’s display 
advertising leadership. When one Google employee asked why DV360 was still winning 
inventory through rival ad exchanges, Google’s Project Poirot architect explained that “the best 
guess is that the AdX [price] floors are higher.” He went on to note that “[t]his is one big 
problem for the Adx team to try fixing so that more of the [DV360] buying will switch to Adx.” 
He suggested that “if we figure out how to equalize floors (i.e., get the Adx floors down), as a 
buyer, we will start seeing benefits in terms of buying more through Adx and decreasing 
incrementality on 3PE” (third-party ad exchanges). As usual, Google did not care what was best 
for its customers; Google insisted on doing whatever was necessary to decrease spend on AdX’s 
competitors, thereby denying them the scale and competitive position to threaten Google’s AdX 
monopoly. 
104 ",text_layer_extracted,[]
complaint:pdf:109,complaint,109," 
 
  
 
  
  
 
   
Case 1:23-cv-00108 Document 1 Filed 01/24/23 Page 109 of 153 PageID# 109 
238.  Google’s internal analyses  of the pricing floor practice  demonstrated the  extent of  
the “problem.” Google  believed its  AdX ad  exchange was  already  winning 66%  of  auctions  
where an ad exchange used header bidding, but  for a little less than half  of  the inventory it did 
not win, Google’s AdX had a higher bid than the  rival ad exchange that did win.  The AdX ad  
exchange was losing these auctions because publishers had configured price floors that awarded 
the inventory to a  rival ad exchange or rival demand source at lower per-impression prices than 
AdX and/or Google  Ads offered in certain auctions. In response, Google went to work to block 
publishers from setting price floors  that disadvantaged its AdX business.  
Fig. 19 
239. In March 2019, Google announced a number of changes to its publisher ad server 
and ad exchange. Among the notable changes were the removal of granular publisher price 
controls from the ad server. In their place, Google required publishers to set a single floor price 
for inventory that applied to all ad exchanges and advertiser buying tools. Google called these 
105 ",text_layer_extracted,[]
complaint:pdf:110,complaint,110," 
 
                                                           
   
 
Case 1:23-cv-00108 Document 1 Filed 01/24/23 Page 110 of 153 PageID# 110 
degraded pricing controls Unified Pricing Rules, or UPR. Unified Pricing Rules were the  
culmination of Google’s  work to stop publishers from using ad exchange-specific or buyer-
specific price floors to steer transactions to rival ad exchanges and away from Google’s ad 
exchange and buying tools. Under Unified Pricing Rules, publishers were no longer  allowed to 
set different price  floors for Google’s ad exchange  or advertiser buying tools versus other ad 
exchanges or advertiser buying tools.  
240.  Google  recognized this product change came with a number of  “major risks,”  
including “(1) revenue drop for some pub[lishers]23  (2) negative pub[lisher] reaction (loss in 
ability to set per-buyer floors) (3) negative adv[ertiser] reaction (potential for DV3[60] spend 
share  ↑ on AdX).”  Internal experiments found that UPR increased DV360 and Google  Ads’  
spend on AdX  and decreased spend on rival ad exchanges. One analysis found that UPR caused  
DV360 to win approximately 32% more impressions on AdX and led to a  6% increase in AdX  
revenue.  
241.  Google bundled its imposition of Unified Pricing R ules with other changes to 
provide cover. As one  employee  explained, Google  “bundled . . . a bunch of contentious  
changes,” such as  the “overhauled pricing rules,” with less objectionable changes “to make the 
contentious ones more stomachable.” For  example, Google changed its  ad  exchange from a 
second-price auction to a first-price auction, which altered some of the ways price floors  
impacted auctions. Google used the auction format change to contend that the only legitimate  
reason for differential price floors  in its view—to increase the clearing price of a second -price 
auction—had been eliminated. Google  also  claimed  that the  granular price control feature of its  
23 Some publishers were able to achieve greater total revenue by flooring different ad exchanges 
and demand sources at different prices. 
106 ",text_layer_extracted,[]
complaint:pdf:111,complaint,111," 
 
Case 1:23-cv-00108 Document 1 Filed 01/24/23 Page 111 of 153 PageID# 111 
ad server only  confused its publisher base—even the sophisticated publishers most likely to use  
price floors. Google  asserted  that it was doing those customers a  favor by  eliminating the  
function.   
242.  In  reality, Google’s internal documents demonstrate that these were pretextual 
justifications for the true  driver of Unified Pricing R ules: preventing publishers from  
preferencing  rival ad exchanges.  Google employees candidly acknowledged that the change in  
auction format alone “would have achieved most of what we desperately need to fix our  
ecosystem,” irrespective of changes to price floors. But the Google ad  exchange “team wanted to  
use this migration [to a first-price  auction] as an opportunity to significantly  limit the ability of  
publishers to set floor-prices per buyers (which is a good goal to have).”  Externally, Google told 
publishers and others that the combined changes would “simplify programmatic buying,”  
“reduce complexity and  create a fair and transparent market for  everyone.” Internally, Google 
acknowledged that  getting rid of higher price floors for Google’s  ad exchange was the “primary  
internal objective for the  entire launch” of bundled changes and its “key driver.”  Internal Google  
documents explained that the changes  “will be a shift in DV360 spend patterns away from [third-
party  ad exchanges].” Not surprisingly, internal Google documents identified the “winner” of the  
new rules to be AdX, its own ad exchange,  and accurately listed rival ad  exchanges to be the 
“losers” under the new rules.  
243.  Publishers were livid when Google announced the change. At  an April 18, 2019 
meeting with Google, publisher customers lashed out. Google’s meeting notes reflect that 
publishers reiterated what Google  already knew: “optimizing  yield is important but CONTROL  
is also important.” Publishers “laugh[ed]” when Google  employees tried to push the farce that  
“we [Google] don’t want to take control away” from publishers. Publishers informed Google that  
107 ",text_layer_extracted,[]
complaint:pdf:112,complaint,112," 
 
Case 1:23-cv-00108 Document 1 Filed 01/24/23 Page 112 of 153 PageID# 112 
“we can give  you 1,000 reasons why we  want buyer rules”  and pointed out  that “maybe flooring  
doesn’t have to do with ‘pure  yield’ but might be  needed for ‘business reasons.’”  
Notwithstanding the clear value the pricing r ules  provided publishers, Google’s own desire to  
prevent  publishers and rival ad  exchanges from circumventing the effects of Poirot won the day. 
Google  refused to make  any  changes to the proposed Unified Pricing Rules.  Because it had a  
publisher ad server monopoly, Google did not need to be responsive to its publisher customers’  
needs; Google was confident that there was nowhere else for them to turn.  
244.  By 2019, effectively  all viable  publisher  ad server  competitors had exited or were  
in the process of  exiting the market. Even if an alternative publisher  ad server had remained, it  
could not have provided publishers access to the substantial and unique Google Ads’  advertiser  
demand that remained  available  almost exclusively  through Google’s  ad exchange.  
245.  With Unified Pricing Rules, Google exercised its  market power to intentionally  
degrade the quality of its publisher ad server at the expense of publisher customers. It did so to 
prevent publishers from choosing to transact more through rival ad exchanges, further inhibiting  
the ability of these smaller ad exchanges to gain needed scale and  compete effectively. Google 
reduced the share of other ad exchanges not by making its own ad exchange more attractive to 
publishers but, rather, by  preventing publishers  from preferencing other ad  exchanges and by  
refusing to allow rival ad exchanges to compete for transactions on any dimension other than 
per-impression price. At the same time, Google shifted those transactions to its own ad  
exchange, further boosting Google’s profits derived from its supra-competitive revenue share 
fees, at the  expense of both advertisers and publishers. Likewise, publishers could no longer set  
lower price floors for particular demand source partners, such as non-Google advertiser  ad  
networks, which reduced the possibility that publishers could partner with a rival to challenge  
108 ",text_layer_extracted,[]
complaint:pdf:113,complaint,113," 
 
Case 1:23-cv-00108 Document 1 Filed 01/24/23 Page 113 of 153 PageID# 113 
Google  Ads’ dominance. Publishers were—and today still are —powerless to respond given the  
lack of viable substitutes  to Google’s publisher ad server monopoly. They  are locked into 
Google’s publisher ad server and subject to Google’s dictates about how they should monetize  
their own inventory.  
246.  Google  fully  launched Unified Pricing Rules in September 2019. As expected,  
UPR  succeeded in shifting transactions away from rivals and to Google’s ad exchange. The  
market share of  Google’s ad exchange  increased by  approximately 6% in 2019 following the  
announcement  and ramp-up period. Google’s  advertiser business also benefited: the  average 
floor price  faced by Google Ads’  advertisers on Google’s  ad exchange  dropped from a little over  
$3 to about $1. Of course, had Google Ads bid for  inventory through ad  exchanges other than 
AdX, Google Ads’  advertisers  might  never  have faced the higher floors  applicable to  Google’s  
ad exchange  in the first place.  They  would have  faced the floors that publishers chose to apply to 
rival ad exchanges. Google’s internal modeling found that the Unified Pricing Rules created the  
“primary benefit” of  Google’s bundled auction changes, and the  “best  guess” of the impact was  
an annual increase of $430 million in Google’s gross revenues  and $118 million in Google’s net  
revenues.  
247.  Most importantly  for Google’s overall strategy, Unified Pricing Rules had a  
“negative  effect on 3P SSP [ad exchange] spend.” For  example, one ad exchange competitor  
complained to Google that its win rate had decreased 6% during the launch of Unified Pricing  
Rules. Internally, Google employees attributed the decrease to Unified Pricing Rules and warned  
others not to share this “extremely sensitive” information externally.  By the end of 2019, 
Google’s ad exchange  was “still retaining  [the] largest and growing share  of spend” for inventory  
sold via open auction.  
109 ",text_layer_extracted,[]
complaint:pdf:114,complaint,114," 
 
Case 1:23-cv-00108 
Document 1 Filed 01/24/23 Page 114 of 153 PageID# 114 
f)  Google Outright Blocks the Use  of Standard Header Bidding on  
Accelerated Mobile Pages  
248.  Project Poirot and the imposition of Unified Pricing Rules  are both examples of  
Google  wielding its power on both sides of the ad tech stack to stymie competition in the middle  
for ad exchanges. Google  could not directly block publishers from adding header bidding code to 
their own webpages, so it had to resort to these indirect methods of limiting t he growth of header  
bidding. But when given the opportunity to do just that—outright block adoption of cl ient-side 
header bidding—in one  corner of the internet, Google leaped at the opportunity, consistent with 
its broader strategy to stop header bidding in its tracks and thereby stifle competition  from  rival 
ad exchanges.   
249.  Beginning in 2017, Google recognized it could use its monopoly power in the  
general search market—specifically its ability to rank websites that appear  in search results—to 
force  at least certain publishers to forgo traditional, client-side header bidding and instead adopt  
Google’s more limited and self-serving version it named Real Time Config (“RTC”). T o do so, 
Google launched a project known as Accelerated Mobile Pages  (“AMP”) in an effort to push 
parts of the open web into a Google-controlled walled  garden, one  where Google  could dictate  
more directly how digital advertising space  could be sold.  
250.  A  year  earlier, in 2016, Google began to prioritize within its Google Search 
results websites that implemented an  alternative webpage format known as  AMP, which 
purported to allow faster  loading times and a better mobile web experience. It  also conditioned 
access to the News Carousel—the ribbon at the top of certain Google Search pages that  
highlights relevant news  stories—on the adoption of AMP. Technically, AMP was an open-
source project; in reality, Google  and its engineers  tightly  controlled the AMP project through at  
least late 2020; its engineers still have an outsized influence in the project today.  
110 ",text_layer_extracted,[]
complaint:pdf:115,complaint,115," 
 
Case 1:23-cv-00108 Document 1 Filed 01/24/23 Page 115 of 153 PageID# 115 
251.  Although AMP’s faster loading a nd improved user experience  goals appeared 
altruistic,  Google  also recognized that its control  over AMP opened the door to advancing  
Google’s financial interests, including its desire to  quell  the rising tide of header bidding. 
Google’s Vice President  of Product for Mobile App Advertising drafted a proposal for “wall[ing] 
off AMP” with “All-in-one Monetization, fully Google  controlled and branded: All  
‘monetization’ of content build on these technologies goes through Google.” The proposal  
explained:  “Given AMP is open-source, we propose the walled garden to include pages cached  
and served by  Google”  and to “[u]se the power of Google Search to prioritize traffic built on 
these technologies. ‘Point our biggest most important pipe there.’”  
252.  For the first 18 months of AMP’s existence, the AMP standard fully supported 
header  bidding, luring in publishers vying to appear at the top of Google’s  Search listings or in 
the News Carousel. Early on, Google’s AMP Ads  Steering Committee formally considered and 
decided not to deprecate  the mechanism for traditional header bidding in AMP because doing so 
would hurt publishers’ ability to sell their advertisements.  Instead, the  committee agreed in  
March 2017 that “[i]f a [publisher] implemented such a thing [header bidding], AMP has very  
little influence from a policy perspective and business perspective - even if  we, as Google, don’t  
like it from a business perspective. AMP will look at it from an engineering standpoint and if it 
meets the standards,  accept it.”  
253.  However, just a few months later, Google abruptly changed course, overriding  the 
view of the committee and shifting the open AMP  framework into a Google-controlled closed 
environment where Google decided how digital advertising could be sold. Only a  Google-
dictated and Google-driven version of  “header bidding” would be allowed:  one  that provided 
Google’s ad exchange a  preferred position and restricted publishers’ ability  to connect with their  
111 ",text_layer_extracted,[]
complaint:pdf:116,complaint,116," 
 
Case 1:23-cv-00108 Document 1 Filed 01/24/23 Page 116 of 153 PageID# 116 
preferred ad exchange partners. Publishers could not use traditional header  bidding (i.e.,  client-
side header bidding) that could provide higher quality  advertising matches  and additional 
revenue, and could only  call directly a limited number of ad exchanges and data providers. 
Google  formally launched its version of header bidding for  AMP pages, RTC, i n August 2017.  
254.  While Google told the world  that its removal of traditional header bidding  was  
based on page latency  and a desire to improve user experience, its internal documents painted a  
different picture. Several  Google  employees shared their views that any concerns about user  
experience or latency were a smokescreen  to mask Google’s real motivation: further propping up 
its ad tech  monopoly  and profits. As a key software engineer explained, “If  DFP wants to say  
‘We refuse to serve  an ad onto your AMP page if  we’ve been intermediated [by header  
bidding]’, then we can certainly choose to do so. But that’s a DFP business  decision, not an AMP  
platform one.” He added, “You product folks  are  welcome to make  whatever decision you want  
about header bidding. But on the justification front, . . . your 500ms-delay-is-bad explanation 
really doesn’t hold water.” He went on to say:  “If  publishers can make more money on AMP  
pages via something that  causes ads to load a little later, but that doesn’t harm the [user  
experience] of the non-ad portion of the page, I think the AMP ecosystem should absolutely  
support it. I acknowledge that incentives here might not align, and I  am indeed saying that AMP  
should embrace proposals that give more money to publishers even if it results in less money  for  
DRX [DFP and AdX].”  Similarly, Google’s Vice President for News wrote, “AMP is under  
pressure to increase revenue and, specifically, to effectively support dynamic bidding. We need a  
solution. Also, please be cognizant of criticism that our reluctance on header bidding is driven by  
business self interest, not principle.”  
112 ",text_layer_extracted,[]
complaint:pdf:117,complaint,117," 
 
Case 1:23-cv-00108 Document 1 Filed 01/24/23 Page 117 of 153 PageID# 117 
255.  AMP adoption ultimately proved to be relatively limited, especially outside of  
news websites. As part of Google’s  grand strategy to combat the growth of  header bidding, 
however, it served as  yet  another mechanism to deter publishers from adopting the technology. It  
was  a new tool in Google’s toolbox to use its monopoly power in adjacent  markets to prop up 
and protect its  growing ad tech monopolies.  It  also demonstrated that Google was more than 
willing to make  misleading claims about performance  as a pretext for stifling competition.  
g)  Google Replaces Its Last Look Preference from Dynamic Allocation  
with an  Algorithmic Advantage  and Degrades Data Available to  
Publishers  
256.  The shift of transactions from  rival ad  exchanges to Google’s ad exchange  as part  
of Unified Pricing Rules came at  the same time that Google relinquished one of the substantial  
preferences it had previously  given its  ad  exchange: the “last look” advantage of dynamic 
allocation. Its reason for doing  so was not altruistic. Maintaining last look would have  given 
publishers a path to effectively floor AdX higher than other ad exchanges notwithstanding  
Unified Pricing Rules. And as with the shift to a first-price  auction, Google  believed that  
removing last look “allows bundling of other valuable changes, that can be positioned as pro-
competitive.” Google  Engineering Director  explained that Google “paired this change [dropping  
last look] with other benefits to Google (fair access and uniform reserve prices), rather than 
being forced by regulators to remove last look under disadvantageous terms.”  
257.  But even this concession  was a mirage. Although  eliminating “last look” might 
have resulted in  a small decline in transactions on Google’s ad  exchange— partially offset by the 
benefits of Unified Pricing Rules—Google deployed a replacement that was effective in  
replicating the prior  advantage. Relying on  its massive trove of data  from its monopoly  publisher  
ad server and dominant ad exchange, Google developed an algorithmic model to predict the bids  
of rivals for each impression. In this way, Google  could still  predictively  “peek”  at its rivals’ bids  
113 ",text_layer_extracted,[]
complaint:pdf:118,complaint,118," 
 
  
  
    
  
    
 
  
 
 
Case 1:23-cv-00108 Document 1 Filed 01/24/23 Page 118 of 153 PageID# 118 
before submitting its own. Specifically, Google’s unique access via dynamic allocation to years 
of data on multiple bids per auction for trillions of auctions allowed Google to estimate the 
distribution of predicted prices necessary to replicate “last look.” Google’s technical documents 
explain that for accurate predictions “[w]e need to predict the full distribution of competition, not 
just the point estimate.” Only Google had the data to do so by virtue of its dominant position 
across the ad tech stack. Moreover, the effects of years of a last look advantage did not disappear 
overnight. Google had already obtained the benefits of preferential access and continued to 
realize the enduring flywheel effects of scaling its ad exchange while eclipsing rivals. 
Fig. 20 
258.  Google delayed giving up last look for months while it fine-tuned the “Smart  
Bidding” algorithm that would replace it. When Smart Bidding  launched,  it fully offset the  30%  
drop in Google Ads’  revenue  that Google expected from the loss of last look (without Smart 
Bidding)  and turned an expected 10% drop in DV360 revenue into a  revenue increase of 3%.  
259.  Beginning in late 2019, Google made some of the data used in Smart  Bidding  
available to rival ad  exchanges,  but  important limitations applied. Google only shares data  with  
114 ",text_layer_extracted,[]
complaint:pdf:119,complaint,119," 
 
Case 1:23-cv-00108 Document 1 Filed 01/24/23 Page 119 of 153 PageID# 119 
rival ad exchanges that bid on the impression via Open Bidding (not header bidding); data is  
limited  to the winning price for  an auction (where  the rival ad exchange lost) or the second-
highest bid (where the rival ad exchange won); and data is shared in a format that many  ad  
exchanges  could not  use. This is insufficient for rival ad exchanges to replicate the broader data 
trove to which Google has access  and against which it was able to train its bidding algorithms for  
years. For their part, publishers have no ability to block Google from continuing to have  access  
to this pricing data or to  allow rival ad exchanges  access to similar data outside the parameters  
dictated by Google.  
260.  At the same time  that it rolled out Smart Bidding, Google degraded the data it  
made available to publishers that previously allowed them to monitor how Google’s ad exchange  
was competing against rival ad exchanges. Prior to late 2019, Google made available to 
publishers a “data transfer file” that allowed eligible publishers to see on an impression-by-
impression basis the individual bids from competition among ad exchanges and certain  
advertising demand sources for the publishers’ inventory. Publishers  could then respond to 
changes in the nature of  competition by tweaking t he way in which they made their inventory  
available to their ad tech  partners. Commenting on the earlier version of the data transfer files, 
Google acknowledged their value was  to create a “more transparent  auction marketplace”  and 
“enabl[e] publishers to find opportunities for incremental revenue.”  
261.  Following the shift to Unified Pricing Rules and the introduction of Smart 
Bidding, Google altered the files to prevent publishers from linking the bids from Google’s  
advertising products to those from rivals using header bidding f or the same  impression. This has  
made it more difficult for publishers to make informed choices about how  and where to make  
115 ",text_layer_extracted,[]
complaint:pdf:120,complaint,120," 
Case 1:23-cv-00108 Document 1 Filed 01/24/23 Page 120 of 153 PageID# 120 
inventory  available  and to monitor Google’s bidding behavior for potential anticompetitive  
conduct.  
V.  ANTICOMPETITIVE EFFE CTS  
262.  Google’s course of conduct has corrupted the competitive process by which 
publishers and advertisers select, and then use, pivotal ad tech tools. In doing so, Google has  
undermined publishers’ and advertisers’ ability to make optimal matches for advertising  
inventory on mutually agreeable  terms. Google  also has interfered in rivals’ attempts to partner  
successfully with Google’s publisher and advertiser customers, thereby limiting the competitive  
benefits that would otherwise flow from customers’ ability to effectively multi-home across  
competing a d tech products. Instead of  fostering a competitive and innovative market, Google  
has wielded its market power to dictate the terms on which publishers and advertisers do 
business, ensuring those terms advance Google’s anticompetitive ends and bottom line rather  
than its customers’ best interests.   
263.  Google’s conduct, described above, consists of a series of interrelated and 
interdependent actions, which have had cumulative and synergistic anticompetitive  effects, the  
full scope and effect of which could not be fully  recognized in real time by  anyone outside of  
Google.  Google’s anticompetitive conduct includes, but is not limited to:  
(1)  Google’s acquisition of  DoubleClick to obtain not only a dominant publisher  
ad server, DFP, but also a nascent  ad exchange, AdX, in order to pursue its  
goal of dominance across the entire ad tech stack;    
(2)  Google’s restriction of Google Ads’ advertiser demand exclusively to AdX;   
(3)  Google’s restriction of effective real-time access to AdX exclusively to DFP;  
116 ",text_layer_extracted,[]
complaint:pdf:121,complaint,121," 
 
Case 1:23-cv-00108 Document 1 Filed 01/24/23 Page 121 of 153 PageID# 121 
(4)  Google’s limitation of dynamic allocation bidding  techniques exclusively to  
AdX;  
(5)  Google’s providing AdX with a “last look” auction advantage over rival  
exchanges;   
(6)  Google’s acquisition of  AdMeld to stop its  yield management technology  from  
promoting multi-homing across  ad exchanges;   
(7)  Google’s use of Project  Bell, which lowered, without advertisers’ permission  
or knowledge, bids to publishers who dared partner with Google’s  competitors;    
(8)  Google’s deployment of  sell-side Dynamic Revenue Share to manipulate 
auction bids—without publishers’ knowledge—to advantage AdX;   
(9)  Google’s use of Project Poirot to thwart the competitive threat of header  
bidding by secretly and artificially manipulating DV360’s advertiser bids on 
rival ad exchanges using he ader bidding in order to ensure transactions were  
won by Google’s AdX; and  
(10) Google’s veiled introduction of so-called Unified Pricing Rules that took away  
publishers’ power to transact with rival ad exchanges  at preferred prices.   
264.  Google’s anticompetitive scheme spans nearly two decades  and continues to the  
present.  Moreover, the flywheel effects of even the earliest  conduct are lasting, enabling  and  
amplifying the impact of  subsequent conduct, and setting in motion Google’s march to an ever-
increasingly  dominant position across the ad tech industry that persists today. Google has  
distorted the  competitive  market forces that would otherwise determine prices and output and 
would incentivize innovation, efficiency, customer  choice, and control. Google’s  conduct has  
preserved Google’s dominant market positions at all levels of the ad tech stack and allowed 
117 ",text_layer_extracted,[]
complaint:pdf:122,complaint,122," 
 
Case 1:23-cv-00108 Document 1 Filed 01/24/23 Page 122 of 153 PageID# 122 
Google to siphon away a  supra-competitive portion of advertiser dollars before they  can reach 
website publishers.  
265.  Collectively, by hamstringing rivals’  abilities  to compete on the merits, Google’s  
conduct has stifled innovation and limited publisher and advertiser  choice. Google’s conduct has  
harmed internet users as  well. Fewer advertising dollars reach website publishers—because of  
higher  ad tech  fees and less efficient advertising matches—meaning those publishers have fewer  
resources to create content for internet users. These harmful effects are not just historical; rather, 
Google’s anticompetitive conduct continues to affect the marketplace on an ongoing basis.  
266.  Higher Prices and Higher Margins for Google. The overarching g oal of  much of  
Google’s conduct has been to force as many transactions as possible (especially high-value 
transactions) to flow through its own ad tech  products, with Google  taking  a cut of the 
advertising spend at each step of the way. The focal point of Google’s monetization strategy has  
been its ad exchange, where it charges  its  highest revenue share  fees: consistently around 20%  
for open auction transactions since 2009, while its rivals charged only  a fraction of that amount. 
Google’s documents admit that ad exchange technology largely became commoditized  years  
ago, and but for Google’s ability to build and defend a moat around its ad tech products, 
competition  would have  driven prices down for most transactions by  as much as 75%, especially  
where that same advertising demand is otherwise available on  rival ad  exchanges. Instead,  
Google has succeeded in defending  its supra-competitive prices for  all transactions  flowing  
through its  ad  exchange  without ceding—and indeed growing—its market share  even today.  
267.  The revenue share fees Google charges come directly out of advertisers’  
advertising budgets and ultimately out of website  publishers’ bottom-line revenues. This  means  
that advertisers  are able to buy fewer ad impressions at the prices at which  publishers are willing  
118 ",text_layer_extracted,[]
complaint:pdf:123,complaint,123," 
 
Case 1:23-cv-00108 
Document 1 Filed 01/24/23 Page 123 of 153 PageID# 123 
to sell, less advertiser spend makes it to the publishers that internet users rely upon to generate  
and disseminate important content, and ultimately  fewer publishers are able to offer internet  
users content for free (without subscriptions, paywalls, or alternative  forms of monetization).  
268.  Scale, Flywheel Effects,  and Diminished Multi-Homing.  Google’s strategy to  
shift additional transactions to its ad exchange  and inhibit the ability of publishers and 
advertisers to transact effectively through rivals was not merely to charge supra-competitive fees.  
Google  was also concerned that too many transactions flowing through alternative pipes—other  
ad technology  platforms—could allow rivals to gain scale and challenge Google’s  competitive  
moat. The growth of alternative ad tech tools posed a risk of increased competition via more  
effective multi-homing, leading to pressure to reduce prices and increase choice and qua lity for  
publishers and advertisers.  
269.  Scale plays a critical role in a company’s ability to offer  a competitive ad  tech  
platform at a low price and high quality. Scale would bestow many  advantages  on Google’s  
potential competitors. These include indirect network  and feedback  effects  to attract more 
advertisers  and publishers, more data to improve the efficiency of their transactions, and the  
opportunity to spread their fixed costs over a larger number of transactions. Google’s conduct  
had the purpose  and effect of depriving rivals of sufficient scale to meaningfully compete in the  
ad exchange, publisher  ad server, and advertiser ad network demand markets. Even for conduct  
Google  ostensibly  has discontinued, the effects are persistent and ongoing. Scale builds on itself  
and is self-reinforcing. Google’s  conduct denying s cale to rivals  has  had a lasting impact  that 
continues to affect today’s marketplace.  
270.  Google  has  accomplished this objective in a number of ways. Collectively, 
Google’s conduct  has  allowed  its ad exchange to win more impressions by providing it with 
119 ",text_layer_extracted,[]
complaint:pdf:124,complaint,124," 
 
Case 1:23-cv-00108 Document 1 Filed 01/24/23 Page 124 of 153 PageID# 124 
more opportunities to win transactions on preferential terms, initially through programs like  
dynamic  allocation and later through the implementation of Project Poirot and Google’s so-
called Unified Pricing Rules. By using Google’s  control of the publisher ad server to give its ad 
exchange preferential access to publisher inventory, Google  has been, a nd continues to be,  able 
to drive up rival ad exchanges’ and advertiser  ad networks’ costs;  impede  publishers’ attempts to  
identify high-quality, real-time matches through those ad exchanges  and networks;  limit the  
ability of ad  exchanges  to win transactions at sufficient scale;  and diminish rival ad exchanges’  
ability to attract publishers and advertisers to their platforms.   
271.  Rival ad  exchanges  have incurred costs to process  and respond to each bid request  
from a publisher, but  have been  unable to effectively  compete on the same terms as Google’s  ad  
exchange to win the impression. Because  ad exchanges  are  compensated only on transactions  
they win, an ad  exchange’s win rate is critical to the long-term financial viability of the  ad  
exchange and its ability to innovate.  
272.  Moreover, strong network effects operate in the  publisher ad server, ad exchange,  
and advertiser ad network demand markets,  which  are driven largely by scale. Due to indirect  
network effects, both advertisers and publishers  are attracted to ad exchanges with more parties  
on the other side. A rival  ad exchange that has less scale due to Google’s anticompetitive 
conduct is less able to attract and maintain  additional publishers and advertisers; it swims against 
the strong c urrent of indirect market effects that benefit Google’s larger  ad  exchange. Similarly,  
for an advertiser  ad network to rival Google Ads’  dominance, it must be able to benefit from  
network effects  and have sufficient  access to publisher inventory at scale.  A competing  
advertiser  ad network  would additionally benefit from  the associated  contextual and user  
targeting data  that provide a competitive advantage. Google’s  actions  inhibiting  rival ad  
120 ",text_layer_extracted,[]
complaint:pdf:125,complaint,125," 
 
Case 1:23-cv-00108 Document 1 Filed 01/24/23 Page 125 of 153 PageID# 125 
networks from  accessing i nventory on the terms  that publishers prefer  has the effect of  impeding  
competition.  The result in both cases is a feedback loop that continues to inhibit the growth of  
rivals while preserving G oogle’s dominant positions.  
273.  Additionally, Google’s  conduct  has  succeeded in  locking publishers into Google’s  
publisher  ad server. Google’s  restrictions  have rendered  its publisher ad server the only  viable 
means  to obtain meaningful access to the unique, sizeable Google  Ads’  advertising demand 
available almost exclusively on Google’s ad  exchange,  as well as the other  advertising demand  
Google made preferentially available there. Because publishers must  as a practical matter  single-
home with one publisher  ad server, this exclusivity  essentially  compelled publishers to use  
Google’s  publisher  ad server and inhibited rivals from entering or remaining in the market. As a  
result, a potential competitor to Google’s publisher ad server would need to enter both the  
publisher ad server and the ad exchange market, both  at scale, in order  to compete. Only a  rival 
ad exchange operating at  scale together with a publisher ad server would  likely  attract  publishers  
to switch away from Google’s highly restrictive publisher ad server. Google perceived that  
header bidding posed an  existential threat to  its  publisher ad server monopoly because header  
bidding  could allow a potential rival to generate sufficient scale in the ad exchange market and,  
subsequently, enter the  publisher  ad server market  (or facilitate the entry of a new publisher  ad 
server). Google  quashed  that threat and  deprived its rivals of the ability to  gain such scale via 
header bidding  or other innovations.  
274.  Lack of  Choice and Control  for Publishers and  Advertisers Alike.  Google’s  
anticompetitive conduct  has narrowed publishers’ and advertisers’ choices  about how to do  
business with one another in several ways. Dynamic allocation prevented publishers from  
effectively offering their  inventory on the same terms—or any terms of their choosing—through 
121 ",text_layer_extracted,[]
complaint:pdf:126,complaint,126," 
 
Case 1:23-cv-00108 Document 1 Filed 01/24/23 Page 126 of 153 PageID# 126 
multiple ad exchanges. Through the Unified Pricing Rules, Google disabled the function in its  
publisher ad server that previously  allowed publishers to specify the terms  on which they wished 
to transact with ad exchanges  and other sources of advertising demand. And unbeknownst to 
advertisers, Project Poirot surreptitiously  discounted t heir advertising spend on  the ad exchanges  
they selected  and  directed  that spend toward Google’s  ad exchange  instead.  
275.  More broadly, Google’s  march to monopoly in the publisher ad server market has  
left publishers today with basically no choice  when selecting a  publisher ad server. And because  
the publisher ad server determines how publisher  ad inventory is awarded to an advertiser, 
publishers have no choice but to acquiesce to Google’s  will as to how that process should work. 
Competition no longer constrains Google’s ability  to write the  rules in its favor.  
276.  Information Asymmetries.  Because Google’s ad  tech  products face little or no 
meaningful competition, Google has been able to operate its products within a black box, 
affording  publishers and advertisers limited visibility into how, why,  and  even at what price,  
website advertising inventory is sold. O ne industry report suggests that approximately 15% of all  
digital advertising spend is simply  unaccounted for, with publishers and advertisers unable to  
determine which intermediary may have siphoned this spend off for its own gain. Reduced 
transparency diminishes the ability of publishers  and advertisers to make informed choices in 
selecting their  ad tech  products and hampers their ability (and rivals’  as well) to serve as a 
competitive constraint.   
277.  Less Innovation.  Competitive pressure drives innovation, as competitors are  
incentivized to develop new ways to outperform one another to attract customers. The lack of  
any meaningful competition for  publisher  ad servers has severely dampened innovation in that  
market. Reflecting on Google’s dominant sell-side market position, Google  executives noted the  
122 ",text_layer_extracted,[]
complaint:pdf:127,complaint,127," 
Case 1:23-cv-00108 Document 1 Filed 01/24/23 Page 127 of 153 PageID# 127 
weakness that Google “often play[s] fast follow vs first movers.” A more competitive market 
would have fostered greater innovation. For instance, if not for  Google’s acquisition of AdMeld 
and subsequent deprecation of its  yield optimization technology, real-time bidding among  ad  
exchanges may have become available to publishers several  years before the advent of header  
bidding, and well before  Open Bidding. Similarly, had Google not had a monopoly of the  
publisher ad server market, a rival publisher ad server may have introduced a tool for server-side 
real-time bidding among  ad exchanges similar to Open  Bidding. Instead, the industry was forced 
to rely on header bidding, which, although useful,  is limited because it serves as a partial 
workaround that was not  integrated into a publisher ad server. Moreover, rival  ad exchanges  
have been limited in their ability to introduce any innovation that requires the cooperation of a  
publisher ad server, even where such cooperation would improve both products. In the absence  
of serious competitive pressure, Google has a diminished incentive to improve its publisher  ad  
server or ad exchange products.  
278.  The United States is among the  advertisers harmed by Google’s anticompetitive  
conduct.  United States departments and agencies, including ones in this district  such as  the 
Army, purchase open web display advertising using Google  and non-Google ad tech tools.  Since  
2019, the United States has purchased in excess of $100 million in open web display advertising.  
The United States has incurred monetary damages  as a result of Google’s anticompetitive 
conduct by virtue of the supra-competitive fees, manipulated advertising prices, and lower  
quality advertising matches described  above.  
VI.  RELEVANT MARKETS  
279.  Google’s conduct at issue in this Complaint implicates three relevant antitrust 
markets in the United States: publisher ad  servers, ad exchanges, and advertiser ad networks. 
123 ",text_layer_extracted,[]
complaint:pdf:128,complaint,128," 
 
Case 1:23-cv-00108 Document 1 Filed 01/24/23 Page 128 of 153 PageID# 128 
A.  Geographic Markets  
280.  The United States is a relevant  geographic market  for publisher ad servers, ad  
exchanges, and advertiser ad networks. Market participants recognize this in the ordinary course  
of business. While Google and certain other market participants offer publisher ad servers, ad 
exchanges, and advertiser ad networks internationally, there are differences in publisher and 
advertiser preferences, language, and regulatory frameworks depending on the  country to which 
the publication and/or advertising is intended to be viewed.  
281.  In the alternative, a relevant geographic market for publisher ad servers,  ad  
exchanges, and advertiser ad networks is worldwide (excluding countries such as the People’s  
Republic of China that substantially restrict international internet access).   
B.  Product Markets  
1.  Publisher Ad Servers  
282.  Publisher ad servers for open web display advertising is a relevant  antitrust  
product market. For simplicity, this Complaint refers to these products as “publisher ad servers” 
or “ad servers.” Google offers DoubleClick for Publishers, now part of the  Google  Ad Manager  
suite, as a product in this relevant market.  
283.  A publisher uses a publisher ad server to manage the sale of display ads on its  
webpages. Publisher  ad servers provide functionality such as  ad delivery, reporting, and 
forecasting of availability  across direct deals and  indirect advertising sales. Publisher ad servers  
evaluate potential sources of advertising demand and are the final arbiters  of which ad is selected  
to fill designated  inventory slots  on a publisher’s  webpage.  
284.  Other ad tech products are not reasonable substitutes for publisher  ad servers. As  
compared to publisher  ad servers, alternative products—such as publisher ad networks  (including  
Google’s AdSense product), ad exchanges, closed web platforms, or mobile app ad mediation 
124 ",text_layer_extracted,[]
complaint:pdf:129,complaint,129," 
 
Case 1:23-cv-00108 Document 1 Filed 01/24/23 Page 129 of 153 PageID# 129 
platforms—offer different functionality, serve distinct needs for  publishers, use different pricing  
structures, and/or monetize different types of digital  ad inventory. Thus, there are no reasonable  
substitutes for publisher ad servers, and a publisher ad server monopolist would be able to 
maintain prices above the level that would prevail in a competitive market and/or maintain  
quality below the level that  would prevail in a competitive market.  
285.  Google has maintained a  monopoly in publisher ad servers in the United States  
since at least 2015. As confirmed by Google’s internal assessments,  Google’s share of the 
publisher ad server market in the United States,  measured by  either revenue or impressions,  has  
remained above 90% for  many  years.  Its worldwide market share is similar.  
286.  Importantly, Google’s dominance of open web inventory sold via open auction 
also gives Google a dominant position with respect to the  sale of other types of valuable  
inventory transacted through its publisher ad server. These include directly  sold advertisements  
and advertisements sold outside of open auctions  via programmatic  advertising tools, e.g., 
programmatic guaranteed  and  programmatic direct. Although these transactions are not  
substitutes for open auction transactions, they  give Google substantial sources of additional  
revenue  and data  concerning some of the most sought-after publisher inventory. For  example, in 
2021, direct advertisement sales through  DFP represented  over  $11 bi llion in gross revenues to 
publishers, with programmatic guaranteed  and  programmatic direct  representing approximately  
$1 billion in gross revenue.  
287.  Google has  exploited its  monopoly  power  over  DFP. In 2015, Google developed 
technology  within the publisher ad server that was able to support large volumes of  
programmatic direct transactions. Google initially planned to enable third parties to implement 
the technology via API protocols. By early 2016, Google  recognized that some third-party 
125 ",text_layer_extracted,[]
complaint:pdf:130,complaint,130," 
 
Case 1:23-cv-00108 Document 1 Filed 01/24/23 Page 130 of 153 PageID# 130 
exchanges were ahead of AdX in developing programmatic direct technologies. To forestall the 
development of these  competing products, G oogle developed guidelines which prohibited 
DV360 from engaging in any  engineering w ork to support competing products before  a similar  
integration was already developed between DV360 and AdX. As a  result, competitive product  
development and innovation was impeded until Google’s programmatic direct technologies  
became the de facto  market standard.  
288.  Google’s  durable  monopoly power in publisher ad servers is protected by  
significant barriers to entry.  The cost to build a publisher ad server and  achieve the scale 
necessary to compete effectively are significant.  Publishers typically can  only use one publisher  
ad server at a time and  rarely  incur the  costs to switch from one to another  due to engineering  
integration  costs and significant disruptions caused by switching. The  cost to build a publisher ad 
server is significant,  and  barriers  to  entry are reinforced by Google’s anticompetitive conduct in  
the market.   
289.  Google’s monopoly power in publisher ad servers is further evidenced by  
Google’s ability to engage in conduct that benefits itself at the expense of publishers without  
inducing them to switch to an alternative publisher ad server. Moreover, Google’s monopoly  
power in publisher ad servers is protected by  Google’s  anticompetitive conduct described herein.  
2.  Ad Exchanges   
290.  The market for ad exchanges  for indirect open web display advertising is a  
relevant antitrust product market. For simplicity, this Complaint refers to these products as  “ad  
exchanges.” Google offers AdX, now part of the  Google  Ad Manager suite, as a product in this  
relevant market.   
291.  Publishers use ad exchanges to auction  display ad inventory, and advertisers  
(through advertiser buying tools)  use ad exchanges to purchase  that inventory. Alternative  
126 ",text_layer_extracted,[]
complaint:pdf:131,complaint,131," 
 
Case 1:23-cv-00108 Document 1 Filed 01/24/23 Page 131 of 153 PageID# 131 
methods and products for transacting ad inventory  are not reasonable substitutes for advertisers  
and publishers. As compared to ad exchanges, alternative methods and products for selling a d 
inventory—such as direct deals,  programmatic  guaranteed, traditional ad networks  (those not  
relying on  real-time bidding), closed web platforms, or other ad tech tools for other types of  
digital advertising—are distinct in terms of inventory type, use cases, functionality, inventory  
constraints, and/or monetization. Thus, there are no reasonable substitutes for ad exchanges, and 
an ad exchange monopolist would be able to maintain prices above the level that would prevail  
in a competitive market and/or maintain quality below the level that would  prevail in a  
competitive market.  
292.  Google enjoys  substantial and growing market share  with respect to ad exchanges  
in the United States. Google’s  AdX is the largest ad exchange in the market; it is approximately  
four times larger than the next largest ad exchange, whether measured by impressions won or by  
revenue,  and has been for at least several  years. For open web advertisements sold via open 
auctions, Google’s ad  exchange is the direct winner of  more than  50% of  all ad impressions and 
revenue. Its worldwide market share is higher.  
293.  In addition, Google  also controls the Open Bidding system through which other  
ad exchanges may purchase publisher ad inventory, but only by paying Google  a 5% revenue  
share fee, sharing important bid data with Google, and restricting the demand used to compete in 
the auction. Open Bidding presently represents another approximately 7%  of all U.S. advertising  
impressions won via open auction. As a result, Google has either full (AdX-won impressions) or  
partial (Open Bidding-won transactions) control over, and visibility into, most open auction 
transactions.  
127 ",text_layer_extracted,[]
complaint:pdf:132,complaint,132," 
 
Case 1:23-cv-00108 Document 1 Filed 01/24/23 Page 132 of 153 PageID# 132 
294.  Through the conduct described above, including e nhanced dynamic allocation and 
the integration of AdX into Google Ad Manager, Google has ensured that  AdX is used as an ad 
exchange by publishers representing more than 90% of all open web display  advertisements  
available for auction. Google estimates that AdX is able to see and bid  on 77% of open web 
impressions and that it could profitably force publishers to use AdX by default. By  contrast, all  
other ad exchanges must  compete to be adopted by  publishers  as a secondary  ad exchange before 
they  are  able to see inventory on which to bid.  
295.  Google’s share in the ad exchange market, if  anything, understates AdX’s  
competitive significance. Many  ad exchanges still compete for publisher ad inventory via the  
“waterfall” method, which does not allow for real-time competition among e xchanges and is not  
a close substitute. Excluding transactions that occur via the waterfall method would significantly  
increase Google’s share of the ad exchange market. Additionally,  because  AdX has superior  
access to unique sources  of demand from  Google  Ads,  it is a  must-have ad  exchange for nearly  
all website publishers; other ad exchanges do not have access to similar sources of unique  
demand. And AdX is also one of the only exchanges  connected to both a publisher ad server and 
advertising buying tool owned by the same company.  
296.  Google’s  monopoly  power in ad exchanges is further evidenced by Google’s  
ability to engage in conduct that benefits itself at the expense of publishers  and advertisers  
without inducing them to switch away from AdX  and relying exclusively on alternative ad  
exchanges. This conduct  has  denied scale to rivals and has  allowed Google to  maintain  a supra-
competitive  revenue share for its ad exchange for  over a decade, despite internal documents  
suggesting a  competitive price would be much lower. In addition, Google’s  monopoly  power  in 
ad exchanges is protected by its anticompetitive conduct described herein.  
128 ",text_layer_extracted,[]
complaint:pdf:133,complaint,133," 
 
Case 1:23-cv-00108 Document 1 Filed 01/24/23 Page 133 of 153 PageID# 133 
3.  Advertiser Ad Networks  
297.  Advertiser ad networks for open web display  advertising is a relevant antitrust  
market. An advertiser  ad network provides easy-to-use, self-service  bidding tools that facilitate  
ad placement on open web display ad inventory. Advertiser ad networks are accessible to less  
sophisticated advertisers, although sophisticated advertisers may also use them. Advertiser  ad 
networks typically configure their simple bidding tool with proprietary targeting data that  
uniquely values website  publisher inventory based on a combination of data sources, including  
information about the website, where the  ad will be displayed, and the particular user visiting the  
website. Advertiser ad networks typically  charge advertisers on a  cost-per-click basis rather than  
a cost-per-impression basis. Because advertiser  ad networks  generally purchase advertising  
inventory on a cost-per-impression basis, they must have substantial data and scale to 
successfully predict the likelihood the user will click on the advertisement and thereby  
effectively arbitrage the difference between their  cost to acquire inventory  and the cost-per-click  
price charged to  advertisers.   
298.  Google’s advertiser ad network for open web display  ads has been called the  
Google  Display Network (“GDN”), and is  a portion of Google’s Google  Ads product (formerly  
known as AdWords).  
299.  Many  advertisers that use advertiser ad networks  continue to be  significantly  
limited in their abilities to substitute all or most of their advertising spend to demand side  
platforms (or “DSPs”), the other major  advertiser  buying tool for accessing open-web inventory. 
DSPs require the buyer to directly manage their advertising campaigns, are not reasonably  
accessible to less sophisticated advertisers, and often require buyers to utilize their own 
proprietary data to effectively bid on advertising inventory. Google has described the distinction 
129 ",text_layer_extracted,[]
complaint:pdf:134,complaint,134," 
  
   
 
 
 
 
 
   
 
 
 
   
   
 
 
  
 
    
    
  
Case 1:23-cv-00108 Document 1 Filed 01/24/23 Page 134 of 153 PageID# 134 
between advertiser ad networks like Google Ads and demand side platforms like Google’s 
Display & Video 360 (DV360) as follows: 
Fig. 21 
300. Advertising networks that facilitate the sale of digital advertising on search, social 
media, or app platforms do not purchase inventory from such open web website publishers and 
have distinct, more limited reach. 
301. Google has monopoly power in the relevant market for advertiser ad networks. 
Google built the open web display advertising component of Google Ads by providing easily 
accessible bidding tools for advertisers, including less sophisticated advertisers. Google 
documents state that Google Ads provides access to over 2 million websites and reaches over 
90% of internet users. Google Ads’ United States and worldwide shares of the market for 
advertiser ad networks for open web display advertising has not dropped below 70% (measured 
by impressions) since 2015; it currently stands at around 80%. Google experimented with 
increasing the revenue share charged on advertising demand available through Google Ads, and 
found that it could profitably impose an increase in excess of 5%. This demonstrates that 
advertisers would not substitute away from Google Ads to any alternative ad buying tool in 
sufficient volume to defeat such a price increase. 
302. Google’s market power in advertiser ad networks for open web display ads is 
protected by significant barriers to entry. Google was able to build Google Ads’ large pool of 
unique, often small, advertisers through its search product, as it was able to opt search advertisers 
130 ",text_layer_extracted,[]
complaint:pdf:135,complaint,135," 
Case 1:23-cv-00108 Document 1 Filed 01/24/23 Page 135 of 153 PageID# 135 
into extending their campaigns into open web display. Few  companies have such a product  
available, nor  could one  be readily built for this purpose.  
303.  Any  advertiser ad network seeking to compete meaningfully with Google  Ads  
would need to build a large enough pool of advertiser demand to be attractive to ad exchanges  
and publishers. Building s uch a pool is difficult, even for well-funded market participants.  
VII.  JURISDICTION, VENUE,  AND COMMERCE   
304.  The United States brings  this action pursuant to Section 4 of the Sherman Act, 
15 U.S.C. § 4, to prevent and restrain Google’s violations of Sections 1 and 2 of the Sherman 
Act, 15 U.S.C. §§ 1, 2. 
305.  Plaintiffs California, Colorado, Connecticut, New Jersey, New York, Rhode  
Island, Tennessee,  and Virginia by and through their respective Attorneys  General, bring this  
action pursuant to Section 16 of the Clayton Act, 15 U.S.C. § 26, to prevent and restrain 
Google’s violations of Sections 1 and 2 of the Sherman Act, 15 U.S.C. §§ 1, 2. 
306.   This Court has subject matter jurisdiction over this action under Section 4 of the  
Sherman Act, 15 U.S.C. § 4, and 28 U.S.C. §§ 1331, 1337(a), and 1345.  
307.  The Court has personal jurisdiction over Google;  venue is proper in this District  
under Section 12 of the  Clayton Act, 15 U.S.C. § 22, and under 28 U.S.C. § 1391 because  
Google transacts business and is found within this District. 
308.  Google is  a limited liability company organized and existing under the laws of the  
State of Delaware  and is headquartered in Mountain View, California. Google is owned by 
Alphabet  Inc., a publicly  traded company incorporated and existing under the laws of the State of  
Delaware and headquartered in Mountain View, California. Google’s display  advertising  
business is part of its “Ads” unit, which consists of Google’s YouTube, search, shopping, and 
131 ",text_layer_extracted,[]
complaint:pdf:136,complaint,136," 
Case 1:23-cv-00108 Document 1 Filed 01/24/23 Page 136 of 153 PageID# 136 
non-search display advertising businesses. In 2021, Alphabet recorded nearly $260 billion in 
revenue, a 41% increase  over 2020. Alphabet’s “Google Network” revenue, which represents  
non-search display advertising revenue from Google’s  AdMob, Ad Manager, and AdSense  
products, among others, generated $31.7 billion in 2021, a 37%  increase over 2020 revenue.  
309.  Google  engages in, and its activities substantially  affect, interstate trade and  
commerce. Google provides a range of products and services that are marketed, distributed, and 
offered to consumers throughout the United States, in the plaintiff States, across  state lines, and  
internationally.  
VIII.  VIOLATIONS ALLEGED  
First Claim for Relief: Monopolization of the Publisher Ad  Server Market in  Violation of  
Sherman Act § 2  
310.  Plaintiffs incorporate the  allegations of paragraphs 1 through 309 above.  
311.  Publisher ad servers for open web display advertising in the United States or, in 
the alternative, worldwide is a relevant antitrust market, and Google has monopoly power in that  
market.  
312.  Google has unlawfully monopolized the publisher ad server market through a  
course of  exclusionary  conduct described herein. While each of Google’s actions increased, 
maintained, or protected its publisher ad server monopoly and/or market power in adjacent  
markets, the following exclusionary conduct—taken together —played a particularly important 
role in unlawfully establishing or maintaining a publisher ad server monopoly:   
(1)  Google’s acquisition of  DoubleClick to obtain not only a dominant publisher ad 
server, DFP, but also a nascent ad exchange, AdX, in order to pursue its  goal of  
dominance across the entire ad tech stack;   
(2)     Google’s  restriction of Google Ads’  advertiser demand exclusively to AdX;   
132 ",text_layer_extracted,[]
complaint:pdf:137,complaint,137," 
 
Case 1:23-cv-00108 
Document 1 Filed 01/24/23 Page 137 of 153 PageID# 137 
(3)    Google’s  restriction of effective real-time access to AdX exclusively to DFP;  
(4)    Google’s limitation of dynamic allocation bidding techniques exclusively to  AdX;  
(5)    Google’s providing A dX with a “last look” auction advantage over rival exchanges;   
(6)    Google’s  acquisition of AdMeld to stop its  yield management technology from  
promoting multi-homing across  ad exchanges;   
(7)    Google’s use of Project Bell, which lowered, without advertisers’ permission, bids to 
publishers who dared partner with  Google’s competitors;   
(8)    Google’s deployment of  sell-side Dynamic Revenue Share to manipulate auction  
bids—again, without publishers’ knowledge—to advantage AdX;   
(9)    Google’s use of Project Poirot to thwart the competitive threat of header bidding by  
secretly  and artificially manipulating  DV360’s  advertiser bids on rival ad exchanges  
using header bidding in order to ensure transactions were won by  Google’s  AdX; and  
(10)  Google’s veiled introduction of so- called Unified Pricing Rules that took away  
publishers’ power to transact with rival ad exchanges  at preferred prices.   
313.  Although each of these acts is anticompetitive in its own right, these interrelated  
and interdependent actions have had a cumulative and synergistic effect that has harmed  
competition and the competitive process.  
314.  Google’s exclusionary conduct has foreclosed a substantial share of the publisher  
ad server market.  
315.  Google’s anticompetitive acts have had harmful  effects on competition and 
consumers.   
316.  Google’s exclusionary conduct  lacks a procompetitive justification that offsets the  
harm caused by Google’s anticompetitive and unlawful conduct.  
133 ",text_layer_extracted,[]
complaint:pdf:138,complaint,138," 
 
Case 1:23-cv-00108 Document 1 Filed 01/24/23 Page 138 of 153 PageID# 138 
Second Claim for Relief:  Monopolization of the Ad Exchange Market  in  Violation of Sherman  
Act § 2  
317.  Plaintiffs incorporate the  allegations of paragraphs 1 through 309  above.  
318.  Ad exchanges for open web display  advertising in the United States  or, in the  
alternative, worldwide  is a relevant antitrust market, and Google has monopoly power in that  
market.  
319.  Google has unlawfully monopolized the ad exchange market through an 
exclusionary course of  conduct and the anticompetitive acts described herein. While each of  
Google’s actions  collectively increased, maintained, or protected its ad exchange monopoly  
and/or market power in adjacent markets, the following exclusionary conduct—taken together — 
played a particularly important role in unlawfully  establishing or maintaining an ad exchange  
monopoly:   
(1)    Google’s  acquisition of DoubleClick to obtain not only a dominant publisher ad 
server, DFP, but also a nascent ad exchange, AdX, in order to pursue its  goal of  
dominance across the entire ad tech stack;    
(2)    Google’s  restriction of  Google Ads’  advertiser demand exclusively to AdX;   
(3)    Google’s  restriction of effective real-time access to AdX exclusively to DFP;  
(4)    Google’s limitation of dynamic allocation bidding techniques exclusively to AdX;  
(5)    Google’s providing A dX  with a “last look” auction advantage over rival exchanges;   
(6)    Google’s  acquisition of AdMeld to stop its  yield management technology from  
promoting multi-homing across  ad exchanges;   
(7)    Google’s use of Project Bell, which lowered, without advertisers’ permission, bids to 
publishers who dared partner with  Google’s competitors;   
134 ",text_layer_extracted,[]
complaint:pdf:139,complaint,139," 
 
Case 1:23-cv-00108 
Document 1 Filed 01/24/23 Page 139 of 153 PageID# 139 
(8)    Google’s deployment of  sell-side Dynamic Revenue Share to manipulate auction  
bids—again, without publishers’  knowledge—to advantage AdX;   
(9)    Google’s use of Project Poirot to thwart the competitive threat of header bidding by  
secretly  and artificially manipulating  DV360’s  advertiser bids on rival ad exchanges  
using header bidding in order to ensure transactions were won by  Google’s  AdX; and  
(10)  Google’s veiled introduction of so-called Unified Pricing Rules that took away  
publishers’ power to transact with rival ad exchanges  at certain prices.   
320.   Although each of these acts is  anticompetitive in  its  own right, these interrelated 
and interdependent actions have had a cumulative and synergistic effect that has harmed  
competition and the competitive process.  
321.  Google’s conduct has drastically altered the supply  paths through which available  
display advertising inventory is sold, reducing payouts to publishers, burdening advertisers and 
publishers with lower-quality matches of advertisements to inventory, and inhibiting choice and 
innovation across the ad tech stack.  
322.  Google’s anticompetitive acts have had harmful  effects on competition and 
consumers. 
  
323.  Google’s exclusionary conduct  lacks a procompetitive justification that offsets the  
harm caused by Google’s anticompetitive and unlawful conduct.  
Second Claim for Relief, in the Alternative: Attempted Monopolization of the Ad Exchange  
Market  in Violation of Sherman Act § 2  
324.  Plaintiffs incorporate the  allegations of paragraphs 1 through 309  above.  
325.  Ad exchanges for open web display  advertising in the United States  or, in the  
alternative, worldwide  is a relevant antitrust market, and Google has attempted to monopolize  
that market.  
135 ",text_layer_extracted,[]
complaint:pdf:140,complaint,140," 
 
Case 1:23-cv-00108 Document 1 Filed 01/24/23 Page 140 of 153 PageID# 140 
326.  Google has attempted to monopolize the ad exchange market through an 
exclusionary course of  conduct and the anticompetitive acts described herein. While each of  
Google’s actions collectively increased Google’s  market power  in the ad exchange and adjacent  
markets, the following exclusionary conduct—taken together —played a particularly important 
role in Google’s attempt  to attain an ad exchange  monopoly:   
(1)     Google’s  acquisition of DoubleClick to obtain not only a dominant  publisher ad 
server, DFP, but also a nascent ad exchange, AdX, in order to pursue its  goal of  
dominance across the entire ad tech stack;    
(2)    Google’s  restriction of Google Ad’s  advertiser demand exclusively to AdX;   
(3)     Google’s  restriction of effective real-time access to AdX exclusively to DFP;  
(4)    Google’s limitation of dynamic allocation bidding techniques exclusively to AdX;  
(5)    Google’s providing A dX with a “last look” auction advantage over rival exchanges;   
(6)    Google’s acquisition of AdMeld to stop its  yield management technology from  
promoting multi-homing across  ad exchanges;   
(7)    Google’s use of Project Bell, which lowered, without advertisers’ permission, bids to 
publishers who dared  partner with  Google’s competitors;   
(8)     Google’s deployment of  sell-side Dynamic Revenue Share to manipulate auction  
bids—again, without publishers’ knowledge—to advantage AdX;   
(9)    Google’s use of Project Poirot to thwart the competitive threat of header bidding by  
secretly and  artificially manipulating  DV360’s  advertiser bids on rival ad exchanges  
using header bidding in order to ensure transactions were won by  Google’s  AdX; and  
(10)  Google’s veiled introduction of so-called Unified Pricing Rules that took away  
publishers’ power to transact with rival ad exchanges  at certain prices.  
136 ",text_layer_extracted,[]
complaint:pdf:141,complaint,141," 
 
Case 1:23-cv-00108 Document 1 Filed 01/24/23 Page 141 of 153 PageID# 141 
327.   Although each of these acts is  anticompetitive in  its  own right, these interrelated 
and interdependent actions have had a cumulative and synergistic effect that has harmed  
competition and the competitive process.  
328.  In undertaking this course of conduct, Google has  acted with a specific intent to 
monopolize, and to destroy effective competition in, the ad exchange market in the United 
States. There is a dangerous probability that, unless restrained, Google will  succeed in  
monopolizing the ad exchange market, in violation of Section 2 of the Sherman Act.  
329.  Google’s conduct has drastically altered the supply  paths through which available  
display advertising inventory is sold, reducing payouts to publishers, burdening advertisers and  
publishers with lower-quality matches of advertisements to inventory, and inhibiting choice and 
innovation across the ad tech stack.  
Third Claim for Relief: Monopolization of the Advertiser Ad Network Market  in Violation of  
Sherman Act § 2  
330.  Plaintiffs incorporate the  allegations of paragraphs 1 through 309  above.  
331.  Advertiser ad networks for open web display  advertising in the United States  or, 
in the alternative, worldwide  is a relevant antitrust market, and Google has monopoly power in 
that market.  
332.  Google has unlawfully maintained its monopoly in the advertiser  ad network 
market through an exclusionary  course  of conduct and the anticompetitive acts described herein. 
While  each of Google’s actions collectively increased, maintained, or protected its advertiser  ad 
network monopoly  and/or market position in adjacent markets, its veiled introduction of so-
called Unified Pricing Rules that took away publishers’ power to transact  with rival advertiser  ad  
networks at certain prices  played  a particularly important role in unlawfully  establishing or  
maintaining an advertiser ad network monopoly.  
137 ",text_layer_extracted,[]
complaint:pdf:142,complaint,142," 
 
Case 1:23-cv-00108 
Document 1 Filed 01/24/23 Page 142 of 153 PageID# 142 
333.  Google’s conduct has drastically altered the supply  paths through which available  
display advertising inventory is sold, reducing payouts to publishers, burdening advertisers and 
publishers with lower-quality matches of advertisements to inventory, and inhibiting choice and 
innovation across the ad tech stack.  
334.  Google’s anticompetitive acts have had harmful  effects on competition and 
consumers. 
  
335.  Google’s exclusionary conduct  lacks a procompetitive justification that offsets the  
harm caused by Google’s anticompetitive and unlawful conduct.  
Fourth  Claim for Relief: Unlawful Tying  in Violation of  Sherman Act §§ 1 and 2  
336.  Plaintiffs incorporate the  allegations of paragraphs 1 through 309  above.  
337.  Google’s AdX and DFP  are separate and distinct  products. They are sold in 
different markets; their functions are different; there is separate demand for them;  and they have  
been treated by Google  and by other industry participants as separate products.  
338.  Google’s AdX has sufficient market power in the  market for  ad exchanges  for  
open web display advertising in the United States  to coerce publishers to license DFP, thus  
restraining competition in the market for publisher ad servers for open web display advertising in 
the United States.  AdX  was viewed  as a “must-have” product in part because of its exclusive  
access to Google Ads’ demand.  Google compels  publishers to use DFP to access real-time  
competition between AdX and other demand sources. The only viable  economic option for many  
publishers is to use DFP because  choosing a rival  platform would require the publisher to lose  
access to economically essential, real-time, competitive advertiser demand.  
339.  Google’s tying  arrangement affects a substantial volume of commerce in the 
publisher ad server market and has substantially  foreclosed competition in the publisher ad 
server market. Google’s tying arrangement has excluded competition in the publisher ad server  
138 ",text_layer_extracted,[]
complaint:pdf:143,complaint,143," 
 
    
 
 
 
 
   
  
  
 
  
  
      
 
 
     
 
 
      
 
 
     
market. Google’s tying arrangement has further caused competing ad servers substantial 
damages as a direct and proximate cause of this unlawful conduct because Google has foreclosed 
other ad servers from competing for potential publishers and has deprived ad servers of other 
business for reasons having nothing to do with the merits of DFP. 
Fifth Claim for Relief: Damages Incurred by the United States by Reason of Google’s 
Violations of the Antitrust Laws, 15 U.S.C. § 15a 
340. Plaintiffs incorporate the allegations of paragraphs 1 through 309 above. 
341. Google’s violations of the Sherman Act have caused the United States to incur 
monetary damages, as the United States and its various agencies and departments are buyers of 
open web display advertising. 
IX. REQUEST FOR RELIEF 
342. To remedy these illegal acts, Plaintiffs request that the Court: 
1. Adjudge and decree that Google has acted unlawfully to monopolize the 
publisher ad server market in the United States in violation of Section 2 of 
the Sherman Act, 15 U.S.C. § 2; 
2. Adjudge and decree that Google has acted unlawfully to monopolize, or, 
in the alternative, attempt to monopolize, the ad exchange market in the 
United States in violation of Section 2 of the Sherman Act, 15 U.S.C. § 2; 
3. Adjudge and decree that Google has acted unlawfully to monopolize the 
advertiser ad network market in the United States in violation of Section 2 
of the Sherman Act, 15 U.S.C. § 2; 
4. Adjudge and decree that Google has acted unlawfully by tying AdX and 
DFP in violation of Sections 1 and 2 of the Sherman Act, 15 U.S.C. §§ 1, 
2. 
Case 1:23-cv-00108 Document 1 Filed 01/24/23 Page 143 of 153 PageID# 143 
139 ",text_layer_extracted,[]
complaint:pdf:144,complaint,144," 
Case 1:23-cv-00108 Document 1 Filed 01/24/23 Page 144 of 153 PageID# 144 
5.  Award  damages  pursuant to 15 U.S.C. § 15a;  
  
6.  Order the divestiture of, at minimum, the Google  Ad Manager suite, 
including both Google’s  publisher ad server, DFP, and Google’s ad 
exchange,  AdX,  along  with any  additional structural relief  as needed to  
cure any anticompetitive harm;  
7.  Enjoin Google from continuing to engage in the anticompetitive practices  
described herein and  from engaging in  any other  practices  with the same 
purpose and effect  as the challenged practices;  
8.  Enter any other preliminary or permanent relief necessary and appropriate 
to restore competitive conditions in the markets affected by Google’s  
unlawful conduct;  
9.  Enter any additional relief the Court finds just and proper; and  
10.  Award  each Plaintiff, as  applicable, an amount equal to its costs, including  
reasonable attorneys’  fees, incurred in bringing this action. 
X.  DEMAND FOR A JURY TR IAL   
343.  Pursuant to Federal Rule  of Civil Procedure 38(b), Plaintiffs demand a trial  by  
jury of  all issues properly triable to a jury in this case.  
 
  
140 ",text_layer_extracted,[]
complaint:pdf:145,complaint,145," 
 
 
 
 
 
 
  
                
 
 
  
                    
 
  
 
  
         
 
   
 
  
                         
 
 
  
         
 
 
 
  
            
  
 
 
  
  
  
  
  
               
 
 
 
 
 
 
 
  
  
 
 
      
  
 
  
 
 
 
 
 
 
 
  
     
  
 
 
 
 
 
 
 
  
   
 
Case 1:23-cv-00108 Document 1 Filed 01/24/23 Page 145 of 153 PageID# 145 
Dated this 24th day of January, 2023. 
Respectfully submitted, 
FOR PLAINTIFF UNITED STATES OF AMERICA, 
/s/ Jonathan S. Kanter 
JONATHAN S. KANTER 
Assistant Attorney General for Antitrust 
/s/ Doha G. Mekki 
DOHA G. MEKKI 
Principal Deputy Assistant Attorney 
General for Antitrust 
/s/ Hetal J. Doshi             
HETAL J. DOSHI 
Deputy Assistant Attorney General for 
Antitrust 
/s/ Ryan Danks 
RYAN DANKS 
Director of Civil Enforcement 
/s/ Daniel S. Guarnera     
DANIEL S. GUARNERA 
Acting Chief 
Civil Conduct Task Force 
/s/ Timothy S. Longman 
TIMOTHY S. LONGMAN 
Acting Assistant Chief 
Civil Conduct Task Force 
JESSICA D. ABER 
United States Attorney 
/s/ Gerard Mene              
GERARD MENE 
Assistant U.S. Attorney 
Jamieson Avenue 
Alexandria, VA 22046 
Telephone: (703) 299-3777 
Facsimile: (703) 299-3983 
Email: Gerard.Mene@usdoj.gov 
/s/ Julia Tarver Wood                   
JULIA TARVER WOOD 
AARON M. TEITELBAUM 
Senior Litigation Counsel 
NICHOLAS S. CHEOLAS 
DAVID A. GEIGER 
JACKLIN CHOU LEM 
ARSHIA NAJAFI 
BRENT K. NAKAMURA 
G. CHARLES NIERLICH 
CHASE E. PRITCHETT 
ANDREW SCHUPANITZ 
DAVID M. TESLICKO 
MICHAEL E. WOLIN 
Trial Attorneys 
United States Department of Justice 
Antitrust Division 
450 Fifth Street NW, Suite 7100 
Washington, DC 20530 
Telephone: (202) 307-0077 
Fax: (202) 616-8544 
Email: Julia.Tarver.Wood@usdoj.gov 
Attorneys for the United States 
141 ",text_layer_extracted,[]
complaint:pdf:146,complaint,146," 
 
  
Case 1:23-cv-00108 Document 1 Filed 01/24/23 Page 146 of 153 PageID# 146 
FOR PLAINTIFF COMMONWEALTH OF  VIRGINIA:  
 
JASON S. MIYARES   
Attorney General of Virginia  
  
/s/ Andrew N. Ferguson                       
ANDREW N. FERGUSON  
Solicitor General  
STEVEN G. POPPS  
Deputy  Attorney General  
Civil Division  
TYLER T.  HENRY  
Assistant  Attorney General  
 
Office of the Attorney  General of Virginia  
202 North Ninth  Street  
Richmond, Virginia 23219 
Telephone: (804) 692-0485 
Facsimile: (804) 786-0122 
Email: thenry@oag.state.va.us  
 
Attorneys  for Plaintiff Commonwealth of Virginia 
 
142 ",text_layer_extracted,[]
complaint:pdf:147,complaint,147," 
  
 
 
  
  
                               
 
  
 
  
 
  
 
  
  
  
 
 
  
 
 
  
                     
 
 
 
  
 
  
 
 
  
  
 
 
 
  
Case 1:23-cv-00108 Document 1 Filed 01/24/23 Page 147 of 153 PageID# 147 
FOR PLAINTIFF STATE OF CALIFORNIA: 
ROB BONTA 
Attorney General of California 
/s/ Paula Blizzard 
PAULA BLIZZARD 
Supervising Deputy Attorney General 
BRIAN WANG 
Deputy Attorney General 
HENRY CORNILLIE 
Deputy Attorney General 
Office of the Attorney General 
California Department of Justice 
455 Golden Gate Avenue, Suite 11000 
San Francisco, California 94102 
Telephone: (415) 510-3765 
Email: Paula.Blizzard@doj.ca.gov 
Attorneys for Plaintiff State of California 
JASON S. MIYARES 
Attorney General of Virginia 
/s/ Andrew N. Ferguson  
ANDREW N. FERGUSON 
Solicitor General 
STEVEN G. POPPS 
Deputy Attorney General 
Civil Division 
TYLER T. HENRY 
Assistant Attorney General 
Office of the Attorney General of Virginia 
202 North Ninth Street 
Richmond, Virginia 23219 
Telephone: (804) 692-0485 
Facsimile: (804) 786-0122 
Email: thenry@oag.state.va.us 
Local Counsel for Plaintiff State of California 
143 ",text_layer_extracted,[]
complaint:pdf:148,complaint,148," 
 
  
   
 
  
  
                           
  
  
 
 
 
 
  
  
  
 
 
 
 
  
 
 
  
                     
  
 
 
  
 
  
 
 
  
 
 
 
 
 
 
  
Case 1:23-cv-00108 Document 1 Filed 01/24/23 Page 148 of 153 PageID# 148 
FOR PLAINTIFF STATE OF COLORADO: 
PHILIP J. WEISER 
Attorney General of Colorado 
STEVEN M. KAUFMANN 
Deputy Attorney General 
/s/ Bryn Williams 
BRYN WILLIAMS 
First Assistant Attorney General 
JAN M. ZAVISLAN 
Senior Counsel 
Colorado Department of Law 
Office of the Attorney General 
Ralph L. Carr Judicial Center 
1300 Broadway, 7th Floor 
Denver, CO 80203 
Telephone: (720) 508-6000 
Email: Bryn.Williams@coag.gov 
Attorneys for Plaintiff State of Colorado 
JASON S. MIYARES 
Attorney General of Virginia 
/s/ Andrew N. Ferguson  
ANDREW N. FERGUSON 
Solicitor General 
STEVEN G. POPPS 
Deputy Attorney General 
Civil Division 
TYLER T. HENRY 
Assistant Attorney General 
Office of the Attorney General of Virginia 
202 North 9th Street 
Richmond, Virginia 23219 
Telephone: (804) 692-0485 
Facsimile: (804) 786-0122 
Email: thenry@oag.state.va.us 
Local Counsel for Plaintiff State of Colorado 
144 ",text_layer_extracted,[]
complaint:pdf:149,complaint,149," 
 
 
  
  
  
  
                           
 
 
 
 
 
 
 
 
 
 
 
 
 
   
 
 
 
  
                     
 
 
 
  
 
  
 
 
  
 
 
 
  
 
 
  
Case 1:23-cv-00108 Document 1 Filed 01/24/23 Page 149 of 153 PageID# 149 
FOR PLAINTIFF STATE OF CONNECTICUT: 
WILLIAM TONG 
Attorney General of Connecticut 
EILEEN MESKILL 
Deputy Attorney General 
/s/ Nicole Demers 
NICOLE DEMERS 
Deputy Associate Attorney General 
Connecticut Office 
of the Attorney General 
165 Capitol Avenue 
Hartford, CT 06106 
Phone: (860) 808-5202 
Email: Nicole.Demers@ct.gov 
Attorneys for Plaintiff 
State of Connecticut 
JASON S. MIYARES 
Attorney General of Virginia 
/s/ Andrew N. Ferguson  
ANDREW N. FERGUSON 
Solicitor General 
STEVEN G. POPPS 
Deputy Attorney General 
Civil Division 
TYLER T. HENRY 
Assistant Attorney General 
Office of the Attorney General of Virginia 
202 North 9th Street 
Richmond, Virginia 23219 
Telephone: (804) 692-0485 
Facsimile: (804) 786-0122 
Email: thenry@oag.state.va.us 
Local Counsel for Plaintiff 
State of Connecticut 
145 ",text_layer_extracted,[]
complaint:pdf:150,complaint,150," 
  
Case 1:23-cv-00108 Document 1 Filed 01/24/23 Page 150 of 153 PageID# 150 
FOR  PLAINTIFF STATE OF NEW JERSEY:  
MATTHEW J. PLATKIN  
Attorney  General of  New Jersey  
  
/s/ Yale A.  Leber                           
YALE A.  LEBER  
Deputy  Attorney General  
  
 
 
 
 
New Jersey Office  
of the Attorney General  
Consumer Fraud Prosecution Section 
124 Halsey Street, Fifth Floor  
Newark,  NJ 07102 
Phone: (973) 648-3798  
Email: Yale.Leber@law.njoag.gov  
 
Attorneys  for Plaintiff   
State of New Jersey  
 
JASON S. MIYARES  
Attorney General of Virginia  
  
/s/ Andrew N. Ferguson                       
ANDREW N. FERGUSON  
Solicitor General  
STEVEN G. POPPS  
Deputy  Attorney General  
Civil Division  
TYLER T.  HENRY  
Assistant Attorney General  
 
Office of the Attorney  General of Virginia  
202 North 9th Street  
Richmond, Virginia 23219 
Telephone: (804) 692-0485 
Facsimile: (804) 786-0122 
Email: thenry@oag.state.va.us  
 
Local Counsel for Plaintiff   
State of New Jersey  
146 ",text_layer_extracted,[]
complaint:pdf:151,complaint,151," 
 
 
   
  
 
 
 
  
 
 
 
  
 
  
 
 
 
 
 
  
 
 
  
                                 
 
  
 
  
 
  
 
 
  
 
 
 
 
 
  
Case 1:23-cv-00108 Document 1 Filed 01/24/23 Page 151 of 153 PageID# 151 
FOR PLAINTIFF STATE OF NEW YORK: 
LETITIA JAMES 
Attorney General of New York 
/s/ Elinor Hoffmann                                      
ELINOR R. HOFFMAN 
Chief, Antitrust Bureau 
CHRISTOPHER D’ANGELO 
Chief Deputy Attorney General 
Economic Justice Division 
MORGAN J. FEDER 
Assistant Attorney General 
New York State 
Office of the Attorney General 
28 Liberty Street, 20th Floor 
New York, NY 10005 
Phone: (212) 416-8269 
Email: Elinor.Hoffmann@ag.ny.gov 
Attorneys for Plaintiff State of New York 
JASON S. MIYARES 
Attorney General of Virginia 
/s/ Andrew N. Ferguson  
ANDREW N. FERGUSON 
Solicitor General 
STEVEN G. POPPS 
Deputy Attorney General 
Civil Division 
TYLER T. HENRY 
Assistant Attorney General 
Office of the Attorney General of Virginia 
202 North 9th Street 
Richmond, Virginia 23219 
Telephone: (804) 692-0485 
Facsimile: (804) 786-0122 
Email: thenry@oag.state.va.us 
Local Counsel for Plaintiff State of New York 
147 ",text_layer_extracted,[]
complaint:pdf:152,complaint,152," 
 
 
   
 
  
 
  
 
 
 
 
 
 
  
 
 
 
 
 
 
  
 
  
 
 
 
                     
 
 
 
  
 
  
 
 
  
 
 
 
  
  
 
  
Case 1:23-cv-00108 Document 1 Filed 01/24/23 Page 152 of 153 PageID# 152 
FOR PLAINTIFF STATE OF RHODE ISLAND: 
PETER NERONHA 
Attorney General of Rhode Island 
/s/ Lloyd M. Ocean 
LLOYD M. OCEAN 
Special Assistant Attorney General 
Office of the Attorney General 
150 South Main Street 
Providence, RI 02903 
Phone: (401) 274-4400 
Email: locean@riag.ri.gov 
Attorneys for Plaintiff 
State of Rhode Island 
JASON S. MIYARES 
Attorney General of Virginia 
/s/ Andrew N. Ferguson  
ANDREW N. FERGUSON 
Solicitor General 
STEVEN G. POPPS 
Deputy Attorney General 
Civil Litigation 
TYLER T. HENRY 
Assistant Attorney General 
Office of the Attorney General of Virginia 
202 North 9th Street 
Richmond, Virginia 23219 
Telephone: (804) 692-0485 
Facsimile: (804) 786-0122 
Email: thenry@oag.state.va.us 
Local Counsel for Plaintiff 
State of Rhode Island 
148 ",text_layer_extracted,[]
complaint:pdf:153,complaint,153," 
  
 
 
   
 
 
                            
 
 
 
 
 
 
 
   
 
 
 
 
 
  
 
 
 
 
                                 
 
 
 
  
  
 
 
  
 
 
 
 
 
 
 
 
 
Case 1:23-cv-00108 Document 1 Filed 01/24/23 Page 153 of 153 PageID# 153 
FOR PLAINTIFF STATE OF TENNESSEE: 
JONATHAN SKRMETTI 
Attorney General and Reporter 
/s/ J. David McDowell    
J. DAVID MCDOWELL 
Deputy, Consumer Protection Division 
ETHAN BOWERS 
Assistant Attorney General 
TYLER T. CORCORAN 
Assistant Attorney General 
Office of the Attorney General and Reporter 
P.O. Box 20207 
Nashville, TN 37202 
Phone: (615) 741-8722 
Email: David.McDowell@ag.tn.gov 
Attorneys for Plaintiff State of Tennessee 
JASON S. MIYARES 
Attorney General of Virginia 
/s/ Andrew N. Ferguson  
ANDREW N. FERGUSON 
Solicitor General 
STEVEN G. POPPS 
Deputy Attorney General, Civil Litigation 
TYLER T. HENRY 
Assistant Attorney General 
Office of the Attorney General of Virginia 
202 North 9th Street 
Richmond, Virginia 23219 
Telephone: (804) 692-0485 
Facsimile: (804) 786-0122 
Email: thenry@oag.state.va.us 
Local Counsel for Plaintiff State of Tennessee 
149 ",text_layer_extracted,[]
memorandum-opinion:pdf:1,memorandum-opinion,1,"  
 
 
 
  
 
    
 
  
 
 
 
    
 
 
 
 
 
 
 
 
 
) 
) 
) 
) 
) 
) 
) 
) 
) 
 
 
 
      
      
   
  
  
     
   
  
 
    
  
    
 
  
   
Case 1:23-cv-00108-LMB-JFA Document 1410 Filed 04/17/25 Page 1 of 115 PageID# 
103681 
IN THE UNITED STATES DISTRICT COURT FOR THE 
EASTERN DISTRICT OF VIRGINIA 
Alexandria Division 
UNITED STATES OF AMERICA, et al., 
Pla
intiffs, 
v. 
GOOGLE LLC, 
Defendant. 
1:23-cv-
108 (LMB/JFA) 
MEMORANDUM OPINION 
The
 federal government and seventeen states (“Plaintiffs”) have brought this antitrust 
action against Google LLC (“Google” or “Defendant”), in which they claim that Google has 
monopolized three digital advertising technology markets in violation of Section 2 of the 
Sherman Act, and has tied its products in these markets together in violation of Sections 1 and 2 
of the Sherman Act. 
With the benefit of a three-week bench trial and extensive post-trial filings, the Court 
finds that Plaintiffs have failed to prove that there is a relevant market for open-web display 
advertiser ad networks, but have proven that Google has violated Section 2 of the Sherman Act 
by willfully acquiring and maintaining monopoly power in the open-web display publisher ad 
server market and the open-web display ad exchange market, and has unlawfully tied its 
publisher ad server (DFP) and ad exchange (AdX) in violation of Sections 1 and 2 of the 
Sherman Act.  Having found Google liable, the Court will set a briefing schedule and hearing 
date to determine the appropriate remedies for these antitrust violations. 
I. Procedural History
On January 24, 2023, the United States and eight states—California, Colorado, 
Connecticut, New Jersey, New York, Rhode Island, Tennessee, and Virginia—filed a five-count ",text_layer_extracted,[]
memorandum-opinion:pdf:2,memorandum-opinion,2," 
  
 
  
  
   
   
  
 
  
  
  
  
   
   
   
 
   
 
 
  
   
   
  
Case 1:23-cv-00108-LMB-JFA Document 1410 Filed 04/17/25 Page 2 of 115 PageID# 
103682 
Complaint against Google under Section 4 of the Sherman Act, 15 U.S.C. § 4, and Section 16 of 
the Clayton Act, 15 U.S.C. § 26,1 [Dkt. No. 1] at 135, alleging monopolization of the publisher 
ad server market (Count I), monopolization or attempted monopolization of the ad exchange 
market (Count II), and monopolization of the advertiser ad network market (Count III), all in 
violation of Section 2 of the Sherman Act.  Id. at 136–42.  They also alleged unlawful tying in 
violation of Sections 1 and 2 of the Sherman Act (Count IV), and claimed that the United States 
had suffered monetary damages from Google’s violations of antitrust law under 15 U.S.C. § 15a 
(Count V).  Id. at 142–43.  Based on this claim for damages, the Complaint sought a jury trial.  
Id. at 144.  For remedies, in addition to seeking monetary damages, the Complaint sought an 
order requiring the divesture of Google’s publisher ad server and ad exchange products, 
enjoining Google from engaging in anticompetitive practices, providing such relief as necessary 
to restore competitive conditions in the markets affected by Google’s conduct, and awarding 
costs and reasonable attorneys’ fees. Id. at 143–44. 
On February 17, 2023, Google moved to transfer the case to the Southern District of New 
York under 28 U.S.C. § 1404(a), [Dkt. No. 44] at 1, alleging that transfer was in the interest of 
justice because nineteen civil antitrust actions brought against Google for its advertising 
technology practices had been transferred to that district and consolidated under a single district 
judge by the Judicial Panel on Multidistrict Litigation in August 2021.  [Dkt. No. 44-2] at 7.  The 
Court denied the Motion to Transfer because 28 U.S.C. § 1407(g) exempts antitrust suits brought 
by the United States and state governments from multidistrict litigation.  [Dkt. No. 60] at 12–13, 
1 15 U.S.C. § 4 authorizes the U.S. Department of Justice to institute proceedings in equity to 
prevent and restrain violations of the Sherman Act.  15 U.S.C. § 26 allows any person, firm, 
corporation, or association to obtain injunctive relief against threatened loss or damage from a 
violation of federal antitrust law.  States may bring civil actions under 15 U.S.C. § 26 on behalf 
of their citizens. See California v. Am. Stores Co., 495 U.S. 271, 282–83 (1990). 
2 ",text_layer_extracted,[]
memorandum-opinion:pdf:3,memorandum-opinion,3," 
  
   
    
 
     
 
 
  
 
   
    
     
      
  
    
 
   
 
Case 1:23-cv-00108-LMB-JFA Document 1410 Filed 04/17/25 Page 3 of 115 PageID# 
103683 
18–19. The Court also found that “the strong public policy and congressional intent evinced in 
§ 1407(g) to prioritize expeditious enforcement of antitrust laws by federal and state 
governments and the balance of the remaining § 1404(a) factors” counseled against transfer. Id. 
at 18–19.  
Plaintiffs filed an Amended Complaint on April 17, 2023, solely to add nine additional 
states—Arizona, Illinois, Michigan, Minnesota, Nebraska, New Hampshire, North Carolina, 
Washington, and West Virginia—as plaintiffs .  [Dkt. No. 120] at 1–3, 146–56.  On April 28, 
2023, the Court heard and denied Google’s Motion to Dismiss for Failure to State a Claim. See 
[Dkt. No. 163].  The parties engaged in extensive fact and expert discovery from March 27, 2023 
to March 15, 2024.  See [Dkt. No. 69]; [Dkt. No. 546].  
On June 11, 2024, Google’s Motion to Dismiss the United States’ Damages Claim as 
Moot and to Strike the Jury Demand was granted after the Court found that Google had mooted 
the damages claim in Count V by tendering a cashier’s check for $2,289,751.00, which was the 
full amount of monetary damages that the United States claimed it had suffered due to Google’s 
alleged anticompetitive conduct, trebled with prejudgment interest.  See [Dkt. No. 748] at 20–21; 
[Dkt. No. 749] at 1.  The Court therefore dismissed Count V and, because the remaining claims 
only requested equitable relief, struck Plaintiffs’ demand for a jury trial.  See [Dkt. No. 748] at 
23. 
After Google’s Motion for Summary Judgment was denied without prejudice, [Dkt. No. 
773], a bench trial was held. The evidence presented during the three-week trial included 
testimony of thirty-nine live witnesses, deposition excerpts from an additional twenty witnesses, 
and hundreds of exhibits.  Based on this evidence, the Court makes the following findings of fact 
and conclusions of law. 
3 ",text_layer_extracted,[]
memorandum-opinion:pdf:4,memorandum-opinion,4," 
     
  
 
  
  
  
   
   
  
 
  
  
     
 
   
    
  
  
 
Case 1:23-cv-00108-LMB-JFA Document 1410 Filed 04/17/25 Page 4 of 115 PageID# 
103684 
II. The Emergence of Digital Advertising 
Successful advertising has long been essential for businesses.  Since the days of 
merchants marketing their wares on papyrus billboards and colorful storefront signs in ancient 
civilizations, advertisements have been used to expand brand awareness and increase sales.  See, 
e.g., Fred K. Beard, The Ancient History of Advertising, 57 J. of Advertising Rsch. 3, 239–40 
(2017).  The professionalization of the advertising industry, however, did not begin in earnest 
until the founding of newspapers and other periodical print publications, which served as timely 
and efficient means to present sought-after content.  See Frank Presbrey, The History and 
Development of Advertising 35–139 (1929).  Their frequency of publication provided significant 
opportunities for businesses to advertise their latest products and services, as well as for 
publishers to generate revenue by selling ad space in their publications.  Id. at 35–70. 
Advertising agencies formed in mid-nineteenth century America to match advertisers to 
newspaper ad spaces.  See Stephen R. Fox, The Mirror Makers: A History of American 
Advertising and Its Creators 14 (1984).  These agencies initially served as brokers between 
advertisers and newspapers by facilitating the placement of advertisements in available ad 
spaces.  See id.  Eventually, they evolved into more holistic service providers by combining 
creativity and business acumen to run advertising campaigns across multiple print publications, 
thereby helping their clients achieve marketing objectives. See id. at 33–44.  
Over the course of the twentieth century, advertising campaigns came to be delivered 
through increasingly diverse media.  As the development of radio and television enabled the 
mass distribution of audio and video content, radio jingles and TV commercials emerged as core 
advertising methods.  See id. at 47, 303–18.  The continuous nature and geographic segmentation 
4 ",text_layer_extracted,[]
memorandum-opinion:pdf:5,memorandum-opinion,5," 
 
  
   
 
      
    
     
 
  
 
    
   
 
    
 
 
     
  
 
    
    
   
Case 1:23-cv-00108-LMB-JFA Document 1410 Filed 04/17/25 Page 5 of 115 PageID# 
103685 
o
f these broadcasting media helped advertisers target consumers with greater frequency and 
specificity. 
L
ittle more than half a century after the first television commercial aired, the media and 
advertising industries were revolutionized by the Internet.  The rapid and widespread adoption of 
the Internet over the past three decades has resulted in a paradigm shift in the way content is 
created, viewed, and monetized. See Andrew McStay, Digital Advertising 14–15 (2d ed. 2016). 
The Internet placed a vast and indefinitely growing amount of information at individuals’ 
fingertips.  The ease of uploading text, audio, and video content to websites—such as blogs, 
message boards, forums, question-and-answer pages, and, more recently, social media 
platforms—has dramatically expanded the amount of information that can be consumed and 
monetized, and has greatly diversified the sources of its creation.  See Defendant’s Trial Exhibit 
(“DTX”) 173 at -173.  At the same time, search engines and web-based applications have made 
online content widely accessible to a global audience, empowering anyone with an Internet 
connection to explore the World Wide Web and find content that matches their needs and 
interests.  See id.   
This explosion of the Internet as the world’s primary communications channel, combined 
with the ability to collect granular data about those who search for and access information online, 
has made the Internet a gold mine for advertisers. With nearly five billion people carrying 
Internet-connected smartphones and more than thirty websites receiving over a billion visits per 
month, never before have advertisers been able to reach such broad audiences.  See The State of 
Mobile Internet Connectivity Report 2024, GSMA (Oct. 2024), https://www.gsma.com/r/somic; 
Most Visited Websites in the World, Semrush, https://www.semrush.com/website/top (last visited 
Mar. 27, 2025).  Moreover, the data-rich nature of the digital environment has made it easier than 
5 ",text_layer_extracted,[]
memorandum-opinion:pdf:6,memorandum-opinion,6," 
 
    
    
 
    
   
  
   
    
 
    
 
 
  
 
     
 
      
   
 
   
  
Case 1:23-cv-00108-LMB-JFA Document 1410 Filed 04/17/25 Page 6 of 115 PageID# 
103686 
ever for publishers to monetize their content.  See, e.g., Plaintiffs’ Trial Exhibit (“PTX”) 792 at -
665, -674; Trial Transcript (“Tr.”) Sept. 9 AM 107:22–108:16 (Casale (Index Exchange)).2 
Digital advertisers can target Internet users based not only on what content they are viewing, but 
also on who they are, where they are located, what they are interested in, what they have 
purchased, and with whom they interact, among a plethora of other attributes. See PTX792 at -
665; PTX904 at -543; PTX1674 at -040; Tr. Sept. 13 AM 52:22–53:17 (LaSala (Google)); Tr. 
Sept. 25 PM 125:25–126:11 (Borgia (Google)). Digital advertisers employ this personalized 
understanding to place specific advertisements in front of specific users at specific times to 
maximize their return on advertising expenditures. See PTX792 at -665; PTX904 at -543; Tr. 
Sept. 11 PM 99:11–22, 105:21–106:15 (Dederick (The Trade Desk)).  By 2016, global digital ad 
spending had surpassed global television ad spending, in large part due to the breadth and depth 
of consumer targeting available online.  See Emanuel Bayer et al., The Impact of Online Display 
Advertising, 4 Int’l J. of Rsch. in Mktg. 37 (2020) at 789.  
Digital advertising has, in turn, fueled the Internet’s growth.  Some of the world’s most 
popular websites, such as Bing, Facebook, Google, Instagram, MSN, Pinterest, Reddit, Spotify, 
TikTok, Twitch, Weather.com, WhatsApp, and X, allow users to access much or all of their 
content and services at no financial cost.  See, e.g., The Weather Channel, 
https://www.weather.com. The revenue that these popular websites generate from selling ad 
space to advertisers has not only made their owners’ free-to-use models sustainable, but has also 
provided millions and, in some cases, billions of dollars each year for the maintenance and 
development of these websites.  See, e.g., PTX792 at -693; Tr. Sept. 9 AM 53:12–54:12 (Wolfe 
2 For ease of reference, citations to trial and deposition transcripts contain the last name of the 
witness and the organization with which they are associated. 
6 ",text_layer_extracted,[]
memorandum-opinion:pdf:7,memorandum-opinion,7," 
   
    
   
 
  
    
 
  
  
   
    
  
 
 
 
   
  
 
  
   
 
Case 1:23-cv-00108-LMB-JFA Document 1410 Filed 04/17/25 Page 7 of 115 PageID# 
103687 
(Gannett)); Tr. Sept. 18 AM 151:1–20 (Wheatland (Daily Mail)).  Smaller online websites have 
also largely kept their content freely accessible by monetizing it with advertisements, thereby 
establishing an open digital ecosystem of information.  See DTX76 at -477; DTX506 at -306; Tr. 
Sept. 20 PM 102:6–103:6 (Sheffer (Google)). 
Alternative revenue models have also supported the proliferation of online content.  
Many traditional print media publishers, such as The New York Times, The Wall Street Journal, 
and The Washington Post, use a hybrid model of subscriptions and advertisements, placing much 
of their content behind paywalls—digital barriers that limit access to online content to paying 
customers.  See Tr. Sept. 9 AM 53:19–53:21 (Wolfe (Gannett)); Tr. Sept. 10 AM 18:20–20:9 
(Layser (News Corp)) (discussing The Wall Street Journal’s paywall).  Creators of production-
quality video content that is expensive to make, such as Disney, HBO, and Netflix, primarily rely 
on paid subscriptions.  See, e.g., Choose Your Plan, HBO Max, https://auth.max.com/product 
(last visited Mar. 27, 2025).  Meanwhile, e-commerce websites such as Nike and Target function 
much like physical storefronts, recouping their web infrastructure expenses by selling physical 
goods and services online.  See, e.g., Nike, https://www.nike.com (last visited Mar. 27, 2025). 
And a small minority of large websites have no revenue models at all, including those funded by 
government, such as healthcare.gov, or by nonprofit donations, such as Wikipedia.  See, e.g., 
Wikipedia, https://en.wikipedia.org (last visited Mar. 27, 2025).  Yet despite these alternative 
approaches, digital advertising has been the lifeblood of the Internet, funding much of its 
development while providing free access to an extraordinary quantity of content and services. 
III.  Digital Advertising Stakeholders 
Digital publishers (“publishers”) are the organizations and individuals that control 
websites and publish content on them.  See [Dkt. No. 1309] (“Joint Glossary”) at 7.  Most 
7 ",text_layer_extracted,[]
memorandum-opinion:pdf:8,memorandum-opinion,8," 
     
 
    
    
  
 
 
  
 
 
  
   
    
 
 
      
 
   
 
   
  
 
  
 
 
 
 
   
  
 
Case 1:23-cv-00108-LMB-JFA Document 1410 Filed 04/17/25 Page 8 of 115 PageID# 
103688 
sophisticated publishers view selling advertising space on their websites as a major source of 
income.  See Tr. Sept. 9 AM 53:12–54:8 (Wolfe (Gannett)); Tr. Sept. 18 AM 130:11–24 
(Wheatland (Daily Mail)).3 
Digital advertisers (“advertisers”) are the organizations and individuals that pay to place 
advertisements on publishers’ websites to promote their goods or services or to present their 
messages to Internet users.  Advertisers vary in size and include small businesses, large 
corporations, government agencies, charitable organizations, political campaigns, and public 
interest groups.  See Tr. Sept. 10 AM 130:17–131:1 (Friedman (Goodway Group)); Tr. Sept. 25 
PM 73:19–25 (Stewart (Google)).
4  More sophisticated advertisers with larger marketing budgets 
often contract with advertising agencies that specialize in running multi-channel advertising 
campaigns to buy advertisements on their behalf.  See Tr. Sept. 9 PM 54:25–55:7 (Lowcock 
(IPG)); Tr. Sept. 10 AM 130:11–22 (Friedman (Goodway Group)); Tr. Sept. 13 PM 26:2–12 
(Lambert (OMD)); Tr. Sept. 23 PM 71:12–18, 101:4–6 (Oliphant (U.S. Census Bureau)).
5 
3 Publishers whose employees provided testimony in this litigation include Buzzfeed, Gannett / 
USA Today, News Corp / The Daily Mail, The New York Times, The Walt Disney Company, and 
V ox Media.  See Designated Deposition Transcript (“Dep.”) 78:24–79:19 (Blom (Buzzfeed)); Tr. 
Sept. 9 AM 49:10–50:7 (Wolfe (Gannett)); Tr. Sept. 10 AM 8:18–23 (Layser (News Corp)); Tr. 
Sept. 17 PM 114:8–104:23, 129:25–130:5 (Helfand (Disney)); Tr. Sept. 18 AM 125:3–18 
(Wheatland (Daily Mail)); Tr. Sept. 26 PM 123:7–22 (Glogovsky (New York Times)); Tr. Sept. 
27 AM 5:24–6:9; 9:19–10:2 (Pauley (V ox)). 
4 Advertisers whose employees provided testimony in this litigation include the U.S. Census 
Bureau and Zulily.  Tr. Sept. 23 PM 65:3–66:14 (Oliphant (U.S. Census Bureau)); Tr. Sept. 27 
AM 22:22–23:11 (Bumpers (Zulily)). 
5 Advertising agencies whose employees provided testimony in this litigation include Goodway 
Group, GroupM, GSD&M, IPG / Universal McCann, and OMD.  Tr. Sept. 9 PM 53:6–17 
(Lowcock (IPG)); Tr. Sept. 10 AM 130:11–16 (Friedman (Goodway Group)); Tr. Sept. 13 PM 
25:4–5, 49:3–22 (Lambert (OMD)); Tr. Sept. 17 PM 137:5–138:3 (Schiekofer (GroupM)); Tr. 
Sept. 19 PM 6:11–20 (Bradbury (GSD&M)). 
8 ",text_layer_extracted,[]
memorandum-opinion:pdf:9,memorandum-opinion,9," 
  
  
    
   
  
   
   
   
  
  
   
   
   
 
  
    
    
    
   
  
   
  
Case 1:23-cv-00108-LMB-JFA Document 1410 Filed 04/17/25 Page 9 of 115 PageID# 
103689 
Advertising technology providers are the organizations that develop digital products and 
services to help match publishers’ ad spaces with advertisers’ ads.  See Tr. Sept. 9 AM 53:12– 
54:25, 84:1–84:5 (Wolfe (Gannett)). These  products and services, and the companies that 
develop and operate them, are discussed at greater length in the next section. 
IV .  The Technology Behind Digital Advertising 
Underpinning the rapid rise of digital advertising is an assortment of web-based 
technologies that help place advertisements on webpages so that online publishers can monetize 
their content and advertisers can promote their goods, services, and messages.  See Tr. Sept. 9 
AM 53:12–54:25, 84:1–5 (Wolfe (Gannett)). These technologies  match publishers selling ad 
space to advertisers buying ad space so that the right advertisement can be placed on the right 
website in front of the right user at the right time.  See PTX581 at -980‒83; Tr. Sept. 11 PM 
12:6–18 (Ravi (Pls. Expert)).  The ad tech industry is best described as having “buy-side” tools 
used by advertisers to buy digital ads, and “sell-side” tools used by publishers to sell digital ad 
space. Joint Glossary at 5, 8 (defining buy-side and sell-side); PTX581 at -980‒83; Tr. Sept. 11 
PM 12:6–18 (Ravi (Pls. Expert)). 
A.  The Rise of Programmatic Advertising 
In the early days of the Internet, online advertisements were typically sold through “direct 
deals.”  See PTX792 at -667; PTX1031 at -527; Joint Glossary at 6.  Buyers employed by major 
brands or the advertising agencies that represented them would negotiate directly with the sales 
teams of established publishers, such as national newspapers, to place digital ads on the 
publishers’ websites.  See Joint Glossary at 6; PTX792 at -670 (stating direct sales are 
“[i]nventory bought at fixed prices directly from media owners through in-house or external 
sales teams”). In this way, monetization of publishers’ digital content on the early Internet, much 
9 ",text_layer_extracted,[]
memorandum-opinion:pdf:10,memorandum-opinion,10," 
 
  
   
   
  
   
   
 
 
  
    
  
  
 
 
     
  
    
     
  
 
Case 1:23-cv-00108-LMB-JFA Document 1410 Filed 04/17/25 Page 10 of 115 
PageID# 103690 
of which was text-based, reflected the advertising industry’s roots in newspaper and print 
advertising.  See PTX792 at -670; PTX1031 at -527. 
Advertisers and publishers soon realized, however, that the direct-deal approach left 
much value on the table. See PTX792 at -670; Tr. Sept. 9 AM 63:10‒64:2 (Wolfe (Gannett)); Tr. 
Sept. 10 AM 34:25‒36:9 (Layser (News Corp)). Negotiations between sales teams were 
cumbersome, and the “three martini lunches” that Madison Avenue executives had long relied 
upon to make ad deals could not keep pace with the instantaneous interactions between 
publishers and consumers online.  PTX1814 at -743; see also Tr. Sept. 9 AM 63:10‒64:2 (Wolfe 
(Gannett)); Tr. Sept. 10 PM 74:6–22 (Lipkovitz (Google)); Sept. 27 AM 64:2–10 (Wheatland 
(Daily Mail)).  Millions of businesses sought to advertise on the Internet, but they did not have 
anywhere close to the time or resources needed to negotiate individual contracts with each 
publisher.  See Tr. Sept. 9 AM 63:10‒19 (Wolfe (Gannett)); Tr. Sept. 9 AM 129:22–13 (Casale 
(Index Exchange)); Tr. Sept. 9 PM 54:3–55:10 (Lowcock (IPG)); Tr. Sept. 19 PM 9:23‒10:25 
(Bradbury (GSD&M)).  The dynamic nature of the digital domain also posed significant 
challenges to anticipating how many visits a website would receive, making it difficult for 
publishers to scope direct deals appropriately.  See Tr. Sept. 9 AM 63:10‒64:2 (Wolfe (Gannett)). 
The selling of publisher ad space solely via direct deals therefore resulted in much ad space 
going unsold.  See Tr. Sept. 9 AM 63:10‒64:6 (Wolfe (Gannett)); Tr. Sept. 10 AM 34:25–36:9 
(Layser (News Corp)). Another disadvantage of direct deals, which involved buying bulk ad 
space at fixed prices, was that they often made little use of the significant data about Internet 
users that publishers, advertisers, and intermediaries possessed—leaving one of the largest 
sources of value of digital advertising, personalized targeting, largely untapped.  See DTX1514 
at -922–23; PTX792 at -670, -674; PTX1031 at -527. 
10 ",text_layer_extracted,[]
memorandum-opinion:pdf:11,memorandum-opinion,11," 
 
     
   
   
  
   
  
 
    
    
     
  
  
   
  
     
  
  
   
    
Case 1:23-cv-00108-LMB-JFA Document 1410 Filed 04/17/25 Page 11 of 115 
PageID# 103691 
To address these deficits, advertising technology providers created “programmatic 
advertising,” which automated the matching of advertisers’ ads to publishers’ webpages.  See 
PTX792 at -669 (“Programmatic advertising is the automation of [the] buying and selling of 
digital advertising.”); Tr. Sept. 10 PM 74:6‒22 (Lipkovitz (Google)); Tr. Sept. 17 PM 120:8–13 
(Helfand (Disney)).  Programmatic advertising, also referred to as “indirect advertising,” 
dramatically improved the effectiveness of digital advertising by allowing publishers to auction 
the ad space on their websites in real-time to a wide swath of advertisers.  Joint Glossary at 5, 7; 
DTX1514 at -922–23; Tr. Sept. 12 PM 58:25‒59:15 (Goel (PubMatic)). 
In automating the matchmaking process, programmatic advertising vastly reduced the 
time that digital advertising professionals spent inking deals with individual publishers, freeing 
them to devise higher-level campaign strategies. See Tr. Sept. 19 PM 9:23–10:25 (Bradbury 
(GSD&M)); Tr. Sept. 23 PM 104:11–23 (Oliphant (U.S. Census Bureau)). Programmatic 
advertising also enabled publishers to sell their ad space (i.e., “inventory”) to a much broader 
range of advertisers, including small and medium-sized businesses, by eliminating the need for 
direct negotiations and dealmaking.  See PTX579 at -509; Tr. Sept. 19 PM 9:23–10:25 (Bradbury 
(GSD&M)).  Moreover, programmatic advertising helped advertisers place ads on a broader 
array of publisher websites, including on niche pages that catered to users interested in specific 
products and services.  See Tr. Sept. 23 PM 104:11–23 (Oliphant (U.S. Census Bureau)). In 
addition to improving the matching of ad buyers and ad sellers, programmatic advertising 
enhanced the matching of advertisements to consumers by greatly increasing advertisers’ ability 
to target specific Internet users.  See Tr. Sept. 20 PM 78:4–25 (Sheffer (Google)). 
As advertising technology matured, programmatic advertising became more and more 
effective. Advertisers refined their ability to estimate the value of each impression—each 
11 ",text_layer_extracted,[]
memorandum-opinion:pdf:12,memorandum-opinion,12," 
   
 
    
  
 
    
  
   
   
   
   
 
   
 
     
   
    
     
  
 
 
   
Case 1:23-cv-00108-LMB-JFA Document 1410 Filed 04/17/25 Page 12 of 115 
PageID# 103692 
opportunity for a publisher to place a given ad in a given ad space in front of a given user at a 
given time—based  on factors such as publisher quality, ad space quality, user attributes, and ad 
relevance.  See Joint Glossary at 6–7 (defining “impression”); PTX792 at -665, -674; PTX904 at 
-543; PTX1674 at -040; Tr. Sept. 9 AM 59:24–60:23 (Wolfe (Gannett)); Tr. Sept. 10 PM 56:15– 
57:6 (Friedman (Goodway Group)).  Publishers developed a deeper understanding of what the 
impressions they were selling were worth to advertisers, and they became adept at estimating 
advertisers’ willingness to pay for a particular impression.  See Tr. Sept. 9 AM 136:1–21 (Casale 
(Index Exchange)).  The net result was that programmatic advertising has enabled advertisers to 
better reach targeted consumers, and publishers to better monetize their content and earn more 
advertising revenue.  See PTX792 at -665, -674; Tr. Sept. 9 AM 130:14–22 (Casale (Index 
Exchange)); Tr. Sept. 12 PM 84:25–85:4 (Goel (PubMatic)). 
B.  Ad Networks and The Ad Tech Stack 
A few core digital advertising tools enabled the rise of programmatic advertising and the 
increased monetization of online content.  At first, publishers and advertisers primarily used “ad 
networks,” third-party software products that sign up advertisers and publishers as their 
customers, and then match their advertisers’ ads with their publishers’ inventory.  See DTX1514 
at -924; PTX579 at -509; Tr. Sept. 9 AM 109:24‒110:2 (Casale (Index Exchange)). The 
advertiser side, or buy-side, of an ad network gave advertisers the ability to create or upload an 
advertisement’s visuals and any accompanying audio, to specify how much the advertiser was 
willing to pay for the advertisement to be placed on websites of publishers within the ad 
network, and to control the scope of the advertising campaign.  See Joint Glossary at 5–6.  The 
network would, in turn, match these ads to inventory that publishers had placed in the network.  
DTX1514 at -924.  On the publisher side, or sell-side, the ad network gave publishers the ability 
12 ",text_layer_extracted,[]
memorandum-opinion:pdf:13,memorandum-opinion,13," 
  
   
  
  
 
  
  
  
 
   
    
   
 
   
  
 
  
 
 
  
 
 
   
 
   
    
Case 1:23-cv-00108-LMB-JFA Document 1410 Filed 04/17/25 Page 13 of 115 
PageID# 103693 
to specify where and how ads appear on their websites, as well as to select types of ads based on 
quality and relevance.  See id.  Google’s ad network was called the Google Content Network.6 
Tr. Sept. 13 AM 10:21–11:5 (Bender (Google)); Tr. Sept. 9 AM 129:1–6 (Casale (Index 
Exchange)).  AdWords is the advertiser-facing side of the Google Content Network, i.e., the 
Google product through which advertisers buy inventory from publishers that are in the 
network.
7 See DTX549 at -188; PTX939 at -993; PTX1096 at -609.  AdSense is publisher-
facing side of the Google Content Network, i.e., the Google product through which publishers 
sell their inventory to advertisers that are in the network.  See DTX549 at -186, -218; PTX939 at 
-993; PTX1096 at -608–09.
8 
Ad networks provide a simple way to connect advertising demand with publisher 
inventory, and are now primarily used by smaller advertisers and publishers.  See PTX579 at -
509; PTX1031 at -484; Tr. Sept. 11 PM 104:25–105:20 (Dederick (The Trade Desk)); Tr. Sept. 
12 PM 76:10–77:16 (Goel (PubMatic)).  Larger, more sophisticated advertisers and publishers 
have generally moved away from ad networks and turned to modern ad tech products that 
facilitate large-scale advertising campaigns and increase their control over where, how, when, 
and to whom ads are shown.  See PTX1031 at -484; Tr. Sept. 10 AM 140:11–141:24, 145:9–19 
(Friedman (Goodway)); Tr. Sept. 13 PM 101:5–11 (Boland (Meta)); Tr. Sept. 19 PM 99:6–14 
6 The Google Content Network, or GCN, is also called the Google Display Network, or GDN.  
See PTX1096 at -609; Tr. Sept. 20 PM 52:22–53:5 (Sheffer (Google)). 
7 Although this opinion will use “AdWords” to describe the advertiser-facing side of GCN, 
Google rebranded AdWords as Google Ads in 2018.  See PTX1096 at -609. 
8 Other ad network providers whose employees testified in this litigation are Criteo and Meta, 
which operated the Facebook Audience Network.  DTX376 at -975; DTX1257 at 4, 10; Tr. Sept. 
13 AM 97:13–98:15 (Boland (Meta)); Tr. Sept. 13 PM 158:1–20 (Parsons (Criteo)). 
13 ",text_layer_extracted,[]
memorandum-opinion:pdf:14,memorandum-opinion,14," 
    
  
  
 
   
  
  
   
  
  
  
    
 
 
  
 
 
  
 
   
  
  
Case 1:23-cv-00108-LMB-JFA Document 1410 Filed 04/17/25 Page 14 of 115 
PageID# 103694 
(Lee (Pls. Expert)). These more modern programmatic advertising products are collectively 
referred to as the “ad tech stack.”  See, e.g., PTX0551 at -048. 
On the buy-side, sophisticated advertisers and their ad agencies have reduced their 
reliance on ad networks and started using two primary tools to buy ads and execute their 
advertising campaigns: “advertiser ad servers” and “demand-side platforms.”  See Joint Glossary 
at 5; PTX1031 at -483; Tr. Sept. 23 PM 5:11–22 (Stefaniu (Google)).  Advertiser ad servers help 
advertisers manage digital advertising campaigns, serve ads, and track ad performance. For 
example, advertiser ad servers enable advertisers to see how their ads perform across different 
publishers, track user activity after interacting with ads (e.g., determine if the user visited the 
advertiser’s website or made a purchase), and adjust their advertising campaigns based on user 
behavior.  See Tr. Sept. 23 PM 5:11–22 (Stefaniu (Google)) (discussing functionality of Google’s 
advertiser ad server); Tr. Sept. 25 PM 49:11–50:3 (Stewart (Google)).  Google’s advertiser ad 
server is called Campaign Manager 360, or CM360.  See Tr. Sept. 23 PM 5:11–22 (Stefaniu 
(Google)). 
Demand-side platforms provide large advertisers with significant control over the sources 
of inventory from which they purchase impressions and how they bid on those impressions.  See 
Joint Glossary at 5; PTX1031 at -483; Tr. Sept. 11 PM 104:25–105:20 (Dederick (The Trade 
Desk)).  Demand-side platforms do this, in part, by providing a single interface for advertisers to 
manage programmatic and direct ad buying, to synthesize data about publisher inventory and 
users, and to bid into ad exchanges.  See Joint Glossary at 5; DTX1514 at -903, -929, -952; Tr. 
Sept. 10 AM 140:11–141:19 (Friedman (Goodway Group)); Tr. Sept. 11 PM 104:1–107:2 
(Dederick (The Trade Desk)); Tr. Sept. 25 PM 83:19–25 (Stewart (Google)).  A demand-side 
platform lets an advertiser control where and when its ads appear and to which user they are 
14 ",text_layer_extracted,[]
memorandum-opinion:pdf:15,memorandum-opinion,15," 
 
  
  
 
  
  
  
  
   
 
   
   
  
 
  
    
 
 
  
  
 
  
 
 
  
Case 1:23-cv-00108-LMB-JFA Document 1410 Filed 04/17/25 Page 15 of 115 
PageID# 103695 
displayed.  PTX1031 at -483.  Given the complexity of demand-side platforms, advertisers 
typically delegate day-to-day management of the campaigns they run through these platforms to 
ad agencies or, for some of the largest advertisers, to in-house teams of digital advertising 
professionals.  See DTX1514 at -947; Tr. Sept. 25 PM 83:3–11 (Stewart (Google)).  Google’s 
demand-side platform is known as Display & Video 360, or DV360, and was previously called 
DoubleClick Bid Manager, or DBM.  See Joint Glossary at 6; PTX939 at -991; PTX1031 at -
483; DTX1514 at -929, -950–953; Tr. Sept. 12 AM 18:17–21 (Srinivasan (Google)).9 
“Ad exchanges” serve as the critical intermediary between advertisers’ ads and 
publishers’ inventory by facilitating real-time auctions in which advertisers can bid on inventory.  
See Joint Glossary at 5; PTX1031 at -480–81, -501‒02; Tr. Sept. 9 AM 67:8–18 (Wolfe 
(Gannett)).  Ad exchanges do this by aggregating available inventory from publishers, flagging 
impressions as they become available (i.e., as users visit webpages), integrating with buy-side 
tools to solicit advertisers’ bids for each impression, and evaluating those bids within a fraction 
of a second to determine auction winners.  See PTX1031 at -480, -501‒02; Tr. Sept. 9 AM 67:8– 
18 (Wolfe (Gannett)).  As the central transaction platforms for connecting sophisticated 
advertisers with sophisticated publishers, ad exchanges are involved in much of the world’s 
programmatic advertising.  See PTX847; PTX1242; Tr. Sept. 9 AM 63:1–64:6 (Wolfe (Gannett)); 
Tr. Sept. 19 PM 54:13–22 (Lee (Pls. Expert)). Google’s ad exchange is called AdX.  Joint 
Glossary at 5.
10 
9 Microsoft and The Trade Desk are other companies offering demand-side platforms whose 
employees testified in this litigation.  Tr. Sept. 11 PM 87:21–22, 105:12–14 (Dederick (The 
Trade Desk)); Tr. Sept. 20 PM 129:12–17 (John (Microsoft)). 
10 Other organizations with ad exchanges whose employees testified in this litigation include 
Index Exchange, Kargo, Magnite, Microsoft (formerly Xandr and AppNexus), OpenX, and 
PubMatic.  Tr. Sept. 9 AM 106:16–107:3 (Casale (Index Exchange)); Tr. Sept. 12 PM 56:8–57:8 
(Goel (PubMatic)); Tr. Sept. 13 AM 5:8–5:21 (Kershaw (Magnite)); Tr. Sept. 17 PM 45:2–46:6 
15 ",text_layer_extracted,[]
memorandum-opinion:pdf:16,memorandum-opinion,16," 
 
 
 
 
 
 
 
 
    
  
 
 
 
     
 
  
 
 
 
  
 
  
 
   
 
  
Case 1:23-cv-00108-LMB-JFA Document 1410 Filed 04/17/25 Page 16 of 115 
PageID# 103696 
On the sell-side, most sophisticated publishers stopped using ad networks and started 
using “publisher ad servers” to manage and sell their ad inventory.  See Joint Glossary at 8.  
When a user visits a website, a publisher ad server instantaneously alerts sources of advertising 
demand that it has an impression for sale, decides in real-time which ad to show the user, and 
runs the back-end processes to display the ad.  See id.; Tr. Sept. 9 AM 68:16–69:25 (Wolfe 
(Gannett)); Tr. Sept. 9 AM 121:1–16 (Casale (Index Exchange)).  Publisher ad servers make it 
easier for publishers to place multiple sources of advertising demand in competition against each 
other, as well as to run advertisements pursuant to direct deals with large advertisers.  See 
DTX1016 at -503.  Publisher ad servers also enable sophisticated publishers to manage inventory 
across multiple web pages, set inventory price floors, and create detailed reports on inventory 
performance. See Tr. Sept. 9 AM 66:1–8 (Wolfe (Gannett)); Tr. Sept. 19 PM 61:18–25 (Lee (Pls. 
Expert)); Tr. Sept. 23 AM 30:9–31:9 (Korula (Google)).  As such, publisher ad servers are 
“mission-critical” tools for large publishers, Tr. Sept. 20 PM 78:4–25 (Sheffer (Google)), which 
“couldn’t really manage their display advertising revenue without” them.  Tr. Sept. 16 AM 
22:12–14 (Mohan (Google)).  Google’s publisher ad server is called DoubleClick for Publishers, 
or DFP. 
11  Joint Glossary at 6; Tr. Sept. 16 AM 27:24–28:7 (Mohan (Google)).12 
(Cadogan (OpenX)); Tr. Sept. 19 PM 38:11–39:1, 39:15–17 (Shaughnessy (Kargo)); Tr. Sept. 20 
PM 121:2–14, 129:9–17; 136:10–12 (John (Microsoft)). 
11 DFP has since been combined with Google’s ad exchange, AdX, under a single brand called 
Google Ad Manager, or GAM.  Tr. Sept. 9 AM 66:19–67:3 (Wolfe (Gannett)).  Google 
employees, testifying witnesses, and other industry participants nevertheless refer to Google’s 
publisher ad server as DFP and identify it as a separate product from AdX, as each product 
serves its own distinct functions.  See id.; Joint Glossary at 5; PTX847; PTX1242; PTX1392.   
12 Other organizations with publisher ad servers whose employees testified in this litigation 
include Equativ, Kevel, and Microsoft.  Tr. Sept. 9 PM 116:19–23 (Avery (Kevel)); Tr. Sept. 13 
PM 62:11–63:14 (Creput (Equativ)); Tr. Sept. 20 PM 129:12–17 (John (Microsoft)). 
16 ",text_layer_extracted,[]
memorandum-opinion:pdf:17,memorandum-opinion,17," 
      
     
  
  
  
  
  
  
  
 
   
    
   
 
   
 
   
 
  
 
Case 1:23-cv-00108-LMB-JFA Document 1410 Filed 04/17/25 Page 17 of 115 
PageID# 103697 
These products in the ad tech stack work together to place advertisers’ ads on publishers’ 
websites. When a user visits a website, one or more ad exchanges receive a bid request from a 
publisher ad server that contains information about the impression and provides the amount of 
time that the exchange has to respond.  See PTX1031 at -501–02; Tr. Sept. 9 AM 68:16–69:16 
(Wolfe (Gannett)).  During this time, which is usually a fraction of a second, each ad exchange 
that received the bid request runs an auction for the impression, soliciting bids from demand-side 
platforms, such as DV360, and the advertiser side of ad networks, such as AdWords.  See Joint 
Glossary at 8 (defining “real-time bidding”); PTX1031 at -501–02; Tr. Sept. 9 AM 73:10–25 
(Wolfe (Gannett)); Tr. Sept. 12 PM 160:20–161:18 (Kershaw (Magnite)).  The ad exchange helps 
these ad buyers formulate their real-time bids by sharing information about the impression, 
including the website on which the impression appears, attributes about the user who is visiting 
the site, and the pricing information that the ad exchange has received from the publisher ad 
server. See PTX1031 at -480, -486, -501–02; Tr. Sept. 9 AM 68:16–70:13 (Wolfe (Gannett)).  
Within the extremely short amount of time that it has to respond to the publisher ad server, the ad 
exchange collects all buy-side bids, determines the highest bid, and shares that bid with the 
publisher ad server.  See PTX1031 at -502; Tr. Sept. 9 AM 68:16–70:13 (Wolfe (Gannett)).  
The publisher ad server, in turn, selects the winning bid for the impression based on the 
bids it has received.  See Joint Glossary at 7–8; PTX1031 at -532; Tr. Sept. 9 AM 121:1–16 
(Casale (Index Exchange)).  Bids that do not meet or exceed the publisher’s floor price—the 
minimum amount of money that the publisher is willing to accept for the impression—are 
screened out.  See PTX1096 at -605; Tr. Sept. 9 AM 148:12–150:24 (Casale (Index Exchange)); 
Tr. Sept. 9 PM 34:6–11 (Casale (Index Exchange)).  Publisher ad servers originally selected the 
winning bid for an impression in a process called the waterfall, but have since evolved to pitting 
17 ",text_layer_extracted,[]
memorandum-opinion:pdf:18,memorandum-opinion,18," 
  
  
  
  
 
 
  
  
   
  
   
 
    
    
 
   
 
  
      
    
Case 1:23-cv-00108-LMB-JFA Document 1410 Filed 04/17/25 Page 18 of 115 
PageID# 103698 
exchanges’ bids against each other in real-time auctions. See Joint Glossary at 8; PTX520 at -
388; PTX1031 at -501–03; PTX1096 at -605; PTX1650 at -042; PTX1677 at -694; PTX1710 at -
407; Tr. Sept. 9 AM 148:3–150:12 (Casale (Index Exchange)); Tr. Sept. 12 PM 60:19–62:14 
(Goel (PubMatic)).  Once a winning bid is selected by the publisher ad server, the advertisement 
associated with it is served on the publisher’s webpage and displayed to the user.  See Joint 
Glossary at 8.  If no eligible buyer is found for the impression, the ad space may go unfilled.  See 
Tr. Sept. 17 PM 51:1–15 (Cadogan (OpenX)). 
For every programmatic advertising transaction, the companies that develop and operate 
these ad tech tools extract fees.  See PTX794 at -738.  Publisher ad servers, ad exchanges, 
demand-side platforms, advertiser ad servers, and ad networks typically each collect fees from 
the revenue-generating transactions in which they are involved, which means that ad exchanges 
and buy-side tools only collect fees when they submit a winning bid and place an ad in front of a 
user.  See id.; Tr. Sept. 9 AM 142:21–143:18 (Casale (Index Exchange)); Tr. Sept. 16 PM 17:15– 
18:10 (Weintraub (Pls. Expert)). Industry participants often assess the total cost of these fees 
based on their percentage of the price paid by the advertiser to obtain the underlying impression, 
and refer to an ad tech tool’s percentage-based fees as its “take rate.”  See PTX1031 at -514; Tr. 
Sept. 13 AM 59:19–60:6 (LaSala (Google)); Tr. Sept. 9 AM 111:1–12 (Casale (Index 
Exchange)).  Typically, between $20 to $40 of every $100 spent on digital advertising goes to the 
ad tech companies that develop and operate these tools.  See PTX794 at -738; Tr. Sept. 13 AM 
59:23–60:1 (LaSala (Google)). 
Programmatic digital advertising is remarkable in its speed, frequency, and complexity.  
Most of the world’s popular websites are monetized with programmatic advertisements.  Every 
time a user visits any webpage that runs programmatic advertisements, the bidding process 
18 ",text_layer_extracted,[]
memorandum-opinion:pdf:19,memorandum-opinion,19," 
  
 
  
  
    
 
   
    
  
   
  
   
   
  
    
Case 1:23-cv-00108-LMB-JFA Document 1410 Filed 04/17/25 Page 19 of 115 
PageID# 103699 
described above occurs for each advertisement on the page.  From start to finish, the process 
takes no more than the time it takes the webpage to load, which is often well under half a second.  
See Tr. Sept. 12 PM 160:20–161:16 (Kershaw (Magnite)); Tr. Sept. 12 PM 61:13–62:14 (Goel 
(PubMatic)); Tr. Sept. 17 PM 54:6–14 (Cadogan (OpenX)).  This bidding process occurs many 
billions of times per day across the Internet.  See PTX208 at -544 (stating major ad exchanges 
represented more than one trillion monthly impressions as of 2014); PTX657 at -351; Tr. Sept. 
12 PM 160:20–161:9 (Kershaw (Magnite)) (“We had 250 milliseconds to [run the auction]; so 
you had to do it quite quickly, and we did it billions of times an hour.”).  For each impression 
sold, the ad tech stack examines information about the impression and the associated user, 
aggregates bids from various advertising sources, places those bids in competition with each 
other, employs complex bidding and selling strategies, and ultimately causes an ad to be 
displayed on a webpage for a user. 
A simplified visualization of the three ways that advertisers purchase ad inventory from 
publishers—(1) direct deals, (2) ad networks, and (3) the ad tech stack—is shown below .  The 
major tools that comprise the ad tech stack are placed on a spectrum between advertisers on the 
buy-side and publishers on the sell-side.  The three areas which Plaintiffs claim that Google has 
monopolized—publisher ad servers, ad exchanges, and the advertiser -facing side of ad 
networks—are highlighted in orange.  The names of the associated Google products are 
abbreviated in parentheses. 
19 ",text_layer_extracted,[]
memorandum-opinion:pdf:20,memorandum-opinion,20," 
 
  
 
   
    
    
    
 
    
Case 1:23-cv-00108-LMB-JFA Document 1410 Filed 04/17/25 Page 20 of 115 
PageID# 103700 
C.  Types of Digital Advertisements 
These advertising technologies are used to run “display ads”: online ads that engage users 
with text or image-based marketing content, link to the advertiser’s webpage, and often appear in 
rectangular spaces on publishers’ websites. See Joint Glossary at 6 (defining “display 
advertising”); Tr. Sept. 9 AM 56:17–59:20 (Wolfe (Gannett)); Tr. Sept. 9 AM 113:1–8 (Casale 
(Index Exchange)) (explaining that display ads are often called banner ads); Tr. Sept. 17 PM 
122:17–123:1 (Helfand (Disney)).  Users view display ads when they visit websites using web 
browsers on both personal computers and mobile devices.  See Tr. Sept. 9 AM 64:7–19 (Wolfe 
20 ",text_layer_extracted,[]
memorandum-opinion:pdf:21,memorandum-opinion,21," 
 
 
  
   
    
   
  
  
    
 
 
    
 
 
 
 
  
   
    
  
  
   
Case 1:23-cv-00108-LMB-JFA Document 1410 Filed 04/17/25 Page 21 of 115 
PageID# 103701 
(Gannett)).  Although these ads are often shown as static images, they can include animations or 
video clips.  See Tr. Sept. 19 PM 15:16–16:10 (Cox (Google)).  Display ads that include video 
content are sometimes referred to as outstream video ads.  See id. 
Those in the digital advertising industry often draw a distinction between display ads that 
run on the open web and display ads that run on “walled gardens.” See Tr. Sept. 9 PM 60:13– 
61:1 (Lowcock (IPG)); Tr. Sept. 12 PM 70:25–72:23 (Goel (PubMatic)); Tr. Sept. 19 PM 51:11– 
21 (Lee (Pls. Expert)).  Open-web display ads are display ads that run on websites that use third-
party ad tech infrastructure to match advertisers’ ads to publishers’ inventory.  See Tr. Sept. 9 PM 
60:13–20 (Lowcock (IPG)); Tr. Sept. 18 AM 136:12–24 (Wheatland (Daily Mail)).  Most 
publishers that run advertisements on their websites, including the vast majority of newspapers 
and other traditional media organizations, use third-party ad tech tools to sell open-web display 
inventory because it is cost-prohibitive to build an in-house ad tech stack, particularly for entities 
whose primary competencies do not involve software engineering.  See Tr. Sept. 9 AM 73:1–8 
(Wolfe (Gannett)); Tr. Sept. 18 AM 132:7–17 (Wheatland (Daily Mail)); Tr. Sept. 26 PM 
141:15–142:13 (Glogovsky (New York Times)).  
Walled gardens, conversely, are publishers that control the infrastructure through which 
advertisers buy and place advertisements on their websites.  See Tr. Sept. 9 PM 60:13–20 
(Lowcock (IPG)); Tr. Sept. 12 PM 70:25–72:23 (Goel (PubMatic)).  Walled-garden publishers 
maintain their own in-house ad tech and require advertisers to use those tools to buy and place 
advertisements on the publishers’ owned-and-operated web properties.  See Tr. Sept. 9 PM 
60:13–20 (Lowcock (IPG)); Tr. Sept. 12 PM 70:25–72:23 (Goel (PubMatic)).  Large digital 
technology firms like Amazon, Google, Meta, and Microsoft are more likely to operate their 
websites as walled gardens, as they possess the rare combination of commercial scale and 
21 ",text_layer_extracted,[]
memorandum-opinion:pdf:22,memorandum-opinion,22," 
  
  
  
 
   
 
 
   
   
 
 
     
       
   
   
  
  
 
    
 
   
Case 1:23-cv-00108-LMB-JFA Document 1410 Filed 04/17/25 Page 22 of 115 
PageID# 103702 
technical sophistication to make the development and maintenance of in-house advertising tools 
feasible.  See Tr. Sept. 9 AM 73:1–8 (Wolfe (Gannett)); Tr. Sept. 9 AM 114:7–115:25 (Casale 
(Index Exchange)); Tr. Sept. 11 PM 160:22–161:3 (Dederick (The Trade Desk)); Tr. Sept. 18 AM 
132:7–17, 136:18–22 (Wheatland (Daily Mail)); Tr. Sept. 19 PM 62:1–19, 64:18–25 (Lee (Pls. 
Expert)). 
Although walled-garden publishers sell display ads, they more often focus on alternative 
digital advertising formats, including social media ads, search ads, and instream video ads.  See 
Tr. Sept. 9 AM 112:1–118:22 (Casale (Index Exchange)) (differentiating display ads on the open 
web from social, mobile app, and instream video ads); Tr. Sept. 10 AM 157:22–158:19 
(Friedman (Goodway Group)); Tr. Sept. 17 PM 138:7–140:23 (Schiekofer (GroupM)).  Meta, for 
example, sells social media ads in a walled-garden environment, requiring advertisers to use 
Meta’s in-house technology to place ads on Facebook and Instagram.  See Tr. Sept. 19 PM 62:1– 
19 (Lee (Pls. Expert)). Search engines including Google Search and Microsoft Bing sell ad 
space within their respective walled gardens for search ads, which allow advertisers to place ads 
alongside search results. See PTX764 at -251, -254.  Digital streaming providers like Amazon 
Prime, Google’s YouTube, and Disney also use in-house technology to sell space for instream 
video or connected TV ads, which play before, during, or after video content and are akin to 
television commercials.  Tr. Sept. 19 PM 15:16–16:10 (Cox (Google)); See Tr. Sept. 17 PM 
122:9–16, 131:24–132:3, 133:11–13 (Helfand (Disney)); Tr. Sept. 17 PM 138:14–139:11 
(Schiekofer (GroupM)). 
Social, search, instream video, and other alternatives to open-web display advertising are 
not limited to walled gardens.  For example, open-web publishers that deliver video-based 
content to their users will often use instream video ads to monetize that content.  See, e.g., CNN 
22 ",text_layer_extracted,[]
memorandum-opinion:pdf:23,memorandum-opinion,23," 
    
  
  
   
  
  
  
   
   
     
  
    
  
  
   
      
 
 
  
Case 1:23-cv-00108-LMB-JFA Document 1410 Filed 04/17/25 Page 23 of 115 
PageID# 103703 
Videos, CNN, https://www.cnn.com/videos (last visited Mar. 27, 2025).  Publishers additionally 
use native ads, which consist of sponsored content that appears in the style and format of the 
content that surrounds it, to increase user engagement.  See PTX764 at -259; Tr. Sept. 9 PM 
68:20–70:21 (Lowcock (IPG)).  Larger open-web publishers often have mobile applications for 
sharing content with smartphone and tablet users which they monetize using mobile app ads.  
See PTX764 at -251–52, -260; PTX904 at -549–51.  
V .  Google’s Activities in Programmatic Advertising 
Google evolved from a garage-based startup to a multitrillion dollar company in little 
more than twenty years.  Much of that growth was funded by digital advertising.  In keeping with 
its professed mission to “organize the world’s information and make it universally accessible and 
useful,” Google provides many of its key services at no financial cost to Internet users.  Tr. Sept. 
23 AM 7:22–8:3 (Korula (Google)).  These free services include Google’s search engine (Google 
Search), web browser (Chrome), email service (Gmail), mapping tools (Google Maps and Waze), 
file storage and collaboration service (Google Drive), word processor (Google Docs), translation 
service (Google Translate) and video sharing platform (YouTube).  See DTX527 at -159; Google 
Products, Google, https://about.google/intl/ALL_us/products/#all-products (last visited Mar. 27, 
2025).  In exchange, Google collects data from and about the users of these free services, and 
monetizes that data by selling advertisements targeted to these users. See DTX76 at -479; Tr. 
Sept. 11 PM 99:11–100:5, 105:21–106:15 (Dederick (The Trade Desk)); Tr. Sept. 13 AM 52:18– 
53:17 (LaSala (Google)).  Over the past two decades, Google has established increasingly 
detailed knowledge about the billions of people who have used its products, including by 
collecting data pertaining to their web browsing, search activity, physical location, demographic 
characteristics, app usage, communications, shopping activity, and device and network 
23 ",text_layer_extracted,[]
memorandum-opinion:pdf:24,memorandum-opinion,24," 
   
 
 
     
  
 
   
  
 
   
    
 
    
 
   
  
       
    
  
  
 
Case 1:23-cv-00108-LMB-JFA Document 1410 Filed 04/17/25 Page 24 of 115 
PageID# 103704 
information.  See DTX76 at -479; Tr. Sept. 11 PM 99:11–100:5, 105:21–106:15 (Dederick (The 
Trade Desk)) (asserting that “Google arguably sits on the most valuable data asset in the world”); 
Tr. Sept. 13 AM 52:18–53:17 (LaSala (Google)).  Google uses this data to improve the matching 
of advertisements to users, thereby increasing its advertiser customers’ return on ad expenditures.  
See DTX76 at -479; Tr. Sept. 11 PM 99:11–100:5, 105:21–106:15 (Dederick (The Trade Desk)); 
Tr. Sept. 13 AM 52:18–53:17 (LaSala (Google)). As these targeted advertisements provide the 
company with much of its revenue, Google is fundamentally in the business of advertising.  See 
United States v. Google LLC, 2024 WL 3647498, at *6 (D.D.C. Aug. 5, 2024) (“Google 
Search”) (“The vast majority of [Google parent company] Alphabet’s revenues (nearly 80%) 
come from digital advertisements.”). 
A. The Google Content Network 
Google’s evolution into the data-driven digital advertising enterprise it is today has been 
powered by its flagship product, Google Search (“Search”).  See Tr. Sept. 13 AM 52:18–53:17 
(LaSala (Google)); Tr. Sept. 11 PM 153:9–19 (Dederick (The Trade Desk)); Tr. Sept. 19 PM 
99:18–100:2 (Lee (Pls. Expert)).  Since its introduction in 1998, Search has rapidly become the 
world’s most popular tool for retrieving information.  See Google Search, 2024 WL 3647498, at 
*24. With that rise came significant advertiser demand, because Search offered a unique 
opportunity for advertisers to place digital ads that matched precisely what an Internet user was 
looking for at that moment.  See Tr. Sept. 11 PM 98:19–99:7 (Dederick (The Trade Desk)) 
(stating that placing ads alongside Search results “really is the most sought-after ad placement”); 
Tr. Sept. 13 AM 52:18–53:17 (LaSala (Google)); Tr. Sept. 19 PM 99:18–100:2 (Lee (Pls. 
Expert)).  In 2000, to meet this demand, Google launched AdWords, which originated as a self-
service advertising platform for buying search ads.  Tr. Sept. 20 PM 49:1–10 (Sheffer (Google)); 
24 ",text_layer_extracted,[]
memorandum-opinion:pdf:25,memorandum-opinion,25," 
 
   
   
 
 
  
 
 
  
   
    
   
   
 
 
    
 
  
 
Case 1:23-cv-00108-LMB-JFA Document 1410 Filed 04/17/25 Page 25 of 115 
PageID# 103705 
Google Launches Self-Service Advertising Program, News from Google (Oct. 23, 2000), 
https://googlepress.blogspot.com/2000/10/google-launches-self-service.html. 
AdWords grew rapidly, gaining over 100,000 advertiser customers by 2003. See Google 
Expands Advertising Monetization Program for Websites, News from Google (Jun. 18, 2003) 
https://googlepress.blogspot.com/2003/06/google-expands-advertising-monetization.html. 
Although the platform first offered only text-based keyword advertising that appeared alongside 
Search results, it quickly expanded to offer ads across both Google’s owned-and-operated 
websites and third-party websites.  See id.; DTX1514 at -939 (describing how Google’s ad 
platform “[i]ncludes ads on Google search results pages, our network of partner sites, YouTube, 
Gmail, Maps, Discovery Feed, and apps”); Tr. Sept. 20 PM 49:23–51:4 (Sheffer (Google)). 
Google expanded the number of publishers with which its advertisers could place ads by 
forming strategic partnerships with popular websites such as AOL, CNN, MapQuest, and The 
New York Times.
13  Google also launched AdSense, a self-service platform on which publishers 
could serve ads tailored to the content of their webpages.  See PTX904 at -549; Tr. Sept. 20 PM 
50:16–51:4 (Sheffer (Google)); Google Expands Advertising Monetization Program for 
Websites, News from Google (Jun. 18, 2003), https://googlepress.blogspot.com/2003/06/google-
expands-advertising-monetization.html. 
13 See, e.g., Google Expands Advertising Monetization Program for Websites, News From 
Google (Jun. 18, 2003), https://googlepress.blogspot.com/2003/06/google-expands-advertising-
monetization.html; MapQuest Selects Google to Provide Sponsored Links, News from Google 
(Jun. 23, 2003), https://googlepress.blogspot.com/2003/06/mapquest-selects-google-to-
provide.html; CNN.com Inks Multi-Year Advertising Agreement with Google, News From 
Google (Aug. 28, 2007), https://googlepress.blogspot.com/2007/08/cnncom-inks-multi-year-
advertising_28.html. 
25 ",text_layer_extracted,[]
memorandum-opinion:pdf:26,memorandum-opinion,26," 
 
    
  
   
     
  
 
  
     
 
  
  
  
  
   
  
 
   
 
 
 
  
 
Case 1:23-cv-00108-LMB-JFA Document 1410 Filed 04/17/25 Page 26 of 115 
PageID# 103706 
By 2007, Google’s advertiser-facing AdWords and publisher-facing AdSense, which 
together comprised the Google Content Network, constituted the largest digital ad network in the 
world.  See Tr. Sept. 16 AM 21:17–22:4 (Mohan (Google)); Tr. Sept. 20 PM 50:16–51:4 (Sheffer 
(Google)).  That year, over one million advertisers used AdWords, with many placing display 
advertisements on a vast multitude of AdSense publishers’ websites.  See Miguel Helft, Google: 
1 Million Advertisers in 2007, More Now, N.Y . Times (Jan. 8, 2009), https:// 
bits.blogs.nytimes.com/2009/01/08/google-1-million-advertisers-in-2007-more-now. 
Google worked to increase its growing ad network’s functionality by offering advertisers 
the ability to insert videos into display ads, as well as to create text-based display ads customized 
for mobile device-friendly websites.14  Google also improved its advertisers’ ability to run digital 
advertising campaigns by creating a reporting system that showed where ads were being placed, 
how often they were being viewed, and how they were driving advertiser page visits and sales.  
See DTX1514 at -922; Tr. Sept. 20 PM 53:15–23, 112:22–113:12 (Sheffer (Google)); Tr. Sept. 24 
AM 33:24–35:3 (Milgrom (Def. Expert). 
B.  DoubleClick Acquisition 
In 2008, Google purchased a company called DoubleClick for $3.1 billion to improve 
Google’s ad serving capabilities and to prevent Microsoft from acquiring “the leading ad serving 
company” and thus becoming “a major competitive threat” to Google’s publisher-facing ad tech 
business.  See PTX15 at -990–91 (an email from Google’s General Counsel and SVP for 
Corporate Development to Google’s Board explaining that “Google’s Rationale for Acquiring 
14 See Google opens new content distribution channel on AdSense, News from Google (Oct. 9, 
2007), https://googlepress.blogspot.com/2007/10/google-opens-new-content-
distribution_09.html; Google AdSense for Mobile unlocks the potential of the mobile advertising 
market, News from Google (Sept. 17, 2007), https://googlepress.blogspot.com/2007/09/google-
adsense-for-mobile-unlocks_17.html. 
26 ",text_layer_extracted,[]
memorandum-opinion:pdf:27,memorandum-opinion,27," 
   
    
 
 
  
 
   
    
    
   
 
    
  
    
    
  
 
  
  
 
Case 1:23-cv-00108-LMB-JFA Document 1410 Filed 04/17/25 Page 27 of 115 
PageID# 103707 
DoubleClick” included “accelerat[ing] time to market for our own advertiser and publisher ad 
serving products” and preventing the “major competitive threat to [] AdSense” posed by a 
“Microsoft-owned DoubleClick”); PTX1507 at -416.  With DoubleClick, Google significantly 
expanded the third-party publisher base on which it could run its advertisers’ ads.  See PTX15 at 
-990–91.  DoubleClick’s flagship product was the market’s leading publisher ad server, 
DoubleClick For Publishers (“DFP”).  PTX14 at -246–48.  DFP had a 60% share of the publisher 
ad serving market, and counted nine of the top ten U.S. websites among its customers.  Id. at -
246. By acquiring DFP, Google was able to keep the sell-side control that DFP offered out of the 
hands of Microsoft, Yahoo, and other digital advertising rivals. See PTX15 at -990–91 (stating 
that “[a]ccess [to indirect] inventory from Double[C]lick’s publisher ad server customer base” 
would help Microsoft “quickly scale its ad network”); PTX41 at -005.  Indeed, Google 
understood that DFP was the “must-call” publisher ad server, PTX611 at -801, and that owning it 
was critical to winning the “most strategic battle” in the emerging open-web ad tech ecosystem.  
PTX41 at -005. 
Google’s bolstering of its publisher-facing business through the DoubleClick acquisition 
helped it establish a dominant position on both sides of the ad tech stack. Google’s ad tech 
business thus benefited from network effects, as the more advertiser customers Google had, the 
more publishers wanted to use DFP, and the more publisher customers Google had, the more 
advertisers wanted to use Google’s buy-side services, thereby creating a self-reinforcing positive 
feedback loop.  Tr. Sept. 20 PM 159:10–160:14 PM (John (Microsoft)) (discussing the 
importance of network effects in open-web display ad tech); see also Tr. Sept. 19 PM 75:3–76:8 
(Lee (Pls. Expert)).  In the DoubleClick acquisition, Google also obtained a nascent ad exchange, 
27 ",text_layer_extracted,[]
memorandum-opinion:pdf:28,memorandum-opinion,28," 
   
   
   
  
     
 
  
 
 
 
  
    
   
    
  
 
    
 
     
     
  
    
    
   
    
   
  
 
Case 1:23-cv-00108-LMB-JFA Document 1410 Filed 04/17/25 Page 28 of 115 
PageID# 103708 
AdX, that connected the two sides of the ad tech stack by matching advertiser bids with 
publisher inventory.  See Tr. Sept. 16 AM 14:21–15:4 (Mohan (Google)); PTX51 at -723–26.  
C.  Connection of AdWords, AdX, and DFP 
After acquiring DoubleClick, Google implemented two policies that incentivized both 
advertisers and publishers to use AdX.  First, with limited exceptions, Google made AdX the 
only ad exchange into which AdWords advertising demand was permitted to bid.  See PTX110 at 
-009; PTX882 at -719; Tr. Sept. 13 PM 67:16–21 (Creput (Equativ)).15  Second, Google required 
publishers to use DFP as their ad server if they wanted to access real-time bids from AdX.  See 
PTX116 at -462‒63; PTX555 at -115; PTX1031 at -500, -797; Tr. Sept. 9 PM 144:7–145:1 
(Avery (Kevel)); Tr. Sept. 13 PM 67:11–15 (Creput (Equativ)).16 
Through these two policies, AdX  became t he “glue that seal[ed]  DFP” inventory to 
AdWords  demand.  PTX41 at -006.  AdWords was a singularly powerful source of digital  
15 Beginning in 2015, Google allowed some AdWords demand to bid into non-Google ad 
exchanges through a program called AWBid.  Because AWBid focused on a small set of 
impressions related to specialized advertising campaigns, AdX remained the “nearly exclusive” 
source of AdWords demand.  PTX639 at -965; PTX1247;see PTX278 at -613; Tr. Sept. 16 PM 
132:20–133:16 (Abrantes-Metz (Pls. Expert)) (“[F]rom 2015, approximately only on average 3 
percent of impressions transacted from [AdWords] were placed outside of AdX.”); Tr. Sept. 13 
AM 8:9–19 (Kershaw (Magnite)); Tr. Sept. 10 PM 87:3–7 (Lipkovitz (Google)). 
16 Google offered publishers not using DFP a way to access AdX demand via “AdX Direct,” but 
this product was not an “economically viable substitute to accessing AdX through DFP” because 
it had rudimentary functionality, did not show the price that AdX was offering, did not provide 
access to real-time bids, increased latency, and did not permit publishers to place bids from AdX 
into real-time auctions with bids from other exchanges.  Tr. Sept. 27 AM 70:9–24 (Wheatland 
(Daily Mail)); see also PTX555 at -115; PTX758 at -945; PTX933 at -183 (Google employee 
suggesting AdX Direct exists in part as a “concept for antitrust”); Tr. Sept. 10 AM 11:23–12:18 
(Layser (News Corp)); Tr. Sept. 16 PM 124:5–18 (Abrantes-Metz (Pls. Expert)); Tr. Sept. 17 PM 
50:4–51:20 (Cadogan (OpenX)); Tr. Sept. 18 AM 137:2–138:6 (Wheatland (Daily Mail)); Tr. 
Sept. 23 AM 139:8–17 (Korula (Google)). As a result, AdX Direct generated less than two 
percent of AdX’s revenue. Tr. Sept. 16 PM 124:19–25 (Abrantes-Metz (Pls. Expert)) (stating 
AdX Direct was “not effective” and “not widely used”). 
28 ",text_layer_extracted,[]
memorandum-opinion:pdf:29,memorandum-opinion,29," 
 
  
   
   
    
    
   
 
  
       
  
 
 
    
   
   
  
 
  
 
Case 1:23-cv-00108-LMB-JFA Document 1410 Filed 04/17/25 Page 29 of 115 
PageID# 103709 
advertising demand.  See PTX624 at -169; PTX639 at -965; PTX719 at -004–05; PTX759 at -
751. Its ease of use, association with a preeminent Internet company, and ability to place 
targeted advertisements alongside Search results attracted millions of unique advertisers, 
including countless small and medium-sized businesses. See PTX624 at -169; PTX719 at 004– 
05; Tr. Sept. 9 AM 129:22–130:22 (Casale (Index Exchange)); Tr. Sept. 10 AM 121:3–12 (Layser 
(News Corp)); Tr. Sept. 11 PM 153:6–154:20 (Dederick (The Trade Desk)).  Although publishers 
could offer their impressions on non-Google ad exchanges, large publishers were greatly 
attracted to the unique advertising demand offered by AdWords, and as a result viewed using 
DFP as essential because it was the only publisher ad server that could effectively access AdX 
and, consequently, AdWords demand.  See PTX551 at -048.  Google recognized the unique 
attractiveness of its extensive advertiser demand, and its employees understood that limiting 
access to AdWords demand in this way “compel[led] publishers” to use AdX and DFP. Dep. 
108:18–109:3 (Rowley (Google)); see also Tr. Sept. 16 PM 128:21–129:5 (Abrantes-Metz (Pls. 
Expert)). 
D.  First Look 
Google used its control of DFP, the world’s most popular ad server for large publishers, 
to implement additional policies that benefited its ad tech products.  With a feature called “First 
Look,” Google required publishers using DFP to offer AdX a first right of refusal for each 
impression.  See PTX551 at -048.  In other words, a publisher using DFP had to give AdX the 
opportunity to buy the publisher’s impression before any rival exchanges were permitted to bid 
for that impression.  See Tr. Sept. 12 PM 99:14–22 (Goel (PubMatic)); Tr. Sept. 16 PM 135:19– 
136:20 (Abrantes-Metz (Pls. Expert)); Tr. Sept. 16 PM 21:23–22:4 (Weintraub (Pls. Expert)).  In 
addition to giving AdX the opportunity to bid before other exchanges, DFP permitted AdX to bid 
29 ",text_layer_extracted,[]
memorandum-opinion:pdf:30,memorandum-opinion,30," 
 
   
    
 
     
 
 
 
   
   
  
  
  
  
 
  
 
   
  
 
     
 
 
  
 
Case 1:23-cv-00108-LMB-JFA Document 1410 Filed 04/17/25 Page 30 of 115 
PageID# 103710 
in real-time, whereas other exchanges were required to make static bids that were set in advance 
and could not account for contemporaneous information about the value of the specific 
impression.  See PTX373 at -092; PTX1539 at -105; Tr. Sept. 10 AM 39:4–40:24 (Layser (News 
Corp)); Tr. Sept. 11 AM 104:6–105:13 (Ravi (Pls. Expert)); Tr. Sept. 12 PM 98:19–99:13 (Goel 
(PubMatic)).  AdX received a First Look at DFP impressions even if the publisher preferred 
other exchanges and wanted to rank them first. Tr. Sept. 10 AM 40:25–41:3 (Layser (News 
Corp)).  
The First Look functionality benefited AdX advertisers, as they could win the auction 
even when advertisers using rival ad exchanges were willing to pay a higher price for the 
impression (i.e., when bids from other exchanges offered publishers more revenue for the 
impression).  See PTX551 at -048; Tr. Sept. 10 AM 40:18–24 (Layser (News Corp)). For 
example, if AdX offered $1.07 CPM
17 for an impression, and that amount met or exceeded the 
publisher’s floor price for the impression, AdX would win the auction before any other 
exchanges’ bids were examined, even if other exchanges were offering $1.10 CPM and $1.08 
CPM for the same impression.  Tr. Sept. 11 AM 99:24–101:2 (Ravi (Pls. Expert)); see also 
PTX368 at -315; PTX468 at -551.  Thus, under First Look, advertisers using AdX could win the 
auction even if they did not offer the highest revenue for the impression.  See Tr. Sept. 11 AM 
99:24–101:2 (Ravi (Pls. Expert)).  This inherent inefficiency limited the ability and incentive for 
advertisers using other ad exchanges to compete on price, and resulted in publishers not 
obtaining the maximum value for their impressions.  See PTX368 at -315; PTX551 at -048; 
17 Display ads purchased programmatically sell, on average, for significantly less than one cent 
per impression.  See Tr. Sept. 19 PM 78:12–13 (Lee (Pls. Expert)).  At trial, the parties and 
witnesses followed the industry convention of discussing prices in cost per thousand impressions 
(CPM), even when discussing the price of an individual impression.  See, e.g., Tr. Sept. 19 PM 
21:11–20 (Levitte (Google)). 
30 ",text_layer_extracted,[]
memorandum-opinion:pdf:31,memorandum-opinion,31," 
  
     
  
   
 
 
  
   
    
   
 
        
   
    
   
   
   
  
 
   
Case 1:23-cv-00108-LMB-JFA Document 1410 Filed 04/17/25 Page 31 of 115 
PageID# 103711 
PTX1539 at -105; Tr. Sept. 10 AM 42:13–21 (Layser (News Corp)); Tr. Sept. 12 PM 86:2–16, 
99:14–100:6 (Goel (PubMatic)); Tr. Sept. 16 PM 135:16–137:2 (Abrantes-Metz (Pls. Expert)).  
The “unfair advantage” that First Look offered Google was built into the software that controlled 
the auction logic within DFP, and publishers could not toggle it off.  PTX1710 at -497;see also 
PTX1099 at -865–66; PTX1539 at -105.  
By giving AdX “an advantage in winning the transaction,” Dep. 106:1–21 (Lipkovitz 
(Google)), First Look “made it difficult” for other exchanges “to compete on a level playing field 
with AdX,” PTX308 at -243, thereby impeding their ability to enter the market, grow, and 
compete. See Tr. Sept. 16 PM 137:3–12 (Abrantes-Metz (Pls. Expert)).  In addition to providing 
a revenue advantage, First Look also gave Google a data advantage that helped the AdX team 
train its auction bidding models more effectively. See Dep. 106:1–21 (Lipkovitz (Google)). 
Some large publishers expressed frustration with Google policies that benefited Google 
and its advertiser customers at its publisher customers’ expense, but the vast majority of them 
continued using DFP as their sole publisher ad server.  See PTX254 at -238–39; PTX551 at -048; 
PTX587 at -794; Tr. Sept. 10 AM 10:16–13:2, 26:22–24, 51:19–52:3, 55:6–56:3 (Layser (News 
Corp)).  DFP remained the “defacto, [sic] preferred ad server of choice for 90% of publishers,” 
PTX254 at -238, because of its guaranteed access to the unique AdWords demand sourced 
through AdX, the high switching costs associated with changing to another publisher ad server, 
and the lack of competitive alternatives. See PTX110 at -009; Tr. Sept. 10 AM 10:16–13:2, 
26:22–24, 51:19–52:3, 55:6–56:3 (Layser (News Corp)). 
E.  Admeld Acquisition 
Google continued to pursue strategic opportunities to increase its power and scale in the 
open-web ad tech ecosystem.  In 2011, Google acquired Admeld, a yield manager that helped 
31 ",text_layer_extracted,[]
memorandum-opinion:pdf:32,memorandum-opinion,32," 
   
 
 
 
      
     
  
   
   
 
 
 
  
  
       
   
  
   
   
  
   
Case 1:23-cv-00108-LMB-JFA Document 1410 Filed 04/17/25 Page 32 of 115 
PageID# 103712 
publishers decide which ad networks and other demand sources to transact with based on supply, 
demand, and pricing data.  See PTX112 at -975, -979; Tr. Sept. 16 AM 46:24–47:1 (Mohan 
(Google)).  Before acquiring Admeld, Google viewed it as a direct competitor that could 
“disintermediat[e]” Google’s control over advertiser-publisher relationships, PTX56 at -783, that 
risked “break[ing]” Google’s ability to enforce policies such as First Look, PTX88 at -597, and 
that offered a “better publisher base” and improved audience data integration. PTX112 at -981; 
see also PTX56 at -780, -788–790.  
After acquiring Admeld, Google incorporated some of Admeld’s features, such as its 
network yield management functionality, into AdX and DFP to improve Google’s sell-side ad 
tools.  See DTX101 at -109; DTX126 at -563–64, -575; Dep. 86:20–87:23 (O’Kelley (Xandr)).  
But Google also shut down some of Admeld’s features, including its ability to pass real-time 
AdX pricing into non-DFP publisher ad servers.  See PTX141 at -448; PTX159 at -002–04; Tr. 
Sept. 18 AM 47:3–12 (Abrantes-Metz (Pls. Expert)).  Google did so, even though some believed 
that maintaining this functionality would have required “[m]inimal effort,” because allowing 
AdX to submit real-time bids to publishers using non-Google ad servers would have “[t]ake[n] 
away a key differentiator for DFP.”  PTX113 at -804; see also Tr. Sept. 18 AM 47:3–23 
(Abrantes-Metz (Pls. Expert)). The deprecation of Admeld features was consistent with 
Google’s pre-acquisition plan to “pick[] up the [yield manager] with the most traction and park[] 
it somewhere.” PTX58 at -800. 
F.  Header Bidding and Open Bidding 
By early 2014, AdX had emerged as the world’s leading ad exchange and was winning 
53% of publisher inventory that DFP made available for auction.  PTX174 at -635.  Publishers, 
concerned about Google’s dominance, sought to improve competition between AdX and other 
32 ",text_layer_extracted,[]
memorandum-opinion:pdf:33,memorandum-opinion,33," 
 
   
  
   
  
  
     
  
  
  
  
 
  
 
 
    
 
 
  
   
Case 1:23-cv-00108-LMB-JFA Document 1410 Filed 04/17/25 Page 33 of 115 
PageID# 103713 
exchanges by negating Google’s First Look advantage.  See PTX587 at -794; PTX1710 at -407; 
Tr. Sept. 9 AM 152:9–153:7 (Casale (Index Exchange)); Tr. Sept. 9 PM 136:12–19 (Avery 
(Kevel)).  Working together, non-Google industry members and open-source advocates formed 
an organization called Prebid which developed header bidding, a technical solution that allowed 
publishers using DFP to solicit real-time bids from multiple ad exchanges. See Joint Glossary at 
6; PTX284 at -290; PTX587 at -794; Tr. Sept. 9 PM 136:12–19 (Avery (Kevel)).  Specifically, 
header bidding was a workaround that involved a publisher inserting a string of code into the 
header of its webpage to solicit bids from multiple ad exchanges and hold fair auctions for the 
publisher’s inventory outside of Google’s technical architecture.  See Joint Glossary at 6; 
PTX1677 at -692–93; Tr. Sept. 9 PM 136:12–19 (Avery (Kevel)); Tr. Sept. 12 PM 97:8–98:7 
(Goel (PubMatic)).  The winning bid in a header bidding auction would often be placed into DFP 
as a floor price against which AdX would compete.  See Tr. Sept. 23 AM 34:23–36:19 (Korula 
(Google)).  Header bidding rapidly gained popularity and achieved widespread adoption by large 
publishers in 2015.  See DTX2085; PTX507 at -218; Tr. Sept. 9 AM 74:24–75:5 (Wolfe 
(Gannett)); Tr. Sept. 10 AM 45:6–21 (Layser (News Corp)).  By introducing head-to-head 
competition among ad exchanges, header bidding “dramatically increase[d]” publisher revenue.  
PTX507 at -218; see also PTX587 at -794. 
Google was wary of header bidding, seeing it as a risk to its revenue model that relied 
upon AdX having a real-time First Look at publisher inventory.  See PTX234 at -236; PTX433 at 
-601; PTX587 at -794 (Google email recognizing that header bidding “gives many publishers 
better yield, so it’s a no-brainer for a publisher to adopt it”).  Google declined to have AdX 
participate in header bidding, thereby avoiding direct head-to-head competition between AdX 
33 ",text_layer_extracted,[]
memorandum-opinion:pdf:34,memorandum-opinion,34," 
   
   
 
   
 
   
  
 
 
  
    
 
  
 
 
  
 
 
  
 
  
 
  
Case 1:23-cv-00108-LMB-JFA Document 1410 Filed 04/17/25 Page 34 of 115 
PageID# 103714 
and other ad exchanges, such as Index Exchange, Magnite, OpenX, and PubMatic.  See Tr. Sept. 
11 AM 112:19–113:12 (Ravi (Pls. Expert)); Tr. Sept. 13 AM 31:2–21 (Kershaw (Magnite)). 
Instead, Google implemented new features and policy changes to counteract the growing 
threat of header bidding.  In 2018, Google developed Open Bidding—a tool that mimicked the 
functionality of header bidding but occurred within DFP—with the goal of creating a “slightly 
better” version of header bidding, PTX1543 at -604; Tr. Sept. 9 AM 158:15–159:10 (Casale 
(Index Exchange)); Tr. Sept. 19 AM 148:8–12 (Bellack (Google)), so that rival exchanges would 
conduct their bidding within Google’s ad tech ecosystem.  See Tr. Sept. 19 PM 23:22–24:23 
(Levitte (Google)); Tr. Sept. 23 AM 38:19–39:16 (Korula (Google)).  In moving rival ad 
exchanges’ bidding to Open Bidding, Google sought to mitigate the competitive pressure those 
rival exchanges could exert on AdX and DFP.  See Tr. Sept. 13 AM 10:19–12:8 (Kershaw 
(Magnite)).  But Open Bidding was not a substitute for header bidding because it discriminated 
against non-AdX exchanges, including by extracting a 5% fee from their bids, by prohibiting 
them from submitting any bids that originated from their own demand-side platforms or ad 
networks, and by requiring them to share their bid data with Google.  See Tr. Sept. 9 AM 160:4– 
23 (Casale (Index Exchange)); Tr. Sept. 13 AM 11:9–12:9 (Kershaw (Magnite)); Tr. Sept. 19 PM 
21:21–22:20, 24:9–25:19 (Levitte (Google)). 
G.  Last Look 
Through a process called Last Look, AdX was able to outbid the winner of the header 
bidding auction for every impression in DFP.  See Tr. Sept. 11 AM 111:18–112:18 (Ravi (Pls. 
Expert)); Tr. Sept. 11 PM 143:14–22 (Dederick (The Trade Desk)).  DFP publishers that wanted 
to place the winning bid of a header bidding auction in competition with AdX’s bids were 
required to incorporate that winning bid as a price floor in DFP.  See Tr. Sept. 16 PM 24:18–25:1 
34 ",text_layer_extracted,[]
memorandum-opinion:pdf:35,memorandum-opinion,35," 
  
     
   
   
 
 
  
 
  
   
     
  
 
     
  
 
  
 
 
   
 
Case 1:23-cv-00108-LMB-JFA Document 1410 Filed 04/17/25 Page 35 of 115 
PageID# 103715 
(Weintraub (Pls. Expert)).  AdX would then have the unique opportunity to adjust its bid in 
response to the highest bid from rival ad exchanges.  See id.; Dep. 123:6–126:19 (O’Kelley 
(Xandr)).  In what was otherwise a sealed auction, Last Look let AdX “open the envelope for the 
winning bid, know what the winning bid [wa]s, and be able . . . to bid after everybody else.”  Tr. 
Sept. 18 AM 37:7–38:1 (Abrantes-Metz (Pls. Expert)).  Being able to view its competitors’ bids 
provided Google and its advertising customers with a “significant informational advantage,” 
PTX816 at -161, that “significantly disadvantage[d] other competitors” in the ad exchange space.  
PTX1709 at -934; see also Tr. Sept. 11 AM 121:17–21 (Ravi (Pls. Expert)); Tr. Sept. 12 PM 
101:24–102:15 (Goel (PubMatic)).  Last Look also harmed publishers using DFP, who were not 
compensated as much as they would have been for their inventory had Google’s AdX demand 
been required to compete with third-party exchanges (i.e., non-Google exchanges) on a level 
playing field.  See Tr. Sept. 11 AM 120:23–121:16 (Ravi (Pls. Expert)). Because AdX could “see 
all the other bids” with Last Look, it could “just bid 1 cent more,” which “harm[ed] publishers” 
by reducing their revenue in comparison to a situation in which AdX had to bid without 
knowledge of competing bids.  Tr. Sept. 12 PM 101:13–23 (Goel (PubMatic)). 
H.  Sell-side Dynamic Revenue Share 
Google further expanded AdX’s Last Look advantage by using a pricing model called 
sell-side dynamic revenue share. This dynamic pricing model allowed AdX to adjust its take 
rate—the percentage fee it charged —on an impression-by-impression basis to “exploit the last 
look advantage.”  PTX542 at -335.  Although AdX maintained an overall take rate of around 
20%, it would lower its take rate below 20% on competitive impressions that had received 
relatively high offers from third-party exchanges via header bidding.  Tr. Sept. 11 AM 114:5– 
116:16 (Ravi (Pls. Expert)).  Selectively lowering its take rate on competitive impressions made 
35 ",text_layer_extracted,[]
memorandum-opinion:pdf:36,memorandum-opinion,36," 
   
   
   
      
      
   
    
 
  
   
 
 
      
  
 
 
  
  
  
    
Case 1:23-cv-00108-LMB-JFA Document 1410 Filed 04/17/25 Page 36 of 115 
PageID# 103716 
AdX’s advertisers more likely to win auctions for those impressions, as publishers ranked bids 
by the revenue they offered net of fees.  See id. AdX would compensate for such temporary 
losses in revenue by charging a take rate above 20% for impressions where its advertisers faced 
less competition from third-party exchanges. Id. For example, AdX would charge a 15% or 
lower take rate for competitive impressions, and a 25% or higher take rate for less competitive 
impressions, all the while maintaining an average take rate of around 20%.  See id.  This 
dynamic approach helped AdX advertisers win more auctions, and caused advertisers using 
third-party exchanges, including those exchanges that participated in header bidding, to win 
fewer auctions.  See id.  Because third-party exchanges did not have Last Look to “see all the 
bids” and vary their take rate accordingly, they lost scale and revenue from AdX’s use of sell-
side dynamic revenue share. Dep. 163:9–165:11 (O’Kelley (Xandr)); see also PTX1328; 
PTX1329; Tr. Sept. 16 PM 28:9–29:3 (Weintraub (Pls. Expert)).  Through the advantages 
provided by Last Look and sell-side dynamic revenue share, Google helped mitigate the risk that 
header bidding posed to its ad tech products, and enabled AdX to remain the world’s largest ad 
exchange.  See PTX819 at -318; PTX1258; PTX1326; Tr. Sept. 16 PM 28:9–29:8 (Weintraub 
(Pls. Expert)). 
I.  Project Poirot 
In 2017, while Google was still facing what some of its employees viewed as “the 
existential threat posed by Header Bidding” and the concomitant growth of third-party ad 
exchanges, Google launched Project Poirot.  PTX433 at -601; see also PTX284 at -290; PTX545 
at -115; PTX786 at -716; PTX1545 at -142.  With Project Poirot, Google “shaded,” or lowered, 
bids from its demand-side platform DV360 on impressions offered for sale on non-AdX 
exchanges.  See Tr. Sept. 11 AM 125:24–126:4 (Ravi (Pls. Expert)); Tr. Sept. 17 AM 84:12– 
36 ",text_layer_extracted,[]
memorandum-opinion:pdf:37,memorandum-opinion,37," 
  
  
  
  
      
  
  
  
    
  
 
 
  
 
  
 
 
   
     
Case 1:23-cv-00108-LMB-JFA Document 1410 Filed 04/17/25 Page 37 of 115 
PageID# 103717 
86:13 (Jayaram (Google)).  Publishers more frequently rejected these shaded bids from non-AdX 
exchanges, which offered them less revenue, and increasingly accepted bids from AdX.  See 
PTX545 at -115; PTX734 at -596 (stating Project Poirot “generate[d] margins by shifting 
inventory to AdX”); Tr. Sept. 17 AM 84:12–86:13 (Jayaram (Google)).  The first version of 
Project Poirot resulted in advertisers that used DV360 spending an average of 9% more on AdX 
and 10% less on non-AdX exchanges.  See PTX545 at -115; PTX587 at -794.  In late 2018, after 
the second version of Project Poirot was launched, DV360 bids on non-AdX exchanges 
decreased in value by as much as 90%, resulting in DV360 advertisers dedicating an even higher 
proportion of their advertising spending to AdX. See Tr. Sept. 16 PM 32:18–33:5 (Weintraub 
(Pls. Expert)). AdX’s main competitors, meanwhile, saw their revenue from DV360 advertisers 
decrease by an average of 15%.  See PTX860 at -683–84.  One main ad exchange competitor, 
OpenX, experienced a 40% decrease in revenue from DV360, which “damaged” the company 
“very severely” and contributed to 45% of its staff being laid off.  Tr. Sept. 17 PM 66:15–67:25 
(Cadogan (OpenX)); see also PTX860 at -684; PTX1600 at -011. 
J.  Unified Pricing Rules 
By 2019, Google was facing pressure from publishers to improve the transparency and 
fairness of its advertising auction processes.  There was also an increasing belief within Google 
that its size in the ad tech space and the policies it had implemented to benefit its products across 
the ad tech stack posed regulatory and “competition concerns.”  PTX816 at -161.  In response, 
Google agreed to remove Last Look.  See id.; Tr. Sept. 23 AM 152:3–153:13 (Korula (Google)).  
But Google simultaneously introduced Unified Pricing Rules, a policy that prohibited publishers 
using DFP from setting higher price floors for AdX than for other exchanges.  See PTX762 at -
291; Tr. Sept. 10 AM 60:3–14 (Layser (News Corp)); Tr. Sept. 18 AM 149:1–8 (Wheatland 
37 ",text_layer_extracted,[]
memorandum-opinion:pdf:38,memorandum-opinion,38," 
 
  
     
 
     
  
  
 
  
    
   
   
 
 
   
 
      
  
  
 
 
    
  
Case 1:23-cv-00108-LMB-JFA Document 1410 Filed 04/17/25 Page 38 of 115 
PageID# 103718 
(Daily Mail)).  Unified Pricing Rules also prohibited DFP publishers from setting higher price 
floors for Google AdWords demand than for demand from other ad networks or demand-side 
platforms.  See Tr. Sept. 10 AM 119:9–120:2 (Layser (News Corp)). 
Google advertised Unified Pricing Rules as consistent with the removal of Last Look, 
positing that both policy changes would make auctions safer and simpler.  See Tr. Sept. 23 AM 
93:24–94:9 (Korula (Google)); Sept. 24 AM 134:8–21 (Milgrom (Def. Expert)).  Google knew, 
however, that many publishers using DFP had been setting higher pricing floors for AdX than for 
other exchanges so that they could reduce their high dependence on Google’s ad tech stack.  See 
PTX609 at -146; PTX611 at -792, -802; PTX698 at -021; Tr. Sept. 10 AM 49:16–50:9 (Layser 
(News Corp)).  Google recognized that publisher “revenue diversity” was beneficial, and that 
publishers were willing to “tolerate some revenue loss in exchange for reduced dependance” on 
Google.  PTX609 at -146; see also PTX469 at -512.  Publishers also set higher floor prices on 
AdX to screen out low-quality ads, which were more likely to originate from smaller advertisers 
using AdWords.  See PTX534 at -306; PTX609 at -146; Tr. Sept. 10 AM 49:25–50:3, 119:9–21 
(Layser (News Corp)). Despite its name, Unified Pricing Rules did not require a level playing 
field between exchanges, as it permitted publishers to set higher price floors on third-party 
exchanges than on AdX. See Tr. Sept. 10 AM 60:7–14 (Layser (News Corp)); Tr. Sept. 18 AM 
149:1–8 (Wheatland (Daily Mail)); Tr. Sept. 23 AM 157:8–158:20 (Korula (Google)). 
Some of Google’s largest publisher customers were disgruntled with the implementation 
of Unified Pricing Rules, which reduced their ability to control ad pricing, maintain ad quality, 
and diversify their sources of revenue.  See PTX751 at -120–21; PTX763 at -165–66; PTX1854 
at 25:1–6, 55:1–56:20.  But these same publishers continued using DFP as their sole publisher ad 
server, believing that they had “very little” ability to switch given DFP’s tie to the unique 
38 ",text_layer_extracted,[]
memorandum-opinion:pdf:39,memorandum-opinion,39," 
  
  
  
    
   
 
 
   
  
 
   
     
 
  
 
      
 
 
  
   
 
Case 1:23-cv-00108-LMB-JFA Document 1410 Filed 04/17/25 Page 39 of 115 
PageID# 103719 
advertising demand from AdX and AdWords.  Tr. Sept. 18 AM 147:1–12, 150:20–151:9 
(Wheatland (Daily Mail)); see also PTX754 at -321; Tr. Sept. 10 AM 51:14–52:7, 53:8–10, 55:6– 
57:25, 109:23–110:9 (Layser (News Corp)). 
Unified Pricing Rules increased the number of impressions AdX won and the revenue it 
received, while decreasing impressions won and revenue received by third-party exchanges.  See 
DTX768 at -933; PTX819 at -318; Tr. Sept. 12 AM 20:16–20 (Srinivasan (Google)); Tr. Sept. 18 
AM 41:20–42:11, 43:8–17 (Abrantes-Metz (Pls. Expert)).  For at least one major publisher, The 
Daily Mail, Unified Pricing Rules also resulted in lower revenue per impression.  See PTX1633 
at -123.  The overall result of Unified Pricing Rules was that Google’s ad tech products 
continued to gain scale in the display advertising space while rival ad tech products lost scale.  
See PTX1035 at -360; PTX1331; PTX1621 at -158; Tr. Sept. 16 PM 29:18–25, 31:8–15 
(Weintraub (Pls. Expert)).  This was consistent with what one Google employee said was the 
“primary objective” of the 2019 changes to DFP: “to help the buyside” of Google’s ad tech 
products, namely AdWords and DV360.  PTX763 at -165. 
K.  Google’s Ad Tech Today 
Since Unified Pricing Rules were implemented in 2019, Google has remained the 
dominant force in open-web display advertising.  On the sell-side, DFP has remained the leading 
publisher ad server, and AdX has continued to be the leading ad exchange. See PTX1236; 
PTX1236A; PTX1237; PTX1237A; PTX1238; PTX1238A; PTX1258; PTX1277; PTX1277A; 
PTX1278; PTX1278A; PTX1314.  On the buy-side, DV360 has remained one of the leading 
demand-side platforms, see Tr. Sept. 12 PM 11:13–21 (Dederick (The Trade Desk)), and 
AdWords has remained the leading source of small and medium-sized online advertisers, having 
benefited greatly from being the platform through which advertisers purchase Search ads.  See 
39 ",text_layer_extracted,[]
memorandum-opinion:pdf:40,memorandum-opinion,40," 
   
   
    
 
   
   
  
 
   
    
 
 
    
  
    
 
 
 
  
Case 1:23-cv-00108-LMB-JFA Document 1410 Filed 04/17/25 Page 40 of 115 
PageID# 103720 
PTX1243; PTX1243A: Tr. Sept. 9 AM 129:18–130:22 (Casale (Index Exchange)); Tr. Sept. 11 
PM 153:6–154:11 (Dederick (The Trade Desk)) (describing the pool of advertisers that use 
AdWords to purchase Search ads as the “greatest source of demand in the history of 
advertising”). 
Google’s unparalleled scale in programmatic advertising has given it significant 
advantages over rival firms.  Scale is a crucial factor for ad tech companies’ ability to compete 
because of the importance of big data analytics for optimizing ad tech services and the 
significant network effects that exist in programmatic advertising.  See Tr. Sept. 9 AM 144:20– 
147:17 (Casale (Index Exchange)); Tr. Sept. 11 PM 110:21–25 (Dederick (The Trade Desk)); Tr. 
Sept. 12 PM 103:2–21 (Goel (PubMatic)); Tr. Sept. 16 PM 7:9–16:7 (Weintraub (Pls. Expert)).  
The unmatched scale that Google has achieved across the open-web ad tech stack helps the 
company test products more quickly and make higher-quality matches between advertisers and 
publishers.  See Tr. Sept. 13 PM 74:13–75:6 (Creput (Equativ)); Tr. Sept. 16 PM 9:15–16:7 
(Weintraub (Pls. Expert)); Tr. Sept. 23 PM 136:7–137:2 PM (John (Microsoft)). As ad tech 
products continue to integrate artificial intelligence and machine learning capabilities, Google’s 
vast repositories of data about advertisers, publishers, and Internet users, combined with the 
company’s scale and technical sophistication, will further benefit its open-web display 
advertising business.  See Tr. Sept. 9 AM 146:4–147:17 (Casale (Index Exchange)); Tr. Sept. 11 
AM 138:7–139:8 (Ravi (Pls. Expert)); Tr. Sept. 11 PM 95:18–96:7 (Dederick (The Trade Desk)); 
Tr. Sept. 12 PM 137:9–19 (Goel (PubMatic)); Tr. Sept. 13 PM 75:7–20 (Creput (Equativ)); Tr. 
Sept. 20 PM 160:13–161:8 (John (Microsoft)); Tr. Sept. 23 AM 48:13–49:15 (Korula (Google)); 
Tr. Sept. 23 PM 32:8–12 (Stefaniu (Google)); Tr. Sept. 24 PM 49:15–50:6 (Bjorke (Google)). 
40 ",text_layer_extracted,[]
memorandum-opinion:pdf:41,memorandum-opinion,41," 
 
 
 
  
    
   
   
  
  
 
   
    
    
  
 
 
  
 
   
Case 1:23-cv-00108-LMB-JFA Document 1410 Filed 04/17/25 Page 41 of 115 
PageID# 103721 
VI.  Monopolization Claims 
Plaintiffs contend that Google violated Section 2 of the Sherman Act by monopolizing 
three markets within the open-web display advertising technology ecosystem: the publisher ad 
server market, the ad exchange market, and the advertiser ad network market.  See Amended 
Complaint at 136–42.  Section 2 of the Sherman Act, in relevant part, makes it unlawful to 
“monopolize, or attempt to monopolize, . . . any part of the trade or commerce among the several 
States, or with foreign nations.”  15 U.S.C. § 2.  Considering the purpose of the Sherman Act and 
its use of broad language, the Supreme Court has determined that it was “enacted for ‘the 
protection of competition, not competitors.’” Atlantic Richfield Co. v. USA Petroleum Co., 495 
U.S. 328, 338 (1990) (quoting Brown Shoe Co. v. United States, 370 U.S. 294, 320 (1962)); see 
also Nat’l Collegiate Athletic Ass’n v. Alston, 594 U.S. 69, 73 (2021) (“In the Sherman Act, 
Congress tasked courts with enforcing a policy of competition.”); N. Pac. Ry. Co. v. United 
States, 356 U.S. 1, 4 (1958).  Accordingly, “[t]he purpose of the Act is not to protect businesses 
from the working of the market; it is to protect the public from the failure of the market.” 
Spectrum Sports, Inc. v. McQuillan, 506 U.S. 447, 458 (1993); see also Reiter v. Sonotone Corp., 
442 U.S. 330, 343 (1979) (suggesting Congress intended the Sherman Act to be a “consumer 
welfare prescription”). 
The offense of monopolization “has two elements: (1) the possession of monopoly power 
in the relevant market and (2) the willful acquisition or maintenance of that power as 
distinguished from growth or development as a consequence of a superior product, business 
acumen, or historic accident.”  Eastman Kodak Co. v. Image Tech. Servs., Inc., 504 U.S. 451, 
481 (1992) (quoting United States v. Grinnell Corp., 384 U.S. 563, 570–71 (1966)); accord E.I. 
41 ",text_layer_extracted,[]
memorandum-opinion:pdf:42,memorandum-opinion,42," 
 
 
  
 
 
 
 
 
      
 
 
    
  
  
     
  
      
 
      
 
Case 1:23-cv-00108-LMB-JFA Document 1410 Filed 04/17/25 Page 42 of 115 
PageID# 103722 
du Pont de Nemours & Co. v. Kolon Indus., Inc., 637 F.3d 435, 441 (4th Cir. 2011) (“Kolon”).  
Plaintiffs bear the burden of proving each element.  Kolon, 637 F.3d at 441.   
Google disagrees with Plaintiffs’ contention that it has willfully acquired and maintained 
monopoly power in three distinct product markets, and instead claims that the entire digital ad 
tech ecosystem—which includes publisher ad servers, ad exchanges, ad networks, and other 
tools that facilitate transactions between advertisers and publishers—should be analyzed as a 
single, two-sided market.  Google also disputes Plaintiffs’ focus on open-web display 
advertising, arguing that ad technology which facilitates the buying and selling of other types of 
digital ads, such as mobile app ads, social media ads, and instream video ads, should be included 
in the relevant market.  Plaintiffs and Google further clash over the geographic scope of the 
relevant market, with Plaintiffs arguing that a worldwide market is most appropriate and Google 
arguing that only the U.S. market should be considered. 
Because the scope of the relevant market is central to this litigation, the Court’s analysis 
of Plaintiffs’ claims starts “with a preliminary inquiry into market definition, which serves as a 
tool to determine the defendant’s market power.”  Kolon, 637 F.3d at 441.  Defining the relevant 
market first is crucial here because “without a definition of the market there is no way to 
measure the defendant’s ability to lessen or destroy competition.”  Ohio v. Am. Express Co., 585 
U.S. 529, 543 (2018) (“Amex”) (internal quotation and brackets omitted). 
A.  Market Definition 
The relevant market is “the area of effective competition.” Id. (internal citation omitted). 
This is often the “arena within which significant substitution in consumption or production 
occurs.” Id. (quoting Phillip E. Areeda & Herbert Hovenkamp, Fundamentals of Antitrust Law 
§ 15.02[B] (4th ed. 2017)).  In other words, a relevant product market is one that includes 
42 ",text_layer_extracted,[]
memorandum-opinion:pdf:43,memorandum-opinion,43," 
  
 
 
  
  
   
  
  
  
   
 
   
 
   
  
  
  
  
Case 1:23-cv-00108-LMB-JFA Document 1410 Filed 04/17/25 Page 43 of 115 
PageID# 103723 
“reasonably interchangeable” products from the perspective of the consumers of those products. 
It’s My Party, Inc. v. Live Nation, Inc., 811 F.3d 676, 683 (4th Cir. 2016) (quoting United States 
v. E.I. du Pont de Nemours & Co., 351 U.S. 377, 395 (1956)); accord Kodak, 504 U.S. at 482.  
Determining the relevant market should be grounded in “commercial realities,” Kodak, 504 U.S. 
at 482, and involves a “pragmatic, factual” analysis, “not a formal, legalistic” one.  Brown Shoe, 
370 U.S. at 336.  As such, courts often consider “practical indicia” of the relevant market, such 
as “industry or public recognition of the [market] as a separate economic entity, the product’s 
peculiar characteristics and uses, unique production facilities, distinct customers, distinct prices, 
sensitivity to price changes, and specialized vendors.” Id. at 325; see, e.g., Regeneron Pharm., 
Inc. v. Novartis Pharma AG, 96 F.4th 327, 339 (2nd Cir. 2024).  Delineating the bounds of the 
relevant market necessarily involves considering “the relevant product market and the relevant 
geographic market.” Kolon, 637 F.3d at 441; accord Brown Shoe, 370 U.S. at 324. 
1. Product Markets 
a. Publisher Ad Server Market 
The Court finds that publisher ad servers for open-web display advertising constitute a 
distinct relevant product market.  Publisher ad servers for open-web display advertising are 
uniquely suited for managing ad inventory for large web publishers, are priced differently than 
other ad tech tools, and are recognized as a distinct product by ad tech industry participants.  
Consequently, other ad tech tools are not reasonably interchangeable with publisher ad servers.  
The lack of substitutability between publisher ad servers and alternative tools is evidenced by 
how successful Google’s publisher ad server has been in maintaining dominant market share 
among the largest open-web publishers.  Indeed, the commercial realities of the publisher ad 
server market suggest that a monopolist could engage in anticompetitive conduct by raising 
43 ",text_layer_extracted,[]
memorandum-opinion:pdf:44,memorandum-opinion,44," 
   
     
   
 
 
  
  
      
   
 
  
  
  
 
    
  
     
   
 
  
  
 
Case 1:23-cv-00108-LMB-JFA Document 1410 Filed 04/17/25 Page 44 of 115 
PageID# 103724 
prices or degrading product quality without seeing significant diminution of its customer base.  
For these reasons, publisher ad servers for open-web display advertising constitute the area of 
effective competition and form a relevant antitrust market. 
Publisher ad servers for open-web display advertising have a distinct purpose: they help 
publishers manage and monetize their web ad inventory.  Tr. Sept. 9 AM 119:9–21 (Casale 
(Index Exchange)); Tr. Sept. 16 AM 22:5–14 (Mohan (Google)) (“By definition, publishers 
couldn’t really manage their display advertising without an ad server.”).  Publisher ad servers do 
this by offering a number of unique product features to publishers, such as allocating ad 
inventory between direct sales and programmatic sales; placing ad exchange bids in competition 
with bids from header bidding, programmatic direct sales,
18 and other ad exchanges; rendering 
an advertisement on the publisher’s webpage for each impression; billing for ads rendered; and 
providing inventory and revenue analytics.  See DTX376 at -940, -943; PTX1572 at -693; Tr. 
Sept. 9 AM 119:9–121:16 (Casale (Index Exchange)); Tr. Sept. 19 PM 61:18–65:20 (Lee (Pls. 
Expert)); Tr. Sept. 20 PM 78:4–25 (Sheffer (Google)). 
Publisher ad servers, which charge publishers a flat fee per impression sold, are priced 
differently than ad exchanges, which charge publishers a percentage-based fee per impression 
sold, and demand-side platforms, which charge advertisers a percentage-based fee per impression 
purchased.  See PTX188 at -963; Tr. Sept. 26 AM 120:20–121:3 (Israel (Def. Expert)). 
Moreover, publisher ad servers are much less expensive than other ad tech tools.  For large open-
web publishers, publisher ad server fees typically average about 1% to 2% of the revenue 
generated by the sale of the impression, which is significantly lower than the double-digit 
18 Programmatic direct sales are a type of programmatic advertising in which a certain amount of 
a publisher’s inventory is reserved for a specific advertiser.  See Joint Glossary at 7; Tr. Sept. 10 
PM 22:2–14 (Friedman (Goodway Group)). 
44 ",text_layer_extracted,[]
memorandum-opinion:pdf:45,memorandum-opinion,45," 
   
  
 
  
 
  
   
 
 
 
   
     
  
    
  
 
 
  
   
 
   
  
Case 1:23-cv-00108-LMB-JFA Document 1410 Filed 04/17/25 Page 45 of 115 
PageID# 103725 
percentage take rate charged by ad exchanges—the other primary ad tech tool that large 
publishers use for open-web display advertising.  See DTX1977; PTX188 at -963; Tr. Sept. 20 
PM 79:13–18 (Sheffer (Google)); Tr. Sept. 26 AM 121:10–16, 132:22–25 (Israel (Def. Expert)) 
(stating that DFP fees equate to a “take rate[]” of “1.7 percent to 1.3 percent,” whereas take rates 
are around 20% “for an auction run on AdX”). 
The unique purpose, features, and pricing of the publisher ad server has resulted in its 
being recognized as a distinct product within the ad tech industry.  In the ordinary course of 
business, Google regularly identified its publisher ad server, DFP, as being a unique product, and 
the firm has assessed its market share in display web publisher ad serving.  See, e.g., PTX15 at -
990–91; PTX847 at -261 (identifying DFP alongside other publisher ad servers in a “display ads 
landscape” chart); PTX946 at -807 (differentiating between AdX and DFP revenue).  Google 
marketed DFP as a distinct product until it rebranded DFP as part of the Google Ad Manager 
product suite in 2018.  See, e.g., PTX847 at -261; PTX993 at -310; see also Tr. Sept. 9 AM 
121:20–122:10 (Casale (Index Exchange)).  Other technology firms that participate in the ad tech 
ecosystem, including AppNexus, Equativ, Index Exchange, Meta, and Microsoft, also recognize 
the publisher ad server as a unique product.  See, e.g., DTX1487 at -850–51; PTX580 at -802– 
05; PTX1709 at -937; Tr. Sept. 9 AM 119:9–122:10 (Casale (Index Exchange)); Tr. Sept. 13 PM 
62:11–63:1 (Creput (Equativ)); Tr. Sept. 20 PM 131:5–21 (John (Microsoft)).  As do publishers, 
such as Gannett and News Corp.  Tr. Sept. 9 AM 66:1–67:7 (Wolfe (Gannett)); Tr. Sept. 10 AM 
30:17–32:7 (Layser (News Corp)).  Even Dr. Mark Israel, Google’s market definition expert who 
contended that there was not a relevant market for publisher ad servers, agreed that publisher ad 
servers are “components” of the ad tech stack that “serve different purposes” from buy-side 
45 ",text_layer_extracted,[]
memorandum-opinion:pdf:46,memorandum-opinion,46," 
   
 
  
   
  
  
  
 
  
   
 
  
  
  
     
    
 
 
Case 1:23-cv-00108-LMB-JFA Document 1410 Filed 04/17/25 Page 46 of 115 
PageID# 103726 
tools, ad exchanges, and in-house ad tech used by social media companies. See Tr. Sept. 26 PM 
45:9–19, 47:18–48:3 (Israel (Def. Expert)). 
Moreover, the commercial realities of the publisher ad server market support the 
conclusion that a monopolist could engage in anticompetitive conduct without realizing 
significant customer loss.  Dr. Robin Lee, an economics professor and Plaintiffs’ market 
definition expert, provided credible testimony that a hypothetical monopolist of publisher ad 
servers for open-web display advertising could profitably increase price or degrade quality 
without the risk of significant substitution due to the lack of close alternative products available 
to publishers.  Tr. Sept. 19 PM 55:10–57:15, 60:4–67:17 (Lee (Pls. Expert)).  Indeed, although 
Google decreased DFP’s quality by “plac[ing] restrictions on how publishers could work with 
rival ad exchanges” (e.g., giving AdX advantages over third-party exchanges with First Look and 
Last Look) and by removing features that its publishers used (e.g., eliminating variable price 
floors with Unified Pricing Rules), DFP still maintained 99 of its top 100 publisher customers in 
the ensuing years.  Tr. Sept. 19 PM 66:7–67:11, 68:21–70:1 (Lee (Pls. Expert)); see Sections 
V(C–G) and V(J), supra.  Moreover, Google estimated internally that it could increase net 
revenue by at least $40 million by raising DFP prices by 20%.  PTX611 at -798.  Both Google’s 
dominant grip on the publisher ad server market even after ill-received product changes and its 
internal estimates indicating a lack of customer sensitivity to price increases support the Court’s 
conclusion that publisher ad servers constitute a distinct relevant product market. 
Google nevertheless contends that Plaintiffs’ focus on publisher ad servers for open-web 
display advertising is too narrow because publisher ad servers can be used to manage other ad 
types.  For example, Google points out that DFP helps publishers manage not only display ads 
shown on the open web, but also mobile app ads and instream video ads.  Google also observes 
46 ",text_layer_extracted,[]
memorandum-opinion:pdf:47,memorandum-opinion,47," 
  
  
 
 
  
  
      
    
  
 
  
 
    
   
 
 
   
 
   
  
Case 1:23-cv-00108-LMB-JFA Document 1410 Filed 04/17/25 Page 47 of 115 
PageID# 103727 
that companies operating walled-garden websites with integrated ad tech stacks, such as Amazon 
and Meta, show display ads on their websites using in-house technology that offers much of the 
functionality of publisher ad servers.  
Although digital advertising is not limited to open-web display advertising, the evidence 
in the record supports the conclusion that publisher ad servers for open-web display advertising 
constitute a distinct, relevant market because they are uniquely capable of performing ad-serving 
functions for websites, which are essential components of news, media, and other online 
publishers’ businesses.  Organizations that publish primarily text-based news content online, 
such as The New York Times or The Wall Street Journal, cannot monetize the primary content on 
their websites with instream video ads. See Tr. Sept. 10 AM 31:1–17 (Layser (News Corp)); Tr. 
Sept. 19 PM 59:16–60:3, 62:1–15, 64:4–65:3, 72:1–17 (Lee (Pls. Expert)). Nor can they feasibly 
forgo monetizing their websites and publish revenue-generating content only through alternative 
digital channels, such as via mobile apps or social media pages.  See Tr. Sept. 27 AM 59:20– 
60:18 (Wheatland (Daily Mail)); Tr. Sept. 10 AM 31:1–33:2 (Layser (News Corp)); Tr. Sept. 20 
PM 78:4–25 (Sheffer (Google)); Tr. Sept. 26 PM 47:18–49:3 (Israel (Def. Expert)) (agreeing that 
publishers cannot use social media platforms to sell display ad inventory on their websites). 
Unlike on the open web, publishers using apps and social media are subject to content 
regulation by and revenue sharing with the large technology firms that control mobile app stores 
and social media platforms, such as Apple, Google, Meta, and TikTok.  See Tr. Sept. 12 PM 
71:18–72:10 (Goel (PubMatic)); id. at 72:24–73:21 (explaining how “the app environment tends 
to be controlled by a couple of large [operating system and mobile device] providers, like Apple 
or Google”); Tr. Sept. 27 AM 66:11–17 (Wheatland (Daily Mail)); see, e.g., Community 
Guidelines, YouTube, https://www.youtube.com/howyoutubeworks/policies/community-
47 ",text_layer_extracted,[]
memorandum-opinion:pdf:48,memorandum-opinion,48," 
     
  
   
   
  
 
  
 
    
 
 
   
 
  
 
   
 
  
 
  
 
 
 
Case 1:23-cv-00108-LMB-JFA Document 1410 Filed 04/17/25 Page 48 of 115 
PageID# 103728 
guidelines (last visited Mar. 27, 2025). Monetizing their websites, instead of just their content on 
app and social media pages, is therefore crucial for publishers who wish to retain a greater 
degree of editorial independence.  The economic sustainability of publishers’ open-web 
properties also benefits those Internet users who would prefer not to have much of the 
information that they consume online directly captured and regulated by a few large 
corporations. 
It is also infeasible for publishers to shift their users away from their websites to apps or 
social media pages.  See Tr. Sept. 27 AM 59:20–60:18, 65:6–21 (Wheatland (Daily Mail)).  
Many web publishers rely on users reaching their content via search engines or hyperlinks from 
other websites, and would only have a fraction of their current users if they required users to 
download mobile apps or follow them on social media in order to access their content.  See id. at 
66:2–66:5 (“[I]t is hugely difficult to convert a web user to be a loyal app user . . . 2 percent of 
our . . . readership is on [our] apps.”); Tr. Sept. 10 AM 31:20–33:2 (Layser (News Corp)); Tr. 
Sept. 19 PM 76:21–77:11 (Lee (Pls. Expert)).  Open-web display ads are therefore not 
reasonably interchangeable with social media, in-app, and instream video ads from the 
perspective of news, media, and other online publishers.  Accordingly, publisher ad servers for 
social media, in-app, or instream video advertising are not reasonably interchangeable with, or 
significantly substitutable for, publisher ad servers for open-web display advertising.  See Amex, 
585 U.S. at 543; Kodak, 504 U.S. at 482 (explaining that interchangeability is assessed from the 
perspective of the consumer); It’s My Party, Inc., 811 F.3d at 683. 
Nor are in-house technologies developed by publishers to serve display ads on their 
websites reasonably interchangeable with publisher ad servers.  Building an in-house ad server is 
“incredibly sophisticated and incredibly complex,” and is not within the “core competencies” of 
48 ",text_layer_extracted,[]
memorandum-opinion:pdf:49,memorandum-opinion,49," 
 
 
   
  
  
   
   
 
 
  
 
   
  
 
   
  
  
     
  
    
 
Case 1:23-cv-00108-LMB-JFA Document 1410 Filed 04/17/25 Page 49 of 115 
PageID# 103729 
most organizations that publish news or other content online.  Tr. Sept. 9 AM 73:1–8 (Wolfe 
(Gannett)); see also Tr. Sept. 9 AM 125:2–25 (Casale (Index Exchange)); Tr. Sept. 18 AM 132:7– 
17 (Wheatland (Daily Mail)).  The “extremely major investment” required to develop a publisher 
ad server makes doing so infeasible for companies that do not specialize in enterprise software 
development.  Tr. Sept. 13 PM 82:6–17, 91:8–15 (Creput (Equativ)); see also Tr. Sept. 18 AM 
132:7–17 (Wheatland (Daily Mail)).  Once built, maintaining an in-house publisher ad server is 
also difficult given the significant “operational support,” “infrastructure[, and] capital resources 
required” for both day-to-day maintenance and continuous evolution to keep apace with third-
party publisher ad servers.  Tr. Sept. 26 PM 141:15–142:5 (Glogovsky (New York Times)); see 
also PTX174 at -633.  As a result, very few publishers have successfully developed and used an 
in-house publisher ad server, and almost all of those publishers are large digital technology 
companies.  See Tr. Sept. 19 PM 65:4–20 (Lee (Pls. Expert)); Tr. Sept. 26 AM 126:5–127:19 
(Israel (Def. Expert)) (identifying Amazon, Google, Meta, Reddit, Snapchat, and TikTok as 
companies that “have their own ad tech, including their own ad server”). Even fewer publishers 
use their in-house publisher ad servers for open-web display advertising.  Instead, they more 
often use in-house servers to meet site-specific needs, such as serving customized, native ad 
formats like social media ads or sponsored listings.  See Tr. Sept. 9 PM 66:11–67:24 (Lowcock 
(IPG)); Tr. Sept. 17 PM 122:3–16, 123:12–14, 131:24–132:3, 133:11–13 (Helfand (Disney)); Tr. 
Sept. 19 PM 68:21–70:1 (Lee (Pls. Expert)); Tr. Sept. 26 AM 66:2–22, 126:5–129:16 (Israel 
(Def. Expert)). For example, Meta uses in-house ad serving technology to show ads that are 
“blended well into the experience of Instagram,” and Amazon’s in-house ad serving technology 
lets brands pay to “move their [product] listing[s] higher” in Amazon.com’s shopping search 
results.  Tr. Sept. 9 PM 128:8–25 (Avery (Kevel)). 
49 ",text_layer_extracted,[]
memorandum-opinion:pdf:50,memorandum-opinion,50," 
  
  
    
   
   
    
  
   
  
   
 
 
  
  
 
 
 
 
 
  
 
Case 1:23-cv-00108-LMB-JFA Document 1410 Filed 04/17/25 Page 50 of 115 
PageID# 103730 
Lastly, other technologies capable of serving display ads on open-web publishers’ 
websites are not reasonably interchangeable with—and cannot serve as effective substitutes 
for—publisher ad servers.  For example, the publisher- facing side of an ad network, such as 
Google AdSense, is not a reasonable alternative for large publishers because an ad network 
cannot place a variety of advertising demand sources in competition with each other for each 
impression; instead, an ad network is limited to sourcing bids from advertisers who have signed 
up for the network.  See PTX88 at -603; Tr. Sept. 16 AM 92:24–93:14 (Mohan (Google)); Tr. 
Sept. 18 AM 202:18–203:16 (Pappu (Google)); Tr. Sept. 27 AM 58:2–6 (Wheatland (Daily 
Mail)); see also Sections IV(B) and V(A), supra. Therefore, a publisher relying on an ad 
network alone cannot use that network to display ads sold via direct deals, which remain a 
significant proportion of large publishers’ ad revenue.  See Tr. Sept. 10 AM 29:8–30:10 (Layser 
(News Corp)); Tr. Sept. 20 PM 110:23–111:5 (Sheffer (Google)). 
b. Ad Exchange Market 
The Court also finds that ad exchanges for open-web display advertising constitute a 
distinct relevant product market.  Ad exchanges play a distinct role in the open-web display ad 
tech stack by connecting publishers using publisher ad servers with advertisers using 
programmatic buying tools such as demand-side platforms and ad networks.  Due to their unique 
ability to collect and rank ad bids from multiple buying tools in mere milliseconds, ad exchanges 
are involved in most programmatic open-web display transactions, are recognized as a distinct 
product by industry participants, and are priced differently than other ad tech tools.  Accordingly, 
there is no other ad tech tool that is reasonably interchangeable with ad exchanges.  The lack of 
substitutability between ad exchanges and alternative tools means that a monopolist could 
profitably raise prices significantly above competitive levels, as Google determined in a study 
50 ",text_layer_extracted,[]
memorandum-opinion:pdf:51,memorandum-opinion,51," 
   
 
    
  
     
   
   
    
  
   
   
  
   
   
 
   
   
   
 
 
  
Case 1:23-cv-00108-LMB-JFA Document 1410 Filed 04/17/25 Page 51 of 115 
PageID# 103731 
that showed its ad exchange price changes had limited effect on its customers’ behavior.  For 
these reasons, ad exchanges for open-web display advertising constitute “the area of effective 
competition” and form a relevant antitrust market. Amex, 585 U.S. at 543.   
The ad exchange is the only ad tech tool through which publishers can auction their ad 
inventory at scale and in real-time to the largest sources of programmatic advertising demand. 
Advertisers and their ad agencies use demand-side platforms like DV360 and The Trade Desk, or 
advertiser-facing sides of ad networks like AdWords, to purchase open-web display advertising 
programmatically. See Joint Glossary at 5–6; PTX1231; Tr. Sept. 11 PM 104:25–105:17 
(Dederick (The Trade Desk)); Tr. Sept. 19 PM 30:2–3 (Kim (Google)). These buying tools bid 
into ad exchanges, which run real-time auctions to rank sources of advertising demand and select 
winning bids to be sent to a publisher ad server.  Joint Glossary at 5; PTX1031 at -480; Tr. Sept. 
9 AM 67:8–18 (Wolfe (Gannett)).  Although there are ways for advertising demand to 
circumvent ad exchanges, such as only buying ads from a closed ad network, the majority of 
programmatic ad spending flows through ad exchanges.  See Tr. Sept. 9 AM 63:1–64:6 (Wolfe 
(Gannett)) (stating that most of Gannett’s programmatic inventory is sold via ad exchange 
auctions); Tr. Sept. 19 PM 54:13–22 (Lee (Pls. Expert)). 
Industry participants consider ad exchanges to be a distinct product that they categorize 
separately from other ad tech tools.  See Tr. Sept. 19 PM 81:11–19 (Lee (Pls. Expert)).  Google 
regularly identifies ad exchanges as a distinct product that differs from publisher ad servers, ad 
networks, and demand-side platforms.  See, e.g., DTX435 at -062; PTX847 at -261; PTX1031 at 
-478–84; PTX1646 at -469–71.  Publishers similarly view ad exchanges as a distinct product.  
See, e.g., Tr. Sept. 9 AM 67:8–18 (Wolfe (Gannett)).  As do third-party ad tech developers, 
51 ",text_layer_extracted,[]
memorandum-opinion:pdf:52,memorandum-opinion,52," 
 
 
 
  
 
  
 
    
    
   
   
 
    
  
  
  
  
   
 
 
    
 
 
 
 
Case 1:23-cv-00108-LMB-JFA Document 1410 Filed 04/17/25 Page 52 of 115 
PageID# 103732 
including companies that specialize in creating ad exchanges.  See, e.g., Tr. Sept. 9 AM 109:22– 
111:12, 122:23–123:6 (Casale (Index Exchange)). 
The discrete nature of the ad exchange market is reflected in the distinct prices that ad 
exchanges charge publishers.  Ad exchanges typically charge publishers a percentage of the total 
winning bid for each impression, while publisher ad servers typically charge publishers a flat fee 
per impression sold and demand-side tools charge advertisers directly.  See Section VI(A)(1)(a), 
supra. Moreover, given the unique role that ad exchanges play in holding real- time auctions to 
identify the highest advertiser bids, ad exchanges charge much higher fees than publisher ad 
servers do, often taking between 10% and 20% of revenue from the winning bid.  See Tr. Sept. 
13 AM 43:7–17; Tr. Sept. 26 AM 120:20–121:16, 132:17–25 (Israel (Def. Expert)).  
Because ad exchanges have unique functionality—as reflected by their distinct pricing 
structure and the industry’s recognition of them as a distinct product—other ad tech tools are not 
reasonably interchangeable or substitutable with ad exchanges.  Although ad networks are 
another tool for connecting advertisers to publishers, the sophisticated publishers who receive the 
majority of open-web display advertising revenue do not view ad networks as substitutes for ad 
exchanges because ad networks offer very limited control and are unable to place bids from 
disparate demand sources in competition with each other.  See PTX88 at -603; PTX1646 at -
469–71; Tr. Sept. 18 AM 202:18–203:16 (Pappu (Google)); Tr. Sept. 20 PM 110:23–25 (Sheffer 
(Google)); Tr. Sept. 27 AM 58:4–6 (Wheatland (Daily Mail)).19 
19 “Supply path optimization” tools also offer a way to bypass ad exchanges by connecting 
advertiser buying tools and publisher ad servers directly.  See DTX1544 at -698; Tr. Sept. 19 PM 
78:22–79:19 (Lee (Pls. Expert)).  But, unlike ad exchanges, these tools do not conduct auctions, 
are not focused on open-web display advertising, serve many fewer customers, and are not 
focused on serving publishers’ interests.  See Tr. Sept. 11 PM 117:6–118:14 (Dederick (The 
Trade Desk)); Tr. Sept. 19 PM 78:22–79:19 (Lee (Pls. Expert)).  That is why the leading 
developers of supply path optimization tools do not consider them to be viable alternatives to ad 
52 ",text_layer_extracted,[]
memorandum-opinion:pdf:53,memorandum-opinion,53," 
   
    
  
  
  
 
 
  
   
   
   
  
    
  
  
  
 
 
 
   
   
 
  
 
Case 1:23-cv-00108-LMB-JFA Document 1410 Filed 04/17/25 Page 53 of 115 
PageID# 103733 
Direct deals with advertisers are also not reasonable substitutes for ad exchanges, given 
the distinct advantages of programmatic advertising.  See Section IV(A), supra. As an internal 
Google document observes, it would be “highly unlikely” for programmatic advertising to shift 
to direct deals, in part due to the “[e]fforts required to make and maintain direct connections.” 
PTX978 at -625; see also Tr. Sept. 10 AM 33:5 –36:9 (Layser (News Corp)); Tr. Sept. 18 AM 
135:15–136:3 (Wheatland (Daily Mail)); Tr. Sept. 19 PM 78:1–21 (Lee (Pls. Expert)). 
The conclusion that ad exchanges lack reasonable substitutes is bolstered by economic 
analysis suggesting that a monopolist of open-web display ad exchanges could charge 
anticompetitive prices without significant substitution. For example, an internal Google study 
projected that a 25% decrease in the price AdX charged would have limited impact on AdX’s 
market share, indicating customer stickiness and inelastic demand.  See PTX188 at -979, -012– 
17; see also Tr. Sept. 19 PM 82:22–85:15 (Lee (Pls. Expert)) (stating PTX188 shows that for 
“publishers representing over 70 percent of AdX’s gross revenue,” Google calculated that “their 
elasticity or expected elasticity is one or less,” meaning those publishers would be unlikely to 
switch away from AdX due to an increase in price). Publishers have particularly inelastic 
demand for ad exchanges given their inability to turn to alternative tools for placing demand 
sources in competition with each other and for maximizing the monetization of their web 
inventory.  See Tr. Sept. 19 PM 73:24–74:22, 82:22–85:15 (Lee (Pls. Expert)); see also Tr. Sept. 
18 PM 36:14–19 (Simcoe (Pls. Expert)).  Therefore, a monopolist for open-web display ad 
exchanges could likely charge supracompetitive prices
20 without seeing customers switch to rival 
exchanges for bidding on open-web display ads.  See Tr. Sept. 11 PM 118:5–14 (Dederick (The 
Trade Desk)); Tr. Sept. 12 PM 154:12–24 (Goel (PubMatic)). 
20 Supracompetitive prices are prices above those that could be sustained in a competitive 
market.  Tr. Sept. 16 PM 129:22–130:2 (Abrantes-Metz (Pls. Expert)). 
53 ",text_layer_extracted,[]
memorandum-opinion:pdf:54,memorandum-opinion,54," 
 
 
  
  
   
 
  
  
    
     
 
    
 
    
  
  
    
 
   
   
Case 1:23-cv-00108-LMB-JFA Document 1410 Filed 04/17/25 Page 54 of 115 
PageID# 103734 
products in sufficient numbers to constrain the monopolist’s prices.  See Tr. Sept. 18 PM 7:13– 
8:3 (Simcoe (Pls. Expert)); Tr. Sept. 19 PM 81:20–82:14, 85:1–89:12 (Lee (Pls. Expert)). 
Google contends that Plaintiffs’ expert Dr. Lee drew the ad exchange market too 
narrowly by focusing only on exchanges that facilitate the sale of open-web display inventory.  
But just as with publisher ad servers, ad exchanges that facilitate the sale of only instream video, 
mobile app, or social media ads are not helpful for publishers seeking to monetize their open-
web display inventory.  See PTX764 at -251–54, -259–61 (Google document categorizing its 
“display web” business as distinct from its “display app,” “search,” “native web,” and “video 
instream” businesses); Tr. Sept. 9 AM 112:1–118:22 (Casale (Index Exchange)).  For example, a 
publisher of a text-based website that does not host video content cannot use an ad exchange that 
runs auctions solely for instream video ads to monetize the ad inventory on its website, because 
instream video ads are akin to television ads and designed to run inside a website’s video player.  
See Tr. Sept. 9 AM 117:12–118:22 (Casale (Index Exchange)); Tr. Sept. 19 PM 53:4–18, 64:23– 
25 (Lee (Pls. Expert)). To monetize its display ad inventory, the publisher must instead use an ad 
exchange that facilities the sale of open-web display ads.  See Tr. Sept. 9 AM 117:12–118:22 
(Casale (Index Exchange)); Tr. Sept. 19 PM 53:4–18, 64:23–25 (Lee (Pls. Expert)). And so the 
only other products that are reasonably interchangeable with an ad exchange that facilitates the 
sale of open-web display ads are other ad exchanges that facilitate the sale of open-web display 
ads. 
c. Advertiser Ad Network Market 
The Court finds that Plaintiffs have failed to show that advertiser ad networks for open-
web display advertising constitute a relevant product market.  In proposing a market for 
“advertiser ad networks,” Plaintiffs use a term that is not common in the digital advertising 
54 ",text_layer_extracted,[]
memorandum-opinion:pdf:55,memorandum-opinion,55," 
 
    
 
 
    
   
   
 
  
 
  
  
  
 
 
   
  
   
    
Case 1:23-cv-00108-LMB-JFA Document 1410 Filed 04/17/25 Page 55 of 115 
PageID# 103735 
industry and unduly exclude the publisher-facing side of two-sided ad networks.  Moreover, the 
segmentation of advertiser ad networks for open-web display advertising as its own market is 
inconsistent with the substitution that occurs from the perspective of advertisers between open-
web display ads and other types of display ads, including in-app and walled-garden display ads. 
Ad networks were created to connect publishers’ inventory with advertisers’ ads by 
aggregating advertisers and publishers within a single, two-sided platform.  See Sections IV(B) 
& V(A), supra; Tr. Sept. 10 PM 28:8–21, 29:5–7 (Friedman (Goodway Group)); Tr. Sept. 16 PM 
47:15–25 (Weintraub (Pls. Expert)).  In performing this connection, ad networks “typically 
represent[] both the interests of the publisher or media, as well as the marketer or the 
advertisers.” Tr. Sept. 9 AM 109:22–110:8 (Casale (Index Exchange)).  Considering solely the 
advertiser-facing portion of an ad network, which is Plaintiffs’ position, would unduly ignore that 
ad networks intermediate between two groups, benefit from indirect network effects, and 
compete for transactions with other two-sided platforms.  See Amex, 585 U.S. at 534–46.   
In accordance with their two-sided nature, “ad networks” are typically referred to as a 
single product by industry participants, who generally do not draw a distinction between 
“advertiser ad networks” and the publisher-facing side of ad networks.  See, e.g., Tr. Sept. 9 AM 
109:22–110:8 (Casale (Index Exchange)); Tr. Sept. 10 AM 139:23–140:6 (Friedman (Goodway 
Group)); Tr. Sept. 11 PM 102:24–104:24, 105:21–106:15, 156:21–157:19 (Dederick (The Trade 
Desk); Tr. Sept. 20 PM 54:4–13 (Sheffer (Google)).  For example, industry participants generally 
consider AdWords, which is the advertising-facing side of Google’s ad network, and AdSense, 
the publisher-facing side of its ad network, to be the two components of Google’s ad network— 
the Google Content Network.  See DTX259 at -090, -092; Tr. Sept. 12 PM 14:3–24 (Dederick 
(The Trade Desk)). Plaintiffs’ expert Dr. Weintraub recognized that each ad network has a buy-
55 ",text_layer_extracted,[]
memorandum-opinion:pdf:56,memorandum-opinion,56," 
   
 
 
       
  
  
 
  
  
    
   
   
  
 
     
     
 
 
   
   
     
  
 
 
 
Case 1:23-cv-00108-LMB-JFA Document 1410 Filed 04/17/25 Page 56 of 115 
PageID# 103736 
side component that serves the network’s advertisers and a sell-side component that serves the 
network’s publishers.  See Tr. Sept. 16 PM 47:15–25, 110:21–24 (Weintraub (Pls. Expert)).  And 
Dr. Lee, who selected the term “advertiser ad networks” in setting out his proposed market 
definitions, testified that he had not heard the term before this litigation. Tr. Sept. 20 AM 
137:12–15 (Lee (Pls. Expert)). 
As previously discussed, in the modern programmatic advertising business, the closed 
two-sided ad network has faded from prominence.  See Tr. Sept. 10 PM 33:14–34:14 (Friedman 
(Goodway Group)) (quoting Friedman for the proposition that ad networks have been obsolete 
since 2012).  Sophisticated digital advertisers and publishers have “moved more towards 
programmatic versus . . . a more simple transactional network model.”  Tr. Sept. 17 PM 126:13– 
17 (Helfand (Disney)); see also Section IV(A–B), supra. The rise of programmatic advertising 
has resulted in large and sophisticated advertisers using demand-side platforms like Google’s 
DV360 instead of advertiser-facing sides of ad networks as their primary buying tools.  See 
DTX1508 at -876; PTX579 at -509; Tr. Sept. 10 AM 141:20–24 (Friedman (Goodway Group)); 
Tr. Sept. 11 AM 24:6–13, 40:5–41:2 (Bender (Google)).
21  Large and sophisticated open-web 
publishers, similarly, have used ad exchanges like AdX and publisher ad servers like DFP, 
instead of the publisher-facing sides of ad networks like AdSense, to source and place ads on 
their websites. See PTX88 at -603; Tr. Sept. 18 AM 202:18–203:16 (Pappu (Google)); Tr. Sept. 
20 PM 110:23–25 (Sheffer (Google)); Tr. Sept. 27 AM 58:4–6 (Wheatland (Daily Mail)).  Small 
21 Although large advertisers use demand-side platforms, which offer them more customization 
of and control over their ad campaigns, as their primary buying tools, see Section IV(B), supra, 
many large advertisers also use AdWords as a secondary buying tool because of its ability to 
predict when users will click on ads, its proprietary sell-side data that enables audience targeting, 
and its ability to manage campaigns that combine open-web display ads with Search, YouTube, 
and Gmail ads.  See DTX1514 at 950–53; Tr. Sept. 19 PM 101:23–103:4 (Lee (Pls. Expert)); Tr. 
Sept. 26 PM 85:22–87:13 (Israel (Def. Expert)). 
56 ",text_layer_extracted,[]
memorandum-opinion:pdf:57,memorandum-opinion,57," 
 
  
 
   
 
   
    
 
 
 
 
  
 
  
  
  
   
    
 
   
   
Case 1:23-cv-00108-LMB-JFA Document 1410 Filed 04/17/25 Page 57 of 115 
PageID# 103737 
and medium-sized advertisers and publishers, conversely, primarily use ad networks like the 
Google Content Network.  See PTX1235; Tr. Sept. 19 PM 99:6–12 (Lee (Pls. Expert)). 
This evolution has resulted in AdWords emerging as open-web publishers’ primary 
source of small and medium-sized businesses’ advertising.  Over four million advertisers use 
only AdWords to purchase open-web display advertising.  See PTX1231.  Instead of confining 
these advertisers to AdSense websites, AdWords bids into Google’s ad exchange, AdX, and 
places ads on websites that operate outside of the Google Content Network (i.e., websites that 
use publisher ad servers to manage their inventory).  See PTX333 at -486.  In doing so, AdWords 
provides large publishers with a unique source of revenue from smaller advertisers that lack the 
scale and sophistication to use demand-side platforms as their ad buying tools.  See PTX290 at -
983; PTX624 at -169; Tr. Sept. 18 AM 121:21–122:12 (Abrantes-Metz (Pls. Expert)). 
Plaintiffs, through their market expert Dr. Lee, contend that this evolution means that a 
relevant market exists for “advertiser ad networks.”  Plaintiffs observe that small and medium-
sized advertisers lack the sophistication to operate a demand-side platform or the means to hire 
an ad agency to operate one on their behalf.  Therefore, according to Plaintiffs, the advertiser 
side of ad networks—principally, the AdWords side of the Google Content Network—provides 
the only place for these less sophisticated advertisers to reach users with open-web display ads.  
And because the Google Content Network no longer operates as a closed network, they argue 
that it would ignore commercial realities to place AdWords within a two-sided market instead of 
viewing it primarily as a buying tool that participates in programmatic advertising and reaches 
publishers’ inventory across the open web. 
These arguments have some merit.  But even if the buy-side of ad networks were 
categorized as constituting a distinct market, that does not explain why such a market should be 
57 ",text_layer_extracted,[]
memorandum-opinion:pdf:58,memorandum-opinion,58," 
   
 
  
    
     
  
    
  
   
  
  
  
    
     
 
   
 
   
    
        
 
      
Case 1:23-cv-00108-LMB-JFA Document 1410 Filed 04/17/25 Page 58 of 115 
PageID# 103738 
limited to open-web display advertising.  Substantial trial evidence showed that advertisers 
reallocate resources among different digital advertising channels based on perceived return on 
advertising expenditures.  See, e.g., Tr. Sept. 23 PM 117:25–119:8 (Hardie (U.S. Census 
Bureau)) (“Ultimately, advertisers are following eyeballs. They are trying to reach people 
wherever they are.”). Advertisers are often “agnostic” as to particular platforms or channels, id. 
at 118:15–119:21, and focus more on how “the audience [i]s responding to the ad” rather than on 
through what method or format the advertisement is delivered.  Tr. Sept. 23 PM 83:11–84:7, 
85:3–86:11, 92:6–10 (Oliphant (U.S. Census Bureau)). When one ad format or channel shows 
better return on investment, advertisers and the ad agencies that represent them will shift ad 
spending to that different format or channel to optimize performance.  See id. at 92:11–14; Tr. 
Sept. 9 PM 93:1–21 (Lowcock (IPG)); Tr. 10 PM 6:11–7:7 (Friedman (Goodway Group)) 
(stating marketers “should not be biased toward one medium or another”); Tr. Sept. 27 AM 
24:21–27:7, 29:14–30:2 (Bumpers (Zulily)).  Moreover, the data-rich nature of the digital 
environment allows advertisers to measure the outcomes of their campaigns and quickly 
reallocate resources across channels to maximize effectiveness.  See DTX439 at -414; Tr. Sept. 
25 PM 28:6–30:1 (Stewart (Google)). 
Cross-channel optimization is not limited to large advertisers; smaller advertisers that use 
AdWords reallocate advertising spending across channels.  For example, Courtney Caldwell, the 
owner of a beauty tech start-up, testified that she shifted ad spending from AdWords to Instagram 
based on the relative user engagement and campaign performance that she experienced on each 
platform. See Tr. Sept. 25 PM 9:9–10:11 (Caldwell (ShearShare)). In addition to smaller 
advertisers having easy access to social media and other channels, automated tools are 
increasingly facilitating the reallocation of advertising budgets across channels without manual 
58 ",text_layer_extracted,[]
memorandum-opinion:pdf:59,memorandum-opinion,59," 
   
 
    
   
    
 
   
 
 
  
  
  
 
 
  
 
   
Case 1:23-cv-00108-LMB-JFA Document 1410 Filed 04/17/25 Page 59 of 115 
PageID# 103739 
involvement.  For example, AdWords’ Performance Max uses artificial intelligence to buy ads 
across multiple channels—including open-web display ads, walled- garden display ads on 
Google’s owned-and-operated properties, in-app ads, and instream video ads.  See DTX1248 at -
406–07; Tr. Sept. 25 PM 34:12–22 (Stewart (Google)).  Although advertisers using Performance 
Max may opt out of channels, Google has warned that doing so “will limit performance.” 
DTX1248 at -420.  Meta offers a similar automated cross-channel buying tool, which typically 
outperforms campaigns that run on only one of its available channels.  See DTX498 at -913.  
Given the ease and benefits of allocating advertising spending across channels, Plaintiffs’ 
assertion that advertiser ad networks for open-web display ads constitute a relevant market is 
unpersuasive.  
By contrast, as discussed above, the market for publisher ad servers and the market for ad 
exchanges are each properly limited to tools that facilitate open-web display transactions.  In 
those two markets, the publisher is the primary consumer of the ad tech tools and is focused on 
monetizing channel-specific inventory; whereas in the proposed market for advertiser ad 
networks, the advertiser is the consumer and is focused on reaching users regardless of which 
channel they are using.  As the Supreme Court has held, interchangeability is assessed from the 
perspective of the consumer.  See Kodak, 504 U.S. at 482.  It is therefore appropriate to find that 
the proper scope of the proposed advertiser ad network market should include other buying tools 
that enable advertisers to purchase digital advertisements in reasonably interchangeable formats, 
including walled-garden display ads, in-app ads, and social media ads. Because Plaintiffs have 
59 ",text_layer_extracted,[]
memorandum-opinion:pdf:60,memorandum-opinion,60," 
  
 
  
 
      
   
    
    
 
      
 
 
  
 
  
 
   
 
    
  
 
  
 
  
Case 1:23-cv-00108-LMB-JFA Document 1410 Filed 04/17/25 Page 60 of 115 
PageID# 103740 
failed to consider ad networks that facilitate buying ads in these alternative channels in their 
market definition, they have failed to properly define the ad network market.22 
d. Google’ s Contention that the Entire Ad Tech Ecosystem Fits within a Two-Sided Market 
Relying heavily on Amex, a Supreme Court decision that stated that “in two-sided 
transaction markets,” such as the market for credit-card networks, “only one market should be 
defined,” 585 U.S. at 546, Google claims that the digital ad tech ecosystem constitutes a single 
two-sided market.  In Amex, the Supreme Court held that American Express, Discover, 
MasterCard, and Visa compete with each other in a single two-sided market because it found that 
credit-card networks are two-sided transaction platforms that can only compete with other two-
sided transaction platforms.  Id. at 544–46.  Google invokes Amex to contend that all ad tech 
tools should be placed in a single market for the purposes of this litigation because all of them 
exist to facilitate matches between advertisers and users viewing ads on digital platforms.  In 
support of this position, Google cites its market expert Dr. Israel, who testified that any analysis 
of competition within the ad tech industry should be conducted using a single two-sided market.  
See Tr. Sept. 26 AM 37:13–38:18, 42:11–20 (Israel (Def. Expert)). 
The Court finds this argument unpersuasive.  Distinct products should not be grouped 
into a single omnibus market simply because they work together to achieve the same overarching 
purpose.  Although Google correctly argues that, under Amex, both sides of a two-sided 
22 Other courts have segmented digital ad buying tools by the types and formats of ads that they 
transact. See, e.g., Fed. Trade Comm’n v. IQVIA Holdings Inc., 710 F. Supp. 3d 329, 367–68 
(S.D.N.Y . 2024) (defining demand-side platforms for health care professional programmatic 
advertising as a relevant market, and excluding social media and healthcare-focused websites as 
not reasonably interchangeable); Google Search, 2024 WL 3647498, at *65 (“The court finds 
that Plaintiffs have established two relevant markets—search advertising and general search text 
advertising.”).  The weight of the evidence presented in this trial, however, clearly supports the 
conclusion that walled-garden display ads, in-app display ads, and social media ads are 
reasonably interchangeable with open-web display ads for many AdWords advertisers. 
60 ",text_layer_extracted,[]
memorandum-opinion:pdf:61,memorandum-opinion,61," 
 
 
   
  
 
  
  
  
   
   
  
 
 
  
   
  
 
  
   
  
 
  
Case 1:23-cv-00108-LMB-JFA Document 1410 Filed 04/17/25 Page 61 of 115 
PageID# 103741 
transaction platform should be considered in defining a market, many of the ad tech products at 
issue in this trial do not fit within Amex’s definition of two-sided transaction platforms.  
Defining an omnibus market to include buy-side tools built for advertisers that compete with 
other buy-side tools built for advertisers—and sell -side tools built for publishers that compete 
with other sell-side tools built for publishers—would ignore commercial realities  and contradict 
the bedrock principle of antitrust law that any Sherman Act inquiry must focus on the protection 
of competition, not competitors. 
As previously explained, the distinct products that comprise the ad tech ecosystem are not 
reasonably interchangeable.  A publisher cannot use a demand-side platform to render ads on its 
website.  See Joint Glossary at 5; Tr. Sept. 9 AM 131:3–23 (Casale (Index Exchange)); Tr. Sept. 
25 PM 75:23–25 (Stewart (Google)). An advertiser cannot use a publisher ad server to bid into 
ad exchanges and purchase ad inventory.  See Joint Glossary at 8; Tr. Sept. 20 PM 78:4–25 
(Sheffer (Google)); Tr. Sept. 9 AM 66:1–8 (Wolfe (Gannett)).  Uncontroverted trial testimony 
established that advertiser buying tools, ad exchanges, and publisher ad servers each serve 
distinct functions, are priced differently, and cannot be substituted for each other.  See Section 
VI(A)(1)(a–c), supra. And the advertisers who are the customers of buy-side tools such as 
demand-side platforms are largely distinct from the publishers who are the customers of sell-side 
tools such as publisher ad servers.  
Dr. Israel’s assessment that the digital advertising tools at issue must be considered as 
part of a single market disregards Amex’s explicit limitation of its holding to two-sided 
transaction platforms, as opposed to two-sided platforms more broadly.  Compare 585 U.S. at 
546 (“[I]n two-sided transaction markets, only one market should be defined.”) with id. at 544 
(“To be sure, it is not always necessary to consider both sides of a two-sided platform.”). The 
61 ",text_layer_extracted,[]
memorandum-opinion:pdf:62,memorandum-opinion,62," 
  
    
 
  
   
 
 
 
 
  
 
 
  
   
   
 
    
  
 
   
   
  
  
Case 1:23-cv-00108-LMB-JFA Document 1410 Filed 04/17/25 Page 62 of 115 
PageID# 103742 
Supreme Court was clear that “[t]he key feature of transaction platforms is that they cannot make 
a sale to one side of the platform without simultaneously making a sale to the other.”  Id. at 535; 
see also id. at 545.23 The Supreme Court explicitly differentiated credit-card networks from 
“[n]ontransaction platforms” such as “newspaper[s] that sell[] advertising” in determining that 
the former should be assessed as a two-sided market and the latter as a one-sided market; it 
stated that credit-card platforms “are different” because they “facilitate a single, simultaneous 
transaction between participants.”  Id. at 545 & 546 n.9.  In other words, “whenever a credit-card 
network sells one transaction’s worth of card-acceptance services to a merchant it also must sell 
one transaction’s worth of card-payment services to a cardholder.  It cannot sell transaction 
services to either cardholders or merchants individually.”  Id. at 545.  The Court in Amex 
accordingly found that “[e]valuating both sides of a two-sided transaction platform is . . . 
necessary to accurately assess competition” because “[o]nly other two-sided platforms can 
compete with a two-sided platform for transactions.”  Id. at 546.  
In contrast to credit-card networks, most of the core ad tech products at issue in this 
litigation do not fit within this definition of a two-sided transaction platform.  For example, a 
publisher ad server sells transaction-related services, such as inventory management, bid 
evaluation, ad rendering, and sales performance tracking, only to publishers, and does not 
simultaneously sell any services to advertisers. Cf. id. 545 (Two-sided transaction platforms 
“cannot make a sale unless both sides of the platform simultaneously agree to use their 
services.”).  And unlike in the credit-card network market, it is not “[o]nly other two-sided 
23 More specifically, in the credit card context, when an American Express cardholder uses the 
card to purchase a product from a merchant, the cardholder is billed by American Express for the 
price of the product, and the merchant is paid by American Express the price of the product 
minus a service charge. See id. at 533. 
62 ",text_layer_extracted,[]
memorandum-opinion:pdf:63,memorandum-opinion,63," 
    
  
   
 
   
 
   
  
  
   
 
  
   
   
  
 
 
  
  
   
   
 
Case 1:23-cv-00108-LMB-JFA Document 1410 Filed 04/17/25 Page 63 of 115 
PageID# 103743 
platforms [that] can compete with” publisher ad servers “for transactions.” Id. at 546.  Google’s 
primary competitors in the open-web publisher ad server space, such as Equativ and Kevel, do 
not operate two-sided transaction platforms, but rather specialize in serving only publishers and 
do not offer buy-side advertising tools.  See, e.g., Tr. Sept. 13 PM 62:11–14, 62:22–63:1 (Creput 
(Equativ)); Tr. Sept. 9 PM 116:19–23, 119:6–21 (Avery (Kevel)). Cf. Amex, 585 U.S. at 546 (“A 
credit-card company that processed transactions for merchants, but that had no cardholders 
willing to use its card, could not compete with Amex.”). 
The same is true for demand-side platforms, which Google contends are part of a broader 
two-sided market for digital advertising.  Demand-side platforms are not two-sided transaction 
platforms because they “sell transaction services,” such as ad inventory search, audience 
targeting, centralized ad buying, and real-time bidding, “to [advertisers] individually,” and do not 
simultaneously sell any services to publishers.  Amex, 585 U.S. at 545.  Moreover, demand-side 
platforms do not “compete” “for transactions” with “[o]nly other two-sided platforms.”  Id.  
Rather, demand-side platforms serve only advertisers and compete with other advertiser-facing 
tools.  See Joint Glossary at 5; Tr. Sept. 10 AM 140:11–18 (Friedman (Goodway Group)).  For 
example, one of the largest demand-side platforms, The Trade Desk, is run by a company that 
does not serve publishers and does not operate its own two-sided network.  See, e.g., Tr. Sept. 11 
PM 87:21–88:13, 105:12–14 (Dederick (The Trade Desk)) (“[O]ur company exclusively 
represents the interests of advertisers and ad buyers.”). 
The Court recognizes that there are aspects of the digital advertising ecosystem, such as 
ad exchanges, that resemble two-sided transaction platforms.  Despite sometimes being referred 
to as “supply-side platforms” in the industry, the core function of ad exchanges is to match 
advertiser demand with publisher inventory.  See Joint Glossary at 5 (defining ad exchange as 
63 ",text_layer_extracted,[]
memorandum-opinion:pdf:64,memorandum-opinion,64," 
  
   
 
  
 
  
 
 
 
  
     
   
   
 
   
 
    
    
 
  
  
  
   
 
Case 1:23-cv-00108-LMB-JFA Document 1410 Filed 04/17/25 Page 64 of 115 
PageID# 103744 
“[a] tool that connects owners of digital content where people see ads (‘publishers’), who have 
ad inventory to sell, with advertisers looking to place ads.”); PTX1031 at -480–81 (explaining 
how the term supply-side platform refers to the publisher-facing tools within an ad exchange, 
even though “both names are used interchangeably” as industry shorthand); Tr. Sept. 9 AM 67:8– 
18 (Wolfe (Gannett)).  Unlike publisher ad servers and demand-side platforms, ad exchanges 
“cannot make a sale unless both sides of the platform [i.e., the publishers selling impressions and 
the advertisers buying impressions] simultaneously agree to use their service.”  Id. at 545.  
Moreover, “[o]nly other two-sided platforms can compete with” ad exchanges “for transactions.”  
Id. at 546.  For these reasons, in analyzing whether Google has monopoly power, the Court will 
“[e]valuat[e] both sides” of the ad-exchange market.  Id.24 
Antitrust analysis of the digital advertising industry is thus conducted much the same way 
as is antitrust analysis of the consumer payments industry.  In each industry, a diverse set of 
products exist to match (i.e., enable transactions between) buyers and sellers. Th e shared high-
level purpose of these products, however, is far too broad for defining an antitrust market. 
Rather, courts delineate the “the area[s] of effective competition” to define the relevant markets 
within an industry.  Amex, 585 U.S. at 543; see also FTC v. Staples, Inc., 970 F. Supp. 1066, 
1075 (D.D.C. 1997) (“The mere fact that a firm may be termed a competitor in the overall 
24 Although they resemble two-sided transaction platforms, ad exchanges differ somewhat from 
the credit-card networks at issue in Amex because ad exchanges do not merely provide 
technology to facilitate transactions between buyers and sellers, but also function as auction 
houses by evaluating multiple potential buyers and selecting the buyer with the highest 
willingness to pay.  See Joint Glossary at 5; Section IV(B), supra. Indeed, ad exchanges 
primarily exist to place multiple buyers in competition with each other for available inventory, 
whereas credit-card networks primarily exist to make it easier for a buyer to pay a seller after the 
two parties have independently found each other and decided to conduct a transaction. 
64 ",text_layer_extracted,[]
memorandum-opinion:pdf:65,memorandum-opinion,65," 
  
 
 
  
 
   
   
 
  
  
 
  
     
 
 
  
     
    
   
 
     
Case 1:23-cv-00108-LMB-JFA Document 1410 Filed 04/17/25 Page 65 of 115 
PageID# 103745 
marketplace does not necessarily require that it be included in the relevant product market for 
antitrust purposes.”).  
One consideration for defining areas of effective competition is the channels through 
which transactions occur.  In analyzing the consumer payments industry, courts have found that 
there is a credit-card market that does not include debit cards, private-label credit cards, checks, 
or digital payment apps, even though each is “an option for payment by consumers.”  United 
States v. Visa U.S.A., Inc., 163 F. Supp. 2d 322, 337–38 (S.D.N.Y. 2001); see also Amex, 585 
U.S. at 547 (“[W]e will analyze the two-sided market for credit-card transactions.”); In re 
Payment Card Interchange Fee & Merch. Disc. Antitrust Litig., 2024 WL 1556931, at *11 
(E.D.N.Y. Apr. 10, 2024) (“[C]redit-card transactions and other payment methods (e.g., cash or 
checks) are not reasonable substitutes for debit-card transactions.”).  In digital advertising, there 
are similar distinctions between direct deals, ad network advertising, programmatic advertising, 
and walled-garden advertising, even though each is a channel through which advertisers 
purchase ad space on publishers’ websites.  Two recent opinions have defined relevant antitrust 
markets in the digital advertising industry with significant channel specificity.  Google Search, 
2024 WL 3647498, at *89 (holding that “general search text advertising [i]s a relevant product 
market”); Fed. Trade Comm’n v. IQVIA Holdings Inc., 710 F. Supp. 3d 329, 356 (S.D.N.Y. 
2024) (finding that healthcare professional programmatic advertising is a relevant market). 
Google has recognized the importance of not unduly placing all its digital advertising 
products at issue into a single market.  In another federal court, Google argued that combining 
the “distinct” products in the ad tech ecosystem into one market would be improper given that 
some products such as demand-side platforms “are used only by advertisers,” whereas others 
such as publisher ad servers “are used only by publishers.” Mot. to Dismiss, In re Google Digital 
65 ",text_layer_extracted,[]
memorandum-opinion:pdf:66,memorandum-opinion,66," 
 
    
 
   
   
  
    
  
    
   
     
    
     
 
 
 
  
   
  
  
    
 
 
 
 
Case 1:23-cv-00108-LMB-JFA Document 1410 Filed 04/17/25 Page 66 of 115 
PageID# 103746 
Advertising Antitrust Litig., 5:20-cv-3556, 2021 WL 7083558, at *6 (N.D. Cal. Jan. 15, 2021). 
In Google’s own words, “[a]lthough business practices impacting the products and services 
offered to publishers surely could have important consequences for advertisers, that is not 
sufficient, absent other allegations not made here, to support the broad overarching services 
market.”  Id. at *5 n.2 (emphases in original).
25 
The nature of commercial competition also requires courts to avoid classifying products 
as part of two-sided transaction platforms merely because they help customers on one side of a 
transaction-facilitating industry improve their capacity to transact.  Courts have found that buy-
side consumer payments products that facilitate credit-card transactions—such as checking 
accounts, consumer loan services, bill splitting apps, and digital wallets—are not reasonably 
interchangeable with credit-card networks and are not to be analyzed within the credit-card 
network market.  See Amex, 585 U.S. at 537 (stating “Amex, Visa, MasterCard, and Discover 
are the four dominant participants in the credit-card market” and identifying the four firms as 
controlling 100% of the market); see also Visa, 163 F. Supp. 2d at 327 (defining the “U.S. credit 
and charge card industry” as only including these “four significant network services 
competitors”).  The same is true on the sell-side of the consumer payments industry.  Courts have 
not included merchant-facing products such as point-of-sale terminals and digital payment 
25 Google made this argument in its motion to dismiss a putative antitrust class action brought by 
advertisers who used Google’s services to purchase display and search ads.  See In re Google 
Digital Advertising Antitrust Litig., 5:20-cv-3556, 2021 WL 7083558, at 6 (N.D. Cal. Jan. 15, 
2021); id. [Dkt. No. 52] at 2–3.  The district court granted the motion to dismiss with leave to 
amend, in part due to its agreement with Google that plaintiffs’ proposed relevant market 
“improperly include[d] services for both advertisers and publishers.” In re Google Digital 
Advertising Antitrust Litig., 5:20-cv-3556, 2021 WL 2021990, at *3 (N.D. Cal. May 13, 2021).  
Before an amended complaint was filed, the civil action was consolidated by the Judicial Panel 
on Multidistrict Litigation and transferred to the Southern District of New York.  See id. [Dkt. 
No. 157] at 8–9. 
66 ",text_layer_extracted,[]
memorandum-opinion:pdf:67,memorandum-opinion,67," 
  
   
      
 
   
  
  
 
     
  
 
   
  
    
 
  
    
 
Case 1:23-cv-00108-LMB-JFA Document 1410 Filed 04/17/25 Page 67 of 115 
PageID# 103747 
gateways from companies like Fiserv, Shopify, Square, and Stripe in the two-sided credit-card 
network market because they are not reasonably interchangeable with credit-card networks. See 
585 U.S. at 537; see also Brown Shoe, 370 U.S. at 325 (“[W]ithin [a] broad market, well-defined 
submarkets may exist which, in themselves, constitute product markets for antitrust purposes.”).  
This case law makes clear that just because two-sided transaction platforms reside at the heart of 
an industry that matches buyers and sellers does not mean that every industry product that helps 
facilitate those matches must be analyzed within an industry-wide, two-sided market.  Rather, 
products that serve economic actors on one side of the industry and can be sustainably sold by 
firms that specialize only in that side of the industry—such as publisher ad servers that serve 
publishers and demand-side platforms that serve advertisers—are to be analyzed  in markets that 
consist of reasonably interchangeable products on that side of the industry. 
Because Plaintiffs have shown that there are two relevant product markets, one for 
publisher ad servers for open-web display advertising and another for ad exchanges for open-
web display advertising, the geographic scope of these markets must be determined. 
2. Geographic Market 
To determine the relevant geographic scope of a market, courts consider the “area within 
which the defendant’s customers . . . can practicably turn to alternative supplies if the defendant 
were to raise its prices.” It’s My Party, 811 F.3d at 682 (quoting Kolon, 637 F.3d at 441) 
(ellipses in original). “The commercial realities considered when defining the relevant 
geographic market include: where the parties market their products; the size, cumbersomeness, 
and perishability of the products; regulatory requirements impeding the free flow of competing 
goods into or out of the area; shipping costs and limitations; the area within which the defendant 
67 ",text_layer_extracted,[]
memorandum-opinion:pdf:68,memorandum-opinion,68," 
 
 
 
 
    
 
 
 
  
     
    
   
   
 
  
  
 
    
  
 
Case 1:23-cv-00108-LMB-JFA Document 1410 Filed 04/17/25 Page 68 of 115 
PageID# 103748 
and its competitors view themselves as competing; and other factors bearing upon where 
customers might realistically look to buy the product.”  Kolon, 637 F.3d at 442–43.  
Although Plaintiffs and Google agree that the United States is a suitable geographic 
market, Plaintiffs contend that a worldwide26 market is optimal for assessing Google’s conduct, 
which “crosse[d] country boundaries and affect[ed] customers worldwide.” Tr. Sept. 19 PM 
126:13–127:3 (Lee (Pls. Expert)).  The Sherman Act does not authorize federal courts to 
“regulate the competitive conditions of other nations’ economies.”  Matsushita Elec. Indus. Co. 
v. Zenith Radio Corp., 475 U.S. 574, 582 (1986).  Rather, the “foremost concern” of federal 
antitrust law is the “protection of Americans”—here, American publishers, advertisers, and 
Internet users.  Pfizer, Inc. v. Gov’t of India, 434 U.S. 308, 314 (1978).  But to meet this concern, 
courts frequently look beyond our nation’s shores in delineating the competitive boundaries of 
increasingly globalized markets.  See, e.g., United States v. Eastman Kodak Co., 63 F.3d 95, 109 
(2d Cir. 1995) (affirming district court’s definition of a worldwide geographic market for film). 
Considering global markets is particularly common in cases involving software products that can 
be distributed around the world with a single click.  See, e.g., United States v. Microsoft, 253 
F.3d 34, 52 (D.C. Cir. 2001) (en banc); In re Google Play Store Antitrust Litig., 2024 WL 
4438249, at *4 (N.D. Cal. Oct. 7, 2024); United States v. Oracle Corp., 331 F. Supp. 2d 1098, 
1164 (N.D. Cal. 2004). 
The Court finds that the worldwide market as defined by Dr. Lee is the relevant 
geographic market for both the open-web display publisher ad server market and open-web 
26 The term “worldwide,” as used by Dr. Lee and adopted in this opinion, excludes countries 
where the operation of ad tech companies is substantially restricted by government censorship of 
the Internet (e.g., China) or U.S. economic sanctions (e.g., Iran).  See Tr. Sept. 19 PM 122:6–9 
(Lee (Pls. Expert)). 
68 ",text_layer_extracted,[]
memorandum-opinion:pdf:69,memorandum-opinion,69," 
  
 
 
   
 
 
 
 
 
 
 
     
    
 
 
 
Case 1:23-cv-00108-LMB-JFA Document 1410 Filed 04/17/25 Page 69 of 115 
PageID# 103749 
display ad exchange market.  The globally networked nature of the Internet has resulted in 
worldwide competition among ad tech providers, with the speed of light serving as a primary 
impediment to intercontinental ad serving.  See Tr. Sept. 11 AM 124:18–22 (Ravi (Pls. Expert)).  
“[C]ustomers interact across country boundaries” and “supplier competition is global.” Tr. Sept. 
19 PM 126:13–127:3 (Lee (Pls. Expert)).  Many U.S.-based advertisers target international 
Internet users, and many international advertisers target U.S.-based users, including by 
advertising on U.S.-based publishers’ webpages.  See id. at 123:7–124:22; PTX904 at -553.  
Similarly, advertisers bid to target international users who visit U.S.-based publishers’ pages, and 
Americans consume digital content from international publishers.  See PTX904 at -553; Tr. Sept. 
9 AM 111:15–25 (Casale (Index Exchange)); Tr. Sept. 19 PM 123:7–124:22 (Lee (Pls. Expert)).  
Ad tech providers, in turn, have built global infrastructure and often manage, price, sell, and 
track performance of their products globally.  See DTX1524 at 5–6; PTX946 at -807; Tr. Sept. 9 
AM 111:17–25, 142:6–21 (Casale (Index Exchange)); Tr. Sept. 9 PM 117:19–118:1 (Avery 
(Kevel)); Tr. Sept. 19 AM 119:25–120:5 (Bellack (Google)); Tr. Sept. 19 PM 126:13–127:3 (Lee 
(Pls. Expert)).  Google, for example, charges consistent ad exchange fees worldwide, and often 
tests and implements product and policy changes, including much of the conduct at issue in this 
litigation, on a global basis.  See PTX326 at -837; PTX1099 at -866–67; PTX1199; Tr. Sept. 16 
PM 20:21–21:10 (Weintraub (Pls. Expert)); Tr. Sept. 19 PM 126:13–127:3 (Lee (Pls. Expert)). 
Google disagrees that a worldwide market is applicable, curiously contending that the 
“smallest relevant market principle” should govern in the same filing in which it claimed that 
there is an omnibus product market for the entire ad tech ecosystem.  See [Dkt. No. 1375] 
(Google’s Proposed Findings of Fact – Redacted Version) at 359 (quoting Tr. Sept. 20 AM 
98:15–99:6 (Lee (Pls. Expert)).  Google observes that over 70% of U.S. sell-side revenue comes 
69 ",text_layer_extracted,[]
memorandum-opinion:pdf:70,memorandum-opinion,70," 
 
     
    
 
    
     
 
    
  
  
 
      
 
  
  
    
  
 
 
 
   
Case 1:23-cv-00108-LMB-JFA Document 1410 Filed 04/17/25 Page 70 of 115 
PageID# 103750 
from U.S. advertisers, and points to regulatory, cultural, and language differences between global 
regions.  See DTX358 at -010–11; PTX904 at -553; Tr. Sept. 20 AM 99:7–24 (Lee (Pls. Expert)); 
Tr. Sept. 25 AM 19:23–20:18 (Chevalier (Def. Expert)); Tr. Sept. 26 AM 110:1–18 (Israel (Def. 
Expert)).  In part due to these distinctions, Google structures some of its ad tech business units 
regionally, and its strategy teams have considered the United States as a distinct market in their 
competitive analyses. See, e.g., DTX399 at -465; DTX733 at -396; DTX758 at -024; PTX657 at 
-328–30.   
Google’s arguments are unpersuasive in light of the global nature of digital advertising.  
The World Wide Web publishers that are Google’s customers for these two products compete for 
global audiences and advertising dollars.  See, e.g., Tr. Sept. 18 AM 125:9–12 (Wheatland (Daily 
Mail)).  Publisher ad servers and ad exchanges are “market[ed]” globally.  Kolon, 637 F.3d at 
442. They are not “cumbersome[]” or “perishab[le]” physical products with high “shipping 
costs.” Id. at 442–43.  Moreover, despite some variance in regulatory regimes, the balance of 
evidence at trial did not establish that supply-side competitors face substantially different 
“regulatory requirements impeding” the sale of their publisher ad servers and ad exchanges 
across countries within the worldwide market as defined by Dr. Lee.  Id. at 442; see Tr. Sept. 9 
PM 117:19–118:1 (Avery (Kevel)); Tr. Sept. 13 PM 63:3–7 (Creput (Equativ)); Tr. Sept. 16 PM 
20:21–21:6 (Weintraub (Pls. Expert)).  Although publisher-facing ad tech providers sometimes 
break down their sales numbers by region, they often view themselves as competing globally.  
See, e.g., Tr. Sept. 9 AM 116:15–20 (Casale (Index Exchange)); Tr. Sept. 20 PM 153:17–24 
(John (Microsoft)); see also Consul, Ltd. v. Transco Energy Co., 805 F.2d 490, 495 (4th Cir. 
1986) (citing Justice Frankfurter for the proposition that the relevant geographic market is “the 
area in which buyers or sellers of the relevant product effectively compete”). Therefore, under 
70 ",text_layer_extracted,[]
memorandum-opinion:pdf:71,memorandum-opinion,71," 
    
  
 
 
  
 
     
    
   
  
   
     
    
 
  
 
  
  
 
Case 1:23-cv-00108-LMB-JFA Document 1410 Filed 04/17/25 Page 71 of 115 
PageID# 103751 
the factors set out by the Fourth Circuit in Kolon, the Court finds that the relevant geographic 
market for both publisher ad servers for open-web display advertising and ad exchanges for 
open-web display advertising is worldwide.  637 F.3d at 442–43.  
B.  Monopoly Power
 “Monopoly power is the power to control prices or exclude competition.”  Kolon Indus. 
Inc. v. E.I. DuPont de Nemours & Co., 748 F.3d 160, 173 (4th Cir. 2014) (“Kolon II”) (quoting 
United States v. E.I. du Pont de Nemours & Co., 351 U.S. 377, 391 (1956)). A plaintiff can show 
that a defendant had monopoly power in a relevant antitrust market either directly or indirectly. 
See Epic Games, Inc. v. Apple, Inc., 67 F.4th 946, 998 (9th Cir. 2023);Broadcom Corp. v. 
Qualcomm Inc., 501 F.3d 297, 307 (3d Cir. 2007); Geneva Pharms. Tech. Corp. v. Barr Labs. 
Inc., 386 F.3d 485, 500 (2d Cir. 2004); Microsoft, 253 F.3d at 51.  Direct proof of monopoly 
power includes evidence that a defendant profitably charged supracompetitive prices.  See 
Microsoft, 253 F.3d at 51.  Indirect proof is derived “from the structure and composition of the 
relevant market.” Broadcom, 501 F.3d at 307; see, e.g., Grinnell, 384 U.S. at 571. 
One factor often cited as indirect proof of monopoly power is market share. “The 
existence of [monopoly] power ordinarily may be inferred from the predominant share of the 
market.”  Grinnell, 384 U.S. at 571; see also United States v. Swift & Co., 286 U.S. 106, 116 
(1932) (Cardozo, J.) (“[S]ize carries with it an opportunity for abuse that is not to be ignored 
when the opportunity is proved to have been utilized in the past.”).  But case law varies as to 
what percentage is dispositive.  Compare, for example, the following: defendants found to 
possess monopoly power typically control at least 70% of the market, Kolon, 637 F.3d at 451 
(citing White Bag Co. v. Int’l Paper Co., 579 F.2d 1384, 1387 (4th Cir. 1974)); there is “no 
minimum percentage” necessary to prove monopoly power indirectly, Google Search, 2024 WL 
71 ",text_layer_extracted,[]
memorandum-opinion:pdf:72,memorandum-opinion,72," 
  
 
  
   
   
  
   
   
 
          
  
 
  
   
 
    
  
 
Case 1:23-cv-00108-LMB-JFA Document 1410 Filed 04/17/25 Page 72 of 115 
PageID# 103752 
3647498, at *76; although a “market share of less than 60% during the relevant period does not 
necessarily foreclose a finding of monopoly power,” it does “weigh heavily against such a 
finding,” Kolon II, 748 F.3d at 174; and “absent special circumstances, a defendant must have a 
market share of at least fifty percent before he can be guilty of monopolization,” Domed Stadium 
Hotel, Inc. v. Holiday Inns, Inc., 732 F.2d 480, 489 (5th Cir. 1984).  The Supreme Court has held, 
however, that a market share of “87% . . . leaves no doubt that the . . . defendant[] ha[d] 
monopoly power.” Grinnell, 384 U.S. at 571.  
Courts are more willing to infer monopoly power from high market share when there are 
“high barriers to entry.” Kolon II, 748 F.3d at 174; see Lenox MacLaren Surgical Corp. v. 
Medtronic, Inc., 762 F.3d 1114, 1123–26 (10th Cir. 2014).  This is because the true measure of 
monopoly power lies not in a firm’s high market share, but in its ability to maintain that share. 
United States v. Syufy Enters., 903 F.2d 659, 665–66 (9th Cir. 1990); see Matsushita Elec. 
Indus. Co. v. Zenith Radio Corp., 475 U.S. 574, 591 n.15 (1986).  In assessing barriers to entry 
that enhance “durability of the defendant’s market power,” Kolon, 637 F.3d at 451, courts have 
considered “factors, such as regulatory requirements, high capital costs, or technological 
obstacles, that prevent new competition from entering a market.”  Broadcom, 501 F.3d at 307.  In 
the digital services context, the network effects begot by scale and the previous failed entry of a 
well-resourced rival have been cited as additional indicators of high barriers to entry.  See, e.g., 
Microsoft, 253 F.3d at 55–56; Klein v. Facebook, Inc., 580 F. Supp. 3d 743, 780–81 (N.D. Cal. 
2022); In re Google Play Store, 2024 WL 4438249, at *6; Google Search, 2024 WL 3647498, at 
*78, *111–13. 
72 ",text_layer_extracted,[]
memorandum-opinion:pdf:73,memorandum-opinion,73," 
   
  
       
 
  
   
 
  
   
  
   
    
  
   
   
 
  
 
  
Case 1:23-cv-00108-LMB-JFA Document 1410 Filed 04/17/25 Page 73 of 115 
PageID# 103753 
1. Publisher Ad Server 
Plaintiffs have proven that Google possesses monopoly power in the publisher ad server 
for open-web display advertising market.  Google’s publisher ad server DFP has a durable and 
“predominant share of the market” that is protected by high barriers both to entry and expansion.  
Grinnell, 384 U.S. at 571.  This conclusion is reinforced by evidence that Google has acted to 
degrade DFP’s features without fear that its customers would switch to alternative publisher ad 
servers. 
Dr. Lee’s market calculations showed that in 2022, Google had a 91% market share of the 
worldwide publisher ad server market for open-web display advertising as measured by the 
number of impressions served.  PTX1278; PTX1278A; see also PTX1236; PTX1236A.  From 
2018 through 2022, Google’s share of this worldwide market held steady between 91.0% and 
93.5%, and its U.S. market share stayed between 86.5% and 92.3%.  PTX1278; PTX1278A.  Dr. 
Lee’s analysis is relatively consistent with Google’s internal estimates, which assessed DFP to 
have between 84% and 90% market share at different points over the past decade.  See PTX254 
at -238 (“[W]e are the defacto, [sic] preferred ad server of choice for 90% of publishers.”); 
PTX604 at -314; PTX767 at -775; PTX946 at -807.  Industry participants perceive DFP to be the 
“dominant” publisher ad server, Tr. Sept. 9 PM 150:4–11 (Avery (Kevel)); Tr. Sept. 19 PM 
39:18–20 (Shaughnessy (Kargo)), with some even referring to Google as having a monopoly in 
the publisher ad server market.  PTX758 at -946; PTX1709 at -933–34.  Within Google, a DFP 
engineering manager speculated that “losing some market share” would have the “positive” 
effect of “demonstrating to regulators that viable alternatives exist / we’re not a monopoly.” 
PTX949 at -481.  
73 ",text_layer_extracted,[]
memorandum-opinion:pdf:74,memorandum-opinion,74," 
 
    
 
   
    
 
  
  
  
   
  
  
  
   
 
    
 
  
  
  
 
Case 1:23-cv-00108-LMB-JFA Document 1410 Filed 04/17/25 Page 74 of 115 
PageID# 103754 
The significant barriers to entry and expansion that exist in the publisher ad server market 
make DFP’s high market share durable. As multiple witnesses testified, including those from 
Gannett, Index Exchange, The Daily Mail, and The New York Times, building a publisher ad 
server is a complex, resource-intensive process, even for a large corporation.  See Section 
VI(A)(1)(a), supra (citing witnesses); see also PTX581 at -977, -983; PTX1572 at -699–700; Tr. 
Sept. 19 PM 68:25–70:1 (Lee (Pls. Expert)); Tr. Sept. 20 PM 23:18–25:4 (Lee (Pls. Expert)).  
Perhaps more importantly, it is very challenging to gain publisher ad server customers.  
Publishers almost always use a single ad server for open-web display ads because operating two 
or more publisher ad servers would not be practical due to challenges with forecasting, 
integration, and latency (i.e., the delay in an ad being displayed to a user, which is increased by 
data having to be sent between multiple publisher ad servers).  See PTX949 at -481–82; Tr. Sept. 
10 AM 14:8–11, 15:16–17:24 (Layser (News Corp)); Tr. Sept. 17 PM 133:2–10 (Helfand 
(Disney)); Tr. Sept. 18 AM 138:20–139:23 (Wheatland (Daily Mail)); Tr. Sept. 20 PM 151:7– 
152:22 (John (Microsoft)).  To gain market share from DFP, a rival would have to convince 
publishers to stop using DFP and switch to the rival’s publisher ad server.  This, however, is very 
difficult to do.  As the evidence showed, publisher ad servers are “sticky” products that take “a 
lot of work” to change.  Dep. 216:1–13, 305:14–20 (Lipkovitz (Google)); see also PTX114 at -
049. In the words of a former Google and DoubleClick executive, switching publisher ad servers 
“[t]akes an act of God to do” and is a “nightmare” because “[n]othing has such high switching 
costs.”  PTX1814 at -745.  A publishing executive described his experience switching ad servers 
as a year-long process that was “akin to . . . changing the tires on the race car mid race.”  Tr. 
Sept. 9 AM 70:20–71:25 (Wolfe (Gannett)).  These assessments are consistent with general 
industry sentiment.  See, e.g., DTX404 at -134; PTX114 at -049; PTX1572 at -694; Tr. Sept. 10 
74 ",text_layer_extracted,[]
memorandum-opinion:pdf:75,memorandum-opinion,75," 
 
 
     
   
 
  
 
 
  
   
 
 
    
  
 
     
Case 1:23-cv-00108-LMB-JFA Document 1410 Filed 04/17/25 Page 75 of 115 
PageID# 103755 
AM 27:11–28:20, 108:2–20 (Layser (News Corp)); Tr. Sept. 13 AM 89:3–22 (LaSala (Google)); 
Tr. Sept. 16 AM 13:2–14 (Mohan (Google)). 
The large difficulties that publishers face in switching ad servers are exacerbated by the 
lack of meaningful alternatives to DFP. See Tr. Sept. 9 AM 70:20–23 (Wolfe (Gannett)); Dep. 
305:14–20 (Lipkovitz (Google)).  It is no wonder, then, that open-web publishers very rarely 
switch from DFP to another ad server, even when Google makes product changes with which 
they disagree.  See PTX882 at -717; PTX1854 at 25:1–11, 36:5–37:20, 44:1–14, 52:11–16; Tr. 
Sept. 9 PM 122:19–123:12; 135:19–136:2 (Avery (Kevel)); Tr. Sept. 10 AM 51:24–55:3, 
109:23–110:16 (Layser (News Corp)); Tr. Sept. 17 PM 46:25–50:3 (Cadogan (OpenX)); Tr. Sept. 
19 PM 66:7–70:1 (Lee (Pls. Expert)).  Recognizing this dynamic, many once-large rival ad 
servers have either left the ad serving business entirely (e.g., OpenX), or sought to compete in 
channels other than open-web display advertising (e.g., Kevel).  See PTX758 at -945; Tr. Sept. 9 
PM 120:21–122:18, 126:5–128:22 (Avery (Kevel)) (describing Kevel’s pivot to native ads and 
sponsored listings due to its inability to compete with DFP in open-web display); Tr. Sept. 17 PM 
46:4–48:16, 51:18–52:20 (Cadogan (OpenX)).  Even Meta shut down its project to build a 
publisher ad server due to the significant barriers to gaining scale in a market dominated by 
Google.  See PTX1709 at -934; Tr. Sept. 13 PM 100:20–24, 128:21–129:21 (Boland (Meta)). 
Google has acted in accordance with its dominant market position and these high barriers 
to entry and expansion.  For example, Google degraded some DFP features, such as by removing 
publishers’ ability to set a higher price floor on AdX as part of its Unified Pricing Rules update, 
despite negative publisher feedback.  See PTX1854 at 25:1–11, 36:5–37:20, 44:1–14, 52:11–16; 
Tr. Sept. 10 AM 51:24–55:3, 109:23–110:16 (Layser (News Corp)); Tr. Sept. 19 PM 66:7–20 
(Lee (Pls. Expert)). In estimating the impact of this change, Google was not concerned about 
75 ",text_layer_extracted,[]
memorandum-opinion:pdf:76,memorandum-opinion,76," 
 
  
  
 
   
 
 
   
    
   
 
 
    
 
 
 
 
 
  
  
Case 1:23-cv-00108-LMB-JFA Document 1410 Filed 04/17/25 Page 76 of 115 
PageID# 103756 
whether publishers would switch away from DFP, and publishers did not switch despite other 
publisher ad servers allowing variable price floors.  See PTX1035 at -360; Tr. Sept. 9 PM 
135:19–136:9 (Avery (Kevel)); Tr. Sept. 10 AM 52:23–53:7 (Layser (News Corp)).  Moreover, 
although Google has not exercised its monopoly power to raise DFP’s prices, the company has 
internally estimated that the “market w[ould] bear” a price increase and projected that a 10% to 
20% increase in DFP fees “could have a substantial positive impact on . . . overall profitability.” 
PTX712 at -648.   
Google contests that Unified Pricing Rules and other actions that allegedly degraded 
DFP’s product quality constitute direct evidence of monopoly power, arguing that Dr. Lee did not 
show what DFP’s quality would have been in a but-for competitive world and therefore failed to 
provide a way to measure whether Google’s alleged degradations rendered DFP’s quality below 
a competitive level. See Tr. Sept. 20 AM 146:4–23 (Lee (Pls. Expert)); Tr. Sept. 26 AM 117:15– 
118:1 (Israel (Def. Expert)). The Court agrees that examples of customer-disfavored product 
changes, without evidence that overall product quality decreased, are insufficient direct evidence 
of monopoly power.  But the lack of airtight direct evidence is immaterial here.  DFP’s 91% 
share of the worldwide market “leaves no doubt” as to Google’s monopoly power, particularly 
when viewed in light of the high barriers to entry and expansion in the publisher ad server 
market.  Grinnell, 384 U.S. at 571.  Plaintiffs’ evidence that Google exercised this market power 
to harm its publisher customers, while not definitive in isolation, only reinforces this conclusion. 
2. Ad Exchange 
Plaintiffs have proven that Google possesses monopoly power in the ad exchange for 
open-web display advertising market.  Google’s AdX has long been the dominant exchange for 
facilitating open-web display advertising.  For over a decade, Google has charged durable 
76 ",text_layer_extracted,[]
memorandum-opinion:pdf:77,memorandum-opinion,77," 
   
   
       
  
   
  
    
    
    
      
 
   
 
 
  
    
 
   
   
  
  
  
 
Case 1:23-cv-00108-LMB-JFA Document 1410 Filed 04/17/25 Page 77 of 115 
PageID# 103757 
supracompetitive prices for AdX—taking 20% of each open -web display transaction—and has 
exhibited an unwillingness to lower AdX’s take rate even as the market matured and other ad 
exchanges reduced their prices.  Despite the availability of lower priced exchanges, customers 
generally have not left AdX due to Google’s substantial market power in the ad exchange market.  
That market power has been fortified by high barriers to entry that resulted from Google’s scale 
and network effects across the open-web display ecosystem.  Accordingly, Google has 
maintained a high share of the open-web display ad exchange market, with AdX having a market 
share roughly nine times greater than that of its next-largest competitor. 
AdX’s charging a durable 20% take rate for well over a decade is direct evidence that 
Google has possessed monopoly power in the open-web display ad exchange market. See 
PTX1199; Tr. Sept. 13 AM 42:16–21, 43:15–17 (LaSala (Google)); Tr. Sept. 19 PM 81:20–82:9 
(Lee (Pls. Expert)).  Google employees recognized that AdX’s 20% take rate was higher than that 
of rival ad exchanges like IndexExchange, Magnite, and Xandr, which often charged closer to 
10%.  See PTX188 at -013; PTX686 at -044; PTX712 at -646; PTX719 at -004–05; Tr. Sept. 18 
AM 220:7–221:3 (Pappu (Google)); Dep. 165:21–167:5 (O’Kelley (Xandr)).  But Google has 
profitably maintained AdX’s 20% take rate, even when other exchanges further decreased their 
take rates.  See PTX1199; Tr. Sept. 18 AM 134:3–12 (Wheatland (Daily Mail)) (explaining that 
AdX’s “20 percent” take rate was “around double” the take rate that The Daily Mail paid to other 
exchanges); Tr. Sept. 18 AM 220:7–221:3 (Pappu (Google)).  At the same time, Google has 
refused to negotiate AdX’s take rate with almost all of its customers, only offering minimal 
discounts to a handful of very large publishers.  PTX549 at -079, -086 (showing that only six of 
AdX’s 3,815 largest publisher customers received discounts); Tr. Sept. 10 AM 150:8–23, 152:7– 
19 (Friedman (Goodway Group)) (testifying that Google refused to negotiate take rates, unlike 
77 ",text_layer_extracted,[]
memorandum-opinion:pdf:78,memorandum-opinion,78," 
 
    
  
 
   
   
  
   
   
 
 
 
    
       
    
  
 
 
    
  
Case 1:23-cv-00108-LMB-JFA Document 1410 Filed 04/17/25 Page 78 of 115 
PageID# 103758 
rival exchanges); Tr. Sept. 13 AM 42:25–43:17, 67:11–13 (LaSala (Google)); Tr. Sept. 27 AM 
6:24–7:25 (Pauley (V ox)).   
Google employees have recognized the durability of AdX’s pricing by describing how the 
exchange’s market power left both publishers and advertisers with very little choice but to keep 
using it.  See PTX188 at -979, -013–17; Tr. Sept. 19 PM 82:15–84:25 (Lee (Pls. Expert)).  For 
example, in 2014, an internal Google study projected that a 25% decrease in AdX’s take rate 
would have limited impact on its customer retention.  See PTX188 at -979, -013–17; see also Tr. 
Sept. 19 PM 82:15–84:25 (Lee (Pls. Expert)).  A few years later, after a non-Google industry 
consortium embraced header bidding to mitigate Google’s dominance across the ad tech stack, 
Google considered reducing AdX’s 20% take rate. See PTX421 at -227; PTX423 at -043–44; 
Dep. 258:16–21 (Lipkovitz (Google)).  But an internal study showed that reducing the take rate 
“d[id]n’t win many queries compared to the profit lost,” and the sales team “d[id] not think” such 
a reduction would “help them win deals.”  PTX417 at -758; see also PTX421 at -227; PTX423 at 
-043–44.  This study proved prescient.  Google has never reduced its overall 20% take rate and 
has continued to deny discount requests, yet AdX’s customers have not left and AdX has not lost 
market share.  See PTX639; PTX1258; Tr. Sept. 13 AM 49:15–20 (LaSala (Google)). As further 
evidence of Google’s power in the ad exchange market, a competing ad exchange conducted 
experiments over the years to reduce its take rate, including at one point setting its take rate to 
zero, but found only a “nominal, at best, effect on win rate.”  Tr. Sept. 9 AM 138:8–139:17 
(Casale (Index Exchange)).  Competitors’ “inability to constrain [AdX’s] pricing” constitutes 
direct evidence of Google’s monopoly power in the ad exchange market.  McWane, Inc. v. FTC, 
783 F.3d 814, 832 (11th Cir. 2015). 
78 ",text_layer_extracted,[]
memorandum-opinion:pdf:79,memorandum-opinion,79," 
   
   
 
  
  
      
 
   
 
 
 
  
  
  
    
 
    
 
   
  
  
 
 
Case 1:23-cv-00108-LMB-JFA Document 1410 Filed 04/17/25 Page 79 of 115 
PageID# 103759 
Broader industry dynamics also support the conclusion that Google’s maintenance of 
AdX’s 20% take rate required monopoly power.  As programmatic advertising emerged in the 
late 2000s through mid-2010s, firms in the space could command a substantial premium for their 
innovative products due to the significant advantages programmatic advertising offered over 
direct deals and the complex technology infrastructure required to run billions of real-time 
auctions each day. See Section IV(A–B), supra. But by 2017, a Google product director 
observed that ad exchange “margins [we]re coming down, way down, because the technology, 
demand and supply that [ad exchanges] offer ha[d] been commoditized to a large extent.” 
PTX562 at -259–61.  Google employees repeatedly questioned the viability of AdX’s take rate, 
often stating that the product was no longer worth 20%.  See, e.g., PTX612 at -035 (Google 
publisher-side executive stating “I don’t think there is 20% of value in comparing two bids” and 
questioning whether AdX should “continu[e] to extract irrationally high rent”); see also PTX198 
at -703; PTX562 at -259–60; PTX639 at -965; Tr. Sept. 18 AM 220:13–221:3, 228:11–229:12 
(Pappu (Google)).  Nevertheless, Google has maintained AdX’s 20% take rate for over a decade 
and has kept a relatively steady share of the ad exchange market.  See PTX1199A; PTX1199B; 
PTX1258; Tr. Sept. 13 AM 42:16–21, 43:15–17 (LaSala (Google)).  Google’s ability to maintain 
AdX’s 20% take rate under these market conditions is further direct evidence of the firm’s 
sustained and substantial power in the open-web display ad exchange market.  Tr. Sept. 19 PM 
81:20–82:14 (Lee (Pls. Expert)). 
Google and its market expert Dr. Israel contest this conclusion.  They maintain that 
Google’s long-standing 20% take rate originated well before the firm had any alleged monopoly 
power, and that Google’s decision not to raise prices is indicative of a lack of monopoly power.  
They also criticize Dr. Lee for not defining what prices would have been in a competitive 
79 ",text_layer_extracted,[]
memorandum-opinion:pdf:80,memorandum-opinion,80," 
   
  
  
   
  
 
      
  
    
   
 
 
    
  
 
 
  
    
  
     
     
Case 1:23-cv-00108-LMB-JFA Document 1410 Filed 04/17/25 Page 80 of 115 
PageID# 103760 
market, and for not factoring in the quality of AdX versus the quality of other exchanges when 
comparing their respective prices.  
None of Google’s arguments undermines the Court’s conclusion that AdX’s durable 20% 
take rate constitutes direct evidence of monopoly power.  The steadiness with which Google has 
charged a 20% fee in a rapidly maturing market involving transactions with minimal variable 
costs, the repeated recognition by Google employees that the services AdX provided were no 
longer worth 20% of publisher revenue, and the strong evidence that customers were unable to 
switch from AdX even when other ad exchanges lowered their prices all support the finding that 
AdX charged supracompetitive prices.  See Tr. Sept. 19 PM 81:20–84:25 (Lee (Pls. Expert)).  As 
other courts have found, prices that remain consistent or fall over time may still indicate 
monopoly power, so long as those prices are supracompetitive.  See Allen-Myland, Inc. v. Int’l 
Bus. Machs. Corp., 33 F.3d 194, 211 (3d Cir. 1994); Red Lion Med. Safety, Inc. v. Ohmeda, Inc., 
63 F. Supp. 2d 1218, 1229 (E.D. Cal. 1999). 
Another direct sign of monopoly power is that Google has used its market power in 
adjacent segments of the ad tech ecosystem to make it more difficult for customers on both sides 
of the ad exchange market to switch to rival exchanges.  See Tr. Sept. 18 AM 121:10–122:12 
(Abrantes-Metz (Pls. Expert)).  On the buy-side, Google’s policies made AdX the only ad 
exchange that had “exclusive access to [AdWords],” PTX290 at -983, which publishers highly 
valued as “a large and unique demand source.” Tr. Sept. 16 PM 128:21–129:5 (Abrantes-Metz 
(Pls. Expert)).  Google has largely limited AdWords’ exchange bidding to AdX despite internal 
recognition that allowing AdWords to bid on other exchanges would be valuable for AdWords’ 
advertiser customers. See PTX198 at -703; Tr. Sept. 18 AM 13:5–14:1 (Spencer (Google)).  By 
so limiting AdWords, Google has ensured that publishers would view AdX as a “must call” 
80 ",text_layer_extracted,[]
memorandum-opinion:pdf:81,memorandum-opinion,81," 
   
 
  
    
  
  
   
   
     
  
 
    
  
   
      
 
  
     
   
   
Case 1:23-cv-00108-LMB-JFA Document 1410 Filed 04/17/25 Page 81 of 115 
PageID# 103761 
exchange. Dep. 220:12–16, 222:4–17, 226:24–227:4 (Lipkovitz (Google)); see also Tr. Sept. 9 
AM 76:9–77:7, 104:9–23 (Wolfe (Gannett)); Tr. Sept. 10 AM 62:12–18 (Layser (News Corp)); 
Tr. Sept. 12 AM 43:7–12 (Srinivasan (Google)).  The unique advertising demand from AdWords 
has helped Google maintain the power to keep charging AdX publishers a 20% take rate.  See 
PTX639 (Google sell-side executive stating that “[i]f [AdWords] bought liberally through all 
3PEs [i.e., third-party exchanges], I think the 20% would crater.”). 
On the sell-side, Google’s power in the two-sided ad exchange market and its power in 
the publisher ad server market have been mutually reinforcing.  See PTX551 at -048.  For 
example, Google limited AdX to send real-time bids only to DFP, thereby forgoing a desirable 
AdX feature for non-DFP publishers to entrench the firm’s monopoly power in the publisher ad 
server market.  See PTX128 at -045–47; PTX1031 at -500.  Google did so despite requests by 
customers of other publisher ad servers to access AdX’s real-time bids. See, e.g., Tr. Sept. 9 PM 
139:13–140:24 (Avery (Kevel)). This was one of the reasons why publishers felt they had to use 
DFP to obtain effective access to AdX and, consequently, to AdWords’ unique demand.  See 
Section VI(B)(1), supra; see also Tr. Sept. 9 AM 104:9–23 (Wolfe (Gannett)); Tr. Sept. 10 AM 
12:19–13:2 (Layser (News Corp)).  Once DFP had obtained near-total market share, Google 
combined DFP and AdX under a single publisher-facing product, Google Ad Manager, which 
further intertwined DFP and AdX.  See PTX1031 at -500 (“Google Ad Manager is the only way 
to access [AdX] as a publisher.”).  These practices on both the advertiser buy-side and publisher 
sell-side are evidence that Google could set its terms of dealing with its customers “without 
considering rivals[,]” and constituted behavior that is “difficult to explain unless” Google had 
monopoly power.  Microsoft, 253 F.3d at 57–58. 
81 ",text_layer_extracted,[]
memorandum-opinion:pdf:82,memorandum-opinion,82," 
    
  
   
   
      
  
 
    
 
  
  
  
 
 
 
 
    
   
  
 
Case 1:23-cv-00108-LMB-JFA Document 1410 Filed 04/17/25 Page 82 of 115 
PageID# 103762 
AdX’s relatively high and durable market share is consistent with the Court’s conclusion 
that Google has monopoly power in the open-web display ad exchange market.  Dr. Lee found 
that, from 2018 to 2022, AdX was the exchange for 63% to 71% of the worldwide open-web 
display transactions among the ad exchanges that produced data for this litigation, and he 
estimated that AdX handled between 54% and 65% of the market’s total transactions. See 
PTX1258; Tr. Sept. 19 PM 90:14–92:19 (Lee (Pls. Expert) (discussing PTX1258)).  AdX’s 
market share has remained durable over time.  See PTX1258; PTX1314; Tr. Sept. 16 PM 12:5– 
24 (Weintraub (Pls. Expert)).  Moreover, AdX’s share of the worldwide ad exchange market was 
roughly nine times larger than the share held by Google’s next-largest competitor, which had 
only 6% of the market.  See PTX1237; PTX1237A; PTX1238; PTX1238A; Tr. Sept. 13 PM 
72:9–18 (Creput (Equativ)); Tr. Sept. 19 PM 94:3–94:22 (Lee (Pls. Expert)); see also United 
States v. Dentsply Int’l, Inc., 399 F.3d 181, 187 (3d Cir. 2005) (stating “the size and strength of 
competing firms” is a key consideration in evaluating monopoly power).  It is no surprise, then, 
that numerous industry participants testified that AdX had the dominant position in the ad 
exchange market.  See, e.g., Tr. Sept. 9 AM 135:8–12 (Casale (Index Exchange)); Tr. Sept. 10 
AM 156:18–157:4 (Friedman (Goodway Group)); Tr. Sept. 13 AM 20:3–16 (Kershaw 
(Magnite)); Tr. Sept. 13 PM 72:9–18 (Creput (Equativ)); Tr. Sept. 17 PM 87:17–21 (Cadogan 
(OpenX)); Tr. Sept. 27 AM 7:8–25 (Pauley (V ox)). 
Google argues that AdX’s market share is insufficiently high to establish monopoly 
power, particularly given that its market share is lower when calculated by its percentage of total 
fees received instead of by its percentage of transactions processed, or when based on U.S.-only 
instead of worldwide data.  See PTX1258, PTX1259.  This argument fails because, as previously 
explained, worldwide, not U.S., market share is the appropriate geographic market for measuring 
82 ",text_layer_extracted,[]
memorandum-opinion:pdf:83,memorandum-opinion,83," 
   
   
  
  
   
 
  
      
 
 
 
   
  
  
 
  
 
 
 
 
Case 1:23-cv-00108-LMB-JFA Document 1410 Filed 04/17/25 Page 83 of 115 
PageID# 103763 
the area of competition.  See Section VI(A)(2), supra. Moreover, transactions processed (i.e., the 
number of impressions sold on the exchange), not fees received, are the best measure of market 
share and power because they “speak to scale advantages” from data and indirect network effects 
“that different exchanges have.” Tr. Sept. 19 PM 91:3–19 (Lee (Pls. Expert)); see also Amex, 
585 U.S. at 537 (using transaction volume to assess market share). 
The Court recognizes that Google’s relatively high market share alone is not dispositive 
of whether the firm has monopoly power in the ad exchange market.  Indeed, in different 
circumstances, a market share between 50% and 70% would not necessarily suggest that a firm 
had monopoly power.  See Kolon II, 748 F.3d at 174.  But here, the direct evidence of AdX 
charging durable and supracompetitive prices, in combination with its maintaining a market 
share nine times that of its next closest rival, provides strong support for the conclusion that 
Google has possessed and still possesses monopoly power in the open-web display ad exchange 
market. 
This conclusion is buttressed by the evidence of AdX’s high barriers to entry and 
expansion.  Scale and network effects are crucial for ad exchanges because these exchanges exist 
to create matches between publisher inventory and advertiser demand.  See Tr. Sept. 9 AM 
143:19–145:13 (Casale (Index Exchange)); Tr. Sept. 16 PM 8:25–19:9 (Weintraub (Pls. Expert)); 
Tr. Sept. 19 PM 75:3–76:8 (Lee (Pls. Expert)).  Ad exchanges benefit not only from having large 
groups of customers on both sides of the platform, but also from processing a high number of 
transactions.  See Tr. Sept. 9 AM 135:17–137:21, 145:14–147:17, 160:24–161:4 (Casale (Index 
Exchange)); Tr. Sept. 16 PM 8:25–19:9 (Weintraub (Pls. Expert)).  Such economies of scale help 
mitigate the significant capital expenditures required to build an ad exchange.  See Tr. Sept. 17 
PM 55:25–56:8 (Cadogan (OpenX)); Tr. Sept. 16 PM 17:15–18:21 (Weintraub (Pls. Expert)).  
83 ",text_layer_extracted,[]
memorandum-opinion:pdf:84,memorandum-opinion,84," 
    
 
  
 
  
   
  
    
  
   
      
  
 
 
     
  
 
Case 1:23-cv-00108-LMB-JFA Document 1410 Filed 04/17/25 Page 84 of 115 
PageID# 103764 
Large groups of customers also provide exchanges with auction and targeting data that can be 
used to run rapid experiments on the effects of price and quality changes, to train machine 
learning algorithms, and to improve publisher-advertiser matching.  See Tr. Sept. 9 AM 135:19– 
139:17, 145:14–147:17 (Casale (Index Exchange)); Tr. Sept. 13 PM 74:13–75:6 (Creput 
(Equativ)); Tr. Sept. 16 PM 13:2–16:16 (Weintraub (Pls. Expert)); Tr. Sept. 23 PM 136:7–137:2 
PM (John (Microsoft)) (stating scale is necessary for match quality).  In sum, the high barriers to 
entry and expansion that protect AdX’s dominant position in the open-web display ad exchange 
market are further evidence of its monopoly power. 
The Court therefore agrees with Dr. Lee that “the totality of evidence is consistent with 
substantial and sustained market power on the part of AdX.” Tr. Sept. 20 AM 111:20–22 (Lee 
(Pls. Expert)).  Direct pricing evidence shows that Google “could profitably price significantly 
above competitive levels because enough customers would keep buying those products and not 
go elsewhere.” Tr. Sept. 19 PM 50:2–6 (Lee (Pls. Expert)). Trial evidence also shows that 
Google placed limitations on AdX and adjacent products’ functionality in ways that indicated it 
had substantial market power.  Moreover, AdX’s relatively high market share, viewed in 
conjunction with the high barriers to entry and expansion that exist for ad exchanges, supports 
the conclusion that Google has had and continues to maintain monopoly power. 
Having found that Google has monopoly power in two relevant markets within the open-
web display advertising ecosystem, the worldwide market for publisher ad servers and the 
worldwide market for ad exchanges, the next issue is whether Google willfully acquired and 
maintained this monopoly power. 
84 ",text_layer_extracted,[]
memorandum-opinion:pdf:85,memorandum-opinion,85," 
   
  
   
   
 
   
   
 
  
 
   
 
  
 
  
 
      
   
  
Case 1:23-cv-00108-LMB-JFA Document 1410 Filed 04/17/25 Page 85 of 115 
PageID# 103765 
C.  Willful Acquisition or Maintenance of Monopoly Power 
For Google to be found liable under Section 2 of the Sherman Act, Plaintiffs must prove 
that the company engaged in “the willful acquisition or maintenance of [monopoly] power.”  
Kodak, 504 U.S. at 481 (quoting Grinnell, 384 U.S. at 570–71).  Plaintiffs cannot prevail if 
Google acquired its monopoly power through “conduct [that] is procompetitive and thus 
increases consumer welfare,” such as by having developed “a superior product” or grown due to 
“business acumen,”  Duke Energy Carolinas, LLC v. NTE Carolinas II, LLC, 111 F.4th 337, 353 
(4th Cir. 2024), or if Google’s monopoly power has resulted from other “valid business reasons,” 
Kodak, 504 U.S. at 483, or “historic[al] accident.” Duke Energy, 111 F.4th at 353 (quoting 
Grinnell, 384 U.S. at 571).  Rather, “the possession of monopoly power will not be found 
unlawful unless it is accompanied by an element of anticompetitive conduct.”  Verizon 
Commc’ns Inc. v. Law Offs. of Curtis V . Trinko, LLP, 540 U.S. 398, 407 (2004) (emphasis in 
original).   
In determining whether a company’s conduct is anticompetitive, courts consider the 
conduct’s effect on competitors, its “impact on consumers,” and “whether it has impaired 
competition in an unnecessarily restrictive way.” Aspen Skiing Co. v. Aspen Highlands Skiing 
Corp., 472 U.S. 585, 605 & n.1 (1985).  “Some ‘common forms’ of anticompetitive conduct are 
tying, exclusive dealing, predatory pricing, and defrauding regulators or consumers.” Chase 
Mfg., Inc. v. Johns Manville Corp., 84 F.4th 1157, 1170 (10th Cir. 2023) (quoting Novell, Inc. v. 
Microsoft Corp., 731 F.3d 1604, 1072 (10th Cir. 2013)).  A monopolist may offer procompetitive 
justifications for seemingly anticompetitive conduct, but may still be liable under Section 2 of 
the Sherman Act if the plaintiff can “demonstrate that the anticompetitive harm of the conduct 
outweighs the procompetitive benefit.” Microsoft, 253 F.3d at 59.  
85 ",text_layer_extracted,[]
memorandum-opinion:pdf:86,memorandum-opinion,86," 
 
 
 
   
 
    
   
   
  
   
   
 
  
 
  
      
    
 
Case 1:23-cv-00108-LMB-JFA Document 1410 Filed 04/17/25 Page 86 of 115 
PageID# 103766 
Anticompetitive conduct “comes in many different forms that cannot always be 
categorized.”  Duke Energy, 111 F.4th at 354; see also Novell, 731 F.3d at 1072; In re EpiPen 
Mktg., Sales Pracs. & Antitrust Litig., 44 F.4th 959, 982 (10th Cir. 2022).  For some forms of 
anticompetitive conduct, such as “predatory pricing, refusing to deal, price fixing, or dividing 
markets,” courts have “developed tests for analyzing such claims.”  Duke Energy, 111 F.4th at 
354. But “when a court is faced with allegations of a complex or atypical exclusionary 
campaign,” the “alleged anticompetitive conduct must be considered as a whole” instead of “in 
manufactured subcategories.”  Id. 354–55; see also Cont’l Ore Co. v. Union Carbide & Carbon 
Corp., 370 U.S. 690, 698–99 (1962) (“[P]laintiffs should be given the full benefit of their proof 
without tightly compartmentalizing the various factual components and wiping the slate clean 
after scrutiny of each.”). A holistic assessment of whether a monopolist’s conduct “harm[ed] the 
competitive process and thereby harm[ed] consumers” is thus the touchstone for determining 
whether a monopolist alleged to have engaged in an exclusionary campaign violated Section 2 of 
the Sherman Act. Duke Energy, 111 F.4th at 355 (quoting Microsoft, 253 F.3d at 58) (emphasis 
in original); see also NYNEX Corp. v. Discon, Inc., 525 U.S. 128, 135 (1998); Viamedia, Inc. v. 
Comcast Corp., 951 F.3d 429, 453 (7th Cir. 2020).   
Plaintiffs allege that Google engaged in a series of anticompetitive acts to acquire and 
maintain its monopoly power.  These acts generally fall into three categories: (1) establishing a 
dominant position across the ad tech stack through the acquisitions of DoubleClick and Admeld; 
(2) tying DFP to AdX to lock publishers into exclusively using Google’s sell-side ad tech tools 
rather than those offered by competitors; and (3) leveraging its tied ad tech tools to engage in a 
series of acts that diminished rivals’ scale, thwarted their ability to compete, and harmed 
customers.  The Court takes each in turn, while recognizing that the ultimate conclusion of 
86 ",text_layer_extracted,[]
memorandum-opinion:pdf:87,memorandum-opinion,87," 
  
   
 
  
  
  
  
  
   
  
    
  
  
  
  
 
  
 
 
     
 
  
Case 1:23-cv-00108-LMB-JFA Document 1410 Filed 04/17/25 Page 87 of 115 
PageID# 103767 
whether Google violated Section 2 turns on whether the company’s conduct, when considered as 
a whole, harmed competition and therefore harmed consumers.  See Duke Energy, 111 F.4th at 
354–55; Microsoft, 253 F.3d at 58.  
1. Acquisitions of DoubleClick and Admeld 
The Court finds that Plaintiffs have failed to show that the DoubleClick and Admeld 
acquisitions were anticompetitive. Although these acquisitions helped Google gain monopoly 
power in two adjacent ad tech markets, they are insufficient, when viewed in isolation, to prove 
that Google acquired or maintained this monopoly power through exclusionary practices. 
The 2008 acquisition of DoubleClick gave Google the largest publisher ad server, DFP, 
and provided the company with a nascent ad exchange for matching DFP publishers with 
AdWords advertisers.  See PTX14 at -246; PTX15 at 7; PTX41 at -006; Dep. 69:15–70:9, 72:13– 
74:15 (O’Kelley (Xandr)).  Google knew that acquiring DFP and connecting it to AdWords using 
an ad exchange would increase Google’s scale, network effects, and power across the ad tech 
ecosystem.  See PTX14 at -278; PTX41 at -006; PTX51 at -726; PTX551 at -048; Tr. Sept. 13 
AM 7:21–8:4 (Kershaw (Magnite)).  According to Plaintiffs, Google paid $1 billion more than its 
corporate strategy team’s valuation of DoubleClick to secure sell-side infrastructure and to 
prevent another large technology company from standing between Google’s buy-side business 
and publishers.  Compare PTX15 at 11 (Google’s estimation that acquiring DoubleClick would 
provide the company with $1.5 billion to $2.2 billion in net present value) with PTX1507 at -414 
(stating Google paid $3.1 billion for DoubleClick); See also PTX41 at -005 (discussing how 
DoubleClick acquisition mitigated risk that Google’s buy-side business would be 
“disintermediated” by a non-Google publisher ad server). 
87 ",text_layer_extracted,[]
memorandum-opinion:pdf:88,memorandum-opinion,88," 
   
  
 
 
    
    
  
     
 
    
   
   
 
  
   
 
   
 
 
  
  
 
  
Case 1:23-cv-00108-LMB-JFA Document 1410 Filed 04/17/25 Page 88 of 115 
PageID# 103768 
Even assuming Plaintiffs are correct in their assessment of Google’s strategy, they have 
not shown that the acquisition of DoubleClick was anticompetitive. Plaintiffs do not assert that 
Google had monopoly power in any of the relevant markets when it acquired DoubleClick.  
Indeed, the DoubleClick acquisition occurred at a time when Magnite (then known as Rubicon), 
Microsoft, OpenX, and Yahoo were vigorous participants in open-web display advertising 
markets.  See PTX22 at 14. The acquisition was reviewed and cleared by the Federal Trade 
Commission by a four to one vote after a determination that “Google’s proposed acquisition of 
DoubleClick is unlikely to substantially lessen competition.”
27 
Nor did the 2011 acquisition of Admeld constitute anticompetitive conduct.  Plaintiffs 
argue that the Admeld acquisition was problematic because Google intentionally acquired a “key 
competitor[],” PTX88 at -597, and then terminated its core yield management functionality, 
thereby ending a competitive threat to Google’s sell-side businesses.  See Section V(B), supra. 
According to Plaintiffs’ expert Dr. Abrantes-Metz, the Admeld acquisition reduced competition 
in both the ad exchange and publisher ad server markets for open-web display advertising.  Tr. 
Sept. 18 AM 46:4–48:22 (Abrantes-Metz (Pls. Expert)). 
It is true that Admeld, along with Magnite and PubMatic, was one of the three leading 
yield managers in 2011, and that Google had identified Admeld as being its “largest concern,” 
PTX88 at -597, because it had a “stronger product offering” and “better publisher base” than its 
27 Fed. Trade Comm’n Closes Google/DoubleClick Investigation, FTC (Dec. 20, 2007), 
https://www.ftc.gov/news-events/news/press-releases/2007/12/federal-trade-commission-closes-
googledoubleclick-investigation.  This conclusion can be challenged with the benefit of 
hindsight, as it has been by one of the FTC commissioners who initially reached it.  See Steve 
Lohr, This Deal Helped Turn Google Into an Ad Powerhouse. Is That a Problem?, N.Y . Times 
(Sept. 21, 2020), https://www.nytimes.com/2020/09/21/technology/google-doubleclick-antitrust-
ads.html.  But it would be a substantial step to find that an acquisition violated the Sherman Act 
after it was reviewed and approved by federal antitrust regulators. 
88 ",text_layer_extracted,[]
memorandum-opinion:pdf:89,memorandum-opinion,89," 
     
   
 
 
  
     
 
 
   
   
     
     
   
   
  
  
 
   
 
  
 
   
 
 
   
Case 1:23-cv-00108-LMB-JFA Document 1410 Filed 04/17/25 Page 89 of 115 
PageID# 103769 
competitors.  PTX112 at -981; see also PTX85 at -717.  As a leading yield manager, Admeld 
threatened to undermine Google’s strategy to “own the tag,” i.e., to control which advertising 
demand sources would be used to “monetize [indirect] inventory for a publisher.”  PTX56 at -
788. But evidence shows that Google did not merely buy Admeld to sideline it; rather, Google 
sought to fill a gap in its portfolio and drew upon Admeld’s engineers and technology to rebuild 
some of Admeld’s capabilities within AdX and other aspects of Google’s ad tech architecture. 
See DTX126 at -572–75; PTX60 at -489; PTX112 at -979; Tr. Sept. 16 AM 108:23–109:17, 
112:14–113:24 (Mohan (Google)).  In doing so, Google at least partially improved the 
effectiveness of AdX, which before the Admeld acquisition “was struggling to win business” due 
to being “very expensive,” “inflexible,” and “[not] great at optimizing for yield.” Dep. 86:20– 
87:23 (O’Kelley (Xandr)).  The Admeld acquisition also provided Google with “the skill set and 
the knowledge [it] needed to make the AdX value proposition more compelling.”  Id. Acquiring 
technology and talent to offer customers a more flexible, affordable, and effective product is not 
anticompetitive when motivated by “valid business reasons.” Kodak, 504 U.S. at 483.  That may 
be one reason why the Antitrust Division of the U.S. Department of Justice chose not to pursue 
legal action against Google for its Admeld acquisition after conducting an investigation that 
“obtained extensive information from Google, Admeld and a wide range of market 
participants.”
28 
28 See Statement of the Dep’t of Justice’s Antitrust Div. on Its Decision to Close Its Investigation 
of Google Inc.’s Acquisition of Admeld Inc., U.S. Dep’t of Justice (Dec. 2, 2011), 
https://www.justice.gov/opa/pr/statement-department-justices-antitrust-division-its-decision-
close-its-investigation-google.  In a pre-trial order, the Court prohibited Google from introducing 
“evidence or argument about antitrust enforcers’ review, comments, and decisions not to 
challenge Google’s acquisitions” of DoubleClick and Admeld so that the parties would focus 
their arguments at trial on the merits of these acquisitions, [Dkt. 1303] at 1; however, the Court 
has taken judicial notice of the fact that the acquisitions were approved by antitrust regulators.  
See United States v. Garcia, 855 F.3d 615, 621 (4th Cir. 2017) (stating that courts “routinely take 
89 ",text_layer_extracted,[]
memorandum-opinion:pdf:90,memorandum-opinion,90," 
   
  
   
 
  
   
 
 
 
  
  
 
  
 
     
  
 
  
 
  
 
 
Case 1:23-cv-00108-LMB-JFA Document 1410 Filed 04/17/25 Page 90 of 115 
PageID# 103770 
Because Plaintiffs have not shown that Google’s acquisitions of DoubleClick and Admeld 
constituted anticompetitive conduct, the Court next examines Plaintiffs’ claim that Google tied 
DFP to AdX, and then used its power in the products’ two adjacent markets to harm competition 
at consumers’ expense. 
2. Tying DFP to AdX 
“[T]he vice of tying arrangements lies in the use of economic power in one market to 
restrict competition on the merits in another.” N. Pac. Ry. Co., 356 U.S. at 11.  Accordingly, “the 
essential characteristic” of unlawful tying is “the seller’s exploitation of its control over the tying 
product to force the buyer into the purchase of a tied product that the buyer either did not want at 
all, or might have preferred to purchase elsewhere on different terms.”  Jefferson Parish Hosp. 
Dist. No. 2 v. Hyde, 466 U.S. 2, 12 (1984); see also It’s My Party, 811 F.3d at 684.  “Tying 
suppresses competition in two ways: First, the buyer is prevented from seeking alternative 
sources of supply for the tied product; second, competing suppliers of the tied product are 
foreclosed from that part of the market which is subject to the tying arrangement.” It’s My Party, 
811 F.3d at 684 (internal quotation omitted). 
Tying is per se unlawful under Section 1 of the Sherman Act, which prohibits 
unreasonable restraints on trade.  Serv. & Training, Inc. v. Data Gen. Corp., 963 F.2d 680, 683 
(4th Cir. 1992). To prove a tying claim, a plaintiff must establish four elements: “(1) the 
existence of two separate products, (2) an agreement conditioning purchase of the tying product 
upon purchase of the tied product (or at least upon an agreement not to purchase the tied product 
from another party), (3) the seller’s possession of sufficient economic power in the tying product 
judicial notice of information contained on state and federal government websites”). That such 
approval was given when the acquisitions occurred does not prohibit a finding that the use of 
these acquisitions over time has resulted in violations of the Sherman Act. 
90 ",text_layer_extracted,[]
memorandum-opinion:pdf:91,memorandum-opinion,91," 
  
  
 
    
   
   
 
  
  
  
   
  
    
 
 
 
     
  
  
Case 1:23-cv-00108-LMB-JFA Document 1410 Filed 04/17/25 Page 91 of 115 
PageID# 103771 
market to restrain competition in the tied product market, and (4) a not insubstantial impact on 
interstate commerce.”  Id. (citing Hyde, 466 U.S. at 12–16).  Although tying under Section 1 
“do[es] not require that the defendant have a monopoly” in “the market for a tying product,” U.S. 
Steel Corp. v. Fortner Enter., Inc., 429 U.S. 610, 620 (1977), tying by a monopolist can satisfy 
the anticompetitive conduct element under Section 2 of the Sherman Act.  See Viamedia, 951 
F.3d at 468–69 (citing Phillip E. Areeda & Herbert Hovenkamp, Antitrust Law: An Analysis of 
Antitrust Principles and Their Application ¶ 777, at 325 (4th ed. 2015)); Microsoft, 253 F.3d at 
84–85 (considering tying allegations under both Section 1 and Section 2); Md. & Va. Milk 
Producers Ass’n, Inc. v. United States, 362 U.S. 458, 463 & n.8 (1960) (stating that Sections 1 
and 2 “closely overlap, and the same kind of predatory practices may show violations of all”).  
When a defendant facing a tying claim is a monopolist, courts consider whether the tie 
“contribute[d] significantly to the maintenance or creation of monopoly power . . . even though it 
[wa]s unilaterally imposed.” Viamedia, 951 F.3d at 469. 
Here, Plaintiffs allege that Google tied DFP, its publisher ad server, to AdX, its ad 
exchange.  Specifically, Plaintiffs cite to Google’s technical and policy restrictions that 
prohibited publishers from receiving real-time bids from AdX (the tying product) unless they 
also used DFP (the tied product).  These restrictions, according to Plaintiffs, compelled 
publishers to use DFP, not because they viewed it as a superior product, but rather due to 
Google’s exploitation of its control over AdX’s preeminent position in the open-web display ad 
exchange market. Partly as a result, Plaintiffs claim that DFP became, and has remained, the 
dominant publisher ad server for open-web display advertising. 
Plaintiffs have proven the four elements of their tying claim.  First, publisher ad servers 
and ad exchanges are “two separate products” that are not reasonably interchangeable.  Serv. & 
91 ",text_layer_extracted,[]
memorandum-opinion:pdf:92,memorandum-opinion,92," 
     
  
   
   
 
  
   
     
  
  
 
  
      
   
  
      
     
     
Case 1:23-cv-00108-LMB-JFA Document 1410 Filed 04/17/25 Page 92 of 115 
PageID# 103772 
Training, 963 F.2d at 683; see Section VI(A)(1–2), supra. P ublisher ad servers and ad exchanges 
serve different functions, use different pricing structures, and are recognized as different products 
by industry participants.  See Section VI(A)(1–2), supra. Moreover, there is “sufficient demand 
for the purchase of [publisher ad servers] separate from [ad exchanges]” such that there is a 
“distinct product market” for publisher ad servers.  Serv. & Training, 963 F.2d at 684 (quoting 
Hyde, 466 U.S. at 121–22); see Section VI(A)(1–2), supra (identifying a product market for 
publisher ad servers and a distinct product market for ad exchanges).  Google’s rebranding DFP 
and AdX under a unified name, Google Ad Manager, cannot overcome these “market realities.”  
Alston, 594 U.S. at 93. 
Second, the policy and technology restrictions that Google has placed within AdX 
“condition[ed] purchase of the tying product [AdX] upon purchase of the tied product [DFP].” 
Serv. & Training, 963 F.2d at 683.  The function of an ad exchange is to match publishers with 
advertisers by facilitating real-time auctions for publishers’ inventory.  See Section IV(B), supra. 
An ad exchange does this by aggregating advertisers’ bids for each available impression, then 
submitting the best of those bids to the publisher ad server with the goal of outbidding competing 
bids from other ad exchanges.  See id.  Access to real-time bids from AdX is considered 
particularly valuable by publishers because of the unique advertising demand that AdX receives 
from the millions of advertisers who exclusively use AdWords.  See Sections V(A) & VI(B)(2), 
supra. By restricting AdX’s submission of real-time bids only to DFP, and by not allowing AdX 
to provide real-time bids to other publisher ad servers, Google made AdX ineffective at its core 
function when used by publishers who did not also use DFP. See Section IV(B), supra. In 
practice, therefore, Google’s restriction of AdX’s real-time bidding to DFP required Google’s 
publisher customers who wanted to use AdX’s core feature to use DFP.  This coercive policy 
92 ",text_layer_extracted,[]
memorandum-opinion:pdf:93,memorandum-opinion,93," 
   
   
 
      
   
   
  
     
   
   
    
     
 
  
 
  
     
 
    
  
    
Case 1:23-cv-00108-LMB-JFA Document 1410 Filed 04/17/25 Page 93 of 115 
PageID# 103773 
made purchasing DFP, the tied product, together with AdX, the tying product, “the only viable 
economic option” for publishers who wanted to gain effective real-time access to AdWords, 
which they could only accomplish by using AdX.  Nobel Sci. Indus., Inc. v. Beckman 
Instruments, Inc., 670 F. Supp. 1313, 1324 (D. Md. 1986); see also Tire Sales Corp. v. Cities 
Serv. Oil Co., 637 F.2d 467, 473 (7th Cir. 1980); Philip E. Areeda & Herbert Hovenkamp, 
Antitrust Law: An Analysis of Antitrust Principles and Their Application ¶ 1752b (4th ed. 2020) 
(defining a tie as the improper imposition of “conditions that explicitly or practically require 
buyers to take the second product if they want the first one”) (emphasis added). 
As discussed previously, overwhelming evidence has established that it is not 
economically feasible for publishers to use multiple publisher ad servers. See Section VI(B)(1), 
supra. For all practical purposes, then, Google ’s tying DFP to AdX communicated to publishers 
that if they used a rival publisher ad server, they would be shut out of AdX’s core functionality. 
This coercive pressure was akin to a “threat[] to stop selling needed products to its customers if 
they bought from a new market entrant offering a superior product for less money”—conduct a 
court found to be anticompetitive in Chase Mfg. 84 F.4th at 1173; see also Lorain Journal Co. v. 
United States, 342 U.S. 143, 154 (1951) (deeming anticompetitive a local newspaper’s refusal to 
sell advertising space to customers who advertised on a local radio station); Viamedia, 951 F.3d 
at 471 (finding monopolist’s “refusing to deal with [its customers’] chosen intermediary had the 
[anticompetitive] effect of forcing them into much less desirable relationships” with the 
monopolist). 
Google staff understood the coercive power of the AdX-DFP tie.  For example, a Google 
sell-side manager told his leadership that “AdX can serve as a tool to pull publishers onto 
[D]FP.” PTX114 at -049.  Google decided against “giv[ing] AdX to non-[D]FP partners,” and 
93 ",text_layer_extracted,[]
memorandum-opinion:pdf:94,memorandum-opinion,94," 
  
   
   
 
 
   
  
 
  
  
 
  
  
    
  
  
     
  
  
Case 1:23-cv-00108-LMB-JFA Document 1410 Filed 04/17/25 Page 94 of 115 
PageID# 103774 
instead worked to “‘lock in’ impressions by offering [D]FP to publishers with full AdX dynamic 
allocation” (i.e., real-time bidding), id., so that Google could maintain “a key differentiator for 
DFP.” PTX113 at -804; see also PTX159 at -003 (Google employee stating that he was “more of 
the mindset of getting folks to flip to DFP” to access real-time AdX bids as opposed to offering 
such bids on third-party exchanges).  Google made this decision despite acquiring Admeld’s 
technology for offering real-time bids to publishers using third-party ad servers, PTX159 at -
002–04, which was a capability that Google had beta tested and which some at the company 
believed would have taken “[m]inimal effort” to implement at scale.  PTX113 at -804; see also 
Tr. Sept. 18 AM 47:3–12 (Abrantes-Metz (Pls. Expert)).  By tying DFP to AdX, Google took 
advantage of its “owning the platform, the exchange, and a huge network” of advertising 
demand, which a senior Google manager analogized to “Goldman or Citibank own[ing] the 
NYSE [i.e., the New York Stock Exchange].”  PTX367 at -464. 
Google’s publisher customers similarly understood the coercive power of the AdX-DFP 
tie.  They “felt locked-in by dynamic allocation in DFP, which only gave AdX [and not other 
exchanges the] ability to compete” with real-time bids.  PTX587 at -794.  That is why industry 
participants worked together to create header bidding, a technical workaround that partially 
diminished the power of the AdX-DFP tie. See id.; PTX1710 at -407; Dep. 111:7–114:2 
(O’Kelley (Xandr)); see also Section V(F), supra.  But header bidding has failed to erode DFP’s 
dominance because subsequent Google product changes such as Last Look enhanced the power 
of the AdX-DFP tie. See Sections V(G) and VI(B)(1), supra. Open-web publishers were 
therefore stuck using DFP, even if they would have preferred to use a different publisher ad 
server. 
94 ",text_layer_extracted,[]
memorandum-opinion:pdf:95,memorandum-opinion,95," 
  
 
    
    
 
  
 
 
   
    
    
 
 
   
   
 
  
   
   
   
  
 
Case 1:23-cv-00108-LMB-JFA Document 1410 Filed 04/17/25 Page 95 of 115 
PageID# 103775 
Google argues that publishers who used AdX were free to use a publisher ad server other 
than DFP, and those that used DFP did not necessarily have to use AdX.  But by prohibiting 
publishers that used a non-DFP ad server from having access to the essential AdX feature of real-
time bidding by AdWords advertisers, Google effectively has “coerce[d] the abdication of 
[publishers’] independent judgment as to the ‘tied’ product’s merits and insulate[d] it from the 
competitive stresses of the open market.”  Hyde, 466 U.S. at 13 (quoting Times-Picayune Pub. 
Co. v. United States, 345 U.S. 594, 605 (1953)).  The unique value of real-time access to 
AdWords through AdX has essentially forced Google’s publisher customers “into the purchase of 
a tied product that the[y] either did not want at all, or might have preferred to purchase elsewhere 
on different terms.” It’s My Party, 811 F.3d at 684 (quoting Hyde, 466 U.S. at 12).  The high 
degree of effort that Google has used to insulate DFP from the competitive stresses of the open 
market is sufficient to satisfy the second element of the tying test, particularly as the central 
focus of the overall inquiry is whether Google’s actions harmed competition and therefore 
harmed consumers.  
Third, Google has possessed “sufficient economic power in the tying product market to 
restrain competition in the tied product market.” Serv. & Training, 963 F.2d at 683.  The Court 
has found that Google has monopoly power in the open-web display ad exchange market because 
AdX charges supracompetitive prices, is nine times larger than the next largest ad exchange, and 
is protected by high barriers to entry and expansion.  See Section VI(B)(2), supra. Such proof of 
monopoly power in the tying product market is more than sufficient to show that Google has had 
the requisite level of economic power to establish the third element of a tying claim.  See U.S. 
Steel, 429 U.S. at 620; In re Deere & Co. Repair Serv. Antitrust Litig., 703 F. Supp. 3d 862, 909 
(N.D. Ill. 2023).  
95 ",text_layer_extracted,[]
memorandum-opinion:pdf:96,memorandum-opinion,96," 
   
   
    
    
    
   
   
   
   
   
 
   
   
  
     
  
  
      
    
   
Case 1:23-cv-00108-LMB-JFA Document 1410 Filed 04/17/25 Page 96 of 115 
PageID# 103776 
A primary source of Google’s monopoly power in the ad exchange market is AdWords’ 
uniquely large and diverse array of advertising demand.  See Sections V(A, C) & VI(B)(2), 
supra. Google has been able to amass this unparalleled group of mostly small and medium-sized 
advertisers in large part due to the dominance of Search, which another district court has found to 
be the source of Google’s monopoly power in the markets for general search services and general 
search text ads.  See Google Search, 2024 WL 3647498, at *75, *89–91 (D.D.C. Aug. 5, 2024); 
see also Tr. Sept. 11 PM 153:6–154:20 (Dederick (The Trade Desk)); Tr. Sept. 13 AM 7:21-8:4 
(Kershaw (Magnite)); Tr. Sept. 19 PM 99:18–100:2 (Lee (Pls. Expert)).  By effectively 
restricting the unique advertising demand offered by AdWords advertisers to AdX, Google has 
ensured that publishers would lose significant revenue if they did not use AdX.  See Section 
VI(B)(2), supra; Dep. 108:19–109:3 (Rowley (Google)) (admitting AdWords demand 
“compel[led] publishers to work with” Google’s sell-side products). Google’s monopoly power 
in the open-web display ad exchange market, bolstered by its significant Search-derived power 
on the buy-side of the digital advertising industry, constitutes “sufficient economic power in the 
tying product market to restrain competition in the tied product market.” Serv. & Training, 963 
F.2d at 683.   
Fourth and finally, the tying of AdX and DFP has had a “not insubstantial impact on 
interstate commerce.”  Serv. & Training, 963 F.2d at 683.  “Wholly apart from market 
characteristics, a prerequisite to application of the Sherman Act is an effect on interstate 
commerce.”  Hyde, 466 U.S. at 37 n.5 (O’Connor, J., concurring).  Like in Hyde, “[i]t is not 
disputed that such an impact is present here.” Id. AdX and DFP are used by publishers across 
the United States and worldwide.  See Section VI(A)(2), supra. And the AdX-DFP tie, which 
facilitates the billions of dollars of revenue that AdX generates annually, has a large and 
96 ",text_layer_extracted,[]
memorandum-opinion:pdf:97,memorandum-opinion,97," 
     
 
   
   
       
  
     
 
 
     
 
    
   
    
       
 
    
 
  
    
    
  
Case 1:23-cv-00108-LMB-JFA Document 1410 Filed 04/17/25 Page 97 of 115 
PageID# 103777 
substantial impact on interstate commerce. See PTX1710 at -407.  Cf. It’s My Party, Inc. v. Live 
Nation, Inc., 88 F. Supp. 3d at 490 (suggesting $200,000 is a “not insubstantial” amount of 
interstate commerce). Because they have established these four elements, Plaintiffs have shown 
that Google has engaged in unlawful tying under Section 1 of the Sherman Act. 
Google’s tying of DFP to AdX also violates Section 2 of the Sherman Act because it 
“contribute[d] significantly to the maintenance or creation of monopoly power . . . even though it 
[wa]s unilaterally imposed.” Viamedia, 951 F.3d at 469.  As Google employees recognized, the 
“value of Google’s ad tech stack is less in each individual product, [than] in the connections 
across all of them.”  PTX551 at -048 (emphasis omitted).  To deepen these connections, Google 
“artificially handicap[ped] [its] buyside ([AdWords]) to boost the attractiveness of [its] sellside 
(AdX),” PTX110 at -009, by effectively limiting its programmatic open-web advertisers in 
AdWords to bidding for inventory from publishers that used AdX and DFP. Google did this 
despite knowing that its advertiser customers would benefit from AdWords’ bidding for open-
web display ad inventory on non-Google exchanges.  See PTX198 at -703.  Indeed, the 
leadership of Google’s buy-side team “want[ed AdWords] to buy into all auctions regardless of 
what the AdX margin is.” Id. But Google limited where its advertisers could bid to “[p]rotect 
[DFP’s] position” as the dominant “operating system for publishers globally” and to 
disincentivize publishers from switching away from DFP.  DTX76 at -477; see also Section 
VI(B)(1), supra. 
The limitations on AdWords and AdX expanded Google’s dominance in the publisher ad 
server market, with rival publisher ad servers exiting the market and DFP maintaining more than 
90% market share from 2018 through 2022.  See Section VI(B)(1), supra; Tr. Sept. 11 PM 153:6– 
154:11 (Dederick (The Trade Desk)).  Even though some industry participants thought Google’s 
97 ",text_layer_extracted,[]
memorandum-opinion:pdf:98,memorandum-opinion,98," 
  
   
 
  
 
     
   
 
 
    
 
   
   
 
  
  
    
   
  
 
   
Case 1:23-cv-00108-LMB-JFA Document 1410 Filed 04/17/25 Page 98 of 115 
PageID# 103778 
DFP “wasn’t the best ad server,” almost “every other publisher ad server either went out of 
business or was sold for scrap” because Google has “destroyed all competition” in the ad server 
market through its AdX-DFP tie and associated activities.  Dep. 74:17–75:21 (O’Kelley 
(Xandr)); see also PTX758 at -946 (Kevel founder and CEO James Avery stating in a 2019 email 
that “[a]lmost every [publisher] ad server has gone out of business because of this integration 
between AdX and [DFP]. [P]ublishers may want to use another ad server but they would end up 
giving up a chunk of revenue from AdX.  It turns out monopolies are pretty effective.”). 
By forcing Google’s publisher customers to use a product they would not necessarily 
have otherwise used, by making it difficult for rival publisher ad servers to compete on the 
merits, and by significantly reducing rivals’ market share, the tying of DFP to AdX has had a 
substantial anticompetitive effect in the publisher ad server market for open-web display 
advertising.  Accordingly, the AdX-DFP tie has violated both Section 1 and Section 2 of the 
Sherman Act. See Viamedia, 951 F.3d at 471–75; LePage’s Inc. v. 3M, 324 F.3d 141, 154–57, 
159–63 (3rd Cir. 2003) (en banc); Microsoft, 253 F.3d at 64–67, 78–80.   
3. Entrenching Monopoly Power with Anticompetitive Actions 
Google’s monopolies in the publisher ad server and ad exchange markets, enhanced by 
the AdX-DFP tie, have enabled Google to introduce a series of anticompetitive policies, 
practices, and technology changes to its sell-side ad tech tools that were not in its publisher 
customers’ best interests. These changes decreased product quality and harmed competition by 
further entrenching Google as the dominant company in open-web display advertising.  Google 
made these changes, despite customer complaints, by exploiting its durable monopoly power in 
the open-web display ad exchange and publisher ad server markets. The changes are fu rther 
98 ",text_layer_extracted,[]
memorandum-opinion:pdf:99,memorandum-opinion,99," 
  
  
    
     
     
     
 
 
   
   
  
 
 
     
 
 
   
 
  
  
   
   
Case 1:23-cv-00108-LMB-JFA Document 1410 Filed 04/17/25 Page 99 of 115 
PageID# 103779 
evidence that Google has engaged in “anticompetitive conduct,” Trinko, 540 U.S. at 407, by its 
“willful acquisition or maintenance of [monopoly] power.” Kodak, 504 U.S. at 481. 
The first of these anticompetitive policies was First Look, which required publishers 
using DFP to offer AdX a first right of refusal for each impression.  See Section V(D), supra 
(citing PTX551 at -048). First Look exacerbated the anticompetitive effect of the unlawful AdX-
DFP tie by artificially advantaging AdX within DFP’s auction logic at the expense of Google’s 
publisher customers.  See id.  If Google did not have monopoly power in the ad exchange or 
publisher ad server markets, then running a fundamentally unfair auction process to preference 
its own ad exchange over third-party ad exchanges might have been a permissible design choice. 
But Google’s use of its monopoly power to impose artificial technical limitations that made it 
harder for customers to do business with rivals, instead of competing on the merits by “making 
[its ad exchange] more attractive to customers,” constituted anticompetitive conduct.  Microsoft, 
253 F.3d at 65.  Moreover, Google’s “bundling of its [AdX and DFP] products . . . reinforced the 
exclusionary effect” of First Look.  LePage’s, 324 F.3d at 162.   
Google’s Last Look was another anticompetitive policy that entrenched Google’s 
monopoly power, disadvantaged Google’s publisher customers, and harmed the competitive 
process.  This DFP feature, which gave AdX the ability to see competing exchanges’ bids in an 
otherwise sealed auction before AdX would bid, harmed publishers, rival ad exchanges, and 
advertisers using non-Google ad buying technologies.  See Section V(G), supra. That is why 
three experts testified that Last Look was anticompetitive.  See Tr. Sept. 11 AM 120:23–121:21 
(Ravi) (Pls. Expert)) (testifying Last Look created inefficiencies, reduced publisher revenue, and 
reduced the amount of impressions non-Google exchanges were able to win); Tr. Sept. 18 AM 
39:4–14, 40:2–41:3 (Abrantes-Metz (Pls. Expert)) (testifying Last Look was exclusionary); Tr. 
99 ",text_layer_extracted,[]
memorandum-opinion:pdf:100,memorandum-opinion,100," 
 
   
 
  
       
     
   
 
 
 
   
 
  
   
    
  
 
 
 
  
  
  
 
  
  
 
Case 1:23-cv-00108-LMB-JFA Document 1410 Filed 04/17/25 Page 100 of 115 
PageID# 103780 
Sept. 20 PM 7:1–8 (Lee (Pls. Expert)) (testifying Last Look involved Google using its market 
power in the publisher ad server market to diminish the competitiveness of rivals in the ad 
exchange market). 
The anticompetitive effects of Last Look have been compounded by Google’s sell-side 
dynamic revenue share. See Section V(H), supra. By using the Last Look informational 
advantage to vary AdX fees and win impressions that it would have lost in a fair auction, Google 
has further enhanced AdX’s market power at the expense of rivals, thereby reducing competition 
and harming its publisher customers’ ability to diversify their revenue sources away from 
Google.  See id.29 
In an environment of increased regulatory and “competition concerns,” PTX816 at -161, 
Google eventually eliminated its Last Look advantage.  See Section V(J), supra. But in 
implementing Unified Pricing Rules, Google simultaneously took away publishers’ ability to set 
higher price floors on AdX than on third-party exchanges, which was a primary tool that 
publishers had used to maintain revenue diversity and to mitigate Google’s dominance of the ad 
exchange market. See id.  Publishers viewed Unified Pricing Rules as not in their best interests, 
but felt stuck using DFP given its tie to AdX.  See PTX1854 at 25:1–11, 36:5–37:20, 44:1–14, 
52:11–16; Tr. Sept. 10 AM 51:24–55:3, 109:23–110:16 (Layser (News Corp)).  Unified Pricing 
Rules is another example of Google exploiting its monopoly power and tying arrangement to 
29 Project Poirot also enhanced AdX’s market power by adjusting some of DV360’s bids in a way 
that preferenced AdX over third-party ad exchanges.  See Section V(I), supra. But Project Poirot 
occurred within DV360, a Google ad buying tool which is not within any of the relevant antitrust 
markets, and the evidence suggests that Project Poirot was a reasonable method for protecting 
Google’s advertiser customers from third-party ad exchanges that were running unfair auctions.  
See Tr. Sept. 11 PM 53:2–54:4 (Ravi (Pls. Expert)); Tr. Sept. 19 AM 137:14–138:5 (Bellack 
(Google)); Tr. Sept. 24 AM 115:16–25 (Milgrom (Def. Expert)).  Therefore, the Court does not 
consider Project Poirot as part of the anticompetitive conduct through which Google willfully 
acquired and maintained its monopoly power. 
100 ",text_layer_extracted,[]
memorandum-opinion:pdf:101,memorandum-opinion,101," 
 
  
    
   
    
      
     
  
 
  
  
  
   
  
 
  
 
   
Case 1:23-cv-00108-LMB-JFA Document 1410 Filed 04/17/25 Page 101 of 115 
PageID# 103781 
restrict its customers’ ability to deal with its rivals, thereby reducing its rivals’ scale, limiting 
their ability to compete, and further compounding the harm to customers.  Under these 
circumstances, Unified Pricing Rules constituted anticompetitive conduct because it involved 
Google using its coercive monopoly power to deprive its publisher customers of a choice that 
they had previously exercised to promote competition.  See New York ex rel. Schneiderman v. 
Actavis PLC, 787 F.3d 638, 652–54 (2d Cir. 2015); Lorain Journal, 342 U.S. at 154.  
4. Google’s Contention that Refusal to Deal Precedent Precludes Liability 
One of the primary legal defenses that Google has raised in this litigation is that its 
actions to build and shape an integrated ad tech infrastructure, including the tying of DFP to AdX 
and the subsequent use of that tie to preference Google products over rival products, cannot 
result in antitrust liability under the “refusal to deal” doctrine articulated by the Supreme Court 
in Verizon Communications, Inc. v. Law Offices of Curtis V . Trinko, LLP, 540 U.S. 398, 409 
(2004), and reaffirmed in Pacific Bell Telephone Co. v. LinkLine Communications, Inc., 555 
U.S. 438, 448 (2009).  In Trinko, the Supreme Court held that, “as a general matter, the Sherman 
Act ‘does not restrict the long recognized right of [a] trader or manufacturer engaged in an 
entirely private business, freely to exercise his own independent discretion as to parties with 
whom he will deal.’”  540 U.S. at 408 (quoting United States v. Colgate & Co., 250 U.S. 300, 
307 (1919)) (alteration in original).  The Court provided three reasons for this rule.  First, firms 
should be incentivized to “establish[] infrastructure that renders them uniquely suited to serve 
their customers,” even if doing so causes them to gain monopoly power.  Id. at 407.  Second, 
“[e]nforced sharing also requires antitrust courts to act as central planners, identifying the proper 
price, quantity, and other terms of dealing—a role for which they are ill suited.”  Id.  at 408.  
101 ",text_layer_extracted,[]
memorandum-opinion:pdf:102,memorandum-opinion,102," 
   
  
    
 
 
 
    
   
  
  
   
  
  
  
     
  
 
  
    
  
 
Case 1:23-cv-00108-LMB-JFA Document 1410 Filed 04/17/25 Page 102 of 115 
PageID# 103782 
Third, “compelling negotiation between competitors may facilitate the supreme evil of antitrust: 
collusion.” Id. 
The Supreme Court also recognized in Trinko that “the right to refuse to deal with other 
firms” is not “unqualified.” Id. (quoting Aspen Skiing, 472 U.S. at 601).  It identified Aspen 
Skiing as “[t]he leading case for § 2 liability based on refusal to cooperate with a rival,” id., and 
described how the evidence in that case supported the conclusion that the defendant forwent the 
“short-run benefits” of dealing with a rival “because it was more interested in reducing 
competition . . . over the long run by harming its smaller competitor.” Id. at 409 (quoting Aspen 
Skiing, 472 U.S. at 608). Yet the Trinko decision described Aspen Skiing as being “at or near the 
outer boundary of § 2 liability,” and warned that courts should exercise caution in recognizing 
exceptions to the general rule that firms have no obligation to deal with rivals.  Id. at 408–09.  
When it decided LinkLine four years later, the Supreme Court stated that “[a]s a general rule, 
businesses are free to choose the parties with whom they will deal, as well as the prices, terms, 
and conditions of that dealing,” although in doing so, the Court reacknowledged the “limited 
circumstances in which a firm’s unilateral refusal to deal with its rivals can give rise to antitrust 
liability.”  555 U.S. at 448 (citing Aspen Skiing, 472 U.S. at 608–11). In a recent Sherman Act 
Section 2 case, the Fourth Circuit identified an “important distinction” between Trinko and 
Aspen Skiing: Trinko involved assessing the defendant’s conduct in a regulated market, where 
courts should apply antitrust laws more cautiously given “the existence of a regulatory structure 
designed to deter and remedy anticompetitive harm,” whereas Aspen Skiing did not involve a 
regulated market.  Duke Energy, 111 F.4th at 363 (quoting Trinko, 540 U.S. at 412). 
The refusal to deal doctrine in Trinko does not apply to Google’s conduct at issue.  Courts 
have declined to “extend[] a refusal-to-deal-with-rivals analysis” to anticompetitive restraints 
102 ",text_layer_extracted,[]
memorandum-opinion:pdf:103,memorandum-opinion,103," 
  
    
 
   
     
    
     
     
     
   
   
   
 
 
 
  
 
   
   
   
 
Case 1:23-cv-00108-LMB-JFA Document 1410 Filed 04/17/25 Page 103 of 115 
PageID# 103783 
that a monopolist places on its customers, as opposed to its competitors.  Chase Mfg., 84 F.4th at 
1173; see also Kodak, 504 U.S. at 463 n.8; Lorain Journal, 342 U.S. at 152–53.  Courts have also 
“contrast[ed]” the “[r]efusal to deal doctrine” from “a monopolist’s more direct interference with 
rivals,” such as “limit[ing] the abilities of third parties to deal with rivals (exclusive dealing)” or 
“requir[ing] third parties to purchase a bundle of goods rather than just the ones they really want 
(tying).”  Novell, 731 F.3d at 1072, 1076.  Here, Google has engaged in tying that effectively has 
compelled its publisher customers to use DFP if they want to use AdX and receive real-time bids 
from AdWords advertisers.  See Section VI(C)(2), supra. This tying has had the anticompetitive 
effect of limiting Google’s publisher customers’ choice of publisher ad server for reasons other 
than competition on the merits.  See id.  Moreover, the tie increased Google’s scale, decreased 
rivals’ scale, caused some rivals to exit the publisher ad server market, and harmed competition, 
customers, and Internet users.  See id.  Although such tying, like other anticompetitive and 
restrictive conditions on customers, can be conceptualized as a “conditional refusal[] to deal,” 
that does not mean it should be assessed as a “simple refusal to deal” with rivals, which was the 
alleged harm in Trinko. Viamedia, 951 F.3d at 453.  Rather, as the Supreme Court reasoned in 
Kodak, even if the refusal to sell a product to rivals could “be characterized as a unilateral refusal 
to deal,” the sale of a tying product to “third parties” on the “condition that they buy” a tied 
product does not fit within the ambit of the refusal to deal exception to antitrust liability.  504 
U.S. at 463 n.8.  That is why a tying claim “does not fail as a matter of law simply because it was 
implemented by refusing to deal with an intermediary.” Viamedia, 951 F.3d at 472.   
Beyond the unsuitability of the refusal to deal doctrine to Google’s tying of DFP to AdX, 
two other aspects of Google’s conduct differ significantly from the conduct at issue in Trinko. 
Unlike in Trinko, Google’s ad tech business has not operated in a highly regulated industry in 
103 ",text_layer_extracted,[]
memorandum-opinion:pdf:104,memorandum-opinion,104," 
   
   
 
  
   
 
  
     
    
 
 
 
   
 
    
  
 
   
 
      
  
   
Case 1:23-cv-00108-LMB-JFA Document 1410 Filed 04/17/25 Page 104 of 115 
PageID# 103784 
which state and federal regulators require the leading firms to share access to capital-intensive 
infrastructure.  Cf. 540 U.S. at 402–04.  Rather, Google’s ad tech products operate in markets 
where there is no industry-specific “regulatory structure designed to deter and remedy 
anticompetitive harm” or otherwise “perform[] the antitrust function.” Id. at 412.  Moreover, 
like in Aspen Skiing but unlike in Trinko, Plaintiffs presented evidence that Google sacrificed 
“short-run benefits because it was more interested in reducing competition . . . over the long run 
by harming its smaller competitor[s].” Trinko, 540 U.S. at 409 (quoting Aspen Skiing, 472 U.S. 
at 608) (ellipses in original). For example, after acquiring Admeld, Google shut down its feature 
of providing real-time bids to third-party exchanges. See Section V(E), supra. Google’s decision 
to shut down this feature was consistent with the strategy to “pick[] up the [yield manager] with 
the most traction and park[] it somewhere.”  PTX58 at -800.  Google also refused to implement 
real-time bidding outside of its ad tech infrastructure despite its buy-side team emphasizing the 
benefits that doing so would have for its advertiser customers.  See Section VI(C)(2), supra. 
Given all these significant differences, the Court finds that the refusal to deal doctrine 
articulated in Trinko does not protect Google from antitrust liability in this civil action.  As 
established above, Google conducted anticompetitive tying to maintain its monopoly power, and 
thereafter engaged in a series of exclusionary acts that compounded harms to customers and 
competition in the two ad tech markets at issue. 
5. Google’s Contention that Its Conduct is Protected by Procompetitive Justifications 
Google also contends that the actions Plaintiffs have challenged were procompetitive 
product design choices made for valid business reasons, and therefore cannot serve as a basis for 
subjecting the firm to antitrust liability.  Specifically, Google claims that its challenged actions 
104 ",text_layer_extracted,[]
memorandum-opinion:pdf:105,memorandum-opinion,105," 
 
    
 
  
   
  
       
 
   
   
 
   
  
   
   
    
    
   
  
 
    
Case 1:23-cv-00108-LMB-JFA Document 1410 Filed 04/17/25 Page 105 of 115 
PageID# 103785 
improved safety and privacy, countered fraud, reduced latency, promoted investment, and 
decreased prices. 
A defendant shown to have engaged in exclusionary conduct to maintain a monopoly 
may avoid Section 2 liability by proving that the conduct was done for “valid business reasons.” 
Kodak, 504 U.S. at 483; see LePage’s, 324 F.3d at 163.  Accordingly, procompetitive rationales 
may justify “an otherwise per se illegal tying arrangement.”  Mozart Co. v. Mercedes-Benz of N. 
Am., Inc., 833 F.2d 1342, 1348 (9th Cir. 1987).  A court must assess the “validity and sufficiency 
of each claimed [procompetitive] justification.” Kodak, 504 U.S. at 483; see also Duke Energy, 
111 F.4th at 362, 365; Viamedia, 951 F.3d at 464; Microsoft, 253 F.3d at 66.  Because pretextual 
and unsubstantiated justifications are not “valid,” Kodak, 504 U.S. at 483; see Actavis, 787 F.3d 
at 658; McWane, 783 F.3d at 841–42, courts may give “greater weight to the contemporaneous 
statements contained in the company’s internal records, than [to] later trial testimony in which 
[its] employees declined to ratify those statements.” Google Search, 2024 WL 3647498, at *41 
n.2; see also United States v. U.S. Gypsum Co., 333 U.S. 364, 395–400 (1948).  In assessing 
whether proffered procompetitive justifications are “sufficient,” Kodak, 504 U.S. at 483, courts 
frequently “balance the restriction’s anticompetitive harms against its procompetitive benefits.” 
Epic Games, 67 F.4th at 994; see Alston, 594 U.S. at 96–97; Microsoft, 253 F.3d at 59, 66; FTC 
v. Qualcomm Inc., 969 F.3d 974, 991 (9th Cir. 2020). 
Google has failed to proffer a sufficient procompetitive justification for its AdX-DFP tie, 
as each procompetitive benefit it alleged was either invalid or significantly outweighed by the 
tie’s anticompetitive effects.  Google contends that the integration of its products across the ad 
tech stack, including the AdX-DFP tie, reduced spam, fraud, malware, latency, and other quality 
issues; however, Google documents show that the buy-side AdWords team, which was 
105 ",text_layer_extracted,[]
memorandum-opinion:pdf:106,memorandum-opinion,106," 
 
 
    
  
  
  
    
 
   
 
     
    
 
  
  
    
 
 
    
Case 1:23-cv-00108-LMB-JFA Document 1410 Filed 04/17/25 Page 106 of 115 
PageID# 103786 
responsible for ensuring its advertiser customers had their ads published without undue latency 
on high-quality websites that were not fraudulent, Tr. Sept. 13 AM 73:6–8 (LaSala (Google), 
internally advocated for AdWords to buy on most other ad exchanges because those exchanges 
had “acceptable levels” of spam and fraud, PTX199 at -240–41, that were “comparable” to the 
spam and fraud levels on AdX, PTX835 at -867.  See also Tr. Sept. 17 PM 24:1–20 (Jayaram 
(Google)). These other exchanges submitted real- time bids to third-party publisher ad servers, 
just as AdX would have if AdX and DFP were not tied.  And so Google’s buy-side team “d[id] 
not like the idea of AdWords being given a disadvantage compared to the other buyers in order to 
strengthen the publisher pitch (e.g. uphold the 20% margin [on AdX]).”  PTX198 at -703.  But 
the sell-side managers within Google shut down the plan to let AdWords bid on third-party 
exchanges for fear that it would undermine AdX and DFP’s dominance among publishers.  See 
PTX116 at -462–63.  Google therefore “artificially handicapp[ed] [its] buyside ([AdWords]) to 
boost [its] sellside (AdX).”  PTX110 at -009; see also PTX41 at -005–06 (stating bundling DFP, 
AdX, and AdWords was to obtain “access to [publisher] inventory” and to win “the most 
strategic battle [which wa]s about the publisher platform”); PTX183 at -717 (stating AdWords’ 
exclusivity on AdX was “purely [a] decision to hold back a set of advertisers ([AdWords] 
customers) in order to promote [AdX]”); Tr. Sept. 17 AM 21:3–16 (Jayaram (Google)).  Instead 
of reducing spam, fraud, and malware for its customers, the AdX-DFP tie “greatly weaken[ed] 
[AdWords’] position in the market,” PTX110 at -009, to entrench AdX as the dominant ad 
exchange and DFP as the dominant publisher ad server.  See DTX85 at -539 (documenting 
internal Google projection that permitting AdWords to bid on rival exchanges would cause “AdX 
[to] lose 20% to 30% of its publishers” and “DFP [to] lose 20% of its publishers”). 
106 ",text_layer_extracted,[]
memorandum-opinion:pdf:107,memorandum-opinion,107," 
   
   
   
 
 
    
   
  
 
    
  
   
  
 
  
 
   
   
  
     
  
 
Case 1:23-cv-00108-LMB-JFA Document 1410 Filed 04/17/25 Page 107 of 115 
PageID# 103787 
Nor were any security or quality concerns on the sell-side sufficient to justify the AdX-
DFP tie.  Numerous industry participants and customers testified that Google did not have lower 
levels of spam, fraud, or malware than other reputable ad tech providers.  See Tr. Sept. 9 AM 
157:1–9 (Casale (Index Exchange)) (stating header bidding posed no greater risk of fraud or 
malware than bidding within Google’s ad tech stack); Tr. Sept. 10 AM 46:13–47:13 (Layser 
(News Corp)) (stating AdX was not better than other ad exchanges at preventing fraud, malware, 
or spam, and that publishers used third-party software to mitigate malware and spam); Tr. Sept. 
10 AM 153:23–154:16 (Friedman (Goodway Group)) (stating all large ad exchanges provide 
“similar quality inventory to . . . any of the other ones”); Tr. Sept. 27 AM 74:5–75:1 (Wheatland 
(Daily Mail)).  This evidence, therefore, showed that the proffered spam, fraud, latency, and 
other quality justifications of the AdX-DFP tie were either pretextual or, at best, incidental to the 
primary purpose of the tie, which was to acquire and maintain market power in the open-web ad 
exchange and publisher ad server markets.  To the extent these quality justifications have any 
validity, they were significantly outweighed by the anticompetitive effect of the AdX-DFP tie, 
through which Google has driven nearly all competitors out of the publisher ad server market 
and secured a durable market share of over 90%. 
Google’s procompetitive justifications for the actions it took to entrench its monopoly 
power and strengthen the AdX-DFP tie similarly fall short. Google claims that First Look and 
Last Look increased revenue for Google’s publisher customers and gave advertisers more 
opportunities to bid on inventory.  Some aspects of “Dynamic Allocation,” such as the addition 
of AdX as a new source of advertiser demand to publisher customers and the “process that 
allow[ed] AdX to provide real-time bids,” did increase publishers’ revenue substantially.  Tr. 
Sept. 18 AM 53:3–54:12 (Abrantes-Metz (Pls. Expert)); see also Tr. Sept. 24 AM 58:14–62:5 
107 ",text_layer_extracted,[]
memorandum-opinion:pdf:108,memorandum-opinion,108," 
     
      
 
   
 
      
  
 
  
  
 
   
       
   
  
    
 
 
    
   
     
Case 1:23-cv-00108-LMB-JFA Document 1410 Filed 04/17/25 Page 108 of 115 
PageID# 103788 
(Milgrom (Def. Expert)) (citing DTX117 at -415 and DTX80 at -322).  But Plaintiffs have not 
argued that these aspects of Dynamic Allocation were anticompetitive. See Tr. Sept. 18 AM 
53:3–54:12 (Abrantes-Metz (Pls. Expert)).  Rather, the anticompetitive aspect of Dynamic 
Allocation was First Look, i.e., Google’s preferencing AdX over non-Google ad exchanges 
within DFP, which resulted in less revenue for publishers, fewer impressions going to the 
advertisers who were willing to pay the most for them, enhanced AdX market power, and 
reduced competition in the ad exchange market.  See Sections V(D) and VI(C)(3), supra; see also 
Tr. Sept. 11 PM 71:18–23 (Ravi (Pls. Expert)) (“[T]he advertiser willing to pay the highest price 
may not get [an impression] as a result of first look.”); Tr. Sept. 16 PM 135:16–139:1 (Abrantes-
Metz (Pls. Expert)) (describing how First Look was exclusionary and harmed publishers).  
Last Look, which was implemented after Google had established dominance in the ad 
exchange and publisher ad server markets, similarly did not provide publishers with as much 
revenue as they would have received in a fair auction.  The advantage that Last Look provided to 
AdX enabled AdX to win auctions despite offering less than its advertisers were willing to pay.  
See Section V(G), supra (citing Tr. Sept. 12 PM 101:13–23 (Goel (PubMatic))). For example, if 
an AdX advertiser was willing to bid $1.50 CPM for an impression but non-AdX advertisers 
were only offering $1.00 CPM, then in a fair auction, AdX would win the auction and pay the 
publisher $1.50 CPM.  See id.  But because Last Look let AdX “open the envelope for the 
[highest] bid [among the non-AdX advertisers], know what the winning bid [wa]s, and be able 
. . . to bid after everybody else,” AdX could bid $1.01 CPM and still win the auction, resulting in 
the publisher receiving $0.49 CPM less than it would have in a fair auction. Tr. Sept. 18 AM 
37:7–38:1 (Abrantes-Metz (Pls. Expert)). This advantage, which Google was only able to 
implement because of AdX and DFP’s market power, reduced publisher revenue, decreased 
108 ",text_layer_extracted,[]
memorandum-opinion:pdf:109,memorandum-opinion,109," 
     
 
  
 
 
      
   
   
  
 
  
  
    
    
    
    
 
 
       
 
 
Case 1:23-cv-00108-LMB-JFA Document 1410 Filed 04/17/25 Page 109 of 115 
PageID# 103789 
rivals’ scale, dampened ad exchange price competition, and further entrenched Google’s market 
power in the two adjacent product markets.  See PTX438 at -478; PTX1709 at -934; Sept. 18 
AM 39:4–41:3 (Abrantes-Metz (Pls. Expert)).  
Google contends that Last Look was procompetitive because publishers using header 
bidding could choose not to request a bid from AdX, and so they would only activate Last Look 
if doing so increased their revenue.  See Tr. Sept. 24 AM 74:18–25 (Milgrom (Def. Expert)).  But 
given AdX’s monopoly power in the ad exchange market, this offer was a “Hobson’s choice;” it 
was not financially viable for large publishers to forgo using AdX and the access it offered to the 
unique advertising demand from AdWords.  Viamedia, 951 F.3d at 435.  Google therefore did not 
establish any valid and sufficient procompetitive justifications for Last Look. 
The exclusionary nature of sell-side dynamic revenue share similarly cannot be shielded 
by the proffered procompetitive justifications.  Google argues that sell-side dynamic revenue 
share helped create matches for impressions that would not have sold to any advertisers without 
it. See DTX212 at -484.  But the primary purpose of sell-side dynamic revenue share was to 
outbid rival exchanges by using AdX’s anticompetitive Last Look advantage.  See Sections V(H) 
and VI(C)(3), supra. That is why a Google engineer stated that sell-side dynamic revenue share 
was “just yet another way for AdX to exploit the last look advantage,” and observed that “AdX 
gets to pay high and win whenever AppNexus [another ad exchange] is present with a high CPM, 
and can pay low when AppNexus bids low.  AppNexus in contrast can’t reliably save money on 
queries where AdX bids low, because it doesn’t know AdX bids.” PTX542 at -335.  Therefore, 
just as with Last Look, Google’s proffered procompetitive justification for sell-side dynamic 
revenue share was pretextual. 
109 ",text_layer_extracted,[]
memorandum-opinion:pdf:110,memorandum-opinion,110," 
 
 
  
  
 
 
  
   
 
 
 
  
 
 
 
 
     
 
      
 
   
 
Case 1:23-cv-00108-LMB-JFA Document 1410 Filed 04/17/25 Page 110 of 115 
PageID# 103790 
Google contends that its Unified Pricing Rules established a level playing field for 
advertisers, simplified the ad tech bidding landscape for publishers, improved matches, and 
increased publisher revenue.  Google knew that publishers were “rational[] when they decide to 
diversify their source[s] of revenue[]” by setting higher price floors for bids coming through 
AdX than for bids coming through other ad exchanges, because doing so “help[ed] them to keep 
Google at bay and put pressure on [Google] (similar to any industry).”  PTX469 at -512.  Google 
also knew that some publishers set higher price floors on AdX to “protect” their businesses, as 
they had “the perception that undesirable ads on AdX (primarily from AdWords unclassified 
advertisers) [were] correlated with low” revenue and posed quality issues.  PTX609 at -146; see 
also PTX611 at -802; PTX715 at -429-001; Tr. Sept. 10 AM 49:25–50:3, 119:9–21 (Layser 
(News Corp)) (stating that setting higher floors on AdX resulted in higher quality ads).  
Nevertheless, Google imposed Unified Pricing Rules—which prohibited publishers using DFP 
from setting higher price floors for bids coming through AdX— at the request of the “Ad[X] 
team,” who wanted to use the termination of Last Look “as an opportunity to significantly limit 
the ability of publishers to set floor prices per buyers.”  PTX762 at -291; see Section V(J), supra. 
This is strong evidence that Google implemented Unified Pricing Rules to enhance the AdX-DFP 
tie, and not for its proffered justifications of helping its publisher customers simplify their 
decision-making, receive better matches, and increase revenue. Moreover, despite its name, 
Unified Pricing Rules did not stop publishers from setting higher price floors for third-party 
exchanges than for AdX. See Tr. Sept. 10 AM 60:7–14 (Layser (News Corp)); Tr. Sept. 18 AM 
149:1–8 (Wheatland (Daily Mail)); Tr. Sept. 23 AM 157:8–158:20 (Korula (Google)).  Unified 
Pricing Rules was thus targeted at enhancing AdX’s control over DFP publishers’ revenue 
streams, as opposed to simplifying publishers’ decision-making.  That is why Google’s publisher 
110 ",text_layer_extracted,[]
memorandum-opinion:pdf:111,memorandum-opinion,111," 
 
 
    
 
     
  
  
 
 
  
 
  
   
 
   
   
 
 
  
 
  
  
Case 1:23-cv-00108-LMB-JFA Document 1410 Filed 04/17/25 Page 111 of 115 
PageID# 103791 
customers concluded that Unified Pricing Rules was not in their best interest and challenged its 
implementation. See PTX751 at -120–24; PTX1854 at 25:1–11, 55:1–13; Tr. Sept. 10 AM 
50:17–52:7 (Layser (News Corp)). 
In addition to proffering procompetitive justifications for individual product and policy 
changes, Google makes the overarching argument that all of these changes are shielded from 
antitrust liability because they involved product design choices.  See Allied Orthopedic 
Appliances Inc. v. Tyco Health Care Grp. LP, 592 F.3d 991, 998–99 (9th Cir. 2010) (“Design 
change that improves a product by providing a new benefit to consumers does not violate Section 
2 absent some associated anticompetitive conduct.”); Microsoft, 253 F.3d at 65 (“As a general 
rule, courts are properly very skeptical about claims that competition has been harmed by a 
dominant firm’s product design changes.”).  Google’s decade-long campaign of exclusionary 
conduct, however, is not properly characterized as a series of product design choices.  As the 
Fourth Circuit made clear in Duke Energy, courts must avoid unduly divvying up a “complex or 
atypical exclusionary campaign” into “manufactured subcategories” and justify the actions using 
“specific conduct tests.” 111 F.4th at 354–55; see also Alston, 594 U.S. at 101 (stating a 
defendant is not permitted to “relabel a restraint [on trade] as a product feature and declare it 
immune from” antitrust scrutiny).  It would not be accurate to classify the tying of two separate 
products, or the subsequent decisions that Google made to manipulate auction rules and restrict 
customer choice in markets in which the firm had monopoly power, as mere choices of product 
design.  What is more, “[j]udicial deference to product innovation . . . does not mean that a 
monopolist’s product design decisions are per se lawful.”  Microsoft, 253 F.3d at 65.  Indeed, 
“product redesign is anticompetitive when it coerces consumers and impedes competition,” 
which Google’s actions did here.  Actavis, 787 F.3d at 652; accord Allied Orthopedic Appliances, 
111 ",text_layer_extracted,[]
memorandum-opinion:pdf:112,memorandum-opinion,112," 
 
  
  
  
 
   
   
 
 
     
  
 
 
 
 
   
 
   
  
  
   
Case 1:23-cv-00108-LMB-JFA Document 1410 Filed 04/17/25 Page 112 of 115 
PageID# 103792 
592 F.3d at 998.  The AdX-DFP tie, for example, “ha[d] the effect of significantly reducing usage 
of rivals’ products” (i.e., publisher ad servers) by “discouraging,” “deterring,” and “preventing” 
publisher customers from using alternatives to DFP.  Microsoft, 253 F.3d at 65–66; see also In re 
Keurig Green Mountain Single-Serve Coffee Antitrust Litig., 383 F. Supp. 3d 187, 230 (S.D.N.Y . 
2019) (holding that product design combined with “associated conduct,” including “tying 
agreements” and “product disparagement,” can be exclusionary because its “overall effect” is “to 
coerce consumers to purchase [the defendant’s product] over [competitors’ products], rather than 
to compete on the merits”). 
In sum, Plaintiffs have shown that Google engaged in “willful acquisition or maintenance 
of [its monopoly] power as distinguished from growth or development as a consequence of a 
superior product, business acumen, or historic accident” by tying DFP to AdX and committing a 
series of exclusionary and anticompetitive acts to entrench its monopoly power in two adjacent 
product markets.  Kodak, 504 U.S. at 481 (quoting Grinnell, 384 U.S. at 570–71).  The 
procompetitive justifications that Google proffers for its anticompetitive conduct are both invalid 
and insufficient, and any procompetitive benefits of this conduct were far outweighed by its 
anticompetitive effects. Therefore, Googl e cannot evade liability under Sections 1 and 2 of the 
Sherman Act. 
VII. Plaintiffs’ Request for Sanctions 
Plaintiffs have alleged that Google should be sanctioned under Federal Rule of Civil 
Procedure 37(e) because it failed to take reasonable steps to preserve internal communications, 
resulting in the systemic spoilation of potentially relevant evidence.  Specifically, Plaintiffs ask 
the Court to infer that deleted internal communications were unfavorable to Google on factual 
issues that were in dispute in this litigation, including market definition, monopoly power, 
112 ",text_layer_extracted,[]
memorandum-opinion:pdf:113,memorandum-opinion,113," 
 
 
   
  
 
  
   
 
  
 
  
   
  
 
 
   
 
    
 
 
 
   
Case 1:23-cv-00108-LMB-JFA Document 1410 Filed 04/17/25 Page 113 of 115 
PageID# 103793 
Google’s intent, the anticompetitive nature of Google’s conduct, and the harm Google’s conduct 
caused to its competitors and customers.  See Fed. R. Civ. P. 37(e)(2)(A) (stating that, in certain 
circumstances, a court may presume that electronically stored information lost by a party was 
unfavorable to that party). 
Google’s internal messaging application deleted records of chats between employees 
unless an employee explicitly turned on “chat history,” and the application’s user interface made 
it difficult for employees to turn on chat history for every conversation they had.  See Tr. Sept. 11 
AM 33:1–12, 88:13–89:17 (Bender (Google)); Tr. Sept. 13 AM 121:23–124:3 (LaSala (Google)).  
Chat deletions occurred when employees discussed substantive topics at issue in this litigation 
and continued after the federal government began an antitrust investigation into Google’s 
conduct.  See, e.g., Tr. Sept. 17 AM 103:11–20 (Jayaram (Google)).  Cf. Gerlich v. U.S. Dep’t of 
Justice, 711 F.3d 161, 171 (D.C. Cir. 2013) (holding that the “duty of preservation” was 
“triggered . . . by a reasonably foreseeable Department [of Justice] investigation”).  Some 
employees who received litigation holds failed to turn on their chat history despite being 
instructed to, resulting in their communications being deleted.  See Tr. Sept. 13 AM 131:24– 
133:19 (LaSala (Google)) (discussing PTX992, in which a Google executive under a litigation 
hold agreed with his subordinate that a topic was “too sensitive for email” and thus should be 
discussed via auto-deleted chats).  Indeed, Google employees regularly used this “off the record” 
chat functionality, PTX1777 at 14, for discussions of “legally sensitive” topics that they did not 
want to be preserved, PTX1033 at -656.  See also PTX851 at -549; Tr. Sept. 11 AM 33:1–12, 
88:13–89:17 (Bender (Google)). 
Google employees and executives also misused the attorney-client privilege.  For 
example, Kent Walker, an attorney who served as Google’s President of Global Affairs and 
113 ",text_layer_extracted,[]
memorandum-opinion:pdf:114,memorandum-opinion,114," 
 
   
      
  
   
  
  
 
 
  
   
 
    
  
 
 
 
   
     
  
 
   
Case 1:23-cv-00108-LMB-JFA Document 1410 Filed 04/17/25 Page 114 of 115 
PageID# 103794 
oversaw the company’s legal team, marked an email in which he asked his colleagues for 
reactions to a New York Times article as “privileged.”  PTX864 at -424; see Tr. Sept. 13 AM 
76:23–77:16 (LaSala (Google)).  Other Google executives and employees routinely labeled 
emails as attorney-client privileged even though the emails clearly did not involve privileged 
communications.  See, e.g., PTX864 at -422–25; PTX884 at -249; PTX997 at -389; Tr. Sept. 12 
AM 151:2–152:16 (Srinivasan (Google)); Tr. Sept. 13 AM 71:18–72:2, 76:23–78:13 (LaSala 
(Google)); Tr. Sept. 19 AM 128:10–129:7, 129:17–130:22 (Bellack (Google)) (discussing 
PTX719 and PTX1507). 
Google’s systemic disregard of the evidentiary rules regarding spoliation of evidence and 
its misuse of the attorney-client privilege may well be sanctionable.  But because the Court has 
found Google liable under Sections 1 and 2 of the Sherman Act based on trial testimony and 
admitted evidence, including those Google documents that were preserved, it need not adopt an 
adverse inference or otherwise sanction Google for spoilation at this juncture.  As in Google 
Search, the Court’s decision not to sanction “should not be understood as condoning Google’s 
failure to preserve chat evidence.”  2024 WL 3647498, at *134.  
VIII.  Conclusion 
Plaintiffs have proven that Google has willfully engaged in a series of anticompetitive 
acts to acquire and maintain monopoly power in the publisher ad server and ad exchange markets 
for open-web display advertising.  For over a decade, Google has tied its publisher ad server and 
ad exchange together through contractual policies and technological integration, which enabled 
the company to establish and protect its monopoly power in these two markets.  Google further 
entrenched its monopoly power by imposing anticompetitive policies on its customers and 
eliminating desirable product features.  In addition to depriving rivals of the ability to compete, 
114 ",text_layer_extracted,[]
memorandum-opinion:pdf:115,memorandum-opinion,115," 
   
 
 
 
 
Case 1:23-cv-00108-LMB-JFA Document 1410 Filed 04/17/25 Page 115 of 115 
PageID# 103795 
this exclusionary conduct substantially harmed Google’s publisher customers, the competitive 
process, and, ultimately, consumers of information on the open web. Accordingly, Google is 
liable under Sections 1 and 2 of the Sherman Act. 
For the foregoing reasons, by an Order to be issued with this Memorandum Opinion, 
Count III (monopolization of the advertiser ad network market) will be dismissed, and the parties 
will be ordered to submit a joint proposed schedule for briefing and arguing their positions as to 
the remedies that should be imposed in light of Google have been found liable for 
monopolization of the publisher ad server market (Count I), monopolization of the ad exchange 
market (Count II), and unlawful tying of AdX and DFP (Count IV). 
Entered this 17th day of April, 2025. 
Alexandria, Virginia 
115 ",text_layer_extracted,[]
rowley-deposition:pdf:1,rowley-deposition,1," 
 
  
   
    
   
 
   
   
   
 
 
  
   
  
Rowley 
D E S I G N A T I O N S O U R C E D U R A T I O N 
8:16 - 8:24 Rowley,  Bryan  2021-07-22-Revised 00:00:19 
8
:16 
8:17 
8:18 
8:19 
8:20 
8:21 
8:22 
8:23 
8:24 
So  Mr.  Rowley,  could you 
please  start by spelling your  full  name 
for  the  record? 
A
. Just first and last or would 
you like a middle? 
Q
. Full name with middle. 
A
. All right. It's Bryan Dyer 
Rowley; B-R-Y-A-N, D-Y-E-R, R-O-W-L-E-Y. 
Q
. Thank you. 
1
9:14 - 19:19 Rowley, Bryan 2021-07-22-Revised 00:00:11 
19:14 
19:15 
19:16 
19:17 
19:18 
19:19 
Q. You  started to  work  at Google 
in June  2011? 
A
. Correct. 
Q. And your  title  was  strategic 
partner  lead? 
A. Yes. 
2
0:07 - 20:18 Rowley, Bryan 2021-07-22-Revised 00:00:28 
20:07 
20:08 
20:09 
20:10 
20:11 
20:12 
20:13 
20:14 
20:15 
20:16 
20:17 
20:18 
Q. What were  your 
responsibilities  as  strategic  partner 
lead? 
A. I  was  client facing, 
interfacing with  a book  of  business  that 
largely reflected the  news  publishers. 
Q. So  when you  say ""client 
facing, ""  you  were  generally facing --
interfacing with  publishers;  is  that 
correct? 
A. Yes;  a designated set of 
publishers. 
2
0:19 - 20:25 Rowley, Bryan 2021-07-22-Revised 00:00:18 
21:02 - 21:09 Rowley, Bryan 2021-07-22-Revised 00:00:23 
20:19 
20:20 
20:21 
20:22 
20:23 
20:24 
20:25 
Q. And what were  your 
responsibilities  with  respect to  those 
publishers? 
A
. The primary responsibilities 
were selling ad products. 
Q. And by ""ad products, "" do you 
mean advertising technology products? 
1 / 13 ",text_layer_extracted,[]
rowley-deposition:pdf:2,rowley-deposition,2,"              
  
   
   
   
   
  
  
   
 
    
  
  
Rowley 
D E S I G N A T I O N S O U R C E D U R A T I O N 
21:02 
21:03 
21:04 
21:05 
21:06 
21:07 
21:08 
21:09 
A . I do, yes. 
Q
. What were some of the 
products that you sold to them? 
A. DFP  and AdX  were  the  primary 
two.   There  was  another  product that I 
know  was  in the  book  that Google  has  since 
deprecated,  which  I  don't recall  the  name 
of. 
2
2:03 - 22:10 Rowley, Bryan 2021-07-22-Revised 00:00:26 
26:25 - 27:12 Rowley, Bryan 2021-07-22-Revised 00:00:32 
22:03 
22:04 
22:05 
22:06 
22:07 
22:08 
22:09 
22:10 
26:25 
27:01 
27:02 
27:03 
27:04 
27:05 
27:06 
27:07 
27:08 
27:09 
27:10 
27:11 
27:12 
Q. So  within this  position,  whom 
did you  report to? 
A
. Aidan Booth. 
Q. Any others? 
A. So  there  was  a transition 
where  Aidan moved on and I  began reporting 
to  Chris  LaSala.   I  don't remember  when 
that was. 
Q. In March  2017,  you  became 
BRYAN  ROWLEY  - HIGHLY  CONFIDENTIAL 
head of  global  strategy and 
commercialization,  programmatic  indirect 
and ad serving;  is  that right? 
A. Yes. Correct. 
Q. Was  that a promotion from 
your  previous  position? 
A. Yeah, that was a promotion. 
Q. What does  ""programmatic"" 
mean? 
A. Programmatic,  I  would say,  is 
synonymous  with  realtime  bidding. 
2
7:14 - 28:03 Rowley, Bryan 2021-07-22-Revised 00:00:42 
27:14 
27:15 
27:16 
27:17 
27:18 
27:19 
27:20 
27:21 
And what does ""indirect"" 
mean? 
A. That would mean indirect 
demand from  a publisher's  perspective; 
advertiser  dollars  flowing to  a publisher 
that they did not directly negotiate. 
Q
. And is there a type of direct 
demand from a publisher's perspective? 
2 / 13 ",text_layer_extracted,[]
rowley-deposition:pdf:3,rowley-deposition,3,"              
  
  
   
    
  
   
   
 
   
     
 
   
   
   
  
   
 
   
    
   
 
  
 
   
  
Rowley 
D E S I G N A T I O N S O U R C E D U R A T I O N 
27:22 
27:23 
27:24 
27:25 
28:01 
28:02 
28:03 
A . Yes. 
Q
. And how would you describe 
direct demand? 
A. A publisher negotiating 
BRYAN ROWLEY - HIGHLY CONFIDENTIAL 
directly with advertisers or agencies to 
serve demand on their site. 
28:10 - 28:15 Rowley, Bryan 2021-07-22-Revised 00:00:17 
28:10 
28:11 
28:12 
28:13 
28:14 
28:15 
Q. And in this role, whom did 
you report to? 
A. I believe at this point Chris 
LaSala was my boss. I don't have a 
hundred percent certainty of when the 
switch took place between Aidan and Chris. 
31:10 - 31:14 Rowley, Bryan 2021-07-22-Revised 00:00:11 
31:10 
31:11 
31:12 
31:13 
31:14 
Q. In July 2018, you became head 
of global strategy and commercialization, 
Ad Manager and authorized buyer; is that 
right? 
A
. That's correct. 
4
0:09 - 40:25 Rowley, Bryan 2021-07-22-Revised 00:00:49 
40:09 
40:10 
40:11 
40:12 
40:13 
40:14 
40:15 
40:16 
40:17 
40:18 
40:19 
40:20 
40:21 
40:22 
40:23 
40:24 
40:25 
Q. And when -- when you're 
identifying that competitor  to  AdX,  for 
example,  how  would you  go  about 
identifying that competitor? 
A. In order  to  identify a 
competitor,  it would require  us  to  look 
at,  you  know,  the  entire  ecosystem  again 
of  -- including demand and supply and how 
that flowed within the  digital 
marketplace. 
Q
. Demand and supply of 
impressions? 
A. Of -- well, I guess demand 
and supply as it relates to monetization 
of ad impressions. 
Q. And who would you say are 
AdX's competitors? 
41:02 - 41:18 Rowley, Bryan 2021-07-22-Revised 00:00:54 
3 / 13 ",text_layer_extracted,[]
rowley-deposition:pdf:4,rowley-deposition,4,"              
 
  
   
  
  
   
  
    
    
   
   
 
 
   
   
  
    
    
  
     
  
Rowley 
D E S I G N A T I O N S O U R C E D U R A T I O N 
41:02 
41:03 
41:04 
41:05 
41:06 
41:07 
41:08 
41:09 
41:10 
41:11 
41:12 
41:13 
41:14 
41:15 
41:16 
41:17 
41:18 
A . AdX's competitors? 
Q. Yes. 
A. The  most direct set would be 
Rubicon,  which  I  know  has  changed their 
name,  but I  don't -- actually,  it's 
Magnite  now;  Index  Exchange.   You  know, 
those  are  sort of  the  immediate  two 
exchange  names  that pop into  my head. 
But then as  I  said,  we  have 
to  look  at the  demand to  the  supply.   So 
that would be,  you  know,  the  Facebooks  of 
the  world,  the  Amazons  of  the  world;  any 
large  demand source  or,  you  know,  anyone 
else  who  is  looking to  buy or  execute 
programmatic  buying. 
Q
. And what do you mean by 
""demand source""? 
41:19 - 41:24 Rowley, Bryan 2021-07-22-Revised 00:00:24 
41:25 - 42:03 Rowley, Bryan 2021-07-22-Revised 00:00:11 
42:04 - 42:05 Rowley, Bryan 2021-07-22-Revised 00:00:03 
42:06 - 42:21 Rowley, Bryan 2021-07-22-Revised 00:00:58 
41:19 
41:20 
41:21 
41:22 
41:23 
41:24 
A. Those companies, agencies, 
advertisers, digital technology platforms 
that bring demand to the digital ecosystem 
that we are discussing. 
Q. Do you see those demand 
sources as competitors to AdX? 
41:25 
42:01 
42:02 
42:03 
A. I  see  them  as  integral  in the 
BRYAN  ROWLEY  - HIGHLY  CONFIDENTIAL 
overall  ecosystem  and how  AdX  is  able  to 
function and bring solutions  to  partners. 
4
2:04 
42:05 
Q. Are they direct competitors 
to AdX? 
42:06 
42:07 
42:08 
42:09 
42:10 
42:11 
A
. No, not all of them. 
Q
. When you say ""not all of 
them, "" are there any that you would 
consider as direct competitors to AdX? 
A. So that would get into the 
Magnites, the Index Exchanges, you know, 
4 / 13 ",text_layer_extracted,[]
rowley-deposition:pdf:5,rowley-deposition,5,"              
     
      
 
   
    
 
   
 
   
   
  
    
   
   
 
   
  
   
  
   
    
  
   
      
     
   
   
  
  
   
   
  
   
      
   
  
  
Rowley 
D E S I G N A T I O N S O U R C E D U R A T I O N 
42:12 
42:13 
42:14 
42:15 
42:16 
42:17 
42:18 
42:19 
42:20 
42:21 
would also be, you know, FreeWheel or 
MoPub, InMobi; you know, anyone that's in 
that technological monetization space. 
Q
. Okay. 
W
ith respect to DFP , who 
would you consider to be DFP's 
competitors? 
A. The most direct competitors 
would be AppNexus, OpenX, FreeWheel, 
MoPub -- from an ad serving standpoint. 
42:22 - 43:07 Rowley, Bryan 2021-07-22-Revised 00:00:38 
42:22 
42:23 
42:24 
42:25 
43:01 
43:02 
43:03 
43:04 
43:05 
43:06 
43:07 
Q. Does DFP have functions 
outside of ad serving? 
A. So DFP at the time when that 
was a standalone product was only an ad 
BRYAN ROWLEY - HIGHLY CONFIDENTIAL 
server. 
Q
. Has that changed? 
A
. DFP and AdX have combined and 
they are now called Ad Manager. 
Q
. Is that known as GAM, G-A-M? 
A. Google Ad Manager, yes. 
8
0:18 - 80:23 Rowley, Bryan 2021-07-22-Revised 00:00:17 
80:24 - 81:08 Rowley, Bryan 2021-07-22-Revised 00:00:26 
80:18 
80:19 
80:20 
80:21 
80:22 
80:23 
80:24 
80:25 
81:01 
81:02 
81:03 
81:04 
81:05 
81:06 
81:07 
81:08 
Q. Are there benefits to Google 
from owning the tag? 
A. Yeah. I mean that -- that is 
the business. That means you are -- it 
means you've got a new client if you get 
somebody to put your tag on the page. 
Q. In your experience, do 
publishers only put one tag on a page? 
BRYAN ROWLEY - HIGHLY CONFIDENTIAL 
A. No; many don't. Many choose 
to put more than one. 
Q. Can you think of an example 
of a publisher who puts more than one tag 
on a page? 
A. Anyone who uses Outbrain or 
Taboola to monetize inventory. 
5 / 13 ",text_layer_extracted,[]
rowley-deposition:pdf:6,rowley-deposition,6,"              
   
   
   
   
   
 
   
  
   
 
   
    
     
 
  
    
    
  
   
 
   
  
  
     
  
   
  
    
   
  
   
     
  
Rowley 
D E S I G N A T I O N S O U R C E D U R A T I O N 
105:02 - 105:10 Rowley, Bryan 2021-07-22-Revised 00:00:27 
105:02 Q. Has Google ever limited what 
AdWords spend goes to non-Google 
exchanges? 
105:03 
105:04 
105:05 A. There was a period of time 
where AdWords spend did not monetize -- or 
did not monetize inventory from 
third-party exchanges. But I don't know 
beyond that what you mean by the term 
""limited. "" 
105:06 
105:07 
105:08 
105:09 
105:10 
105:16 - 106:02 Rowley, Bryan 2021-07-22-Revised 00:00:38 
105:16 
105:17 
105:18 
105:19 
105:20 
105:21 
105:22 
105:23 
105:24 
105:25 
106:01 
106:02 
Q. And at what point in time did 
AdWords spend not go to third-party 
exchanges? 
A. I don't recall the date of 
the change. I don't even recall which 
year it was. 
Q. So at some point in time, 
only Google exchanges or Google products 
had access to AdWords spend, right? 
A. Yeah. At a point in time; 
BRYAN ROWLEY - HIGHLY CONFIDENTIAL 
that's correct. 
108:18 - 109:03 Rowley, Bryan 2021-07-22-Revised 00:00:32 
108:18 
108:19 
108:20 
108:21 
108:22 
108:23 
108:24 
108:25 
109:01 
109:02 
109:03 
Q. When you joined Google, was 
AdWords demand only available on Google 
products? 
A
. Yes. 
Q
. And did that fact benefit 
AdX? 
A. Yeah. I think that was a 
selling point. When demand can only be 
BRYAN ROWLEY - HIGHLY CONFIDENTIAL 
found through certain sources, it compels 
publishers to work with that product. 
111:20 - 111:23 Rowley, Bryan 2021-07-22-Revised 00:00:11 
111:20 
Q
. Did you work on AWBid? 
1
11:21 A. I did not work on it, like, 
the product of it, but I had to explain 111:22 
6 / 13 ",text_layer_extracted,[]
rowley-deposition:pdf:7,rowley-deposition,7,"              
   
   
 
   
  
  
   
     
  
   
  
 
  
  
    
     
    
    
  
   
   
    
 
   
      
      
     
  
   
   
  
Rowley 
D E S I G N A T I O N S O U R C E D U R A T I O N 
111:23 w hat it was. 
1
12:17 - 112:19 Rowley, Bryan 2021-07-22-Revised 00:00:07 
112:24 - 112:25 Rowley, Bryan 2021-07-22-Revised 00:00:06 
113:02 - 113:20 Rowley, Bryan 2021-07-22-Revised 00:00:50 
112:17 Q
. When did AWBid start? 
1
12:18 A. Again, I don't remember when 
it was rolled out. 112:19 
112:24 Q. Within Google, did you hear 
anyone argue against AWBid? 112:25 
113:02 
113:03 
113:04 
113:05 
113:06 
113:07 
113:08 
113:09 
113:10 
113:11 
113:12 
113:13 
113:14 
113:15 
113:16 
113:17 
113:18 
113:19 
113:20 
A. Yeah. There were folks on 
the sell side. 
Q
. Do you recall who? 
A. Not by specific name, no. 
Q
. Why did they argue against 
it? 
A. Touching on one of my 
previous answers, it -- it addressed one 
of the selling points that AdX had on the 
market. 
Q. And that selling point was 
the only exchange with access to AdWords 
demand? 
A. Yeah. The fact that AdX had 
access to AdWords demand, correct. 
Q. And other exchanges did not, 
right? 
A. At that point in time, 
correct. 
127:09 - 127:16 Rowley, Bryan 2021-07-22-Revised 00:00:27 
127:18 - 127:18 Rowley, Bryan 2021-07-22-Revised 00:00:02 
127:09 
127:10 
127:11 
127:12 
127:13 
127:14 
127:15 
127:16 
Q. If AWBid became public, then 
the value proposition of AdX would be 
greatly impacted, right? 
A. As we discussed, it would --
with GDN or with Google Ads buying 
elsewhere, the AdX would no longer be able 
to state that it was the only way to get 
access to that --
127:18 
T
HE WITNESS: -- that demand. 
7 / 13 ",text_layer_extracted,[]
rowley-deposition:pdf:8,rowley-deposition,8,"              
   
 
   
   
  
   
   
    
   
   
 
  
  
     
   
   
     
  
 
   
  
  
    
   
    
       
  
 
  
  
   
   
  
   
  
Rowley 
D E S I G N A T I O N S O U R C E D U R A T I O N 
127:20 - 127:24 Rowley, Bryan 2021-07-22-Revised 00:00:22 
129:11 - 129:24 Rowley, Bryan 2021-07-22-Revised 00:00:33 
138:12 - 139:05 Rowley, Bryan 2021-07-22-Revised 00:00:50 
127:20 
127:21 
127:22 
127:23 
127:24 
Q. Would that aﬀect AdX's 
competitive positioning? 
A. It would reduce one of the 
selling propositions for AdX and 
presumably increase it for competitors. 
129:11 
129:12 
129:13 
129:14 
129:15 
129:16 
129:17 
129:18 
129:19 
129:20 
129:21 
129:22 
129:23 
129:24 
Q. The last sentence of this 
paragraph reads, ""Our buy-side positioning 
will put sell-side relationships at risk. "" 
Do you see that? 
A
. I do. 
Q
. How would the buy-side 
positioning put sell-side relationships at 
risk? 
A. I think it comes back to the 
core selling proposition we have been 
talking about. Partners would understand 
that there were other sources of -- other 
technological partners that they could get 
Google Demand through. 
138:12 
138:13 
138:14 
138:15 
138:16 
138:17 
138:18 
138:19 
138:20 
138:21 
138:22 
138:23 
138:24 
138:25 
139:01 
139:02 
139:03 
139:04 
Q. Is Amazon a competitor to 
Google in the ad space? 
A
. Yes. 
Q. In what way? 
A
. Well, so we are talking about 
header bidding; it developed its own 
header bidding technology. It's a major 
aggregator of demand. You know, so in 
terms of aggregating demand from 
advertisers and aggregating inventory from 
publishers, they were an ad tech 
competitor. 
Q. So you mentioned demand 
aggregation, I think inventory 
BRYAN ROWLEY - HIGHLY CONFIDENTIAL 
aggregation. 
Any other ways in which 
Amazon competes with Google's ad tech 
8 / 13 ",text_layer_extracted,[]
rowley-deposition:pdf:9,rowley-deposition,9,"              
   
   
  
   
  
    
   
    
     
   
    
  
 
   
 
   
 
  
   
    
 
   
   
  
 
      
  
 
  
  
   
   
   
    
 
  
Rowley 
D E S I G N A T I O N S O U R C E D U R A T I O N 
139:05 pr oducts? 
1
39:06 - 139:10 Rowley, Bryan 2021-07-22-Revised 00:00:20 
139:11 - 139:19 Rowley, Bryan 2021-07-22-Revised 00:00:27 
139:24 - 140:03 Rowley, Bryan 2021-07-22-Revised 00:00:12 
141:17 - 142:02 Rowley, Bryan 2021-07-22-Revised 00:00:35 
139:06 
139:07 
139:08 
139:09 
139:10 
A. I think the monetization of 
inventory and the aggregation of demand 
covers most of ad tech, in my mind. 
Q. With demand aggregation, what 
Google products does Amazon compete with? 
139:11 
139:12 
139:13 
139:14 
139:15 
139:16 
139:17 
139:18 
139:19 
A. I mean, my take is they 
compete with Google Ads, DV360 -- you 
know, from a technological standpoint, 
they sought to work with exchanges and 
other third-party buyers that -
(Reporter Clarification.) 
THE WITNESS: Other 
third-party buyers that worked with 
AdX. 
-
139:24 
139:25 
140:01 
140:02 
140:03 
Q
. Is Amazon a DSP? 
A
. Oh, yeah; Amazon did operate 
BRYAN ROWLEY - HIGHLY CONFIDENTIAL 
as a DSP within the AdX environment and 
other exchanges. 
141:17 
141:18 
141:19 
141:20 
141:21 
141:22 
141:23 
141:24 
141:25 
142:01 
142:02 
Q. Did you ever believe that 
header bidding posed a competitive threat 
to AdX? 
A. Yeah. I think we saw header 
bidding as a competitive threat. 
Q. In what ways did header 
bidding compete with AdX? 
A. It aggregated publisher 
inventory and tried to bring the best 
BRYAN ROWLEY - HIGHLY CONFIDENTIAL 
demand sources to monetize inventory. 
142:03 - 143:02 Rowley, Bryan 2021-07-22-Revised 00:01:26 
142:03 
142:04 
142:05 
Q. Do you recall our earlier 
discussion about own the tag? 
A
. Yes. 
9 / 13 ",text_layer_extracted,[]
rowley-deposition:pdf:10,rowley-deposition,10,"              
 
 
  
  
   
     
   
 
   
    
   
  
 
  
 
  
    
   
 
   
    
  
     
   
   
   
        
      
       
   
   
     
    
  
   
  
Rowley 
D E S I G N A T I O N S O U R C E D U R A T I O N 
142:06 
142:07 
142:08 
142:09 
142:10 
142:11 
142:12 
142:13 
142:14 
142:15 
142:16 
142:17 
142:18 
142:19 
142:20 
142:21 
142:22 
142:23 
142:24 
142:25 
143:01 
143:02 
Q . And see more? 
A. I do. 
Q. And win more? 
A. Yes. 
Q
. Did header bidding pose a 
threat to the own-the-tag strategy? 
A. So header bidding was another 
tag on the page. It was -- header bidding 
was bringing more demand into the 
publisher monetization space. 
So, yes, as demand flowed 
through other channels, our -- certainly 
our ability to win was challenged. 
Q. And why was your ability to 
win challenged? 
A. More demand flowing through 
diﬀerent ad technology channels leads to 
greater competition. 
Q
. Greater competition with AdX? 
A
. AdX would be one of the 
BRYAN ROWLEY - HIGHLY CONFIDENTIAL 
competitors in that space. 
146:14 - 147:07 Rowley, Bryan 2021-07-22-Revised 00:01:17 
146:14 Q. Ad serving decision engine 
refers to DFP; is that right? 146:15 
146:16 
146:17 
146:18 
146:19 
146:20 
146:21 
146:22 
146:23 
146:24 
146:25 
147:01 
147:02 
147:03 
147:04 
147:05 
A. Again, I don't really recall 
the document but that makes sense. The ad 
serving decision engine seems like a 
generic way of referring to ad serving. 
Q. Is it a strategic risk to 
Google if Google is no longer the sole ad 
serving decision engine? 
A. Yeah. I mean to -- yeah. I 
mean, one of our goals was to represent 
the publisher inventory in the best manner 
BRYAN ROWLEY - HIGHLY CONFIDENTIAL 
possible to have stronger competition, you 
know, which potentially lowers our value, 
is a strategic risk. 
You know, again, reading this 
10 / 13 ",text_layer_extracted,[]
rowley-deposition:pdf:11,rowley-deposition,11,"              
      
     
   
  
   
   
    
  
     
    
  
    
 
    
     
  
 
   
  
     
  
  
   
  
  
  
   
  
   
 
    
  
   
 
   
   
   
  
Rowley 
D E S I G N A T I O N S O U R C E D U R A T I O N 
147:06 
147:07 
sentence, whether Google refers to DFP or 
a broader Google, is not clear to me. 
147:24 - 148:22 Rowley, Bryan 2021-07-22-Revised 00:01:23 
147:24 
147:25 
148:01 
148:02 
148:03 
148:04 
148:05 
148:06 
148:07 
148:08 
148:09 
148:10 
148:11 
148:12 
148:13 
148:14 
148:15 
148:16 
148:17 
148:18 
148:19 
148:20 
148:21 
Q. So did exchange bidding allow 
Google to remain the primary decision 
BRYAN ROWLEY - HIGHLY CONFIDENTIAL 
engine? 
A. So I would say, you know, 
again, based on my recollection from when 
I le this role, you know, most 
publishers continued to use, you know, 
many diﬀerent monetization sources. You 
know, to my knowledge, header bidding has 
not gone away. 
You know, so I don't believe 
the launch of exchange bidding has changed 
the competitive environment significantly. 
Q. When you say ""monetization 
sources, "" what do you mean by that? 
A. It could be header bidders. 
It could be exchanges. You know, could be 
diﬀerent companies like Outbrain and 
Taboola that we have mentioned before. 
Q. Do you believe that Outbrain 
and Taboola compete with DFP? 
A. Insofar as it monetizes 
publisher pages, yes. 148:22 
225:25 - 226:12 Rowley, Bryan 2021-07-22-Revised 00:00:41 
225:25 
226:01 
226:02 
226:03 
226:04 
226:05 
226:06 
226:07 
226:08 
226:09 
226:10 
226:11 
Q. What is your recollection of 
BRYAN ROWLEY - HIGHLY CONFIDENTIAL 
unified pricing rules? 
A. My recollection of unified 
pricing rules was it was a new way of 
setting pricing rules for inventory that 
was launched in conjunction with the first 
price auction. 
Q. Do you have an understanding 
as to why Google introduced unified 
pricing rules? 
A
. At the moment, I don't recall 
11 / 13 ",text_layer_extracted,[]
rowley-deposition:pdf:12,rowley-deposition,12,"              
  
 
    
  
  
  
   
    
  
    
   
  
     
 
     
    
  
       
  
  
  
    
 
 
    
     
   
   
   
  
    
      
  
  
   
  
   
  
Rowley 
D E S I G N A T I O N S O U R C E D U R A T I O N 
226:12 the  logic  that was  at play. 
226:13 - 226:21 Rowley, Bryan 2021-07-22-Revised 00:00:29 
226:13 
226:14 
226:15 
226:16 
226:17 
226:18 
226:19 
226:20 
226:21 
Q. Do you recall whether Google 
introduced unified pricing rules to stop 
publishers from engaging in certain 
behavior? 
A. I don't recall it being an 
eﬀort to stop publishers from doing 
anything in particular. I recall it being 
a solution that was most appropriate given 
the change to first-price auction. 
236:09 - 236:25 Rowley, Bryan 2021-07-22-Revised 00:01:01 
236:09 
236:10 
236:11 
236:12 
236:13 
236:14 
236:15 
236:16 
236:17 
236:18 
236:19 
236:20 
236:21 
236:22 
236:23 
236:24 
236:25 
Q. And how did this -- did you 
believe this would increase the health of 
the ecosystem? 
A. I think, you know, it's a 
function of, you know, sort of making it 
the most attractive environment for 
demand. You know, if there were floors 
being set to artificially raise prices 
from an auction standpoint, that could 
scare buyers away. 
Q. Do you think publishers were 
artificially -- or setting artificially 
high floors? 
A. I think if you set multiple 
diﬀerent floors for the same piece of 
inventory, yeah, you're artificially 
influencing an auction outcome. 
237:02 - 237:20 Rowley, Bryan 2021-07-22-Revised 00:01:13 
237:02 
237:03 
237:04 
237:05 
237:06 
237:07 
237:08 
237:09 
237:10 
237:11 
Q. Why do you think that is 
artificial? 
A. Well, an auction is meant 
to -- the winner of an auction should be 
willing to pay the most. And, you know, 
historically, in a second-price auction, 
that was always dictated by other 
competitors within the auction or rules 
set by publishers. But when publishers 
set multiple floors, they are eﬀectively 
12 / 13 ",text_layer_extracted,[]
rowley-deposition:pdf:13,rowley-deposition,13,"Rowley 
DESIGNATION SOURCE DURATION 
237:12 trying to raise the second price. 
237:13 Q. Do you believe the re are any 
legitimate reasons for a publisher to set 
multip le floors for the same imp ression? 
237:14 
237:15 
237:16 A. I believe the re are 
legitimate reasons for publishe rs to set 
floo rs. I can't thin k of a reason that a 
publisher would need to set mult iple 
floo rs for the same piece of inventory. 
237:17 
237:18 
237:19 
237:20 
237:21 - 237:25 Rowley, Bryan 2021-07 -22-Revised 00:00:19 
237:21 Q. If a publisher sets multip le 
floo rs for an impress ion and someone buys 
it at a higher price under the highest 
floo r, that advertise r is stil l willing to 
bid at that price, right? 
237:22 
237:23 
237:24 
237:25 
238:02 - 238:05 Rowley, Bryan 2021-07 -22-Revised 00:00:10 
238:02 A. Yeah. I think an 
advertise r's willingness to -- if they are 
not willing to pay, they wouldn't win that 
auction. 
238:03 
238:04 
238:05 
248:15 - 248:23 Rowley, Bryan 2021-07 -22-Revised 00:00:30 
248:15 Q. And there 's a statement here 
that expand ing AWBid puts DFP and Google's 
own the tag strategy at risk? 
248:16 
248:17 
248:18 A. Yeah. I mean, re-reading it 
here, I think we touched back on a topic 
we've covered before, that, you know, as 
the demand is made availab le elsewhere, a 
selling proposit ion from a Google products 
standpoint is dimin ished. 
248:19 
248:20 
248:21 
248:22 
248:23 
13 / 13 ",text_layer_extracted,[]
okelley-deposition:pdf:1,okelley-deposition,1,"   
  
   
    
 
   
  
 
  
   
        
    
   
       
     
     
        
 
 
      
    
     
   
 
   
  
  
  
   
    
   
 
  
 
  
Okelly-Played 
D E S I G N A T I O N S O U R C E D U R A T I O N I D 
11:03 - 11:06 O kelley, Brian 2023-09-29 00:00:05 Okelly-Played.1 
11:03 Q. Good morning, Mr. O'Kelley. 
11:04 Can you please state your 
11:05 full name for the record. 
11:06 A. Charles Brian O'Kelley. 
13:18 - 14:15 O kelley, Brian 2023-09-29 00:00:52 Okelly-Played.2 
13:18 Q. And how long have you 
13:19 personally worked in the ad tech 
13:20 industry? 
13:21 A. Depending on how you define 
13:22 it, my first project in the ad tech space 
13:23 was, I think, in the year 2000. I worked 
13:24 for a consulting firm. And I built my 
14:01 first ad server that decided which ads to 
14:02 serve someone. More or less, I've been 
14:03 in the industry since -- I guess I took 
14:04 one sort of pivot away, from 2001 to 
14:05 2003, give or take, 2002. I had one job 
14:06 very early in my career that wasn't in ad 
14:07 tech. 
14:08 But besides that -- and then 
14:09 I guess I was at Waybridge for another 
14:10 two years, between 2018 and -- 2019 and 
14:11 2021. 
14:12 Q. Okay. So fair to say you've 
14:13 been in the ad tech industry for more 
14:14 than two decades? 
14:15 A. Yes. 
29:03 - 29:05 O kelley, Brian 2023-09-29 00:00:04 Okelly-Played.3 
29:03 BY MS. WOOD: 
29:04 Q. And what does the open web 
29:05 mean in the context of display ads? 
29:08 - 30:08 O kelley, Brian 2023-09-29 00:00:59 Okelly-Played.4 
29:08 THE WITNESS: The idea of 
29:09 the open web is that there are 
29:10 certain publishers, platforms, 
29:11 properties that have -- are 
29:12 vertically integrated between the 
29:13 ad serving and sort of ad sales, 
1 / 53 ",text_layer_extracted,[]
okelley-deposition:pdf:2,okelley-deposition,2,"              
   
    
    
     
     
   
   
 
    
     
  
 
   
    
      
    
   
  
 
   
  
   
 
   
    
  
 
  
   
 
 
    
   
  
  
 
   
  
Okelly-Played 
D E S I G N A T I O N S O U R C E D U R A T I O N I D 
29:14 you know, the content. 
29:15 Like, you have to -- you 
29:16 have to call Facebook, in this 
29:17 context, or use the Facebook tools 
29:18 to buy ads on Facebook. So some 
29:19 people call those walled gardens, 
29:20 closed platforms. But the idea is 
29:21 that third-party ad technology 
29:22 doesn't let you buy those 
29:23 publishers. And so people say, 
29:24 well, if it's open to, you know, 
30:01 broad-based third-party ad 
30:02 technology, then that's part of 
30:03 the open internet. 
30:04 But the key is that it's --
30:05 open is in the context of how ad 
30:06 tech sees it. So ad tech can be 
30:07 used on these websites or apps or 
30:08 whatever. 
57:22 - 57:23 O kelley, Brian 2023-09-29 00:00:06 Okelly-Played.5 
57:22 Q. When was AppNexus founded? 
57:23 A. September 2007. 
64:09 - 64:11 O kelley, Brian 2023-09-29 00:00:10 Okelly-Played.6 
64:09 Q. And at the time that you 
64:10 founded AppNexus in 2007, what other ad 
64:11 exchanges existed? 
64:15 - 65:06 O kelley, Brian 2023-09-29 00:00:47 Okelly-Played.7 
64:15 THE WITNESS: In 2007 there 
64:16 were really three ad exchanges 
64:17 that I can remember. 
64:18 Right Media was by far the 
64:19 biggest. We started first. 
64:20 DoubleClick had started an 
64:21 internal project called Project 
64:22 Wolf that was going to be the 
64:23 DoubleClick ad exchange. And that 
64:24 had launched by 2007 but was very 
65:01 inchoate. It hadn't really gotten 
65:02 much traction yet. 
65:03 And there was another one, 
2 / 53 ",text_layer_extracted,[]
okelley-deposition:pdf:3,okelley-deposition,3,"              
   
  
  
 
    
     
    
    
   
   
   
  
 
   
     
  
 
   
   
    
    
  
Okelly-Played 
D E S I G N A T I O N S O U R C E D U R A T I O N I D 
65:04 whose  name  I'm  forgetting,  that 
65:05 Microsoft acquired.   That was  
65:06 also very small. 
69:
11 - 69:18 O kelley, Brian 2023-09-29 00:00:19 Okelly-Played.8 
69:11 Q. You mentioned a couple of
69:12 times that DoubleClick's publisher ad 
69:13 server was used by many, if not most, 
69:14 publishers. 
69:15 Do you have any sense of the 
69:16 market size of DoubleClick's publisher ad 
69:17 server prior to DoubleClick being 
69:18 acquired by Google? 
69:21 - 70:09 O kelley, Brian 2023-09-29 00:00:33 Okelly-Played.9 
69:21 THE  WITNESS:   I  don't have  a 
69:22 precise  market share  number.   I 
69:23 can say that,  at that time,  the 
69:24 portals,  meaning Microsoft,  Yahoo, 
70:01 and AOL,  did not use  DoubleClick. 
70:02 And The  New  York  Times  did 
70:03 not use  DoubleClick.   They had a 
70:04 homegrown ad server.   But almost 
70:05 every other  major  publisher  in the 
70:06 U.S.,  every major  news  publisher, 
70:07 every major  e-commerce  publisher, 
70:08 used DoubleClick.   So  their  share 
70:09 of  the  nonportal  market was  vast.
72:
13 - 72:16 O kelley, Brian 2023-09-29 00:00:06 Okelly-Played.10 
72:13 Q. And how, if at all, did
72:14 Google's acquisition of DoubleClick 
72:15 impact competition in the ad tech 
72:16 industry? 
72:20 - 74:15 O kelley, Brian 2023-09-29 00:01:34 Okelly-Played.11 
72:20 THE WITNESS: I think that 
72:21 DoubleClick on its own had a 
72:22 significant -- huge amount of 
72:23 market leverage. They were, you 
72:24 know, not just the publisher, ad 
73:01 server for most publishers. They 
73:02 were also the advertisers' ad 
3 / 53 ",text_layer_extracted,[]
okelley-deposition:pdf:4,okelley-deposition,4,"              
   
 
 
  
    
     
  
   
  
     
      
   
      
  
  
  
  
  
 
  
  
   
  
   
  
   
   
 
  
  
    
 
   
   
 
     
  
Okelly-Played 
D E S I G N A T I O N S O U R C E D U R A T I O N I D 
73:03 server for most agencies and 
73:04 advertisers. 
73:05 What Google did when they 
73:06 acquired it was they layered in 
73:07 the AdSense revenue. 
73:08 So Google AdSense was, if 
73:09 not the largest, one of the very 
73:10 largest ad networks in the world. 
73:11 And if you think about the 
73:12 way these programatic auctions 
73:13 work, the more demand, the higher 
73:14 the price for the publisher. And, 
73:15 you know, moving the world's 
73:16 largest, or one of the largest, ad 
73:17 networks in and out of an auction 
73:18 would have a massive impact on 
73:19 revenue. 
73:20 And so Google deciding to 
73:21 only let AdSense participate in 
73:22 the DoubleClick auction meant that 
73:23 DoubleClick could out-monetize 
73:24 others. 
74:01 And, secondly, DoubleClick 
74:02 controlling the ad server meant 
74:03 that it could auction guaranteed 
74:04 campaigns, the campaigns that the 
74:05 publisher sold itself, against all 
74:06 of the programatic demand. 
74:07 So instead of being remnant, 
74:08 it could do a more dynamic yield 
74:09 management process. And so they 
74:10 had two just fundamental 
74:11 advantages, by controlling the ad 
74:12 server and by having this massive 
74:13 source of unique demand, that made 
74:14 it extremely diﬀicult for anyone 
74:15 else to compete with. 
74:17 - 74:19 O kelley, Brian 2023-09-29 00:00:08 Okelly-Played.12 
74:17 Q. Did Google's acquisition of 
74:18 DoubleClick increase the dominance of the 
4 / 53 ",text_layer_extracted,[]
okelley-deposition:pdf:5,okelley-deposition,5,"              
 
   
   
    
 
     
       
 
 
 
   
 
 
 
    
 
   
  
   
   
   
    
   
   
    
   
 
   
 
  
   
     
   
 
     
 
  
Okelly-Played 
D E S I G N A T I O N S O U R C E D U R A T I O N I D 
74:19 DFP ad server? 
74:22 - 75:21 O kelley, Brian 2023-09-29 00:00:49 Okelly-Played.13 
74:22 THE WITNESS: My perspective 
74:23 was -- is that DFP was already 
74:24 pretty dominant, and they were 
75:01 able to, for instance, get The New 
75:02 York Times to switch to DFP over a 
75:03 couple years. 
75:04 They certainly made it 
75:05 economically almost impossible to 
75:06 switch. It wasn't just the best 
75:07 technology -- it wasn't the best 
75:08 ad server. 
75:09 But every other ad server 
75:10 company either went out of 
75:11 business or was sold for scrap. 
75:12 They just destroyed all 
75:13 competition for that ad server. 
75:14 There's companies like Open 
75:15 AdStream, or a company called Ad 
75:16 Tech, great name, that AOL bought 
75:17 and shut down. 
75:18 I mean, really, within a 
75:19 couple years of that acquisition, 
75:20 there were no viable competitors 
75:21 in the publisher ad server space. 
75:23 - 76:01 O kelley, Brian 2023-09-29 00:00:06 Okelly-Played.14 
75:23 Q. And to this day, are there 
75:24 any viable competitors in the publisher 
76:01 ad server space? 
76:05 - 76:06 O kelley, Brian 2023-09-29 00:00:03 Okelly-Played.15 
76:05 Q. For display advertising. 
76:06 A. There are --
76:09 - 77:08 O kelley, Brian 2023-09-29 00:00:55 Okelly-Played.16 
76:09 THE WITNESS: There are two 
76:10 other companies that you might 
76:11 consider competitors. 
76:12 One was AppNexus. I decided 
76:13 in about 2014 that somebody had to 
5 / 53 ",text_layer_extracted,[]
okelley-deposition:pdf:6,okelley-deposition,6,"              
   
 
   
  
   
   
 
   
   
       
   
      
     
     
   
      
   
     
    
   
  
Okelly-Played 
D E S I G N A T I O N S O U R C E D U R A T I O N I D 
76:14 go  build an alternative  to  DFP, 
76:15 and I  spent hundreds  of  millions 
76:16 of  dollars  trying.    And that was 
76:17 not particularly successful, 
76:18 commercially.   That product is 
76:19 still  in existence,  you  know,  part 
76:20 of  Microsoft now. 
76:21 And there  are  a few  handfuls 
76:22 of  large  publishers,  mainly in 
76:23 Europe  and I  think  in Japan,  that 
76:24 use  it,  but it never  got 
77:01 meaningful  traction in the  U.S. 
77:02 And there  is  a European 
77:03 company called Equativ, 
77:04 E-Q-U-A-T-I-V.   I  don't know  how 
77:05 to  say it.   That has  a handful  of 
77:06 customers.
77:07 But there's  very little 
77:08 competition in that market today.
77
:10 - 77:14 O kelley, Brian 2023-09-29 00:00:11 Okelly-Played.17 
77:10 Q. And how, if at all, does the
77:11 fact that there's little competition in 
77:12 the ad -- publisher ad server market 
77:13 impact competition in, for example, the 
77:14 ad exchange market? 
77:17 - 79:14 O kelley, Brian 2023-09-29 00:01:27 Okelly-Played.18 
77:17 THE WITNESS: My perspective 
77:18 is that, if you think of this from 
77:19 a yield management perspective, 
77:20 the basic idea of yield management 
77:21 is you want to have all of your 
77:22 revenue options, all of your --
77:23 all of your -- all the things 
77:24 you're trying to yield manage in 
78:01 one place. So we call that a 
78:02 unified auction. 
78:03 The best way to do that is 
78:04 to have your ad server make that 
78:05 decision, which gives the ad 
78:06 server a huge advantage in 
6 / 53 ",text_layer_extracted,[]
okelley-deposition:pdf:7,okelley-deposition,7,"              
  
   
      
  
   
    
      
     
  
   
   
   
  
 
 
   
     
    
 
   
 
  
    
    
  
   
   
 
 
   
  
   
 
   
  
Okelly-Played 
D E S I G N A T I O N S O U R C E D U R A T I O N I D 
78:07 deciding which ad will serve. 
78:08 So we could hack around 
78:09 that. We could run, you know, a 
78:10 header bidding auction -- we could 
78:11 auction before the ad server, but 
78:12 we still had to send all the 
78:13 results to Google. So Google got 
78:14 to see those bids and then make a 
78:15 decision. 
78:16 And I say Google because, 
78:17 you know, Google wasn't really 
78:18 operating with -- again, this is 
78:19 totally my opinion and my 
78:20 perspective -- was Google wasn't 
78:21 operating at arm's length between 
78:22 an ad server product and an ad 
78:23 exchange product. 
78:24 From our perspective, we'd 
79:01 send, you know, our header bidding 
79:02 response to the Google platform, 
79:03 and it would make a decision based 
79:04 on business rules about which ad 
79:05 to serve. 
79:06 And so it had last look, as 
79:07 we would say, on all the demand. 
79:08 It could see all the demand, and 
79:09 we couldn't -- had so many 
79:10 advantages. Plus, it had unique 
79:11 demand, coming in from the Google 
79:12 ad network. 
79:13 It was extremely diﬀicult 
79:14 to compete. 
79:15 - 79:21 O kelley, Brian 2023-09-29 00:00:18 Okelly-Played.19 
79:15 BY MS. WOOD: 
79:16 Q. Did there come a time that
79:17 Google launched an ad exchange? 
79:18 A. Google took the DoubleClick
79:19 ad exchange  after  the  acquisition and 
79:20 relaunched it as  the  Google  ad exchange. 
79:21 I  think  that was  2009. 
7 / 53 ",text_layer_extracted,[]
okelley-deposition:pdf:8,okelley-deposition,8,"              
   
   
  
      
    
    
   
  
 
   
  
 
   
     
  
 
 
  
   
    
 
   
   
   
   
   
    
   
     
     
  
  
Okelly-Played 
D E S I G N A T I O N S O U R C E D U R A T I O N I D 
85:18 - 86:02 O kelley, Brian 2023-09-29 00:00:25 Okelly-Played.20 
85:18 Q. And what was  the  approximate 
85:19 market size  of  AdMeld at that time,  2007 
85:20 to  2010? 
85:21 A. I don't really know. I 
85:22 mean, there weren't really industry 
85:23 metrics. We didn't have a sense. I'd 
85:24 say they were similar in size to PubMatic 
86:01 and Rubicon, who were probably the two 
86:02 largest. 
86:03 - 86:05 O kelley, Brian 2023-09-29 00:00:04 Okelly-Played.21 
86:03 Q. And, ultimately, did Google 
86:04 acquire AdMeld? 
86:05 A. Yes. 
86:06 - 86:08 O kelley, Brian 2023-09-29 00:00:05 Okelly-Played.22 
86:06 Q. And did AdMeld have 
86:07 capabilities that Google's own ad 
86:08 exchange lacked? 
86:11 - 86:18 O kelley, Brian 2023-09-29 00:00:22 Okelly-Played.23 
86:11 THE WITNESS: Yes. AdMeld 
86:12 had much more consultative, 
86:13 managed service and yield 
86:14 optimization capabilities that 
86:15 were what publishers actually 
86:16 needed from an SSP , and so they 
86:17 allowed AdX to compete as an SSP 
86:18 in the market. 
86:20 - 86:23 O kelley, Brian 2023-09-29 00:00:09 Okelly-Played.24 
86:20 Q. And what impact, if any, did 
86:21 the acquisition of AdMeld by Google have 
86:22 on the competitive market for display 
86:23 transactions? 
87:03 - 88:17 O kelley, Brian 2023-09-29 00:01:22 Okelly-Played.25 
87:03 THE WITNESS: My sense is 
87:04 that Google was struggling to win 
87:05 business with AdX. It was very 
87:06 expensive. It was inflexible. It 
87:07 wasn't great at optimizing for 
87:08 yield. And that bringing in the 
8 / 53 ",text_layer_extracted,[]
okelley-deposition:pdf:9,okelley-deposition,9,"              
     
   
  
  
    
   
   
 
   
  
  
  
  
     
   
   
     
      
    
    
    
  
    
 
     
   
  
   
   
   
     
    
   
  
Okelly-Played 
D E S I G N A T I O N S O U R C E D U R A T I O N I D 
87:09 expertise of the team -- I think 
87:10 it was more of an expertise 
87:11 acquisition than a technology 
87:12 acquisition. 
87:13 But they got the skill set 
87:14 and the knowledge they needed to 
87:15 make the AdX value proposition 
87:16 more compelling. And they also 
87:17 took out a competitor that was, I 
87:18 think, pulling money away from 
87:19 them. 
87:20 I think that part of what 
87:21 AdMeld was doing was actually 
87:22 optimizing away from the Google 
87:23 platform. 
87:24 BY MS. WOOD: 
88:01 Q. You said that Google's AdX 
88:02 was expensive. Why do you say that? 
88:03 A. AdX charged 20 percent as a 
88:04 rev share, which was dramatically higher 
88:05 than competitors. I think others -- you 
88:06 know, I think our SSP at AppNexus was 
88:07 generally around 10 percent. I think 
88:08 others, like AdMeld, charged more like 
88:09 15 percent, because they were more 
88:10 managed service. 
88:11 But Google always, at that 
88:12 time, seemed much more expensive than 
88:13 anyone else. 
88:14 Q. Do you know how much Rubicon 
88:15 charged at that time? 
88:16 A. I think market was around 
88:17 15 percent for most participants. 
91:09 - 91:13 O kelley, Brian 2023-09-29 00:00:11 Okelly-Played.26 
91:09 Q. Did there come a time, to 
91:10 your knowledge, that Google limited its 
91:11 AdSense or AdWords customers to bidding 
91:12 exclusively into AdX and no other ad 
91:13 exchange? 
91:16 - 91:20 O kelley, Brian 2023-09-29 00:00:12 Okelly-Played.27 
9 / 53 ",text_layer_extracted,[]
okelley-deposition:pdf:10,okelley-deposition,10,"              
    
   
    
   
  
   
    
  
   
 
   
    
     
   
 
     
     
   
  
   
     
 
   
   
  
   
  
  
     
  
  
 
  
      
   
  
  
Okelly-Played 
D E S I G N A T I O N S O U R C E D U R A T I O N I D 
91:16 THE WITNESS: From the Okelly-Played.27 
91:17 beginning of AdX, AdSense only 
91:18 worked with AdX. And it was many 
91:19 years later until they opened it 
91:20 to other partners. 
93:23 - 94:02 O kelley, Brian 2023-09-29 00:00:11 Okelly-Played.28 
93:23 Q. Okay. What impact, if any, 
93:24 did it have on competition, that Google 
94:01 limited its advertising customers to bid 
94:02 exclusively into AdX? 
94:05 - 95:18 O kelley, Brian 2023-09-29 00:01:24 Okelly-Played.29 
94:05 THE WITNESS: So going back 
94:06 to the basic idea of how auctions 
94:07 monetize things, it's a very 
94:08 simple supply-and-demand equation. 
94:09 So if there's more demand, then, 
94:10 obviously, prices will go up, and 
94:11 publishers will prefer higher 
94:12 price. 
94:13 Most of the demand sources 
94:14 in the programatic space were 
94:15 shared across all of the SSPs or 
94:16 ad exchanges, meaning that an 
94:17 independent DSP , like MediaMath or 
94:18 the Trade Desk, would bid into 
94:19 every SSP . 
94:20 So having a unique demand 
94:21 source on your exchange had a 
94:22 dramatic impact on the market. 
94:23 It also made it very 
94:24 diﬀicult to switch. So if you 
95:01 think about switching from Rubicon 
95:02 to PubMatic, they may have 
95:03 slightly diﬀerent technology, 
95:04 they might have slightly diﬀerent 
95:05 features, diﬀerent service, but 
95:06 the demand was all the same. And 
95:07 so there's very low switching 
95:08 cost. 
95:09 With Google having a unique 
10 / 53 ",text_layer_extracted,[]
okelley-deposition:pdf:11,okelley-deposition,11,"              
   
  
  
  
 
    
   
   
     
     
   
    
   
       
   
  
    
     
  
 
  
  
  
    
    
   
   
   
  
 
  
Okelly-Played 
D E S I G N A T I O N S O U R C E D U R A T I O N I D 
95:10 demand source,  switching away from 
95:11 AdX  or  switching away from  DFP 
95:12 would mean losing one  of  the 
95:13 largest demand sources,  if  not the 
95:14 largest demand source,  and, 
95:15 therefore,  would have  significant 
95:16 monetization implications,  or  cost 
95:17 you  a lot of  money,  or  could,  if 
95:18 you  left. 
95:2
0 - 98:06 O kelley, Brian 2023-09-29 00:02:24 Okelly-Played.30 
95:20 Q. You referred to Google's
95:21 demand as unique demand. What did you 
95:22 mean by that? 
95:23 A. I meant that that demand was
95:24 only available through the Google AdSense 
96:01 platform -- or network, really. 
96:02 And it was unique because it 
96:03 was tied to the Google search business, 
96:04 so most of that demand, if not all of 
96:05 that demand, was coming from search 
96:06 advertisers. So they were using their 
96:07 relationship with Google across diﬀerent 
96:08 formats to, you know, I think, check a 
96:09 little checkbox that said, ""and run this 
96:10 across the internet and display 
96:11 advertising. "" 
96:12 There was no other -- there 
96:13 were no other way to get those ad 
96:14 dollars, except from Google. 
96:15 Q. In addition to that demand
96:16 being unique, did it have any other 
96:17 important characteristics, from a 
96:18 competitive point of view? 
96:19 A. One major diﬀerence, if you
96:20 think about search, is that Google could 
96:21 do search retargeting, meaning that they 
96:22 could find people who searched for a term 
96:23 on Google and then follow those people 
96:24 across the internet. 
97:01 So it wasn't just that it 
11 / 53 ",text_layer_extracted,[]
okelley-deposition:pdf:12,okelley-deposition,12,"              
   
   
   
  
      
    
 
   
  
   
    
    
  
     
  
   
    
   
   
  
    
    
    
 
   
  
 
   
  
  
   
 
   
      
    
  
    
    
  
Okelly-Played 
D E S I G N A T I O N S O U R C E D U R A T I O N I D 
97:02 was a diﬀerent platform, it was that 
97:03 they had a unique knowledge of user 
97:04 behavior. 
97:05 And of course they also had 
97:06 YouTube behavior, and they had your 
97:07 e-mail behavior if you used Gmail. They 
97:08 had Chrome as a browser. They had 
97:09 Android as an operating system. 
97:10 There were so many 
97:11 diﬀerent -- they knew what you searched 
97:12 on on Google Maps or Waze. 
97:13 I mean, there's so many ways 
97:14 that Google knows about its customers, so 
97:15 it was -- it was extremely diverse. 
97:16 If you go back to my 
97:17 hypothesis that diversity of demand or 
97:18 expressiveness of demand is highly 
97:19 valuable in an auction system. So it was 
97:20 extremely diﬀerent than most other 
97:21 sources of demand that were coming from 
97:22 an ad agency, let's say, that had no 
97:23 direct relationship with the consumer, 
97:24 and, you know, didn't know what the 
98:01 consumer searched on or, you know, where 
98:02 they went in their car or any of these 
98:03 other things. 
98:04 So I would say it was a 
98:05 completely separate and unique kind of 
98:06 demand coming from Google. 
103:08 - 103:09 O kelley, Brian 2023-09-29 00:00:03 Okelly-Played.31 
103:08 Q. In what ways was the 
103:09 waterfall not a fair auction? 
103:12 - 104:03 O kelley, Brian 2023-09-29 00:00:42 Okelly-Played.32 
103:12 Q. If any. 
103:13 A. Well, the waterfall wasn't 
103:14 an auction. I mean, the waterfall -- you 
103:15 know, some human at the publisher would 
103:16 decide what priority to put every ad. 
103:17 So the ad server was not 
103:18 making decisions. The ad server did not 
12 / 53 ",text_layer_extracted,[]
okelley-deposition:pdf:13,okelley-deposition,13,"              
       
  
     
   
   
  
   
   
 
   
   
     
    
  
 
   
   
   
     
   
   
   
    
  
 
 
   
  
    
 
   
 
  
   
    
    
  
Okelly-Played 
D E S I G N A T I O N S O U R C E D U R A T I O N I D 
103:19 have logic. The ad server -- I mean, it 
103:20 had -- like, if behind increased 
103:21 priority, as we talked about. But it was 
103:22 a very basic system designed to help 
103:23 publishers manage their own inventory. 
103:24 So it was, in that sense, 
104:01 totally fair or not -- almost like an 
104:02 irrelevant point. It was just a tool 
104:03 that ran a waterfall process. 
107:04 - 107:08 O kelley, Brian 2023-09-29 00:00:14 Okelly-Played.33 
107:04 Q. If, in the waterfall system, 
107:05 AdX met the floor price set by DFP , did 
107:06 other exchanges have the opportunity to 
107:07 compete for that impression? 
107:08 A. No, they did not. 
107:13 - 107:15 O kelley, Brian 2023-09-29 00:00:07 Okelly-Played.34 
107:13 Q. And was that the case even 
107:14 when other exchanges might have a higher 
107:15 price to oﬀer for the impression? 
107:18 - 107:18 O kelley, Brian 2023-09-29 00:00:01 Okelly-Played.35 
107:18 THE WITNESS: Yes. 
107:20 - 108:17 O kelley, Brian 2023-09-29 00:00:57 Okelly-Played.36 
107:20 Q. Are you familiar with the 
107:21 term ""dynamic allocation""? 
107:22 A. Yes. 
107:23 Q. What does that mean in the 
107:24 context of display ads? 
108:01 A. So it is the idea that, 
108:02 instead of having your auction happen at 
108:03 a single place in the waterfall, that you 
108:04 would run the auction and then insert the 
108:05 result based on price. 
108:06 So you are basically 
108:07 changing from a rule-based, 
108:08 priority-based waterfall to a 
108:09 hybrid-priced and rule-based waterfall. 
108:10 Basically saying, if AdX had 
108:11 a bid of a certain -- you know, if it bid 
108:12 $2, was the outcome, it would actually go 
13 / 53 ",text_layer_extracted,[]
okelley-deposition:pdf:14,okelley-deposition,14,"              
     
  
   
   
 
   
  
 
 
   
     
 
 
   
 
  
   
  
  
  
  
   
   
  
   
   
  
   
   
    
   
  
   
     
  
Okelly-Played 
D E S I G N A T I O N S O U R C E D U R A T I O N I D 
108:13 up a couple of priority tiers. And if it 
108:14 didn't, it would stay where it was. 
108:15 So trying to change where 
108:16 AdX demand was inserted in the waterfall, 
108:17 dynamically, based on price. 
108:18 - 108:20 O kelley, Brian 2023-09-29 00:00:08 Okelly-Played.37 
108:18 Q. And in that context, AdX was 
108:19 competing against guaranteed line items, 
108:20 for example? 
108:23 - 109:02 O kelley, Brian 2023-09-29 00:00:08 Okelly-Played.38 
108:23 THE WITNESS: Correct. AdX 
108:24 was competing against the 
109:01 publishers' own direct-sold 
109:02 campaigns. 
109:04 - 109:14 O kelley, Brian 2023-09-29 00:00:20 Okelly-Played.39 
109:04 Q. And what is a direct-sold 
109:05 campaign? 
109:06 A. It's a campaign that the --
109:07 a salesperson at the publisher has sold 
109:08 directly to an agency or an advertiser. 
109:09 In other words, not using programatic, 
109:10 not running through the ad exchange. 
109:11 Q. And did other exchanges have 
109:12 the opportunity to participate in dynamic 
109:13 allocation? 
109:14 A. No. 
110:12 - 110:16 O kelley, Brian 2023-09-29 00:00:13 Okelly-Played.40 
110:12 Q. Now, you indicated earlier 
110:13 that you helped create a header bidding 
110:14 system back in what time frame? 
110:15 A. We rolled out header bidding 
110:16 in 2008. 
110:17 - 110:20 O kelley, Brian 2023-09-29 00:00:07 Okelly-Played.41 
110:17 Q. Did there come a time later 
110:18 in the history of the ad tech market 
110:19 where header bidding really took oﬀ, 
110:20 from a market-wide perspective? 
110:23 - 111:05 O kelley, Brian 2023-09-29 00:00:17 Okelly-Played.42 
110:23 THE WITNESS: Yeah. Header 
14 / 53 ",text_layer_extracted,[]
okelley-deposition:pdf:15,okelley-deposition,15,"              
 
    
   
  
   
   
   
 
   
  
   
    
     
 
    
   
   
 
  
 
   
  
 
  
  
  
    
     
  
     
  
     
     
 
   
    
  
Okelly-Played 
D E S I G N A T I O N S O U R C E D U R A T I O N I D 
110:24 bidding began to get a lot of 
111:01 traction, I want to say, around 
111:02 2014. It just became increasingly 
111:03 clear that header bidding would 
111:04 drive higher yield for publishers, 
111:05 so publishers began to adopt it. 
111:07 - 111:09 O kelley, Brian 2023-09-29 00:00:07 Okelly-Played.43 
111:07 Q. What circumstances occurred 
111:08 between 2008 to 2014 that caused header 
111:09 bidding to take oﬀ? 
111:12 - 112:17 O kelley, Brian 2023-09-29 00:01:07 Okelly-Played.44 
111:12 THE WITNESS: That's a great 
111:13 question. And I think there were 
111:14 a lot of market dynamics. 
111:15 I think the main one was 
111:16 that as the market became more 
111:17 competitive, the idea of getting a 
111:18 first -- getting a fair shot at 
111:19 every impression became 
111:20 increasingly important to all the 
111:21 independent players. 
111:22 And it was very diﬀicult to 
111:23 drive any value behind the Google 
111:24 stack, meaning behind DFP , behind 
112:01 AdX, just hoping that they 
112:02 dropped -- you know, they didn't 
112:03 actually hit their floor price. 
112:04 With dynamic allocation, 
112:05 they basically would just change 
112:06 the dynamic so they'd always be 
112:07 able to win. And so sitting 
112:08 behind Google meant you wouldn't 
112:09 get any inventory. 
112:10 So we had to -- ""we"" as the 
112:11 industry -- had to go in front of 
112:12 Google to make it possible. And 
112:13 so I think all major industry 
112:14 participants really jumped into 
112:15 header bidding as the only way to 
112:16 compete with Google in the ad tech 
15 / 53 ",text_layer_extracted,[]
okelley-deposition:pdf:16,okelley-deposition,16,"              
   
   
   
     
 
   
     
  
Okelly-Played 
D E S I G N A T I O N S O U R C E D U R A T I O N I D 
112:17 space. 
112:19 - 114:02 O kelley, Brian 2023-09-29 00:01:24 Okelly-Played.45 
112:19 Q. And why do  you  say header 
112:20 bidding was  the  only way for  the  major 
112:21 participants  to  compete  against Google  in 
112:22 the  ad tech  space? 
112:23 A. Well,  if  DFP  is  the,  you 
112:24 know,  majority ad server  for  most of  the 
113:01 industry,  and if  the  ad server  makes  the 
113:02 final  decision about which  ad to  serve, 
113:03 you  have  to  find some  way to  influence 
113:04 that decision. 
113:05 And,  you  know,  in the  early 
113:06 days,  before  dynamic  allocation,  it was 
113:07 what I  would consider  a daisy chain at 
113:08 the  end of  the  waterfall.   So,  you  know, 
113:09 if  the  publishers'  guaranteed direct-sold 
113:10 ads  didn't serve,  then it would go  to 
113:11 AdX.   If  AdX  didn't meet the  floor,  it 
113:12 would go  to  network's  AppNexus  piece. 
113:13 And,  you  know,  a large  piece 
113:14 of  inventory would go  into  that daisy 
113:15 chain. 
113:16 But as  the  market matured 
113:17 and Google  got more  aggressive  on dynamic 
113:18 allocation and other  techniques,  it 
113:19 became  harder  and harder  to  get inventory 
113:20 out the  bottom  of  that waterfall. 
113:21 And so  I  think  everyone 
113:22 realized that,  to  get a fair  shot,  we  had 
113:23 to  go  -- that was  the  chokepoint for  all 
113:24 these  decisions.   We  had to  influence 
114:01 those  decisions,  and we  had to  go  before 
114:02 because  after  wasn't working. 
114:
03 - 114:05 O kelley, Brian 2023-09-29 00:00:09 Okelly-Played.46 
114:03 Q. And how did the practices of 
114:04 DFP impact the market share of AdX over 
114:05 that time period? 
114:08 - 114:11 O kelley, Brian 2023-09-29 00:00:11 Okelly-Played.47 
114:08 THE WITNESS: AdX was -- I 
16 / 53 ",text_layer_extracted,[]
okelley-deposition:pdf:17,okelley-deposition,17,"              
   
 
   
   
 
   
     
   
    
    
 
    
    
 
   
     
  
    
    
 
   
    
  
   
  
     
 
     
  
   
    
  
     
     
  
  
Okelly-Played 
D E S I G N A T I O N S O U R C E D U R A T I O N I D 
114:09 mean, market share of AdX 
114:10 increased dramatically because of 
114:11 the actions of DFP . 
114:13 - 114:13 O kelley, Brian 2023-09-29 00:00:01 Okelly-Played.48 
114:13 Q. Can you explain. 
114:17 - 116:08 O kelley, Brian 2023-09-29 00:01:29 Okelly-Played.49 
114:17 THE WITNESS: So the ability 
114:18 to bid at multiple points in the 
114:19 waterfall, if you will, by DFP 
114:20 gave AdX the ability to sort of 
114:21 dynamically price in a waterfall. 
114:22 Basically meaning they could 
114:23 always have the right price point 
114:24 to clear an impression. They 
115:01 could -- they could preempt 
115:02 guaranteed campaigns that others 
115:03 couldn't. That is a great selling 
115:04 point to buyers, to say, we have 
115:05 access to inventory nobody else 
115:06 does, we can win bids that no one 
115:07 else can win. It's a very 
115:08 compelling commercial story for 
115:09 them. 
115:10 Technically it meant their 
115:11 win rate in auctions was higher 
115:12 than anyone else's. So just 
115:13 multiple reasons that they had an 
115:14 advantage. 
115:15 It was also built into the 
115:16 ad server, meaning that you didn't 
115:17 have to have the user's browser 
115:18 bounce between diﬀerent systems. 
115:19 So there was no loss between the 
115:20 ad server and the ad exchange. 
115:21 So, you know, any -- any 
115:22 loss, meaning, like, the browser 
115:23 drops a connection or something 
115:24 like that, is a loss of revenue 
116:01 for the publisher, so it was less 
116:02 risky for the publisher. 
17 / 53 ",text_layer_extracted,[]
okelley-deposition:pdf:18,okelley-deposition,18,"              
    
 
 
  
   
 
   
   
   
   
    
     
   
  
 
     
  
   
   
  
   
    
  
  
  
 
   
 
    
  
Okelly-Played 
D E S I G N A T I O N S O U R C E D U R A T I O N I D 
116:03 So lots of -- lots of 
116:04 diﬀerent reasons that that tight 
116:05 integration between DFP and AdX 
116:06 made it very diﬀicult for others 
116:07 to actually win or compete in 
116:08 those decisions. 
118:09 - 118:10 O kelley, Brian 2023-09-29 00:00:03 Okelly-Played.50 
118:09 Q. And what was the time frame 
118:10 for those general discussions? 
118:13 - 118:20 O kelley, Brian 2023-09-29 00:00:19 Okelly-Played.51 
118:13 THE WITNESS: We launched 
118:14 our ad server, I want to say, in 
118:15 2015 or so, 2016. 
118:16 And so those conversations 
118:17 were happening actively through, 
118:18 you know, 2016, 2017, 2018, as 
118:19 we've tried to build that 
118:20 business. 
119:10 - 119:11 O kelley, Brian 2023-09-29 00:00:05 Okelly-Played.52 
119:10 Q. And what impact, if any, did 
119:11 header bidding have on publishers? 
119:14 - 119:18 O kelley, Brian 2023-09-29 00:00:10 Okelly-Played.53 
119:14 THE WITNESS: The market 
119:15 feedback on header bidding was 
119:16 that publishers saw revenue 
119:17 increase when they started to do 
119:18 header bidding. 
119:20 - 121:01 O kelley, Brian 2023-09-29 00:01:28 Okelly-Played.54 
119:20 Q. And why was that? 
119:21 A. Our analysis was two things. 
119:22 One  was  that header  bidding operated on a 
119:23 first-price  basis,  meaning that the 
119:24 highest price  would not be  reduced to  the 
120:01 second price,  like  with  the  AdX  auction. 
120:02 So  if  the  winning bid was 
120:03 $2,  then the  publisher  would get $2.   And 
120:04 that often,  in the  context of  a 
120:05 second-price  auction,  the  publisher  would 
120:06 make  significantly less  money,  and that 
18 / 53 ",text_layer_extracted,[]
okelley-deposition:pdf:19,okelley-deposition,19,"              
     
   
     
   
    
    
   
  
    
      
   
  
   
  
   
     
     
     
   
   
     
     
 
  
  
   
   
   
      
   
   
     
 
    
  
  
   
  
Okelly-Played 
D E S I G N A T I O N S O U R C E D U R A T I O N I D 
120:07 $2 served as a floor price for AdX. 
120:08 So even if header bidding --
120:09 the winner of the header auction didn't 
120:10 win the final auction, it forced Google 
120:11 to pay that price. So it basically 
120:12 served as a floor price into AdX. 
120:13 And also the SSPs and 
120:14 exchanges participating in header bidding 
120:15 tended to charge less than AdX on a rev 
120:16 share basis. And so, you know, it just 
120:17 drove prices up, basically creating 
120:18 competition, probably, unsurprisingly, 
120:19 forced prices higher for publishers. 
120:20 Q. Why do you say that's 
120:21 unsurprising? 
120:22 A. The whole idea of an auction 
120:23 is the highest price should win. And the 
120:24 more competition, the -- you know, the 
121:01 more demand, the higher the price. 
121:02 - 121:03 O kelley, Brian 2023-09-29 00:00:03 Okelly-Played.55 
121:02 Q. And had competition 
121:03 previously been limited? 
121:06 - 122:01 O kelley, Brian 2023-09-29 00:00:44 Okelly-Played.56 
121:06 THE WITNESS: I think that 
121:07 if you look at all of these 
121:08 independent ad exchanges and SSPs, 
121:09 they were not allowed to fairly 
121:10 participate to bid on every 
121:11 impression, to compete on every 
121:12 impression. They were being 
121:13 excluded from that process. And 
121:14 so, you know, I think in the --
121:15 you know, without header bidding, 
121:16 basically, Google would have the 
121:17 right to bid. AdX would have the 
121:18 right to bid on every impression, 
121:19 competing with the publisher. And 
121:20 only if Google didn't hit a price 
121:21 or it didn't win, then everyone 
121:22 else would get a chance. It was 
19 / 53 ",text_layer_extracted,[]
okelley-deposition:pdf:20,okelley-deposition,20,"              
   
 
   
  
 
    
 
   
     
   
   
  
   
   
  
    
   
   
  
    
  
  
   
   
  
  
   
    
  
  
      
    
      
      
     
      
  
Okelly-Played 
D E S I G N A T I O N S O U R C E D U R A T I O N I D 
121:23 not an open process to decide who 
121:24 won and who actually delivered the 
122:01 ad. 
122:03 - 122:07 O kelley, Brian 2023-09-29 00:00:10 Okelly-Played.57 
122:03 Q. You said these independent 
122:04 SSPs, they weren't allowed to 
122:05 participate. They were excluded from the 
122:06 process. 
122:07 Who excluded them? 
122:10 - 122:18 O kelley, Brian 2023-09-29 00:00:24 Okelly-Played.58 
122:10 THE WITNESS: I mean, the 
122:11 Google ad stack, like, thinking of 
122:12 DFP and AdX together, did not have 
122:13 a capability for other ad 
122:14 exchanges to participate in 
122:15 dynamic allocation, to insert 
122:16 demand into the decisioning 
122:17 process. It was -- it was not an 
122:18 open platform for other exchanges. 
122:20 - 122:23 O kelley, Brian 2023-09-29 00:00:07 Okelly-Played.59 
122:20 Q. You say that DFP didn't have 
122:21 that capability. DFP could have built 
122:22 that capability to allow that 
122:23 participation; is that right? 
123:02 - 123:04 O kelley, Brian 2023-09-29 00:00:06 Okelly-Played.60 
123:02 THE WITNESS: Absolutely. 
123:03 And they did, eventually, build a 
123:04 version of that later on. 
123:06 - 123:21 O kelley, Brian 2023-09-29 00:00:36 Okelly-Played.61 
123:06 Q. Have you ever heard the term 
123:07 ""last look"" in connection with header 
123:08 bidding? 
123:09 A. Last look is not just 
123:10 relevant to header bidding. So the idea 
123:11 of last look is that -- and this applies 
123:12 to any auction process. I mean, you can 
123:13 go to Sotheby's or whatever. Wouldn't it 
123:14 be great if everybody else had to place a 
123:15 bid, you see what those bids are, and 
20 / 53 ",text_layer_extracted,[]
okelley-deposition:pdf:21,okelley-deposition,21,"              
    
  
    
      
  
   
 
   
    
 
   
      
    
 
    
  
   
  
  
   
  
  
   
 
 
  
   
 
   
   
    
   
    
  
   
   
  
   
  
Okelly-Played 
D E S I G N A T I O N S O U R C E D U R A T I O N I D 
123:16 then you decide if you want to 
123:17 participate or not. 
123:18 So you have full information 
123:19 at the end of the process. And so you 
123:20 can just bid one penny higher than the 
123:21 next bidder. 
123:22 - 123:22 O kelley, Brian 2023-09-29 00:00:01 Okelly-Played.62 
123:22 Q. And why would that be great? 
124:01 - 125:11 O kelley, Brian 2023-09-29 00:01:13 Okelly-Played.63 
124:01 THE WITNESS: If everyone 
124:02 had to submit a sealed bid in an 
124:03 auction, you don't know what 
124:04 anyone else is going to bid. And 
124:05 so you have an incentive to 
124:06 probably put your best bid forward 
124:07 to make sure you don't lose. 
124:08 But if you could see 
124:09 everyone else's bid before you 
124:10 placed yours, you could bid just a 
124:11 tiny bit more than the next 
124:12 highest bidder or walk away. 
124:13 So that's an incredibly 
124:14 powerful bit of information to 
124:15 have in any auction. We're 
124:16 talking about it in the 
124:17 programatic market. 
124:18 What would happen is that 
124:19 Google -- I'm talking about Google 
124:20 as the company that controls DFP 
124:21 and owned AdX -- set it up so 
124:22 that, basically, AdX could see 
124:23 everybody else's bids, all the 
124:24 demand from the ad server, all the 
125:01 demand from all of their 
125:02 participants -- all of the bidders 
125:03 into the auction and then decide 
125:04 if AdSense would want to bid a 
125:05 little bit higher or not. 
125:06 So they are basically 
125:07 building this system so that they 
21 / 53 ",text_layer_extracted,[]
okelley-deposition:pdf:22,okelley-deposition,22,"              
  
   
  
  
   
   
 
   
   
   
  
   
   
    
    
   
   
   
 
 
  
     
      
   
   
   
   
  
    
  
 
  
   
   
  
   
   
   
  
Okelly-Played 
D E S I G N A T I O N S O U R C E D U R A T I O N I D 
125:08 could have more information than 
125:09 anybody else and, basically, get 
125:10 better pricing, get better 
125:11 outcomes than anyone else. 
125:13 - 126:19 O kelley, Brian 2023-09-29 00:01:08 Okelly-Played.64 
125:13 Q. And how, if at all, did that 
125:14 impact Google's market share? 
125:15 A. I don't know exactly how it 
125:16 impacted market share because I don't 
125:17 have all the numbers. 
125:18 But in terms of their 
125:19 ability to out-price competitors, it had 
125:20 a huge impact. It meant that they could 
125:21 play games with price if they wanted to, 
125:22 You know, or they could have a preferred 
125:23 price, even though it's supposedly an 
125:24 auction. They would always win at a 
126:01 better price than anyone else. 
126:02 And that translated to both 
126:03 their market story -- they would tell 
126:04 that story to agencies and advertisers 
126:05 and say, well, you know, we can --
126:06 because we have last look, we will always 
126:07 have a better price than anybody else. 
126:08 It was very powerful for win 
126:09 rates because they never accidentally 
126:10 underpriced by a penny or two. They even 
126:11 built a feature that let them bump prices 
126:12 by a couple pennies to win auctions, and 
126:13 then they'd sort of make it up on the 
126:14 next auction. 
126:15 They had all these 
126:16 techniques because they had full 
126:17 information, to let them eﬀectively 
126:18 manipulate auctions and manipulate the 
126:19 decisioning process, in their benefit. 
126:20 - 126:21 O kelley, Brian 2023-09-29 00:00:05 Okelly-Played.65 
126:20 Q. How, if at all, did header 
126:21 bidding impact advertisers? 
126:24 - 128:08 O kelley, Brian 2023-09-29 00:01:14 Okelly-Played.66 
22 / 53 ",text_layer_extracted,[]
okelley-deposition:pdf:23,okelley-deposition,23,"              
   
  
 
    
   
     
   
   
  
Okelly-Played 
D E S I G N A T I O N S O U R C E D U R A T I O N I D 
126:24 THE  WITNESS:   I  think  the 
127:01 easiest way to  think  about this, 
127:02 for  an advertiser,  is,  if  Google 
127:03 operated the  highest-priced ad 
127:04 exchange,  and I'm  a buyer,  I'm  an 
127:05 advertiser,  I  would probably 
127:06 rather  use  a less  expensive 
127:07 intermediary. 
127:08 If  this  were  a competitive 
127:09 market,  and there  were  five  major 
127:10 exchanges,  and one  charged twice 
127:11 as  much  as  the  others,  as  a buyer, 
127:12 I'd rather  have  the  lower-priced 
127:13 exchanges  and have  less  of  my 
127:14 money going to  an intermediary and 
127:15 more  of  my money going to  buy 
127:16 inventory. 
127:17 By biasing this  decisioning 
127:18 process  toward AdX,  they were 
127:19 basically costing advertisers  more 
127:20 money for  buying the  exact same  ad 
127:21 impression that they could have 
127:22 bought through  others. 
127:23 So  header  bidding gave 
127:24 advertisers  an option to  buy 
128:01 through  the  ad exchange  or  SSP  of 
128:02 their  choice,  and,  you  know, 
128:03 presumably,  to  save  money and to 
128:04 get better  outcomes,  to  drive  more 
128:05 sales,  and,  you  know,  brand lift, and 
128:06 all the other   things  marketers  care 
128:07 about,  for the  same   investment of 
128:08 dollars.  
Okelly- Played.66 
131:0
5 - 131:06 O kelley, Brian 2023-09-29 00:00:03 Okelly-Played.67 
131:05 Q. What was Google's reaction 
131:06 to header bidding, if you know? 
131:09 - 133:13 O kelley, Brian 2023-09-29 00:02:05 Okelly-Played.68 
131:09 THE WITNESS: So from the 
131:10 beginning, Google was very 
131:11 threatened by header bidding. And 
23 / 53 ",text_layer_extracted,[]
okelley-deposition:pdf:24,okelley-deposition,24,"              
     
    
  
      
  
   
   
  
  
   
   
 
    
    
 
  
     
    
 
    
  
 
   
  
  
  
  
    
 
  
  
   
  
      
    
  
 
  
   
   
    
  
Okelly-Played 
D E S I G N A T I O N S O U R C E D U R A T I O N I D 
131:12 I have a specific example of this, 
131:13 which is when we went to create 
131:14 Prebid as an open source platform, 
131:15 we took it to the IAB, to the 
131:16 trade association, that had 
131:17 created a tech lab, the IAB tech 
131:18 lab, specifically, to build and 
131:19 host industry technology. There's 
131:20 a protocol called OpenRTB, which 
131:21 was the bidding protocol between 
131:22 SSPs and DSPs, which they had 
131:23 taken on from industry 
131:24 participants. So their entire 
132:01 point of existing was to take in 
132:02 and develop technology like this. 
132:03 And we wanted to contribute 
132:04 Prebid to the IAB tech lab. And 
132:05 there was a meeting of the board, 
132:06 and Google objected vehemently to 
132:07 this and was so negative that we 
132:08 ended up having to create an 
132:09 independent association, because 
132:10 Google, at that time, was the 
132:11 largest financial contributor to 
132:12 the IAB and had a huge amount of 
132:13 leverage over that organization. 
132:14 So it was a very clear 
132:15 example of them trying to keep it 
132:16 from getting traction in industry. 
132:17 At other times they 
132:18 threatened AppNexus clients that 
132:19 they were going to turn oﬀ the 
132:20 DFP features that enabled header 
132:21 bidding, like to -- you know, as I 
132:22 said, it was kind of a hack in the 
132:23 sense that DFP wasn't built to 
132:24 support header bidding. 
133:01 And they told eBay, who was 
133:02 the specific publisher, that they 
133:03 weren't going to allow them to 
133:04 integrate header bidding. They 
24 / 53 ",text_layer_extracted,[]
okelley-deposition:pdf:25,okelley-deposition,25,"              
   
   
  
   
   
    
  
  
   
  
 
   
   
   
      
  
     
    
      
      
     
     
    
    
   
   
     
   
 
   
  
   
   
   
 
     
  
Okelly-Played 
D E S I G N A T I O N S O U R C E D U R A T I O N I D 
133:05 were going to turn oﬀ that 
133:06 feature. Which they did not do, 
133:07 to be clear. 
133:08 But, like, there are 
133:09 multiple instances like that where 
133:10 we felt like Google was taking 
133:11 action to try to stop Prebid and 
133:12 stop header bidding from getting 
133:13 adoption. 
133:15 - 133:16 O kelley, Brian 2023-09-29 00:00:02 Okelly-Played.69 
133:15 Q. And why was Google against 
133:16 header bidding? 
133:19 - 135:04 O kelley, Brian 2023-09-29 00:01:15 Okelly-Played.70 
133:19 THE WITNESS: My perception, 
133:20 as a market participant, was that 
133:21 one of the -- I mean, if you're 
133:22 running AdX, and you're looking at 
133:23 how do you win as many auctions as 
133:24 you can -- how can you sell as 
134:01 many ads as you can. Your entire 
134:02 revenue, if you think of it, is 
134:03 just, you know, price times rev 
134:04 share times, you know, how many 
134:05 ads you win. Having an unfair 
134:06 ability to, you know, change the 
134:07 decisioning process, to do dynamic 
134:08 allocation and to, you know, sit 
134:09 in front of all of the SSPs, you 
134:10 know, that's a huge advantage. 
134:11 Having header bidding 
134:12 basically meant that every single 
134:13 market participant had the 
134:14 benefits of dynamic allocation. 
134:15 That everybody got to, you know, 
134:16 participate at every level of the 
134:17 waterfall. 
134:18 We were taking away one of 
134:19 the key advantages that AdX had 
134:20 and basically forcing them to 
134:21 compete fairly. And we have clear 
25 / 53 ",text_layer_extracted,[]
okelley-deposition:pdf:26,okelley-deposition,26,"              
    
   
  
   
   
   
   
  
   
 
   
    
  
    
    
  
   
   
  
    
    
  
  
  
Okelly-Played 
D E S I G N A T I O N S O U R C E D U R A T I O N I D 
134:22 evidence that this was, you know, 
134:23 driving prices up, in the sense 
134:24 that if you turn on header 
135:01 bidding, the publisher benefited. 
135:02 If AdX were operating fairly, 
135:03 there should have been no impact 
135:04 on price. 
151:06 - 151:07 O kelley, Brian 2023-09-29 00:00:04 Okelly-Played.71 
151:06 Q. What is Google's open 
151:07 bidding product? 
151:10 - 152:15 O kelley, Brian 2023-09-29 00:01:15 Okelly-Played.72 
151:10 THE  WITNESS:   So  Google  --
151:11 after,  I  don't know,  a year  or  two 
151:12 of  header  bidding getting real 
151:13 traction,  I  think  Google  felt very 
151:14 threatened by fair  competition,  is 
151:15 my perspective. 
151:16 And they decided that they 
151:17 were  going to  open up dynamic 
151:18 allocation to  other  ad exchanges 
151:19 and build their  own competitor  to 
151:20 header  bidding.   And they called 
151:21 it,  at that point,  I  think  it was 
151:22 called EBDA  -- I  forget what it 
151:23 stood for.   But basically --
151:24 BY  MS.  WOOD: 
152:0
1 Q. Exchange bidding? 
152:02 A. Exchange bidding. And they 
152:03 got a better name, which is Open Bidder. 
152:04 And the idea was that any 
152:05 SSP could bid into the same auction as 
152:06 AdX, and then the benefit of, you know, 
152:07 adjusting the price -- adjusting the 
152:08 priority in the waterfall, like AdX, 
152:09 would apply to these other exchanges. 
152:10 And their hypothesis was 
152:11 that this would be giving all of these 
152:12 exchanges the same basic benefit as 
152:13 header bidding and that publishers would 
152:14 then turn oﬀ header bidding in 
26 / 53 ",text_layer_extracted,[]
okelley-deposition:pdf:27,okelley-deposition,27,"              
  
   
  
    
  
   
    
 
 
  
     
  
   
  
 
   
   
 
   
     
   
   
    
    
 
  
   
     
     
     
  
     
   
  
   
    
  
  
Okelly-Played 
D E S I G N A T I O N S O U R C E D U R A T I O N I D 
152:15 preference for open bidding. 
152:16 - 152:18 O kelley, Brian 2023-09-29 00:00:05 Okelly-Played.73 
152:16 Q. And why did Google want, to 
152:17 your understanding, publishers to turn 
152:18 oﬀ header bidding? 
152:22 - 153:06 O kelley, Brian 2023-09-29 00:00:17 Okelly-Played.74 
152:22 THE WITNESS: Well, our 
152:23 perception was that publishers 
152:24 using header bidding would 
153:01 actually route more money away 
153:02 from Google. And so Google would 
153:03 make less money when a lower 
153:04 percentage of the overall 
153:05 impressions when publishers had 
153:06 header bidding turned on. 
153:08 - 153:24 O kelley, Brian 2023-09-29 00:00:41 Okelly-Played.75 
153:08 Q. Was AppNexus a customer of 
153:09 Google's open bidding product? 
153:10 A. No, AppNexus was not. 
153:11 Q. Why not? 
153:12 A. Two reasons. One was that 
153:13 Google had a rule that said that if you 
153:14 participate in open bidding, you could 
153:15 not bring unique demand. You could not 
153:16 bring -- you could not be a DSP . Only 
153:17 SSPs could participate. 
153:18 And because AppNexus was 
153:19 both, we couldn't -- we weren't really 
153:20 allowed to participate. We'd have to --
153:21 there's all these rules that we weren't 
153:22 willing to meet. That's the primary 
153:23 reason, was it just wasn't built in a way 
153:24 that we felt was fair. That's --
154:01 - 154:02 O kelley, Brian 2023-09-29 00:00:02 Okelly-Played.76 
154:01 Q. Why did you feel it was 
154:02 unfair? 
154:05 - 155:01 O kelley, Brian 2023-09-29 00:00:38 Okelly-Played.77 
154:05 THE WITNESS: Because Google 
154:06 could do whatever they wanted. 
27 / 53 ",text_layer_extracted,[]
okelley-deposition:pdf:28,okelley-deposition,28,"              
   
  
 
   
      
 
   
     
     
   
  
   
   
   
    
 
   
    
  
   
   
  
Okelly-Played 
D E S I G N A T I O N S O U R C E D U R A T I O N I D 
154:07 Google  could bring AdSense  demand 
154:08 to  the  table,  they could bring 
154:09 their  DSP  to  the  table.   But we 
154:10 couldn't. 
154:11 They also  were  charging a 
154:12 5  percent fee,  whereas  with  header 
154:13 bidding there  was  no  fee. 
154:14 Also,  header  bidding was 
154:15 open source  and fully in the 
154:16 control  of  the  publisher.   Our 
154:17 fear  was  that as  soon as  Google 
154:18 got rid of  header  bidding,  they 
154:19 would just change  the  rules  on 
154:20 open bidding to  benefit themselves 
154:21 again,  after  killing all  their 
154:22 competitors.   We  were  not in any 
154:23 way interested in making our 
154:24 business  dependent upon Google's 
155:01 business  rules. 
155:0
3 - 155:06 O kelley, Brian 2023-09-29 00:00:08 Okelly-Played.78 
155:03 Q. The 5 percent fee that 
155:04 came -- that Google charged for open 
155:05 bidding, how was that fee paid, if you 
155:06 know --
155:09 - 155:12 O kelley, Brian 2023-09-29 00:00:06 Okelly-Played.79 
155:09 THE WITNESS: I believe it 
155:10 was a rev share. You know, when 
155:11 you bid, they would just take it 
155:12 out of the bid. 
155:14 - 155:17 O kelley, Brian 2023-09-29 00:00:11 Okelly-Played.80 
155:14 Q. And to your knowledge, when 
155:15 AdX competes against other non-Google 
155:16 exchanges via open bidding, does AdX pay 
155:17 that 5 percent fee? 
155:20 - 155:21 O kelley, Brian 2023-09-29 00:00:03 Okelly-Played.81 
155:20 THE WITNESS: I don't think 
155:21 so, but I'm not sure. 
155:23 - 156:04 O kelley, Brian 2023-09-29 00:00:15 Okelly-Played.82 
155:23 Q. How, if at all, would the 
28 / 53 ",text_layer_extracted,[]
okelley-deposition:pdf:29,okelley-deposition,29,"              
 
    
   
   
   
    
   
   
   
     
     
     
 
     
   
    
    
      
     
     
   
     
    
   
  
   
     
    
 
  
   
  
     
    
 
   
   
  
Okelly-Played 
D E S I G N A T I O N S O U R C E D U R A T I O N I D 
155:24 fact that third-party exchanges pay a 
156:01 5 percent fee, but AdX does not pay a 
156:02 5 percent fee, impact those third-party 
156:03 exchanges' ability to compete in open 
156:04 bidding? 
156:08 - 157:16 O kelley, Brian 2023-09-29 00:01:04 Okelly-Played.83 
156:08 THE WITNESS: Going back to 
156:09 basic auction dynamics, if the 
156:10 demand is the same, just assuming 
156:11 that everyone had the same demand, 
156:12 the DSP bids a dollar on each of 
156:13 these platforms. To win you have 
156:14 to pay the highest price. So if 
156:15 you're paying an additional 
156:16 5 percent fee, you have to take 
156:17 that out of your take rate. 
156:18 So anyone else -- because if 
156:19 you just take it out of the gross, 
156:20 you're going to lose. So to win 
156:21 you have to take a 5 percent lower 
156:22 margin than AdX. So if AdX is 
156:23 charging 20 percent, you're going 
156:24 to have to charge 14 percent to 
157:01 even be at parity with Google. So 
157:02 it just gives Google a huge profit 
157:03 advantage. 
157:04 It also means that as 
157:05 auctions get more competitive, you 
157:06 know, Google has 5 percent more to 
157:07 play with. If they wanted to take 
157:08 a margin hit, they could 
157:09 potentially just, you know, 
157:10 imagine that they took a 4 1/2 
157:11 percent margin, they'll always 
157:12 win. No one can compete with 
157:13 Google. They have, eﬀectively, a 
157:14 trump card to win any auction they 
157:15 want to because they have a lower 
157:16 fee. 
159:03 - 159:06 O kelley, Brian 2023-09-29 00:00:09 Okelly-Played.84 
29 / 53 ",text_layer_extracted,[]
okelley-deposition:pdf:30,okelley-deposition,30,"              
   
 
   
   
     
     
   
  
  
    
     
  
     
  
 
     
   
    
     
    
     
 
   
     
      
   
    
  
  
      
      
    
   
    
    
  
Okelly-Played 
D E S I G N A T I O N S O U R C E D U R A T I O N I D 
159:03 Q. And how, if at all, would Okelly-Played.84 
159:04 more data about diﬀerent bid prices 
159:05 impact your ability to compete in future 
159:06 auctions? 
159:10 - 160:17 O kelley, Brian 2023-09-29 00:01:01 Okelly-Played.85 
159:10 THE WITNESS: I mean, the 
159:11 more data you have -- if you know 
159:12 that this particular user on this 
159:13 particular site got these 
159:14 diﬀerent bids, you certainly 
159:15 could use that to inform how you 
159:16 shade or how you actually do yield 
159:17 management on behalf of the 
159:18 publisher or on behalf of your own 
159:19 exchange. 
159:20 You might also know, 
159:21 assuming that you could find out 
159:22 the advertiser or the DSP that's 
159:23 bidding, you could figure out why 
159:24 is this advertiser working with a 
160:01 competitor. Because these are all 
160:02 competitors of AdX. They are 
160:03 basically getting their 
160:04 competitors to share all of their 
160:05 information with Google. 
160:06 So, you know, a scary part 
160:07 of this would be if you see 
160:08 Coca-Cola buying exclusively 
160:09 through one of the SSPs, you know, 
160:10 it would be very tempting to go to 
160:11 your sales team and say, can you 
160:12 call Coke and find out why they 
160:13 are working only with PubMatic. 
160:14 You know, let's see if we can give 
160:15 them a better rate. Or let's see 
160:16 what we can do to get them on our 
160:17 platform. 
161:06 - 161:08 O kelley, Brian 2023-09-29 00:00:07 Okelly-Played.86 
161:06 Q. Are you familiar with the 
161:07 term ""dynamic revenue share"" in the 
30 / 53 ",text_layer_extracted,[]
okelley-deposition:pdf:31,okelley-deposition,31,"              
 
   
   
   
  
    
    
    
   
   
   
     
  
   
   
  
   
 
   
    
     
      
  
  
   
    
  
     
    
 
 
 
   
   
   
     
   
  
Okelly-Played 
D E S I G N A T I O N S O U R C E D U R A T I O N I D 
161:08 context of display transactions? 
161:11 - 161:11 O kelley, Brian 2023-09-29 00:00:01 Okelly-Played.87 
161:11 THE WITNESS: Yes. 
161:13 - 161:19 O kelley, Brian 2023-09-29 00:00:19 Okelly-Played.88 
161:13 Q. What is dynamic revenue 
161:14 share? 
161:15 A. Dynamic revenue share is the 
161:16 idea of, you know, changing the rev share 
161:17 that an exchange takes, or an SSP takes, 
161:18 to increase the likelihood that it wins 
161:19 an auction. 
163:09 - 163:11 O kelley, Brian 2023-09-29 00:00:08 Okelly-Played.89 
163:09 Q. And how, if at all, did 
163:10 Google's use of dynamic revenue share 
163:11 impact your ability to compete? 
163:12 - 163:13 O kelley, Brian 2023-09-29 00:00:01 Okelly-Played.90 
163:12 MR. JUSTUS: Objection --
163:13 BY MS. WOOD: 
163:14 - 163:14 O kelley, Brian 2023-09-29 00:01:25 Okelly-Played.91 
163:14 Q. -- with Google? 
163:17 - 165:11 O kelley, Brian 2023-09-29 00:01:26 Okelly-Played.92 
163:17 THE WITNESS: Because they 
163:18 were changing the price. The net 
163:19 price of the publisher is the bid 
163:20 minus the rev share. 
163:21 The advantage that Google 
163:22 had against us was that, because 
163:23 they could see all the bids, they 
163:24 could adjust the rev share at the 
164:01 end. So we could have taken a 
164:02 lower rev share, but we were just 
164:03 guessing at what the clearing 
164:04 price would be. 
164:05 But since they sat at the 
164:06 end of the auction, they would 
164:07 know -- let's say their highest 
164:08 bid was a dollar, that our highest 
164:09 bid was $0.90. If they took their 
164:10 full 20 percent rev share, they 
31 / 53 ",text_layer_extracted,[]
okelley-deposition:pdf:32,okelley-deposition,32,"Okelly-Played - 11-30pm 
DESIGNATION SOURCE DURATION ID 
164:11 would lose. But if they took a 
164:12 9 percent rev share, they wou ld 
164:13 win. 
164:14 And so because they were at 
164:15 the end of the process, because 
164:16 they owned the ad server, they 
164:17 could win that impression. 
164:18 It might make more sense for 
164:19 them, commercially, to get 
164:20 9 percent versus nothing. And 
164:21 from our perspective, you know, 
164:22 gett ing noth ing versus 10 percent 
164:23 was a huge impact. 
164:24 And then there's a second 
165:01 knoc k on effect for us was the 
165:02 perception of publishe rs that 
165:03 Google -- that AdX was a large 
165:04 percentage of their revenue. The 
165:05 more share that Google had, the 
165:06 more power they had over the 
165:07 market. Whether that was 
165:08 legitimate or whether that was 
165:09 because of more demand or --you 
165:10 know, it seemed like they were 
165:11 winning a lot. 
165:12 - 166:11 Okelley , Brian 2023-09-29 00:00:59 Okelly-Played.93 
165:12 BYMS. WOOD: 
165:13 Q. And how did Google's AdX 
165:14 take rate change, if at all, over the 
165:15 time period you were in the market, from 
165:16 2007 to 2019? 
165:17 MR. JUSTUS: Objection. 
165:18 Form. 
165:19 THE WITNESS: I don 't know. 
165:20 BYMS. WOOD: 
165:21 Q. How did AppNexus's take rate 
165:22 change over that same time period, 2007 
165:23 to 2019? 
165:24 A. I th ink that we started out 
166:01 at percent in 2007, realized we were 
32 / 53 ",text_layer_extracted,[]
okelley-deposition:pdf:33,okelley-deposition,33,"Okelly-Played - 11-30pm 
DESIGNATION SOURCE DURATION ID 
166:02 dramat ically under market price, and I 
166:03 thin k we increased ou r take rate, for the 
166:04 SSP business, to around I percent, as 
166:05 sort of a baseline. 
166:06 And I feel like with header 
166:07 bidding and, you know, ou r ad server 
166:08 business and things, I th ink we began to 
166:09 discount toward the end of that t ime 
166:10 period. But I th ink we were always in 
166:11 thatlllpercent range. 
167:07 - 167:09 Okelley , Brian 2023-09 -29 00:00:05 Okelly-Played.94 
167:07 Q. And do you think that highe r 
167:08 take rate was based on the fact that 
167:09 Google had a superior product? 
167:12 -167:17 Okelley , Brian 2023-09 -29 00:00:12 Okelly-Played.95 
167:12 THE WITNESS: Well, of 
167:13 course I didn't think they had a 
167:14 super ior product. But I don 't --
167:15 I can't speculate on why 
167:16 publishers were willing to pay 
167:17 thei r price versus ou rs. 
167:19 - 167:21 Okelley , Brian 2023-09 -29 00:00:06 Okelly-Played.96 
167:19 Q. Did you ever have a 
167:20 discussion with publ ishers about that 
167:21 subject? 
167:24 - 168:20 Okelley , Brian 2023-09 -29 00:00:35 Okelly-Played.97 
167:24 THE WITNESS: The best way I 
168:01 could characterize it is that 
168:02 publishers turned on header 
168:03 bidding because they wanted 
168:04 competit ion, and they wanted to 
168:05 work with more exchanges than just 
168:06 Google. 
168:07 But there was not a true 
168:08 competit ive quest ion. There 
168:09 wasn't, like, hey, you should turn 
168:10 off AdX in DFP and turn off 
168:11 App Nexus. We couldn 't turn off 
168:12 AdX, and so the re was not really a 
33/53 ",text_layer_extracted,[]
okelley-deposition:pdf:34,okelley-deposition,34,"              
  
 
  
  
   
   
   
    
      
      
     
   
   
  
   
  
   
    
   
  
   
     
   
    
      
 
 
  
       
  
Okelly-Played 
D E S I G N A T I O N S O U R C E D U R A T I O N I D 
168:13 competitive  conversation.   It 
168:14 wasn't,  you  know,  do  you  want to 
168:15 choose  us  for  10  percent or  AdX  at 
168:16 20  percent. 
168:17 It was,  well,  granted,  leave 
168:18 AdX  on,  because  it's  built on,  and 
168:19 we're  going to  work  with  you 
168:20 through  header  bidding. 
170:20 - 170:22 O kelley, Brian 2023-09-29 00:00:10 Okelly-Played.98 
170:20 Q. And do exchanges incur 
170:21 operating costs, even when they fail to 
170:22 win an impression? 
171:01 - 171:01 O kelley, Brian 2023-09-29 00:00:01 Okelly-Played.99 
171:01 THE WITNESS: Yes. 
172:13 - 173:02 O kelley, Brian 2023-09-29 00:00:44 Okelly-Played.10 
0 172:13 Q. Do you bid on -- do you win 
172:14 10 percent of what you bid on? You know, 
172:15 if so, what are the costs to expose 
172:16 yourself to the 90 percent that you lose? 
172:17 All of that is a very 
172:18 inartful way of saying -- I'm trying to 
172:19 understand, from an operating cost 
172:20 perspective, how a -- an exchange has 
172:21 to -- strike that. 
172:22 How does the fact that an 
172:23 exchange has to incur operating costs, 
172:24 even when they fail to win, impact 
173:01 exchanges' ability to fund their 
173:02 operations? 
173:06 - 173:21 O kelley, Brian 2023-09-29 00:00:32 Okelly-Played.10 
1 173:06 THE WITNESS: Most of the --
173:07 because -- because the technical 
173:08 infrastructure is on all the time, 
173:09 it has to be able to handle spikes 
173:10 and volume. 
173:11 We treated our 
173:12 infrastructure cost as, 
173:13 eﬀectively, a fixed cost, not a 
173:14 variable cost. So if you think of 
34 / 53 ",text_layer_extracted,[]
okelley-deposition:pdf:35,okelley-deposition,35,"              
   
    
   
     
   
   
  
   
   
    
   
   
  
 
   
  
     
   
   
    
    
  
   
   
     
    
  
   
  
   
     
    
    
  
Okelly-Played 
D E S I G N A T I O N S O U R C E D U R A T I O N I D 
173:15 it as a tenth of a cent per 
173:16 thousands of impressions of cost, 
173:17 that's not a tenth of a cent of 
173:18 impressions we win. It's a tenth 
173:19 of a cent for all impressions, 
173:20 whether we win or not. 
173:21 An so our profitability, 
174:06 - 174:12 O kelley, Brian 2023-09-29 00:00:11 Okelly-Played.10 
2 174:06 So -- and if we won only 
174:07 1 percent, we would be out of 
174:08 business because we would be 
174:09 negative. 
174:10 So win rate is directly 
174:11 correlated to revenue but not 
174:12 correlated to cost. 
175:18 - 175:21 O kelley, Brian 2023-09-29 00:00:09 Okelly-Played.10 
3 175:18 Q. At AppNexus, did you attempt 
175:19 to get access to the Google AdSense 
175:20 demand? 
175:21 A. Yes. 
176:01 - 176:01 O kelley, Brian 2023-09-29 00:00:01 Okelly-Played.10 
4 176:01 Q. Why? 
176:04 - 176:13 O kelley, Brian 2023-09-29 00:00:17 Okelly-Played.10 
5 176:04 THE WITNESS: Two reasons. 
176:05 One is that it was a very, very 
176:06 large demand source that would 
176:07 increase our revenue and win rate 
176:08 and help our publishers make more 
176:09 money. 
176:10 And, two, because we were at 
176:11 a very significant market 
176:12 disadvantage to AdX, who had that 
176:13 demand, and we didn't. 
176:15 - 176:20 O kelley, Brian 2023-09-29 00:00:12 Okelly-Played.10 
6 176:15 Q. And if you had been 
176:16 successful in getting access to the 
176:17 AdSense demand, was it your belief, at 
176:18 the time, that would have further allowed 
176:19 you to develop your publisher ad server 
35 / 53 ",text_layer_extracted,[]
okelley-deposition:pdf:36,okelley-deposition,36,"              
   
     
    
    
  
   
   
 
    
   
   
    
   
    
    
    
   
    
  
   
    
    
   
    
  
    
   
  
 
     
 
     
    
 
  
   
    
 
  
Okelly-Played 
D E S I G N A T I O N S O U R C E D U R A T I O N I D 
176:20 services? 
176:23 - 177:09 O kelley, Brian 2023-09-29 00:00:23 Okelly-Played.10 
7 176:23 THE WITNESS: Yes. I 
176:24 believe that, you know, being able 
177:01 to demonstrate to publishers that 
177:02 we had parity in demand to Google 
177:03 would have made it much more 
177:04 compelling for them to switch. 
177:05 And the idea that switching would 
177:06 cause them to lose a significant 
177:07 source of demand made it very 
177:08 diﬀicult for us to convince 
177:09 publishers to make the switch. 
177:11 - 177:14 O kelley, Brian 2023-09-29 00:00:10 Okelly-Played.10 
8 177:11 Q. And would increasing your 
177:12 access to demand sources, such as 
177:13 Google's AdSense, increase your ability 
177:14 to compete in the ad exchange market? 
177:17 - 179:07 O kelley, Brian 2023-09-29 00:01:14 Okelly-Played.10 
9 177:17 THE WITNESS: The ad 
177:18 exchange market was inherently 
177:19 competitive in the sense that it 
177:20 was all based on, towards the 
177:21 later years, just price. You 
177:22 know, publishers would work with 
177:23 all the exchanges, and whoever won 
177:24 the header auction would win. 
178:01 So if other header bidding 
178:02 participants had more or better 
178:03 demand, then they would have won 
178:04 more auctions. 
178:05 So relative to them, if we 
178:06 had demand they didn't, that would 
178:07 be great for our business. But 
178:08 relative to Google, who didn't 
178:09 participate in that market -- so 
178:10 you're saying the ad exchange 
178:11 market is like -- it's almost like 
178:12 there's the market for all these 
178:13 open independent ad exchanges, and 
36 / 53 ",text_layer_extracted,[]
okelley-deposition:pdf:37,okelley-deposition,37,"              
  
    
  
  
  
  
  
   
    
    
    
   
    
     
   
   
   
   
    
    
      
   
      
   
   
   
    
   
  
   
  
     
  
Okelly-Played 
D E S I G N A T I O N S O U R C E D U R A T I O N I D 
178:14 then there isn't a market for ad 
178:15 exchanges inside of DFP because 
178:16 that was tied to DFP . 
178:17 So I'm --
178:18 BY MS. WOOD: 
178:19 Q. What do you mean by that? 
178:20 A. Well, DFP only served --
178:21 MR. JUSTUS: Objection. 
178:22 Form. 
178:23 THE WITNESS: -- DFP had AdX 
178:24 built in. So you couldn't say, 
179:01 hey, I want you to run AppNexus 
179:02 exchange on DFP . That wasn't 
179:03 possible. 
179:04 So I guess I'm saying is 
179:05 there was not -- there was no real 
179:06 market for ad exchanges because it 
179:07 was so tied into DFP . 
180:21 - 180:24 O kelley, Brian 2023-09-29 00:00:10 Okelly-Played.11 
0 180:21 Q. And how,  if  at all,  did a 
180:22 10  percent,  approximately,  win rate  
180:23 at the  time  you  leftAppNexus  impact 
180:24 AppNexus's  ability to  compete? 
181:
03 - 181:21 O kelley, Brian 2023-09-29 00:00:46 Okelly-Played.11 
1 181:03 THE WITNESS: I would say 
181:04 that we were large enough -- going 
181:05 back to the math around, you know, 
181:06 sort of revenue versus cost. 
181:07 Like, we were able to have a 
181:08 global, you know, scaled 
181:09 infrastructure with, you know, 
181:10 85-ish percent gross margins at
181:11 that rate, and we were able to
181:12 invest a lot of our revenue into
181:13 R&D.
181:14 But we were not big enough
181:15 to really move the market
181:16 independently, if that makes
181:17 sense.
181:18 So we were -- we were in a
37 / 53 ",text_layer_extracted,[]
okelley-deposition:pdf:38,okelley-deposition,38,"              
  
   
   
   
   
     
    
   
    
   
  
  
    
    
   
   
  
  
  
 
   
   
   
   
   
    
 
  
   
   
  
    
   
    
   
    
    
  
  
Okelly-Played 
D E S I G N A T I O N S O U R C E D U R A T I O N I D 
181:19 good place, but we certainly 
181:20 didn't feel like we had the 
181:21 ability to drive the market. 
181:23 - 182:01 O kelley, Brian 2023-09-29 00:00:06 Okelly-Played.11 
2 181:23 Q. What do you mean you weren't 
181:24 able -- you didn't feel AppNexus was big 
182:01 enough to move the market independently? 
182:04 - 182:16 O kelley, Brian 2023-09-29 00:00:31 Okelly-Played.11 
3 182:04 THE WITNESS: I just felt 
182:05 like -- I could imagine being in a 
182:06 position where we controlled so 
182:07 much demand that we could get a 
182:08 publisher to change ad servers or 
182:09 we could convince people to do 
182:10 things that were more in our 
182:11 benefit than theirs. 
182:12 Like we -- that would be a 
182:13 powerful market or category 
182:14 leadership position. We 
182:15 definitely did not feel like we 
182:16 were in that position. 
182:18 - 182:19 O kelley, Brian 2023-09-29 00:00:04 Okelly-Played.11 
4 182:18 Q. And who, if anyone, in the 
182:19 market did you feel was in that position? 
182:22 - 183:02 O kelley, Brian 2023-09-29 00:00:09 Okelly-Played.11 
5 182:22 THE WITNESS: Well, 
182:23 certainly, we felt like Google was 
182:24 using their leadership position in 
183:01 ways that made it very diﬀicult 
183:02 for others to compete. 
183:04 - 183:05 O kelley, Brian 2023-09-29 00:00:05 Okelly-Played.11 
6 183:04 Q. And what did Google do that 
183:05 made it diﬀicult for others to compete? 
183:08 - 183:21 O kelley, Brian 2023-09-29 00:00:40 Okelly-Played.11 
7 183:08 THE WITNESS: From my 
183:09 perspective, and we can talk about 
183:10 that all day long, I think the 
183:11 specific areas where we felt like 
183:12 we were in a disadvantaged 
38 / 53 ",text_layer_extracted,[]
okelley-deposition:pdf:39,okelley-deposition,39,"              
    
     
     
     
    
   
     
 
   
   
  
  
Okelly-Played 
D E S I G N A T I O N S O U R C E D U R A T I O N I D 
183:13 position were the lack of access 
183:14 to AdSense demand, the lack of 
183:15 access for our DSP to YouTube 
183:16 inventory, the tying of DFP to AdX 
183:17 without fair access to the ad 
183:18 server. 
183:19 Those are three just very 
183:20 clear areas where we felt like we 
183:21 were disadvantaged competitively. 
189:07 - 190:10 O kelley, Brian 2023-09-29 00:01:13 Okelly-Played.11 
8 189:07 Q. And,  ultimately,  did people 
189:08 choose  the  AppNexus  ad server  over 
189:09 Google's  ad server? 
189:10 A. Yes,  we  did,  especially in 
189:11 Europe,  have  a good amount of  success 
189:12 selling the  ad server.   So  we  did win 
189:13 business.   We  did deliver,  you  know,  some 
189:14 very strong case  studies  that we  could 
189:15 drive  better  yield with  our  ad server 
189:16 product. 
189:17 Q. What type  of  market share 
189:18 did your  ad server  product have? 
189:19 A. I  don't -- I  don't know  of 
189:20 any,  like,  way to  measure  that outside 
189:21 of,  you  know,  like,  number  of,  like, 
189:22 deals  we'd win or  lose,  except we  didn't 
189:23 know  the  total  market share. 
189:24 Q. How  many publishers  did you 
190:01 have  for  your  publisher  ad server? 
190:02 A. When I  left,  I  bet we  had 190:03 
30. 
190:04 Q. And how  many publishers  did 
190:05 you  have  in the  United States? 
190:06 A. Not very many.   When I  left, 
190:07 we  might have  had one  or  two. 
190:08 Q. Who  were  they? 
190:09 A. I  can't remember,  but they 
190:10 were  smaller  publishers. 
1
94:05 - 194:14 O kelley, Brian 2023-09-29 00:00:27 Okelly-Played.11 
9 194:05 So what was AppNexus? 
39 / 53 ",text_layer_extracted,[]
okelley-deposition:pdf:40,okelley-deposition,40,"              
  
 
  
  
   
   
   
   
   
   
  
  
   
    
 
   
  
Okelly-Played 
D E S I G N A T I O N S O U R C E D U R A T I O N I D 
194:06 A. AppNexus  was  a technology 
194:07 company that built solutions  in the 
194:08 advertising space. 
194:09 Q. Did AppNexus  oﬀer  tools  to 
194:10 help publishers  sell  ad space? 
194:11 A. Yes. 
194:12 Q. And did it oﬀer  tools  to 
194:13 help advertisers  buy ad space? 
194:14 A. Yes. 
194:15 - 194:18 O kelley, Brian 2023-09-29 00:00:09 Okelly-Played.12 
0 194:15 Q. And so AppNexus competed 
194:16 with Google in providing advertising 
194:17 technology to buyers and sellers of 
194:18 digital ads; is that correct? 
194:23 - 194:23 O kelley, Brian 2023-09-29 00:00:01 Okelly-Played.12 
1 194:23 A. Yes. 
195:14 - 195:23 O kelley, Brian 2023-09-29 00:00:30 Okelly-Played.12 
2 195:14 Q. Was  Microsoft an early 
195:15 investor  in AppNexus? 
195:16 A. Microsoft invested in 2010. 
195:17 Q. And what kind of  investment 
195:18 did Microsoft make  in AppNexus  in 2010? 
195:19 A. That was  our  Series  C  round. 
195:20 Microsoft invested $42  million of  the 
195:21 $50  million of  investment in that round. 
195:22 Q. Was  Microsof a major client  
195:23 of  AppNexus? 
1
96:02 - 196:05 O kelley, Brian 2023-09-29 00:00:07 Okelly-Played.12 
3 1
96:02 THE WITNESS: Yes. 
196:03 BY MR. JUSTUS: 
196:04 Q. Was it AppNexus's biggest 
196:05 client? 
196:08 - 196:10 O kelley, Brian 2023-09-29 00:00:03 Okelly-Played.12 
4 196:08 THE WITNESS: They were our 
196:09 largest client by revenue when we 
196:10 sold. 
205:05 - 205:08 O kelley, Brian 2023-09-29 00:00:08 Okelly-Played.12 
5 205:05 Would you  say that Microsoft 
205:06 paid AppNexus  more  than $50  million over 
40 / 53 ",text_layer_extracted,[]
okelley-deposition:pdf:41,okelley-deposition,41,"              
  
 
   
   
  
   
 
   
   
   
   
   
   
   
   
   
   
    
  
Okelly-Played 
D E S I G N A T I O N S O U R C E D U R A T I O N I D 
205:07 the  years  Microsoft was  AppNexus's 
205:08 client? 
205
:11 - 205:11 O kelley, Brian 2023-09-29 00:00:02 Okelly-Played.12 
6 205:11 THE WITNESS: Probably. 
205:13 - 205:15 O kelley, Brian 2023-09-29 00:00:04 Okelly-Played.12 
7 205:13 Q. Did you have an ownership 
205:14 stake in AppNexus, Mr. O'Kelley? 
205:15 A. I did. 
206:15 - 206:17 O kelley, Brian 2023-09-29 00:00:08 Okelly-Played.12 
8 206:15 So  Microsoft paid AppNexus 
206:16 at least $50  million.   Was  that good for 
206:17 the  value  of  your  shares  in AppNexus? 
20
6:21 - 206:23 O kelley, Brian 2023-09-29 00:00:07 Okelly-Played.12 
9 206:21 THE  WITNESS:   Yeah,  I  mean, 
206:22 having Microsoft as  a client was 
206:23 good for  AppNexus  as  a company. 
20
7:01 - 207:02 O kelley, Brian 2023-09-29 00:00:02 Okelly-Played.13 
0 207:01 Q. And good for  you  as  an 
207:02 owner? 
207:05 - 207:05 O kelley, Brian 2023-09-29 00:00:02 Okelly-Played.13 
1 207:05 THE WITNESS: Yeah. 
210:21 - 210:24 O kelley, Brian 2023-09-29 00:00:07 Okelly-Played.13 
2 210:21 Q. To  the  best of  your 
210:22 knowledge,  did Microsoft acquire 
210:23 AppNexus's  end-to-end ad tech  stack 
210:24 technology? 
21
1:04 - 211:09 O kelley, Brian 2023-09-29 00:00:13 Okelly-Played.13 
3 211:04 THE  WITNESS:   To  the  best of 
211:05 my knowledge,  I  believe  they did. 
211:06 BY  MR.  JUSTUS: 
211:07 Q. And when AppNexus  operated 
211:08 that end-to-end ad tech  stack  technology, 
211:09 AppNexus  competed with  Google,  correct? 
211:13 - 211:13 O kelley, Brian 2023-09-29 00:00:01 Okelly-Played.13 
4 211:13 THE WITNESS: Yes. 
236:08 - 236:10 O kelley, Brian 2023-09-29 00:00:06 Okelly-Played.13 
5 236:08 Q. Do you recall, Mr. O'Kelley, 
41 / 53 ",text_layer_extracted,[]
okelley-deposition:pdf:42,okelley-deposition,42,"              
     
   
  
   
   
   
 
   
  
 
   
 
    
 
   
   
  
Okelly-Played 
D E S I G N A T I O N S O U R C E D U R A T I O N I D 
236:09 meeting with the DOJ in March of 2023? 
236:10 A. Yes. 
236:23 - 236:24 O kelley, Brian 2023-09-29 00:00:04 Okelly-Played.13 
6 236:23 Q. Was Ms. Wood there? 
236:24 A. Yep. It was just us. 
249:05 - 249:07 O kelley, Brian 2023-09-29 00:00:06 Okelly-Played.13 
7 249:05 So did AppNexus operate a 
249:06 publisher ad server? 
249:07 A. Yes. 
251:21 - 251:23 O kelley, Brian 2023-09-29 00:00:04 Okelly-Played.13 
8 251:21 Q. Did AppNexus operate the 
251:22 AppNexus SSP? 
251:23 A. Yes. 
252:14 - 252:17 O kelley, Brian 2023-09-29 00:00:06 Okelly-Played.13 
9 252:14 Q. Did it have a functionality 
252:15 to do a realtime bid for a single 
252:16 impression among various bidders? 
252:17 A. Yes. 
252:21 - 253:07 O kelley, Brian 2023-09-29 00:00:20 Okelly-Played.14 
0 252:21 Q. So  did AppNexus  operate  an 
252:22 ad exchange? 
252:23 A. By that definition,  yes. 
252:24 Q. And it was  called the 
253:01 AppNexus  SSP? 
253:02 A. Yes. 
253:03 Q. Did AppNexus  operate  a DSP? 
253:04 A. Yes. 
253:05 Q. What was  it called? 
253:06 A. We  probably called it the 
253:07 AppNexus  DSP . 
254:15 - 254:22 O kelley, Brian 2023-09-29 00:00:21 Okelly-Played.14 
1 254:15 Q. So  I'm  showing you, 
254:16 Mr.  O'Kelley,  what we're  marking as 
254:17 O'Kelley Exhibit 5.   Do  you  recognize 
254:18 this  document? 
254:19 A. I  do.   This  is  the  -- some 
254:20 draft or  some  part of  the  process  of 
254:21 getting to  an S-1  filing for  AppNexus,  I 
254:22 think. 
42 / 53 ",text_layer_extracted,[]
okelley-deposition:pdf:43,okelley-deposition,43,"              
   
   
    
  
   
   
   
  
 
   
  
      
     
 
   
    
     
  
  
   
   
    
      
 
  
    
   
  
  
 
  
Okelly-Played 
D E S I G N A T I O N S O U R C E D U R A T I O N I D 
255:19 - 255:21 O kelley, Brian 2023-09-29 00:00:08 Okelly-Played.14 
2 255:19 Q. Do  you  have  any reason to 
255:20 doubt that this  is  a true  and accurate 
255:21 copy of  this  Project Catapult draft? 
25
5:24 - 256:01 O kelley, Brian 2023-09-29 00:00:02 Okelly-Played.14 
3 255:24 THE WITNESS: I don't have 
256:01 any reason to disbelieve it. 
256:07 - 258:01 O kelley, Brian 2023-09-29 00:01:34 Okelly-Played.14 
4 256:07 Q. Can you read the header that 
256:08 begins, ""We operate, "" and stop at 
256:09 ""Facebook""? 
256:10 A. Sure. 
256:11 ""We operate in an intensely 
256:12 competitive market that includes 
256:13 companies that have greater financial, 
256:14 technical, and marketing resources than 
256:15 we do. We face intense competition in 
256:16 the marketplace. We are confronted by 
256:17 rapidly changing technology, evolving 
256:18 user needs, and the frequent introduction 
256:19 by our competitors of new and enhanced 
256:20 services. We compete for digital 
256:21 advertising spending against a variety of 
256:22 competitors, including Google and 
256:23 Facebook. "" 
256:24 Q. Oh, keep going until the 
257:01 second Facebook. I'm sorry. 
257:02 A. Okay. 
257:03 ""Who, in some cases, are 
257:04 also buyers on our enterprise technology 
257:05 platform. We also compete for supply of 
257:06 digital advertising inventory against a 
257:07 variety of competitors, including Google 
257:08 and Facebook. "" 
257:09 Q. So, Mr. O'Kelley, who were 
257:10 the competitors that AppNexus was 
257:11 referring to in this document? 
257:12 A. Google and Facebook, for 
257:13 sure. 
257:14 Q. Who else? 
43 / 53 ",text_layer_extracted,[]
okelley-deposition:pdf:44,okelley-deposition,44,"              
    
    
    
  
  
  
    
     
    
      
  
   
 
 
  
   
   
 
    
     
    
   
   
  
  
      
    
   
   
   
  
    
   
   
  
Okelly-Played 
D E S I G N A T I O N S O U R C E D U R A T I O N I D 
257:15 A. I don't -- I mean, I see 
257:16 what it says. I don't remember what we 
257:17 were meaning beyond that, if that's what 
257:18 you were asking. 
257:19 Q. Did AppNexus have other 
257:20 competitors, beyond Google and Facebook, 
257:21 by the time this document was prepared? 
257:22 A. Yes. There were a number of 
257:23 other companies in the ad tech space, 
257:24 some of who we mentioned, SSPs, DSPs. 
258:01 Primarily those two categories. 
260:17 - 261:04 O kelley, Brian 2023-09-29 00:00:34 Okelly-Played.14 
5 260:17 AppNexus bought a publisher 
260:18 ad server, correct? 
260:19 A. Yes. 
260:20 Q. And it bought YieldX for the 
260:21 purpose of helping publishers manage 
260:22 yield? 
260:23 A. Yes. 
260:24 Q. So what's the AppNexus 
261:01 Publisher Suite? 
261:02 A. I think back in the day we 
261:03 used that to refer to -- I think it was 
261:04 our ad server and YieldX and our SSP . 
261:12 - 262:01 O kelley, Brian 2023-09-29 00:00:32 Okelly-Played.14 
6 261:12 Q. So, Mr. O'Kelley, I'm 
261:13 showing you what we're marking as 
261:14 O'Kelley Exhibit 6. 
261:15 This document has two 
261:16 pieces. The cover sheet is the metadata 
261:17 for the document, and then the second 
261:18 thing is the actual presentation I'm 
261:19 going to ask you about. 
261:20 A. Cool. 
261:21 Q. Do you recognize this 
261:22 document? 
261:23 A. I don't recognize this 
261:24 particular document. But it's an 
262:01 AppNexus, you know, format deck. 
268:07 - 268:09 O kelley, Brian 2023-09-29 00:00:05 Okelly-Played.14 
44 / 53 ",text_layer_extracted,[]
okelley-deposition:pdf:45,okelley-deposition,45,"              
  
    
   
   
 
   
 
     
  
   
   
   
 
  
 
   
   
   
 
      
   
   
   
   
     
    
   
     
   
 
   
   
 
  
Okelly-Played 
D E S I G N A T I O N S O U R C E D U R A T I O N I D 
268:07 Q. So AppNexus did integrate 7 
268:08 its ad server and the AppNexus SSP , 
268:09 correct? 
268:12 - 268:18 O kelley, Brian 2023-09-29 00:00:10 Okelly-Played.14 
8 268:12 THE WITNESS: My 
268:13 recollection was that we 
268:14 integrated our ad server with an 
268:15 open header bidding platform, 
268:16 which gave us the ability to plug 
268:17 in various SSPs, including our 
268:18 own. 
269:17 - 269:22 O kelley, Brian 2023-09-29 00:00:12 Okelly-Played.14 
9 269:17 Did that integration allow 
269:18 publishers to compare what they would get 
269:19 for a specific impression from a 
269:20 direct-sold campaign with what it would 
269:21 get from a specific impression from 
269:22 realtime bidding? 
270:01 - 270:01 O kelley, Brian 2023-09-29 00:00:01 Okelly-Played.15 
0 270:01 THE WITNESS: Yes. 
270:03 - 270:05 O kelley, Brian 2023-09-29 00:00:06 Okelly-Played.15 
1 270:03 Q. And then choose, between 
270:04 those two sources of demand, which one 
270:05 would give them the best revenue? 
270:08 - 270:08 O kelley, Brian 2023-09-29 00:00:01 Okelly-Played.15 
2 270:08 THE WITNESS: Yes. 
270:16 - 271:14 O kelley, Brian 2023-09-29 00:00:45 Okelly-Played.15 
3 270:16 Q. All right. Then we'll go to 
270:17 the page labeled 881 at the end. 
270:18 A. Got it. 
270:19 Q. And this slide is titled, 
270:20 ""The AppNexus Approach to Video Ad 
270:21 Server. "" 
270:22 Do you see that? 
270:23 A. I do. 
270:24 Q. And there are four columns 
271:01 of information on this slide, right? 
271:02 A. Yes. 
271:03 Q. And the second column is 
45 / 53 ",text_layer_extracted,[]
okelley-deposition:pdf:46,okelley-deposition,46,"              
 
   
 
  
      
   
 
 
 
    
  
   
    
 
   
  
 
  
   
     
     
   
   
   
   
    
    
 
   
   
    
     
   
      
  
Okelly-Played 
D E S I G N A T I O N S O U R C E D U R A T I O N I D 
271:04 titled ""One Platform. "" 
271:05 Do you see that? 
271:06 A. I do. 
271:07 Q. And the first sentence under 
271:08 One Platform reads, ""We are the only 
271:09 independent ad server with our own unique 
271:10 advertiser demand. "" 
271:11 Did I read that right? 
271:12 A. You did. 
271:13 Q. So you agree AppNexus had 
271:14 unique advertiser demand? 
271:17 - 271:18 O kelley, Brian 2023-09-29 00:00:02 Okelly-Played.15 
4 271:17 THE WITNESS: We claimed it 
271:18 here, yes. 
274:11 - 274:15 O kelley, Brian 2023-09-29 00:00:10 Okelly-Played.15 
5 274:11 Q. Did AppNexus do something 
274:12 called supply path optimization? 
274:13 A. Yes. 
274:14 Q. Was that abbreviated as SPO? 
274:15 A. It was. 
275:13 - 275:15 O kelley, Brian 2023-09-29 00:00:11 Okelly-Played.15 
6 275:13 Q. So as part of the SPO, did 
275:14 AppNexus limit the number of SSPs into 
275:15 which its DSP submitted bids? 
275:18 - 275:18 O kelley, Brian 2023-09-29 00:00:01 Okelly-Played.15 
7 275:18 THE WITNESS: Yes. 
275:20 - 275:24 O kelley, Brian 2023-09-29 00:00:15 Okelly-Played.15 
8 275:20 Q. Did that optimization result 
275:21 in the AppNexus DSP making more purchases 
275:22 from the AppNexus SSP than it otherwise 
275:23 would have? 
275:24 A. In some cases. 
276:01 - 276:03 O kelley, Brian 2023-09-29 00:00:10 Okelly-Played.15 
9 276:01 Q. What were the benefits of 
276:02 the AppNexus DSP making more purchases 
276:03 from the AppNexus SSP than other SSPs? 
276:06 - 276:18 O kelley, Brian 2023-09-29 00:00:26 Okelly-Played.16 
0 276:06 THE WITNESS: I mean, if you 
46 / 53 ",text_layer_extracted,[]
okelley-deposition:pdf:47,okelley-deposition,47,"              
      
   
    
  
    
   
   
   
    
     
  
   
  
   
 
    
 
   
 
   
   
   
   
   
   
   
    
   
     
 
   
  
   
      
   
    
  
Okelly-Played 
D E S I G N A T I O N S O U R C E D U R A T I O N I D 
276:07 go back to the point of SPO, the 
276:08 point was to eliminate redundant 
276:09 and low-value supply paths. So if 
276:10 we're doing a good job, regardless 
276:11 of who we purchased from in the 
276:12 auction, it would be good for our 
276:13 clients and, hopefully, good for 
276:14 us. 
276:15 When we purchase from our 
276:16 self, we would get to take two 
276:17 fees. We'd get a fee from our DSP 
276:18 and from our SSP . 
278:22 - 280:08 O kelley, Brian 2023-09-29 00:01:29 Okelly-Played.16 
1 278:22 Q. At any point, Mr. O'Kelley, 
278:23 did AppNexus provide data to bidders 
278:24 concerning past winning AppNexus auction 
279:01 bids to help those bidders bid 
279:02 intelligently into auctions? 
279:03 A. Their own bids or somebody 
279:04 else's bids? 
279:05 Q. The winning bids for prior 
279:06 auctions. 
279:07 A. We had a feature where we 
279:08 would average past win prizes. We 
279:09 wouldn't give them any bid data back, but 
279:10 we would give them an indication of 
279:11 pricing dynamics to help them bid more 
279:12 intelligently. 
279:13 I think we called it the 
279:14 average win price or something like that, 
279:15 that would say, like, just -- you know, 
279:16 just as a signal to help them know where 
279:17 that inventory was clearing. 
279:18 Q. Who is ""them"" in that 
279:19 answer? 
279:20 A. Any bidder on our platform. 
279:21 So from our -- eﬀectively, 
279:22 our SSP , we would say, you know, like 
279:23 when we sent a bid request to a buyer, we 
279:24 would say, hey, historically, the average 
47 / 53 ",text_layer_extracted,[]
okelley-deposition:pdf:48,okelley-deposition,48,"              
      
 
  
  
    
    
   
   
  
   
    
 
    
  
  
   
   
  
   
    
   
 
 
   
  
Okelly-Played 
D E S I G N A T I O N S O U R C E D U R A T I O N I D 
280:01 price has been whatever, $2.22. So it 
280:02 would be based on past clearing prices, 
280:03 but there would not be any specific 
280:04 bidding data. 
280:05 Q. So they would have an idea 
280:06 of the minimum bid needed to win. 
280:07 You have to answer audibly. 
280:08 A. Yes. 
281:17 - 282:04 O kelley, Brian 2023-09-29 00:00:19 Okelly-Played.16 
2 281:17 Q. So, Mr. O'Kelley, I'm 
281:18 showing you what we're marking as 
281:19 O'Kelley Exhibit 8. 
281:20 Do you recognize this 
281:21 document? 
281:22 A. I do. It's a blog post I 
281:23 wrote in 2017. 
281:24 Q. What's the topic of this 
282:01 blog post? 
282:02 A. It's called, ""Passthrough 
282:03 Auctions: Rethinking Supply Path 
282:04 Optimization. "" 
282:15 - 282:16 O kelley, Brian 2023-09-29 00:00:02 Okelly-Played.16 
3 282:15 Q. Mr. O'Kelley, can you read 
282:16 Rule Number 3. 
283:10 - 283:13 O kelley, Brian 2023-09-29 00:00:07 Okelly-Played.16 
4 283:10 A. ""Rule 3: Publishers should 
283:11 set uniform hard floors to create 
283:12 scarcity and maximize yield. "" 
283:13 Q. Why is that? 
283:19 - 284:09 O kelley, Brian 2023-09-29 00:00:30 Okelly-Played.16 
5 283:19 Well,  I  mean,  I  think  the 
283:20 conversation here  is  around what happens 
283:21 in second-price  auctions  in header 
283:22 bidding.   And we're  talking about whether 
283:23 we  should use  soft floors  or  hard floors. 
283:24 And I  think  we're  talking 
284:01 about a first-price  auction where  -- so 
284:02 soft floors  only make  sense  in a 
284:03 second-price  auction because  they serve 
48 / 53 ",text_layer_extracted,[]
okelley-deposition:pdf:49,okelley-deposition,49,"              
  
 
   
      
   
 
  
  
   
     
 
      
   
   
   
    
   
   
   
     
  
   
    
 
   
    
 
    
      
  
Okelly-Played 
D E S I G N A T I O N S O U R C E D U R A T I O N I D 
284:04 as  a shadow  second price.   But in a 
284:05 first-price  auction,  soft floors  are 
284:06 meaningless  because  there's  no  second 
284:07 price  to  price  against,  so  publishers 
284:08 need to  use  hard floors  to  create 
284:09 scarcity. 
285
:11 - 285:24 O kelley, Brian 2023-09-29 00:00:27 Okelly-Played.16 
6 285:11 Q. And will you read the last 
285:12 sentence of the Rule Number 3 section. 
285:13 A. Yeah. 
285:14 This says, ""These floors 
285:15 should be consistent across 
285:16 intermediaries for a given impression but 
285:17 could be dynamic by buyer. "" 
285:18 Q. What does it mean to be --
285:19 for these floors to be consistent across 
285:20 intermediaries? 
285:21 A. It means that it shouldn't 
285:22 matter which SSP you buy through. The 
285:23 floor should be consistent for a given 
285:24 advertiser. 
286:20 - 287:14 O kelley, Brian 2023-09-29 00:00:51 Okelly-Played.16 
7 286:20 Q. Mr. O'Kelley, I'm showing 
286:21 you O'Kelley Exhibit 9. It was, based on 
286:22 the metadata, created in July of 2015, 
286:23 though, I guess, saved again in 2017. 
286:24 Do you recognize this 
287:01 document? 
287:02 A. Looks like the slides from a 
287:03 AppNexus event called the AppNexus 
287:04 Summit. 
287:05 Q. Is this an event you have 
287:06 participated in? 
287:07 A. Probably. I mean, yeah, 
287:08 I -- yes. 
287:09 Q. Is there any reason to doubt 
287:10 this is an accurate copy of the 
287:11 presentation for that summit? 
287:12 A. I don't know if what was on 
287:13 the Wiki is always the final-final that 
49 / 53 ",text_layer_extracted,[]
okelley-deposition:pdf:50,okelley-deposition,50,"              
    
   
   
    
      
   
  
   
   
  
  
    
   
     
   
     
       
     
   
   
  
   
    
  
   
   
    
      
  
 
 
   
  
   
  
Okelly-Played 
D E S I G N A T I O N S O U R C E D U R A T I O N I D 
287:14 we presented, but I suspect it's close. 
289:07 - 289:10 O kelley, Brian 2023-09-29 00:00:15 Okelly-Played.16 
8 289:07 Q. So it says -- can you read 
289:08 the first and the last sentence of that 
289:09 Slide 143 speaker notes for this AppNexus 
289:10 presentation? 
290:07 - 290:22 O kelley, Brian 2023-09-29 00:00:27 Okelly-Played.16 
9 290:07 A. I was confused. 
290:08 ""With the advent of header 
290:09 bidding technology, AppNexus has seen a 
290:10 rise in redundant supply in our platform, 
290:11 the same impression being auctioned oﬀ 
290:12 through multiple times through diﬀerent 
290:13 supply sources. Therefore, in addition 
290:14 to our campaign optimization, we feel the 
290:15 need to have systems working in parallel 
290:16 behind the scenes to ensure fair auction 
290:17 dynamics for our buyers. We are doing 
290:18 this in two ways. One, by finding the 
290:19 most direct route to supply; and two, 
290:20 shading bids when we are participating in 
290:21 auctions that are not truly second 
290:22 price. "" 
292:03 - 292:06 O kelley, Brian 2023-09-29 00:00:07 Okelly-Played.17 
0 292:03 Q. And so do you agree that 
292:04 when it's not a true second-price 
292:05 auction, the best bidding strategy is to 
292:06 bid shade? 
292:09 - 292:22 O kelley, Brian 2023-09-29 00:00:25 Okelly-Played.17 
1 292:09 THE WITNESS: I don't know 
292:10 if it's the best or not. Our 
292:11 hypothesis was that naively 
292:12 treating -- naively trusting an 
292:13 auction and bidding your full 
292:14 value, but having it not actually 
292:15 be second price, was a bad 
292:16 strategy. 
292:17 So we thought bid shading 
292:18 was the best strategy at the time. 
50 / 53 ",text_layer_extracted,[]
okelley-deposition:pdf:51,okelley-deposition,51,"              
  
  
 
   
   
    
      
    
  
  
   
   
   
   
   
   
    
 
   
     
  
  
   
    
    
     
      
    
     
   
   
   
  
    
  
 
  
Okelly-Played 
D E S I G N A T I O N S O U R C E D U R A T I O N I D 
292:19 Is that what you're asking? 
292:20 BY MR. JUSTUS: 
292:21 Q. The best strategy at the 
292:22 time to benefit your advertisers? 
293:01 - 293:06 O kelley, Brian 2023-09-29 00:00:11 Okelly-Played.17 
2 293:01 THE WITNESS: We believed 
293:02 it, yes, to lower the price and 
293:03 maximize, like, the balance of 
293:04 pricing and rate for our 
293:05 advertisers, given our position in 
293:06 the system, we should bid shade. 
305:05 - 305:07 O kelley, Brian 2023-09-29 00:00:06 Okelly-Played.17 
3 305:05 Q. Is it fair to say that 
305:06 Amazon is an alternative to buying and 
305:07 selling digital ads through Google? 
305:10 - 306:02 O kelley, Brian 2023-09-29 00:00:38 Okelly-Played.17 
4 305:10 THE WITNESS: I would say 
305:11 that Amazon has competitive 
305:12 products to Google but not all 
305:13 parts of Google. So they are 
305:14 competitive in some areas. 
305:15 BY MR. JUSTUS: 
305:16 Q. What areas? 
305:17 A. Amazon has a DSP , as does 
305:18 Google. Amazon has an SSP that is 
305:19 somewhat competitive to AdX. And they 
305:20 have -- you know, they are a publisher in 
305:21 the sense of, like, all their e-commerce 
305:22 inventory, they sell ads on their own 
305:23 e-commerce stack. I don't think that's
305:24 directly comparable to Google, but they
306:01 don't have a publisher ad server like
306:02 DFP . 
307:12 - 307:16 O kelley, Brian 2023-09-29 00:00:08 Okelly-Played.17 
5 307:12 During your time at 
307:13 AppNexus, Mr. O'Kelley, was protecting 
307:14 against fraud, ad fraud, a major 
307:15 competitive concern? 
307:16 A. Yes. 
51 / 53 ",text_layer_extracted,[]
okelley-deposition:pdf:52,okelley-deposition,52,"              
   
   
  
    
   
    
  
  
   
    
      
 
    
   
 
    
 
 
   
   
   
  
    
      
    
 
  
Okelly-Played 
D E S I G N A T I O N S O U R C E D U R A T I O N I D 
321:08 - 323:03 O kelley, Brian 2023-09-29 00:01:31 Okelly-Played.17 
6 321:08 Q. So, Mr. O'Kelley, I'm 
321:09 showing you what we're marking as 
321:10 O'Kelley Exhibit 13. Do you recognize 
321:11 this? 
321:12 A. It's another article by Zach 
321:13 Rodgers in, I'm assuming, AdExchanger, 
321:14 again. Yeah. 
321:15 Q. Were you interviewed for 
321:16 this article, Mr. O'Kelley? 
321:17 And I will apologize for the 
321:18 massive blow-up of the picture of you on 
321:19 the second page. 
321:20 A. I wish I were that young 
321:21 still. 
321:22 Yes, I was interviewed for 
321:23 this article. 
321:24 Q. Do you see at the top of 
322:01 Page  3  where  it says,  ""AppNexus  has  long 
322:02 been the  grand poobah  of  indie 
322:03 programmatic  media platforms  but lately 
322:04 has  begun to  look  like  a company under 
322:05 siege. 
322:06 ""There's  the  fraud issue, 
322:07 which  became  an albatross  after 
322:08 competitors  Rubicon Project and OpenX 
322:09 cleaned up two  years  ago,  while  AppNexus 
322:10 continued to  allow  blind impression 
322:11 resale.   It has  since  fixed that 
322:12 problem."" 
322:13 Did I  read that right? 
322
:14 A. You did. 
322:15 Q. And then a few paragraphs 
322:16 down, you were asked a question that 
322:17 says, ""In June, you said upward of 
322:18 40 percent of your supply had been deemed 
322:19 fraudulent and removed from the AppNexus 
322:20 marketplace. More recently in July, you 
322:21 put the number as high as 65 percent. 
322:22 How did you get such a large number?"" 
322:23 Did I read that right? 
52 / 53 ",text_layer_extracted,[]
okelley-deposition:pdf:53,okelley-deposition,53,"              
     
  
   
     
     
   
   
  
    
  
   
    
   
    
  
 
   
   
 
    
 
    
 
  
  
Okelly-Played 
D E S I G N A T I O N S O U R C E D U R A T I O N I D 
322:24 A. Yep. 
323:01 Q. So in 2015, was as much as 
323:02 65 percent of ad inventory on AppNexus 
323:03 fraudulent? 
323:06 - 324:05 O kelley, Brian 2023-09-29 00:00:45 Okelly-Played.17 
7 323:06 THE WITNESS: As I state 
323:07 here, I think that, you know, 
323:08 something like 3 percent of spend 
323:09 on the platform was going to 
323:10 invalid inventory. 
323:11 So what was happening was 
323:12 that there was a small number of 
323:13 bad actors that were re-auctioning 
323:14 the same bad impressions again and 
323:15 again and again and again. 
323:16 So in terms of our request 
323:17 volume, it was a very, very large 
323:18 number of requests that we saw, 
323:19 but it was a very small percentage 
323:20 of monetized traﬀic. 
323:21 And if you were a buyer, 
323:22 very little of your spend was 
323:23 actually going to invalid 
323:24 inventory. 
324:01 So it was more of an us 
324:02 problem, than a market problem, 
324:03 and as you can tell, I did a 
324:04 really, really bad job of 
324:05 explaining that to the market. 
53 / 53 ",text_layer_extracted,[]
PTX0014:pdf:1,PTX0014,1,"GOOG-DOJ-13010242 
plan execute analyze 
Strategic Opportunities 
March 15, 2007 
Click
DauhleCl1cx 
HIGHLY CONFIDENTIAL ",text_layer_extracted,"[""GOOG-DOJ-13010242""]"
PTX0014:pdf:2,PTX0014,2,"DoubleClick Overview Agenda 
• Corporate Overview 
• Core Businesses 
• Summary Financials 
• Product Overview 
• Customer Value Chain 
• Sell Side Product Suite 
• Buy Side Product Suite 
• DoubleClick Marketplace (Ad Exchange) 
• Strategic Opportunities Discussion 
2 
HIGHLY CONFIDENTIAL 
ClickDauhleCl1cx 
GOOG-DOJ-13010243 ",text_layer_extracted,"[""GOOG-DOJ-13010243""]"
PTX0014:pdf:3,PTX0014,3,HIGHLY CONFIDENTIAL GOOG-DOJ-13010244 ,text_layer_extracted,"[""GOOG-DOJ-13010244""]"
PTX0014:pdf:4,PTX0014,4,"What Has Changed Since the Buyout? 
• Divested non-core assets 
• Marketing automation sold 
• Email sold 
• Abacus separated and then sold 
• Focus in 2006 ... 
• Significantly enha nced the core operating syste m 
Rebuilt the UI, workflow and underl ying archite cture for DFP , DFA and DE 
Built and launched DART Sales Manager 
Acquired Falk 
Substantially increased market share among agency holding companies 
• Identification of, and aggressive investment in, key adjacencies 
• Rich Media and Video 
Became the seco nd largest player in the industry for rich media and video , starting from scratch ; launched the 
Motif In-stream (video) business ; acquired Klipmart ; extended international reach through Tangozebra acquisition ; 
and grew from 30 people to over 200 
• Paid Search 
Laun ched DART Sea rch, and combined it with Performics Full Service offering 
Rough ly $1 billion under management 
• Launched optimiza tion business 
• Building an ad exchange seamlessly integrated with DART 
HIGHLY CONFIDENTIAL 
DoubleClick 
GOOG-DOJ-13010245 ",text_layer_extracted,"[""GOOG-DOJ-13010245""]"
PTX0014:pdf:5,PTX0014,5,"DoubleClick - A Quick Profile 
Our Mission 
• DoubleClick provides the industry-standard and mission-critical suite of solutions that 
empowers the majority of agencies , publishers , and marketers around the world to 
optimize their revenue from all aspects of their digital advertising transactions. 
3,000+ total clients 
- 9 of Top 10 global agencies and brands 
- 9 of Top 10 US, 8 of Top 10 European sites 
- 35 of Top 50 web publishers 
Nearly 18 billion ad impressions served daily (DART 
and DART Enterprise) 
- 17 data centers around the world 
- 300+ engineers developing ad management 
solutions 
- 30+ product launches or major upgrades in 2006 
(more than last 4 years combined) 
1200 Employees in 17 countries 
- Nearly tripled headcount since mid 2005 
- Falk, Klipmart and Tangozebra acquisitions 
added technology / service expertise and 
increased global footprint 
ClickDaullleClia 
Sell-Side 
DART for 
Publishers 
DART 
Enterprise 
DART Motif for 
Publishers 
DART Adapt 
Buy-Side 
DART for 
Advertisers 
DART Search 
DART Motif for 
Advertisers 
Performics 
Search 
Performics 
Affiliate 
HIGHLY CONFIDENTIAL 
DauhleCl1cx 
GOOG-DOJ-130 10246 ",text_layer_extracted,[]
PTX0014:pdf:6,PTX0014,6,"Performics - A Division of DoubleClick 
Leading affiliate and search engine marketing company 
Largest US SEM 
• Offers paid placement , natural search optimization and data feed 
optimization services 
• Deep vertical expertise in retail , automotive and financial services 
• Significant breadth of service and strategy personnel 
• Proprietary industry research including the ""Performics 50"" 
• Converging Performics Full Service SEM business with DART Search to 
create a comprehensive set of search marketing solutions for clients 
One of the ""Big Three"" Affiliate Marketing Companies 
• Focused on large retailers and cataloguers 
• Competitive differentiators include: full-service account management , 
network quality, integrated search and affiliate platform and service offering 
Click DauhleCl1cx 
HIGHLY CONFIDENTIAL GOOG-DOJ-1301024 7 
",text_layer_extracted,"[""GOOG-DOJ-1301024""]"
PTX0014:pdf:7,PTX0014,7,"Pro Forma Revenue Projections - by Product 
2005 2006 2007 
Buy Side $ 73.8 $ 108.7 $ 148.9 
Y-0- Y Change 47% 37% 
DFA $ 59.6 $ 68.9 $ 78.8 
Y-O-Y Change 16% 14% 
Motif $ 12.4 $ 32.2 $ 55.2 
Y-O-Y Change 160% 71% 
DART Search $ 1.8 $ 7.6 $ 14.9 
Y-O-Y Change 315% 97% 
Sell Side $ 86.3 $ 105.6 $ 125.5 
Y-O-Y Change 22% 19% 
DFP $ 77.2 $ 94.2 $ 108.3 
Y-O-Y Change 22% 15% 
DART Ehterprise (DE) $ 9.0 $ 11.4 $ 13.9 
Y-O-Y Change 26% 22% 
Optimization $ $ $ 2.4 
Y-O-Y Change 
Ad Exchange $ $ $ 0.8 
Y-O-Y Change 
Ad Management $ 160.0 $ 214.3 $ 274.4 
Y-O-Y Change 34% 28¾ 
Performics $ 28.1 $ 36.2 $ 49.2 
Y-O-Y Change 29% 36% 
TOTAL $ 188.2 $ 250.5 $ 323.6 
Y-O-Y Change 33% 29% 
2006 
Budget Var $ Var % 
$ 91.3 $17 .4 19% 
$ 92.9 $12 .6 14% 
$ 184.3 $30 .0 16% 
$ 37.7 $ (1 .6) -4% 
$222 .0 $28.5 13% 
HIGHLY CONFIDENTIAL 
ClickDauhleCl1cx 
GOOG-DOJ-13010248 ",text_layer_extracted,"[""GOOG-DOJ-13010248""]"
PTX0014:pdf:8,PTX0014,8,"Pro Forma Revenue Projections - by Region 
2005 2006 2007 
North America 
Y-O-Y Change 
$ 137.1 $ 184.7 
35% 
$ 242.4 
31 % 
International 
Y-O-Y Change 
$ 51.1 $ 65.7 
29% 
$ 81.2 
24% 
TOTAL 
Y-O-Y Change 
$ 188.2 $ 250.5 
33% 
$ 323.6 
29% 
Note: 
Values in millions 
ClickDauhleCl1cx 
HIGHLY CONFIDENTIAL GOOG-DOJ-13010249 ",text_layer_extracted,"[""GOOG-DOJ-13010249""]"
PTX0014:pdf:9,PTX0014,9,"Ad Management Revenue Trend 
Revenue Trend 
$300 
$250 
$200 
$150 
-
$100 
$50 
$0 I I I I I I I 
2000 2001 2002 2003 2004 2005 2006 2007 
Note: 
Data is not pro forma 
ClickDauhleCl1cx 
HIGHLY CONFIDENTIAL GOOG-DOJ-13010250 ",text_layer_extracted,"[""GOOG-DOJ-13010250""]"
PTX0014:pdf:10,PTX0014,10,"Total Company P&L - Pro Forma View 
2005 2006 2007 
Revenue $ 188.2 $ 250.5 $ 323.6 
COR $ 9.6 $ 13.1 $ 16.0 
Gross Profit $ 178.6 $ 237.3 $ 307.7 
Gross Margin 95% 95% 95% 
Operating Expense $ 107.4 $ 141.1 $ 191.1 
Sales & Marketing $ 38.4 $ 53.6 $ 70.9 
Services $ 25.5 $ 37.3 $ 52.8 
Engineering $ 37.9 $ 41 .4 $ 56.8 
Product Management $ 
5.6 $ 8.9 $ 10.7 
EBITDA - pre G&A $ 71 .2 $ 96.2 $ 116.5 
EB/TOA Margin 38% 38% 36% 
G&A $ 28.1 $ 34.3 $ 32.9 
EBITDA - post G&A $ 43.1 $ 61 .9 $ 83.7 
EB/TOA Margin 23% 25% 26% 
Note: 
EBITDA - ex-Ad Exchange $ 89.7 
Depr & Amort $ 22.4 $ 35.8 $ 37.1 
Notes: Excludes D&A 
2007 includes the estimated full year impact of the acquisition of Tangozebra. 
Values in millions 
10 
HIGHLY CONFIDENTIAL 
ClickDauhleCl1cx 
GOOG-DOJ-130 10251 ",text_layer_extracted,[]
PTX0014:pdf:11,PTX0014,11,HIGHLY CONFIDENTIAL GOOG-DOJ-13010252 ,text_layer_extracted,"[""GOOG-DOJ-13010252""]"
PTX0014:pdf:12,PTX0014,12,"Pre-Order Order Management Billing & Reconciliation 
12 ClickDauhleCl1cx 
HIGHLY CONFIDENTIAL GOOG-DOJ-13010253 ",text_layer_extracted,"[""GOOG-DOJ-13010253""]"
PTX0014:pdf:13,PTX0014,13,"How DoubleClick Serves the Value Chain - 06 
Pre-Order Order Management Billing & Reconciliation 
13 ClickDauhleCl1cx 
HIGHLY CONFIDENTIAL GOOG-DOJ-13010254 ",text_layer_extracted,"[""GOOG-DOJ-13010254""]"
PTX0014:pdf:14,PTX0014,14,HIGHLY CONFIDENTIAL GOOG-DOJ-13010255 ,text_layer_extracted,"[""GOOG-DOJ-13010255""]"
PTX0014:pdf:15,PTX0014,15,"The 100°/o Publisher Solution 
PC/C 
CPM 
ouse Ad 
Our Publisher and Network clients are 
looking to increase the revenue from 
their entire inventory pool Remnant 
• Improve performance of direct / premium 
sales 
• More revenue from indirect sales 
• Help optimizing between direct and 
indirect sales 
15 ClickDauhleCl1cx 
HIGHLY CONFIDENTIAL GOOG-DOJ-13010256 ",text_layer_extracted,"[""GOOG-DOJ-13010256""]"
PTX0014:pdf:16,PTX0014,16,"Sell Side Products 
DART for Publishers (DFP) - The Sell Side Operating System 
•The ad delivery , inventory management , targeting and reporting tool for leading 
publishers. 
DART Enterprise (DE) - Software version of DFP 
•The enterprise software version of DFP serving the needs of some of the largest web 
publishers 
DART Sales Manager (DSM) - Ad Sales & Operations Tool 
•A web-based application built specifically for the online publisher market and designed 
to streamline the entire ad sales and operations process. 
DART Adapt - Universal Optimization for Publishers 
•A sophisticated optimization tool seamlessly integrated into DFP and is focused on 
delivering significant performance and yield (revenue) lift for publishers. 
DART Motif - Publisher Rich Media & Video Solution 
•Suite of publisher rich media and video tools, seamlessly integrated into DFP 
16 
HIGHLY CONFIDENTIAL 
ClickDauhleCl1cx 
GOOG-DOJ-13010257 ",text_layer_extracted,"[""GOOG-DOJ-13010257""]"
PTX0014:pdf:17,PTX0014,17,"DFP / DE - Overview & Sample 2007 Initiatives 
DART for Publishers (DFP) - The Sell-side Operating System 
• DFP is the ad delivery , inventory management , targeting and reporting tool for leading 
publishers 
• Due to its position as the operating system for ad sales , switching costs are very high 
• For publishers it has grown from an ad operations workflow tool into a modularized tool 
focused on revenue generation - Sales Manager Module, Ad Ops Module and Network 
Manager Module. The 3 areas of focus for DFP are now: 
• Comprehensive revenue generation tool: Roadblocks , Flash-in-Flash, In-banner and In­
stream Video integrated into DFP, DC Ad Exchange , etc. 
• Revenue based decision support: Availability Forecast (including major enhancements 
in 2007) , Inventory Manager module, DART Adapt (Performance and Revenue 
Modules), Strategic Services 
• Process: core DFP, DART Sales Manager, Flexible Report Central Query Tool, etc. 
• Some sample initiatives in 2007 include: 
• Completely revamped UI including streamlined and flexible workflow (customizable 
DFP Dashboard is the starting point) 
• DART for Networks: adding workflow , affiliate management, revenue sharing and 
specific optimization capabilities for very large networks with varying business models 
(arbitrage , rev share , differing inventory mixes , etc.) 
• DART Enterprise is the enterprise software version of DFP serving the needs of s,ome of the 
largest web publishers 
17 ClickDauhleCl1cx 
HIGHLY CONFIDENTIAL GOOG-DOJ-13010258 ",text_layer_extracted,"[""GOOG-DOJ-13010258""]"
PTX0014:pdf:18,PTX0014,18,"DSM - Overview & Sample 2007 Initiatives 
DART Sales Manager (DSM) 
• A web-based application built specifically for the online publisher market and des igned to 
streamline the entire ad sales and ad operations processes . By increasing efficiency , 
transparency and accuracy through superior sales process management , Sales Manager 
helps publishers sell more effectively. 
• DSM dramatically increases switching costs for DFP customers. 
• Some sample initiatives in 2007 include: 
• Integration of DART Sales Manager and MediaVisor (a tool through which a vast 
portion of online media dollars flow) creates the DoubleClick Universal Order Exchange 
- a central platform for buying and selling premium / guaranteed / directly-sold 
inventory . This creates yet another integration point between the buy-side and sell­
side, in addition to those that exist already such as single in-red (zero counting 
discrepancies). 
• Further third-party integration (Salesforce.com and various other applications that 
publishers are requesting) 
• One of the fastest growing products in DC history and a key component of the large 
synergy opportunities between DC and Google 
18 
HIGHLY CONFIDENTIAL 
ClickDauhleCl1cx 
GOOG-DOJ-13010259 ",text_layer_extracted,"[""GOOG-DOJ-13010259""]"
PTX0014:pdf:19,PTX0014,19,"DART Adapt - Overview & Sample 2007 Initiatives 
DART Adapt - Universal Optimization for Publishers 
• DART Adapt is a sophisticated optimization tool integrated into DFP and is focused on 
delivering significant performance and yield (revenue) lift for publishers. It has two primary 
modules and consists of customized algorithms for every publisher client (created via a turn­
key process): 
• Performance Module: maximizes clicks , conversions and activities for a publisher's 
advertiser clients by finding pockets of highest performance and biasing ad delivery to 
those criteria 
• Revenue Module: maximizes revenue via eCPM competition 
• Launched in April 2006 , 1000+ advertisers served , weighted average lift of greater than 40% -
often more than 100% 
• In head to head test with Atlas' P+ solution , DART Adapt outperformed by 125% 
• Numerous initiatives planned in 2007 to grow this business and build on initial product 
success 
19 ClickDauhleCl1cx 
HIGHLY CONFIDENTIAL GOOG-DOJ-13010260 ",text_layer_extracted,"[""GOOG-DOJ-13010260""]"
PTX0014:pdf:20,PTX0014,20,"Motif - Overview & Sample 2007 Initiatives 
DART Motif - Publisher Rich Media and Video 
• The Motif suite of products are integrated into DFP. With regard to rich media & video , 
publishers care primarily about two things: support for the largest pool of creative formats 
(including new ones being developed every day) and tight integration with their core inventory 
management tool (DFP) 
• Solutions include: 
•core DART Motif (comprehensive solution for rich media banner and in-banner video ads) 
•Motif in-stream (integrated streaming video advertising solution launched in late 2006). 
Signed 20 new clients in 2 months. 
•Flash-in-Flash (advertising solution that creates entirely new pools of super-premium 
inventory and is often sold in conjunction with the streaming video product to support 
innovative ad formats) 
•Comprehensive service offering including 20-person innovation lab that helps publishers 
generate significant streams of new revenue via creative services, new ad formats , etc. 
• Some sample 2007 initiatives include: 
•True third-party service of video ads (due to unique position of owning the buy side and 
sell side ad serving platforms - DFA and DFP, both of which are integrated with Motif 
Video) 
•Live streaming ads 
20 
HIGHLY CONFIDENTIAL 
ClickDauhleCl1cx 
GOOG-DOJ-13010261 ",text_layer_extracted,"[""GOOG-DOJ-13010261""]"
PTX0014:pdf:21,PTX0014,21,"Increase Revenue through Multiple Channels 
Inventory 
The DART Ad 
Decision Engine 
maximizes yield 
across all sales 
channels by 
balancing priority, 
guarantees, and 
revenue opportunity 
2 DART Adapt 
optimizes enabled 
campaigns to meet 
your performance 
and revenue goals 
3 DART Motif 
creates new high-
value inventory with 
rich media and video 
DART Sales 
Manager helps 
increase yield from 
your sales force and 
improve your 
workflow efficiency 
I I I I I 
I I I I I I I I II 
D D D D D 
I I I I I 
I I I I I 
Directly Sold Inventory - - - - - - - - - - - - - - - - - - - - - - - - - - - - ► Indirectly Sold Inventory 
Yield Maximization via integrated Ad Decision Engine (DFP or DE) 
~ 
l 
[W
' DART Adapt DART Adapt 
Performance Optimization Revenue Optimization 
DART Motif 
Rich Media, Video 
DART Sales Manager 
i 
A 4 $ ► A 
Direct Sales 
Channel Indirect Sales 
Channel 
21 
-
l l l l r 
DoubleClick 
Advertising Exchange 
Automated Sales 
Channel 
DauhleCl1cx 
DoubleClick 
Advertising 
Exchange increases 
your yield by adding 
many additional 
buyers through an 
open marketplace 
such that it only 
delivers if the 
exchange can get 
you higher yield 
Click 
HIGHLY CONFIDENTIAL GOOG-DOJ-13010262 ",text_layer_extracted,"[""GOOG-DOJ-13010262""]"
PTX0014:pdf:22,PTX0014,22,"--
HIGHLY CONFIDENTIAL GOOG-DOJ-13010263 ",text_layer_extracted,"[""GOOG-DOJ-13010263""]"
PTX0014:pdf:23,PTX0014,23,"DoubleClick's Advertiser Solution 
The Unified Advertiser Suite: A combined set of products built on 
a common platform , that agencies and marketers can utilize to 
holistically address all their digital marketing needs, across all 
channels and through every part of the workflow chain 
• • 
[ Planning: MediaVisor l Q) 
l 
en 
[ Delivery: DART Platform 
0 
><Optimization: Adapt for Advertisers 
' ' 
'+-
·.....-
0 
~ 
..c 
(.) 
' ' 
I 
I 
II Q) I 
I -I • - l o : 
' 
' ' Data Intelligence: Custom Warehouse 
23 ClickDauhleCl1cx 
HIGHLY CONFIDENTIAL GOOG-DOJ-13010264 ",text_layer_extracted,"[""GOOG-DOJ-13010264""]"
PTX0014:pdf:24,PTX0014,24,"Buy Side Products 
DART for Advertisers (DFA) -The Buy Side Operating System 
•The centralized planning , third-party ad serving, reporting and creative optimization 
solution for all major agency holding companies and the internet's leading advertisers 
(in the US as well as internationally) 
MediaVisor- Online Media Planning Tool 
•Online media planning tool that is integrated with DFA 
DART Search - Paid Search Advertising Tool 
Paid search advertising tool that consists of three critical modules: bid optimization , 
comprehensive campaign and keyword management (via tight integration with primary 
engines), and de-duplicated reporting with DFA 
DART Motif - Advertiser Rich Media 
Emerged as second largest rich media provider in 2006 after launching in early 2005 
Advertiser Optimization 
Similar to the publisher side, DC has various advertiser optimization solutions including 
Boomerang and real-time , constraint-based creative optimization 
24 
HIGHLY CONFIDENTIAL 
ClickDauhleCl1cx 
GOOG-DOJ-13010265 ",text_layer_extracted,"[""GOOG-DOJ-13010265""]"
PTX0014:pdf:25,PTX0014,25,"DFA / MediaVisor - Overview & Sample 2007 
Initiatives 
DART for Advertisers (DFA) - The Buy-side Operating System 
• DFA is the centralized planning, third-party ad serving, reporting and creative optimization 
solution for all major agency holding companies and the internet' s leading advertisers (in the 
US as well as internationally} 
• Some sample 2007 initiatives include: 
•Completely revamped UI including streamlined and flexible workflow 
•Overhauled architecture for increased application flexibility and rapid customization (many 
DFA instances at clients are highly customized creating increased value for advertisers 
and making DC a very ""sticky"" solution 
• Data Warehousing and Analytics Solution 
•DC is building data warehousing and analytics solutions , in response to increased 
demand for custom data solutions (often at the holding company level}. Such solutions will 
allow marketers to measure and act on data across all channels: search, display , rich 
media, video, site analytics , offline, etc. 
25 
HIGHLY CONFIDENTIAL 
ClickDauhleCl1cx 
GOOG-DOJ-13010266 ",text_layer_extracted,"[""GOOG-DOJ-13010266""]"
PTX0014:pdf:26,PTX0014,26,"MediaVisor - Overview & Sample 2007 Initiatives 
MediaVisor 
• Online media planning tool that is integrated with DFA 
•Represents a very large portion of all online media dollars, since the majority of large 
agencies and advertisers use it as their primary workflow application and tool of record 
(which is why DFA is such a sticky solution at the holding company level) 
•Large built in site directory , which is customizable by the client 
•Used as a tool to help advertisers make better decisions about which sites to buy on. For 
example , integration with DART Adapt informs which publishers are using that optimization 
tool and therefore which sites an advertisers should buy media on to get better 
performance for their campaigns 
• Integrated with DART Sales Manager. Due to very high demand by advertisers, focused on 
making that integration even tighter in 2007 
26 ClickDauhleCl1cx 
HIGHLY CONFIDENTIAL GOOG-DOJ-13010267 ",text_layer_extracted,"[""GOOG-DOJ-13010267""]"
PTX0014:pdf:27,PTX0014,27,"DART Search - Overview & Sample 2007 Initiatives 
DART Search 
• Paid search advertising tool that consists of three critical modules: bid optimization , 
comprehensive campaign and keyword management (via tight integration with primary 
engines), and de-duplicated reporting with DFA 
• Built off of core DART platform to deeply integrate with DFA. Performics SEM drives 
innovation as a leading buyer of search media (roughly $1 billion of paid search flows through 
the system) 
• Some sample 2007 initiatives include: 
•Even tighter integration with DFA including concepts like exposure / influencer reporting: 
how much did display campaigns influence search conversions and vice-versa 
•Comprehensive Natural Search Optimization offerings 
•Take advantage of other DC tools to help buyers make even better allocation decisions 
among the major search portals (beyond simple bid optimization which is the industry 
standard today) 
•Integrated DART Search offering and the Performics Full Service offering to create DART 
Search strategic consulting packages that help clients manage their search dollars and 
make the best buying decisions 
27 
HIGHLY CONFIDENTIAL 
ClickDauhleCl1cx 
GOOG-DOJ-13010268 ",text_layer_extracted,"[""GOOG-DOJ-13010268""]"
PTX0014:pdf:28,PTX0014,28,"DART Motif - Overview & Sample 2007 Initiatives 
DART Motif -Advertiser Rich Media 
• Emerged as second largest rich media provider in 2006 . Two acquisitions : US - Klipmart , 
EMEA - Tangozebra 
• Similar to all other buy-side products , completely integrated into DFA 
• Support for rich media banners , in-banner video (particular strength in Autos and 
Entertainment where the vast majority of rich media dollars will be spent) , and streaming 
video advertising 
• Large innovation lab focused on developing the most innovative creative concepts and ad 
campaigns for clients (eg, live streaming ads for major movie launches in NY Times , video ad 
cube , etc.) 
• Some sample 2007 initiatives include: 
•Flashlight : Similar to DC's Spotlight conversion tracking tool. Extends conversion 
attribution from just impressions and clicks to all rich media interactions. DC uniquely 
positioned to offer this due to ownership of the core advertising platform DFA. No point 
player will be able to offer this capability. 
28 ClickDauhleCl1cx 
HIGHLY CONFIDENTIAL GOOG-DOJ-13010269 ",text_layer_extracted,"[""GOOG-DOJ-13010269""]"
PTX0014:pdf:29,PTX0014,29,"Advertiser Optimization - Overview & Sample 
2007 Initiatives 
Advertiser Optimization 
• Similar to the publisher side , DC has various advertiser optimization solutions including 
Boomerang and real-time , constraint-based creative optimization 
• Boomerang is a behavioral retargeting tool used to find and advertise to categories of users 
with a high potential to convert , such as people that dropped shopping carts , in-market car 
buyers (for auto advertisers) , etc. 
• Some sample 2007 initiatives: 
•Building on creative optimization to deliver more sophisticated offer optimization to clients 
(including landing page , etc.) 
•Media Optimization: Within Med iaVisor , provide recommendations on which media 
property an advertisers should bias spending to based on a flexible set of criteria (market 
coverage, performance , etc.) 
•The end vision is true Portfolio Optimization (how much spending on search vs. display 
vs. mobile vs. video) and after that decision -- to which properties should that spending be 
allocated. This is based on the unified pool of data that exists because all of these 
advertising tools (DFA , DART Search , Motif, etc .) are built on the core DART platform . 
29 ClickDauhleCl1cx 
HIGHLY CONFIDENTIAL GOOG-DOJ-13010270 ",text_layer_extracted,"[""GOOG-DOJ-13010270""]"
PTX0014:pdf:30,PTX0014,30,"Emerging Channels Strategy 
Buy-Side Sell-Side 
E)
•-
mc:35>!:>IVI? Open DFA Emerging DART 
fCfil Cl""Allfl IO l~I 1 
Dashboard (DARTX)
0 
ThirdScr~enMedia Requests and responsesAllow non-DART Rapidly extend our 
in native formats numbers to be publisher clients ' 't""·•.,/44 VIS I BLE imported into inventory as 
Report Central to consumers move to a create a succession of newI I ""Dashboard "" distribution channels Data import ETL 
Enable us to 
Enable our ASPcover every \ ~ J I 
cutting-edge area products to work in Transformed to DART­
and extend as virtually all emerging friendly format 
needed areas 
Will be launched Will be launched later 
later this year this year 
I 
I 
I 
30 ClickDauhleCl1cx 
HIGHLY CONFIDENTIAL GOOG-DOJ-13010271 ",text_layer_extracted,"[""GOOG-DOJ-13010271""]"
PTX0014:pdf:31,PTX0014,31,"I • 
HIGHLY CONFIDENTIAL GOOG-DOJ-13010272 ",text_layer_extracted,"[""GOOG-DOJ-13010272""]"
PTX0014:pdf:32,PTX0014,32,"DoubleClick Marketplace - Ad Exchange 
Ad Exchange is a dynamic marketplace that matches inventory to the highest 
paying buyer 
eCPM bid
Buyer 
Buyers 
(advertisers) bid 
on inventory with 
select targeting eCPM bid 
criteria Buyer 
Buyer eCPM bid 
Buyers: 
• Advertisers 
• Agencies 
• Networks 
Dynamic 
allocation of 
inventory Min 
Ad 
Ad Exchange 
selects the 
highest eCPM 
bid that's higher 
than the 
minimum eCPM 
32 
eCPM 
Min 
eCPM 
Highest 
eCPM 
Min 
eCPM 
Sellers 
(publishers) 
allocate inventory 
with an
Seller associated 
minimum eCPM 
Seller 
The winn ing Selle advertiser 's ad is 
delivered to the 
ass,ociated seller 
Sellers : 
• Publishers 
• Networks 
ClickDauhleCl1cx 
HIGHLY CONFIDENTIAL GOOG-DOJ-13010273 ",text_layer_extracted,"[""GOOG-DOJ-13010273""]"
PTX0014:pdf:33,PTX0014,33,"DoubleClick Competitive Advantages 
• DoubleCli ck owns the primary ad 
management platform - enables 
dynamic allocation across direct 
and indirect channels and 
advanced targeting 
• DoubleClick has a significant 
installed base of customer s for 
which Ad Exchange is an attractive 
value proposition 
• DoubleCli ck's reputation and 
history provides comfort to 
customers looking for a solution 
Customer 
Segment 
DoubleClick Offering Unique Value Proposition 
Selle rs 
33 
• Publicly or privately offer 
inventory to advertisers 
for auction (with a 
minimum CPM) from a 
single , integrated tool 
• Dynamic allocation to 
marketplace vs. direct 
sales 
• Integration with DFP 
• Integration with DE 
• Participati ng media spend 
(I.e., buying community) 
Buyers • Publicly or private ly bid 
on multiple publishers ' / 
networks ' inventory with 
a single tool according to 
advertiser 's own 
targeting paramet ers 
• Ability to ""cherry-p ick"" 
inventory without 
implications of pass-back 
• More targeting granularity 
by which to segment bid 
value (e.g., boomerang) 
• Integration with DFA 
• Participating inventory 
• ROI based bid 
management (Phase II) 
HIGHLY CONFIDENTIAL 
ClickDauhleCl1cx 
GOOG-DOJ-1301027 4 ",text_layer_extracted,"[""GOOG-DOJ-1301027""]"
PTX0014:pdf:34,PTX0014,34,"Inventory Yield 
Indirect 
Sales 
Channels 
Through differential pricing, yield management , and bundling 
techniques, the best price for each piece of inventory is 
negotiated with advertisers by the direct sales team 
This results in a direct sales team yield curve for each 
targeting dimension 
eCPM Current Channel(s) Yield Curve 
Targeting Dimension 
eCPM 
-...-
Direct 
Sales 
Channels 
M ax,mum 
Incremental Yield Gained 
y· Id C ,e urve 
\ 
-
• Through the marketplace, each piec:e of inventory is 
auctioned on all dimensions, allowing advertisers to 
place a value for any targeting dimension 
eCPM 
This results in a marketplace yield curve for each 
targeting dimension 
Marketplace Yield Curve 
Targeting Dimension 
• When using the marketplace 
in combination with DFP or 
DE, the combined system will 
dynamically select the 
marketplace only when the 
associated yield is greater 
than that achieved by the 
direct sales team in DFP or 
DE. 
I 
✓ 
Targeting Dimension 
34 Click DauhleCl1cx 
Lower net yield is ignored
• 
• The result is that the yield 
curve achieved is the 
maximum of the two previous 
yield curves. 
GOOG-DOJ-13010275 
HIGHLY CONFIDENTIAL ",text_layer_extracted,"[""GOOG-DOJ-13010275""]"
PTX0014:pdf:35,PTX0014,35,HIGHLY CONFIDENTIAL GOOG-DOJ-13010276 ,text_layer_extracted,"[""GOOG-DOJ-13010276""]"
PTX0014:pdf:36,PTX0014,36,"Primary Revenue Opportunities 
1. Sell Side 
•!• Value created by applying publisher network assets to DoubleClick controlled 
inventory 
• Most strategic and time-sensitive opportunity 
2. Buy Side 
•:• Value created by owning the primary ad planning and delivery tool: 
• From increasing the value of publisher network inventory by selling 
retargeting lists to DFA advertisers 
3. Other Opportunities to a Publisher Network 
•!• DART Adapt lift applied to all publisher network impressions 
• DART Adapt produced average lift of 40°/o against control group 
• Used with 45 billion impressions and 1000+ advertisers 
•!• Paid search media spend shift from competitive properties due to yield-based 
competition of text ads in DC marketplace 
•!• Potential for display media spending shift from other properties through DFA 
relationships and technology integration 
•!• There are numerous other potential areas for synergies through technology 
integration , sales bundling, etc. 
•!• Integration with various Google capabilities like Google Analytics to further fill out 
the product suite 
36 
HIGHLY CONFIDENTIAL 
ClickDauhleCl1cx 
GOOG-DOJ-13010277 ",text_layer_extracted,"[""GOOG-DOJ-13010277""]"
PTX0014:pdf:37,PTX0014,37,"Revenue Opportunity - Sell Side 
• To grow at the rate of the market or faster the Big Four must sell off­
network inventory 
• In the end, the winner will be the company with the largest pool of 
liquidity 
• Network effects (how many eBays are there?) 
• The power of data and targeting 
• Amortizing a national sales force, customer relationships , etc. 
• How does one build the largest pool of liquid inventory 
• Become the primary ad server to get a ""first look"" 
• Allow for open flow of inventory and data 
• Must have a solution for all types of inventory (guaranteed , remnant, etc.) 
• The race to the finish line is already well under way ... 
• Google and GFP + AdSense 
• Yahoo and YFP + Newspaper Consortium + RightMedia 
• AOL+ Ad.com + DFP / DC Ad Exchange 
• MSN and MS AdCenter (combination MFP and MFA) 
37 
HIGHLY CONFIDENTIAL 
ClickDauhleCl1cx 
GOOG-DOJ-13010278 ",text_layer_extracted,"[""GOOG-DOJ-13010278""]"
PTX0014:pdf:38,PTX0014,38,"Sell Side Opportunity - The Solution 
Premium / Guaranteed Remnant I PreemptibleInventory Inventory 
GOOG 
network only .. Ad 
serves what is I Sales Manager DFP 
Exchangesold 
/ i \ 
Inventory visibility without redirects 
I I \ 
Auto-traffic redirects for sold proposals 
I l \ 
Partner Partner PartnerPartner Partner Partner 
site site site site site site 
onDFP onDFP on DFP on DFP on DFP on DFP 
38 ClickDauhleCl1cx 
HIGHLY CONFIDENTIAL GOOG-DOJ-13010279 ",text_layer_extracted,"[""GOOG-DOJ-13010279""]"
PTX0014:pdf:39,PTX0014,39,"Sell Side Opportunity - A Simple Model 
Total DCLK Gross-Up Volume 1) served volume + 
Type 
Tier 1 
Total Available Tier 2 2) Impressions Unavailable (Premium) 
Unavailable (Low Value) 
Estimated Estimated Media 
X 
CPMs (by type) Acquired3) XVolume 
Unavail­
able 
Volume 
Estimated 
Uplift {by type) X 
Total Available 
Impressions 
Estimated 
Acquired 
Volume 
Revenue Share 
% 
39 ClickDauhleCl1cx 
HIGHLY CONFIDENTIAL GOOG-DOJ-13010280 ",text_layer_extracted,"[""GOOG-DOJ-13010280""]"
PTX0014:pdf:40,PTX0014,40,"DoubleClick - Google Synergy Model 
DFP DE Affiliate TOTAL 
Dally Imps - OCLK Served 7.0 7.0 0.0 14.0 
Gross up Rate 42% 0% n/a 
Gross up Imps 3.0 0.0 2.0 5.0 
Total Estimated Imps 10.0 7.0 2.0 19.0 
Estimate of Unavailable 
Tier 1 - Premium (3.0) (3.0) 
Tier 2 - Low Value (2.0) (1 .0) (3.0) 
MySpace {3.0' (3.0' 
Total Unavailable -5.0 -4.0 0.0 -9.0 
Total Available 5.0 3.0 2.0 10.0 
Tier 1 35% 12% 0% 
Tier 2 65% 23% 100% 
Tier 3 (MySpace) 0% 65% 0% 
100% 100% 100% 
Tier 1 1.8 0.4 2.1 
Tier 2 3.3 0.7 2.0 5.9 
Tier 3 (MvSpace) 2.0 
Total Available 5.0 3.0 2.0 8.1 
Media CPMs 
Tier 1 $ 6.00 $ 6.00 $ 6.00 
Tier 2 $ 0.50 $ 0.50 $ 0.50 
Tier 3 (MySpace) $ . $ 010 $ . 
Publisher Network Lift 
Tier 1 1.5 1.5 1.5 
Tier 2 3 3 3 
Tier 3 (MySpace) 3 
Total Value 
Daily Value • Tier 1 $ 15,750,000 $ 3,240,000 $ . $ 18,990,000 
Daily Value • Tier 2 $ 4,875,000 $ 1,035,000 $ 3,000.000 $ 8,910,000 
Tier 3 (MvSpace) $ . $ 585,000 $ . $ 585,000 
TOTAL Daily Value $ 20,625,000 $ 4,860,000 $ 3,000,000 $ 28,485,000 
Pub Rev Share % 25% 
25% 
25% 
Daily Revenue (millions) $ 5 .22 $ 1.2 $ 0.8 $ 7.1 
Annual Revenue (millions) $ 1,882 $ 443 $ 274 $ 2,599 
Total Estimated 
Annual Revenue
Opportunity (post 
TAC) = $2.6B 
40 
HIGHLY CONFIDENTIAL 
ClickDauhleCl1cx 
GOOG-DOJ-13010281 ",text_layer_extracted,"[""GOOG-DOJ-13010281""]"
PTX0014:pdf:41,PTX0014,41,"Revenue Opportunity - Buy Side 
DFA and Boomerang work together to create a list of desirable consumers 
User List 
User compl etes 
ticket purchase 
User List 
In today's world ... 
As a result of using DFA and Boomerang , many 
big media buyers will have large lists of 
desirable users but no single publisher can 
provide enough reach to reliably target 
everyone on these lists 
Because behavioral retargeting drives 
conversions, advertisers would be willing to pay 
significantly higher CPMs if they could 
effectively retarget the people on these lists 
I 
I 
I 
I 
I 
I 
I 
• 
A few large publisher networks have extensive reach in 
the industry but no integration with DFA.
Without the integration they cannot sell the ability to 
retarget these desirable users to many large 
advertjsers that use DFA
The publisher networks are forced to sell Run of 
Network inventory at potentially much lower CPMs 
than would be possible with DFA integrat ion 
41 DauhleClf~;' 
HIGHLY CONFIDENTIAL GOOG-DOJ-13010282 ",text_layer_extracted,"[""GOOG-DOJ-13010282""]"
PTX0014:pdf:42,PTX0014,42,"Revenue Opportunity - Buy Side 
In a world where DoubleClick and Publisher Network came together ... 
I 
.. . and therefore Publisher Network could then
offer the ability to retarget desirable users to all
DFA advertisers 
The technology barrier between DFA and the 
publisher network would disappear ... 
I 
Resulting in a significant increase in the value of the publisher inventory ... 
RON inventory has low value without 
the ability to sell access to desirable 
users for retargeting purposes 
Advertisers will pay significantly 
more for the ability to retarget a 
desirable user. Since DFA has 
many advertisers in the same 
industry, they would compete for
the same user thus driving up 
CPMs even higher. 
Since DFA has many advertisers across 
multiple industries , their lists of desired 
users are all different. Therefore 
millions of users could be retargeted
across the publisher network resulting
in higher CPMs across the entire pool of 
otherwise low value inventory. 
 
42 ClickDauhleCl1cx 
HIGHLY CONFIDENTIAL GOOG-DOJ-13010283 ",text_layer_extracted,"[""GOOG-DOJ-13010283""]"
PTX0014:pdf:43,PTX0014,43,"Notes Summary : 
Sl ide 1 5 : ' Note t h at o ne o f t he Remn a nt p l aye r s coul d b e Perform i.cs ' 
Slide 30 : ' How does i t t ie t o the revenue genera t ion t heme ' 
Slide 32 : ' Any q uestions? ' 
HIGHLY CONFIDENTIAL C3OOG-DOJ-13010284 ",text_layer_extracted,[]
PTX0032:pdf:1,PTX0032,1,"PTX0032 
1:23-cv-00108 
GOOG-DOJ-02133916 
From: Joan Braddi <joan@google.com > on behalf of Joan Braddi 
Sent: Wednesday, September 03, 2008 5::46 PM 
To: , Neal Mohan 
Cc: Susan Wojcicki 
Subject: RE: Display Strategy Status and Next Steps 
Neal: 
Thank you, for sending the notes and ,action plans. For future reference and for the GPS next week, would be good to 
articulate which AdSense products fit into Ad Exchang1e. You mentioned ""all our AdSense deals ""but think you mean AFC 
deals as AdSense reaches across audio, mobille, tv, search, etc .. Unless we plan to move these entire products over 
under AdExchange, we should target the sales team with the core adsense product most closely needed to fullfilll our 
AdExchange goals and not confuse the ad sales or spd team on the goals. 
Thanks for sorting this through with us. 
Joan 
from: Nleal Mohan [mailto:nmohan@google.com] 
Sent: Tuesday, September 02, 2008 10:1.5 PM 
TO: ostaff@g.oogle com
Cc: Susan Wojcicki 
Subject: Display Strategy Status and Next Steps 
OStaff, 
Thanks again for making the time to meet re: our display ads strategy today. We certainly appreciated your 
feedback very much and I hope you found the discussion useful as well. A few foUow-up notes: 
- Current State of product strategy ( three pillars) 
a) Platform to ACCESS the desired inventory. As we discussed last week here I think we have both the 
strategy as well as detailed roadmap figured out. We also completed a detailed pricing review and refr,esh 
across all products (for NA region only working with sales for other regions). 
b) Ad exchange to AGGREGATE. the inventory that the platform piece gives us access to. Here I think we 
hav,e the strategy (including positioning to advertisers and publishers) and the roadmap features and timing 
mostly figured out. One major component we are working on and will seek detailed feedback on is AdX 
pr1c1ng. 
c) Google Content Network to MONETIZE the inventory we aggregate via Ad Exchange and all our AdSense 
deals. Here we believe that our high level strategy is in place (focus on performanoe: targeting and 
optimization) but the roadmap is NOT ready yet As discussed, we are working hard on this part and hope to 
hav,e an inital plan cover the first half of 2009 in place in the next few weeks. It is my highest priority across all 
the elements of the display strategy. 
Given that most elements of our high leve] strategy is in place the next steps are the specifics of course .. Based 
on Omid's feedback and requests one of the items I am preparing is a quarter by quart.er review that will include 
the following information: 
1) Detailed roadmap for each pillar in that quarter: platform exchange and network 
l 
HIGHLY CONFIDENTIAL ",text_layer_extracted,"[""GOOG-DOJ-02133916""]"
PTX0032:pdf:2,PTX0032,2,"2) Our positioning and value proposition to advertisers and publishers for that quarter (tied to our overall 
themes of reach, result s, relevancy for advertisers and yield and control for publishers) - related to Nikesh's 
point re: overall theme and communication to clients 
3) Suggested specific objectives related to display for that quarter: target publishers , agencies , growth goals, etc. 
- related to Omid's closing comments re: specific tactics 
I will plan on including a first cut at this information for Q4, Ql, and Q2 in our upcoming EMG GPS next 
week. 
Please let me know if I missed anything or if any other information would be useful as we continue to solidify 
the strategy and roadmap. Also any suggestions on who else we should communicate our display plan to would 
be very helpful! 
Thanks , 
Neal 
Neal Mohan I Google I 91 7-287- 7981 I nmohan@google.com
2 
HIGHLY CONFIDENTIAL GOOG-DOJ-02133917 ",text_layer_extracted,"[""GOOG-DOJ-02133917""]"
PTX0110:pdf:1,PTX0110,1,"PTX0110 
1:23-cv-00108 
GOOG -DOJ-05247075 . 0001 
Display Strategy Working Document 
August 2012 
ATTORNEY CLIENT PRJV1LEGED 
CONFIDENTIAL AU viewers of this doc are obliged to be aware of their responsibilities under 
Googfe's Insider Trading Regulations (go/insider trading) and Data Sharing Policy (go/datapolicy). 
Ptease use discretion In sharing. 
Table of Contents 
GDN • Direct Response 
Big Bets in Optimization 
Display Ads as a Consurne r Product 
Richer Ads, Richer Google 
GON as an AdX Buyer 
Realizing Full Value of Display 
GDN - Brand 
How can we build a meaningful business in secondary inventory? 
Acceleratlng brand format innovation 
Brand Metrics - the click for brand? 
GDN - Audience 
Doubling down on Dynamic Re-marketing 
Building a world class Google lnterest Suite 
Social &O&O 
Going Native: Message Ads & the future of Gmail advertising 
Google+  Promote: A native format for the web and mobile apps 
AdWords Audience: Bringing it all together 
Agency & Large Advertisers 
Buyside DMP 
GDN and DBM 
Buy-Side Video Strategy 
OoubleClick Digital Marketing {DDM) v2 
Panels 
Dynamic Remarketing 
Publisher Platform 
DFP Audience Network 
Doubteclick for Startups 
CMS+ Ad Serving= more$ 
Programmatic Direct 
Video Ads 
Video Advertising (Sell~Side) 
AdX Growth 
Y 
",text_layer_extracted,[]
PTX0110:pdf:2,PTX0110,2,"GDN as an AdX Buyer 
Clarifying Google's auction display strategy 
Team: Woojin Kim, Bhavesh Mehta, Oren Zamir, Scott Spencer 
IProblem Statement 
Our auction medta business went from this in the ""Network"" Era 
.. 
I - ] 
the Era: 
I 
And we have several  problems with this new ecosystem: we're still operating with a 'network' mindset 
when we're now in an open 'exchange· environment. Specifically the problems are as follows: 
1. From GDN·s perspective: GDN is competitively disadvantaged against buy-side competition 
a. In the auction ecosystem we appear to be running a buyside subsidizes sell-side model 
we are artificially handicapping our buyside {GDN} to boost he attractiveness of our 
sellside {AdX) Specifically. we have chosen to limit GDN to buying only on AdX, an 
exclusivity that makes AdX more attractive to sellers 
b This greatly weakens GDN's position in the market -- why would an advertiser buy thru 
GDN when they can do the same retargeting on Criteo on same inventory plus more 
inventory. 
c. Secondly, GDN is the only buyer who puts in two bids into the AdX auction effectively 
second-pricing itself. Other buyers take greater liberty with their AdX bids to contror 'their 
margins and win rates. 
2. From AdXs perspective  GDN does not behave like an. arms-length buyer 
HIGHLY CONFIDENTIAL GOOG-DOJ-05-247083. 0009 
-",text_layer_extracted,"[""GOOG-DOJ-05-247083""]"
PTX0110:pdf:3,PTX0110,3,". GDN has visibility into ""confidential'' AdX data due to shared infrastructure. Publishers 
dislike this - Viacom did not join primarily because of this data sharing. 
b. In May 2012, GDN clawed back revenue irom AdX publishers to credit advertisers on 
bug-related mis-spend . AdX tried to force GDN to eat the cost, but GDN refused. 
3. From GDN""s perspective: assumptions about inventory are changing with the introduction of AdX 
a. GDN is a picky buyer. It   dislikes certain types of content (""sensitive""' content pages, low 
contextual content pages) . 
b. GDN's pickiness was previously codified via AFC policy. Now that GDN buys on AdX 
(and AdX has different poiicy}, GDN ends up buying unsuitable inventory . 
c. Example: AdX approved 'hacky' implementation for showing ads on webmail inventory in 
AdX, not realizing that implementation misleads GDN contextual targeting. 
4. From AFC's perspecttve: AFC policies are outdated 
a. AFC's policies were written when it was a network. AFC and AdX have different policies. 
Does this make sense , given they both offer up inventory to the same set of buyers? 
Proposed Solution- Impact. Risks 
The general  theme here is one of separation, one of incentive alignment AdX should really become the 
neutral platform; GDN should align purely with advertiser interests.  There are 4 things we need to do. 
1. Remove any vestigial attachrnent to network model , turn GDN into a proper buy-s ide product 
a. Go multi-exchange, do what's best for our advertisers without worryjng about how it might 
hurt our exchange business. 
b. Allow GON to place one bid (no second bid) into AdX auction; allow GDN to do whatever 
it wants to on the AdX auction, just like how any other buyer would act 
c. Investment: AWBid eng, BD work mostly done. Mostly a strategic decision. 
d. Impact: Last year's analysis - $100M in US in Year 1. 
e. Risks: Weakens AdX's competitiv-e positioning -- but we can mitigate this by (for 
example) paying less on inventory sourced thru other exchanges or only buying others· 
O&O. 
2 E rect a firewall (Chinese warll)  between AdX and GDN. 
a. GDN should be treated just like any other AdX buyer-- no special data access. no 
special policies. no special treatment. DoubleClick products currently operate this way. 
b. lnvestment Unclear. Need to survey existing system. Will require work to build internal 
control systems and reorganizing the code for cleaner separation. 
c. Impact: Legitimizes AdX as a platform, a neutral party. No immediate revenue benefit. 
d. Risks: 
1. Are there currentty (fair) beneflts GDN derives from accessrng AdX data? Do we 
unnecessarily lose those through separation?  
11. Is it possible and practical to separate the technology between AdX and GDN? 
VVhat part of the code belongs on what side? Logs? 
3. GDN should assume nothing about AdX inventory type / quality 
a. Various things codffied into AFC policy before should now be built into GDN product. For 
example. GDN should detect contextual deserts and choose to not buy, instead of relying 
on outdated policies to disallow that inventory into AFC/AdX. 
b. Investment: 1 engineer 2 quarters to build logic into GDN 
C. Impact: 
1. GDN more robustly protects 1ts advertisers from types of content it deems 
inappropriate for its advertiser. No immediate revenue benefit 
ii. AdX can acquire any inventory it deems appropriate. without worrying specifically 
HIGHLY CONFIDENT1AL GOOG-DOJ-05247084. 0010 
",text_layer_extracted,"[""GOOG-DOJ-05247084""]"
PTX0110:pdf:4,PTX0110,4,"about how it might violate. No immediate revenue benefit. 
d. Risks: None 
4. AFC should be treated internally as AdX Lite -- same product, same policies, same incentives 
a. Investment : PM work to clean up policy 
b. lmpact: Simpler. less confusion. No immediate revenue benefit. 
c. Risks: None 
HIGHLY CONFIDENTIAL GOOG-DOJ-05:247085.0011 ",text_layer_extracted,[]
