bun test v1.4.2 (744846f84)

tests/core-dataset-supply-chain.test.ts:
(pass) original finite supply-chain graph preserves complete source receipts and present-null parents [800.66ms]
(pass) tighter retained-copy estimate preserves oversized aggregate and exact receipt refusal [15.24ms]

tests/core-record-values.test.ts:
(pass) complete logical record check preserves original document validation [2.78ms]
(pass) required absence/defaults, wrong values and duplicate/undeclared fields do not pass [2.66ms]
(pass) unknown scope/availability and dataset keys remain explicit incomplete obligations [1.29ms]
(pass) explicit version/shape/accessor boundaries refuse without getters or version rewrite [0.48ms]

tests/csv-boolean-lexical.test.ts:
(pass) four explicit original lexical forms retain typed public validation and immutable original custody [45.33ms]
(pass) closed grammar/version/Field scope refuses whitespace, case, numeric, absent/null and String [10.16ms]
(pass) successful token conversion never changes invalid or unknown public Field verdict [17.80ms]
(pass) receipt recomputation rejects independently mismatched source/request and every forged surface [28.77ms]
(pass) bounded copying and private schema snapshot refuse getters and hostile receipt/context shapes [9.79ms]
(pass) UTF-8 aggregate source/request and full receipt ceilings refuse without truncation [18.84ms]
(pass) early byte traversal matches native JSON escapes/UTF8 and never serializes oversized whole values [11.78ms]
(pass) native null and absence remain independent Record states, never converted/defaulted [23.53ms]

tests/core-evolution.test.ts:
(pass) exact source and absent addition preserve; original partial Record semantics retained [90.21ms]
(pass) known type change breaks; unknown unchanged meaning stays unsupported [44.56ms]
(pass) forged original expectations, policy and result refuse [50.15ms]
(pass) required addition, reordered members and changed facet do not preserve [65.90ms]
(pass) resource and accessor refusal precede any accepted receipt [5.46ms]
(pass) known breaking changes retain unknown residuals; wrong versions and identity refuse preservation [38.80ms]
(pass) schema exports are snapshots and original inputs/results are independent copies [38.44ms]
(pass) exported schema mutation does not loosen private admission [0.27ms]
(pass) duplicate additions, changed Keys/defaults, and present-null are not absent preservation [45.92ms]
(pass) oversized forged receipt refuses streaming before whole serialization [32.71ms]
(pass) aggregate sources are byte bounded before semantic validation [4.99ms]
(pass) oversized policy text refuses before const canonicalization [4.64ms]
(pass) valid cross-module additions are explicitly unsupported and wholly retained [29.60ms]
(pass) duplicate presentation names retain distinct qualified admitted identities [23.23ms]
(pass) new known annotations outside the closed profile remain retained unsupported [16.63ms]
(pass) semantic work exhaustion refuses without raising value or byte limits [45.82ms]

tests/core-dataset-compact.test.ts:
(pass) original commerce dataset admits under unchanged limits and expands to original public results [179.24ms]
(pass) original supply-chain dataset admits under unchanged limits and expands to original public results [391.92ms]
(pass) original archaeology dataset admits under unchanged limits and expands to original public results [1593.17ms]
(pass) original ecology dataset admits under unchanged limits and expands to original public results [1243.59ms]
(pass) full operation remains unchanged and compact context discharge/diagnostics match original full receipts [522.01ms]
(pass) present null and original decimal exponent tokens survive while absent and required-null stay different [137.58ms]
(pass) duplicate keys, unresolved endpoints and parallel identity/multiplicity retain exact original diagnostics [558.45ms]
(pass) unknown source meaning/context remains complete in retained bytes and prevents invented completeness [149.16ms]
(pass) forged compact references, original inputs/source and any changed result are refused by complete recomputation [93.24ms]
(pass) copy/accessor/version and structural/byte/semantic work limits refuse without partial receipts or raised full guards [119.61ms]
(pass) work admission counts endpoint occurrences inside a single declaration before quadratic presentation scans [12.98ms]
(pass) malformed copied source shapes refuse through governed source validation rather than TypeError [17.73ms]
(pass) custom uniqueItems retains governed invalid-source refusal for repeated object references [12.39ms]
(pass) source declaration byte preflight runs before any expensive literal validation and opaque Unicode stays exact [33.29ms]
(pass) unknown length units retain original diagnostics with growing unrelated unknown qualifiers [255.22ms]
(pass) source key component/reference scan product is reserved before original semantic checking [30.31ms]
(pass) public schema mutation cannot alter private resource reservations [30.06ms]
(pass) compact first-occurrence field index preserves duplicate supplied-value behavior exactly [155.93ms]
(pass) resource-only meter reserves propertyNames and both const/enum sides independently [0.09ms]
(pass) indexed key selection preserves unknown key/field qualifiers and missing identity refusals [420.26ms]

tests/core-dataset-values.test.ts:
(pass) original commerce0.8 has complete finite dataset context with unchanged public receipts [310.91ms]
(pass) duplicate locators, keys, relationships and unresolved/wrong/missing endpoints are invalid [742.91ms]
(pass) parallel occurrences preserve bag identity and count distinct associated records [108.39ms]
(pass) unknown, owned/unspecified lifecycle, heterogeneous, undirected and association contexts remain incomplete [654.85ms]
(pass) unknown relevant key qualifier stays unresolved rather than inventing dangling/minimum failure [109.19ms]
(pass) arbitrary original integer domain, required absence and exact public key semantics remain [213.54ms]
(pass) closed scope, unknown executable input, accessors, budgets and forged/stale receipts refuse [652.13ms]
(pass) actual many-key receipt budget counts repeated public values and hex carriers [122.58ms]

tests/delta/table.test.ts:
(pass) US-018-AC4: context preserves embedded spelling, exact integers and future declarations [140.42ms]
(pass) US-018-AC4: feature/partition inconsistencies and malformed schema remain visible and preserved [37.10ms]
(pass) US-018-AC5: generic context edits are atomic and do not imply safe table evolution [127.49ms]

tests/delta/schema.test.ts:
(pass) US-018-AC1: Delta source cases preserve exact schema through JSON/YAML [995.86ms]
(pass) US-018-AC2: unknown metadata and representation fields never disappear silently [33.65ms]
(pass) US-018-AC3: edits are atomic and keep source; shape failure rejects candidate [38.91ms]

tests/delta/mapped-nested.test.ts:
(pass) US-018-AC7: array and map-value field renames preserve mapping across both protocol families [2860.17ms]

tests/delta/multipart.test.ts:
(pass) US-018-AC19: Spark hash vectors include signed UTF-8 tails and explicit seeds [0.79ms]
(pass) US-018-AC19: native multipart recovery preserves all parts and row origins [1041.67ms]
(pass) US-018-AC19: missing/duplicate parts, mismatched identities and hash-clustering violations block [152.14ms]
(pass) US-018-AC19: V2 features and repeated actions cannot be assembled as a multipart snapshot [327.74ms]
(pass) US-018-AC19: invalid finite part counts retain schema-valid blocked evidence [0.10ms]

tests/delta/checkpoint.test.ts:
(pass) US-018-AC13: checkpoint and following commits reproduce native-backed states without earlier history [29.60ms]
(pass) US-018-AC13: checkpoint invariants and missing sidecars block without partial state [60.57ms]
(pass) US-018-AC13: both pinned upstream JSON checkpoints retain source and report unresolved Parquet sidecars [24.42ms]

tests/delta/log.test.ts:
(pass) US-018-AC9: full log text preserves line endings, exact numbers, future actions and invalid lines [16.01ms]
(pass) US-018-AC9: empty and duplicate-key input stay captured; representation additions block export [16.40ms]
(pass) US-018-AC9: inspection bounds leave uninspected source intact [16.37ms]

tests/delta/upstream.test.ts:
(pass) US-018-AC8: pinned upstream schema/context corpus preserves source and known rejection [6804.43ms]

tests/delta/column-mapping.test.ts:
(pass) US-018-AC6: mapped nested field IDs and physical paths are checked independently [108.92ms]
(pass) US-018-AC6: missing mapping context and exact out-of-range IDs are diagnosed without source loss [90.27ms]
(pass) US-018-AC6: feature-era mapping requires both feature lists; none mode stays separate [65.69ms]

tests/delta/sidecars.test.ts:
(pass) US-018-AC16: native sidecar checkpoints recover states and retain origin/source evidence [485.76ms]
(pass) US-018-AC16: missing, duplicate, extra, mismatched and mixed sidecars block atomically [506.21ms]
(pass) US-018-AC16: nonfile sidecar actions and malformed bytes cannot seed state [111.86ms]
(pass) US-018-AC16: supplied upstream sidecars retain typed-statistics blockers and all bytes [165.28ms]

tests/delta/checkpoint-parquet-trial.test.ts:
(pass) US-018-AC14: Parquet decoder trial agrees with typed native values and exact decimal boundaries [68.71ms]

tests/delta/parquet-actions.test.ts:
(pass) US-018-AC15: native checkpoint corpus projects exact actions or blocks with source intact [3183.11ms]
(pass) US-018-AC15: ambiguous maps, typed values, missing required fields and action conflicts cannot silently lower [681.25ms]
(pass) US-018-AC17: annotated statistics dates and timestamp fractions have explicit bounds [0.31ms]

tests/delta/actions.test.ts:
(pass) US-018-AC10: known action shapes and exact integer boundaries retain source [81.43ms]
(pass) US-018-AC10: arbitrary commit provenance and opaque future content remain incomplete [33.77ms]

tests/delta/history-upstream.test.ts:
(pass) US-018-AC12: all pinned ordinary-commit prefixes preserve sources and reproduce state or explicit blocks [7255.18ms]

tests/delta/rename.test.ts:
(pass) US-018-AC7: mapped rename preserves physical meaning and updates top-level partition references [686.24ms]
(pass) US-018-AC7: collisions, expressions, unknown features and non-field pointers block [561.58ms]
(pass) US-018-AC7: expressions elsewhere in the schema and unknown storage providers block [181.53ms]

tests/delta/reconcile.test.ts:
(pass) US-018-AC11: native six-version history matches action state and preserves every source [67.93ms]
(pass) US-018-AC11: gaps, duplicates, missing initial context, checkpoints and ambiguous file changes block [55.03ms]
(pass) US-018-AC11: DV changes are set-based; domains and unknown actions remain preserved [45.40ms]

tests/delta/parquet-checkpoint.test.ts:
(pass) US-018-AC18: explicit V1/V2 Parquet checkpoint recovery agrees with nine native snapshots [1687.06ms]
(pass) US-018-AC18: wrong checkpoint specs, missing sidecars and missing successors cannot produce state [376.08ms]
(pass) US-018-AC18: pinned single-file checkpoints preserve bounded recovery outcomes [3340.93ms]

tests/postgresql/edit-preservation.test.ts:
(pass) CONTRACT-015 candidate edits cannot erase unknown tagged representation content [1529.04ms]

tests/postgresql/integer-tokens.test.ts:
(pass) CONTRACT-015 exact catalog integers prevent false scalar classification through rounding [2474.69ms]

tests/postgresql/native.test.ts:
(pass) US-015-AC1: PostgreSQL DDL source and native AST survive UMF and native round trips [390.49ms]
(pass) US-015-AC2: native candidate edits propagate without modifying the original source [44.12ms]
(pass) US-015-AC3: unknown AST and representation fields cannot disappear through Protobuf or deparse [40.94ms]
(pass) US-015-AC3: typed AST schema covers native samples, unions and known field types without stripping unknowns [11.83ms]
(pass) US-015-AC3: typed Boolean construction repairs the wrapper without hiding raw codec loss [80.89ms]
(pass) US-015-AC2: Boolean candidate edit uses the native false representation [43.00ms]

tests/postgresql/catalog.test.ts:
(pass) US-015-AC6: captured PostgreSQL metadata, exact unknowns and reconstruction archives survive both UMF formats [590.46ms]
(pass) US-015-AC6: candidate edits cannot expose stale reconstruction SQL as synchronized [555.98ms]
(pass) US-015-AC6: ambiguity and unknown representation data are preserved and reported [175.05ms]
(pass) US-015-AC6: unsupported minor-version evidence and conflicting capture state cannot overclaim readiness [106.46ms]
(pass) US-015-AC7: v1 captures remain readable while v2 requires its additional native object families [189.62ms]
(pass) US-015-AC8: dependency identities distinguish native objects and preserve copied edges [128.97ms]

tests/postgresql/ddl-edits.test.ts:
(pass) US-015-AC12 edited native DDL evidence binds current proposals and fresh catalog recovery [293.38ms]

tests/postgresql/avro-projection.test.ts:
(pass) CONTRACT-034 PostgreSQL captured columns project with explicit restricted domains and native recovery [540.84ms]
(pass) CONTRACT-034 numeric typmods are decoded without truncation or inventing unconstrained precision [1096.98ms]
(pass) CONTRACT-034 unsupported mappings, ambiguity, stale metadata and modified captures block [1729.46ms]

tests/postgresql/projection.test.ts:
(pass) US-015-AC9: explicit PostgreSQL row encodings produce a qualified JSON Schema and quoted query [68.24ms]
(pass) US-015-AC9: strict policy, unsafe encodings and edited metadata block projection [247.61ms]
(pass) US-015-AC9: generated SQL quotes identifiers and keys instead of interpolating executable fragments [109.40ms]
(pass) US-015-AC9: projection result schema distinguishes blocked results from executable results [82.31ms]
(pass) US-015-AC9: boolean, smallint and SQL/JSON null encodings retain their distinct contracts [46.87ms]

tests/postgresql/metadata.test.ts:
(pass) CONTRACT-015 catalog identities drive core families without flattening native meaning [510.99ms]
(pass) CONTRACT-015 legacy captures do not guess types and field metadata cannot be lost [416.98ms]

tests/postgresql/declarations.test.ts:
(pass) CONTRACT-015 raw DDL exposes copied declarations without resolving search_path, LIKE or ALTER state [234.77ms]
(pass) CONTRACT-015 DDL type inventory respects native edits, unknown type syntax, foreign tables and version guards [125.98ms]

tests/core/field-kind.test.ts:
(pass) kind lookup separates legacy, unknown, missing and defined roles without inventing provenance [10.57ms]
(pass) author provenance survives serialization, verification and rollback without claiming native meaning [5.90ms]
(pass) authoring blocks unknown meaning, legacy versions and structured/scalar conflicts atomically [0.32ms]
(pass) provenance verification rejects forged paths, altered assertions and stale native or unrelated content [1.01ms]

tests/core/key-ideals.test.ts:
(pass) candidate Key checks membership, primary/alternate identities and component equality [34.29ms]
(pass) key schema leaves cross-reference semantics to validator; old profiles stay opaque [12.68ms]
(pass) key candidate never invokes getters and retains path-qualified unknowns [0.23ms]

tests/core/relationship-public.test.ts:
(pass) public 0.7.0 validation and document serialization retain authored relationships and reject broken targets [5.55ms]
(pass) earlier core operations use 0.7.0 receipts and refuse edits invalidating keyed endpoints [85.31ms]
(pass) 0.7.0 element selection retains full relationship context and the explicitly declared element traversal scope [1.22ms]
(pass) extension semantic validators receive the actual relationship-bearing 0.7.0 document [1.17ms]

tests/core/native-json.test.ts:
(pass) CONTRACT-001: shared exact JSON tree is representation-identical across three extensions [5.89ms]
(pass) US-024-AC4: explicit YAML 1.1 preserves underscored boundaries without changing the default profile [0.47ms]
(pass) US-024-AC4: date-only string projection is explicit and does not admit general timestamps [0.15ms]
(pass) US-024-AC4: PyYAML boolean vocabulary leaves single-letter axis names unchanged [0.31ms]

tests/core/cardinality-ideals.test.ts:
(pass) Cardinality is explicit Field meaning with independent item/value references and availability [5.97ms]
(pass) containers cannot acquire scalar labels; invalid roles, labels and item links refuse atomically [1.27ms]
(pass) unknown cardinality and recursive/cross-module item definitions remain copied and recoverable [1.03ms]
(pass) legacy cardinality and itemType stay opaque; transition archives both even when they look valid [23.14ms]
(pass) rollback retains later assertions separately and refuses forged receipts or changed identities [0.95ms]

tests/core/cardinality-operations.test.ts:
(pass) authored Cardinality and item meaning survive serialized verified receipts without source mutation [10.84ms]
(pass) item omission preserves meaning; explicit set or clear retains previous meaning in archived source [0.79ms]
(pass) legacy, missing, unknown and inapplicable Cardinality inspections never infer native meaning [1.46ms]
(pass) invalid requests and item/scalar conflicts fail atomically; no getters execute [0.33ms]
(pass) forged or stale author receipts cannot confer provenance [1.27ms]

tests/core/field-ideals.test.ts:
(pass) field kinds are explicit; missing kind is never inferred from scalar family [3.85ms]
(pass) legacy collisions stay opaque, including names that are now known [2.75ms]
(pass) new profile refuses malformed kinds and structured scalar claims atomically [0.67ms]
(pass) unknown future kind and other open metadata survive without semantic completion [0.35ms]
(pass) future envelope versions and unsafe getter inputs cannot be interpreted [0.07ms]

tests/core/nullability-authoring.test.ts:
(pass) inspection distinguishes legacy, absent, inapplicable, known and unknown without inventing provenance [1.97ms]
(pass) authored availability has exact identity/provenance and survives JSON/YAML without claiming native absence meaning [3.54ms]
(pass) unknown assertions, non-fields, wrong versions and invalid identities refuse instead of overwriting intent [0.74ms]
(pass) tampered and stale receipts refuse; migration rollback retains new authored assertions [2.52ms]

tests/core/core.test.ts:
(pass) US-001-AC1: JSON and YAML retain unknown extension and core fields without claiming understanding [0.54ms]
(pass) US-001-AC2: names in independent contexts coexist; identity and references are checked [17.70ms]
(pass) US-001-AC2: native semantics are not inferred by extension structural validation [6.90ms]
(pass) US-001-AC2: undeclared versions, duplicate registration, invalid schema and scope fail explicitly [7.94ms]
(pass) US-001-AC3: safe edits are atomic, checked and reflected in both serializations [6.53ms]
(pass) US-001-AC3: unknown dependencies block edits even if the edited extension is known [3.07ms]
(pass) US-001-AC2: validator exceptions never become successful validation [2.79ms]
(pass) US-001-AC4: duplicate keys and non-JSON YAML are rejected [1.31ms]
(pass) US-001-AC4: numeric boundaries fail instead of rounding and interoperable decimals survive [0.28ms]
(pass) US-001-AC4: non-JSON programmatic values cannot disappear during serialization [0.67ms]
(pass) US-001-AC4: dangerous property names are retained as data, never inherited behavior [0.10ms]
(pass) US-001-AC4: document depth and size limits fail explicitly [0.38ms]
(pass) US-001-AC1: generated unknown content survives repeated portable serialization [31.50ms]
(pass) registry captures a frozen copy, independent of subsequent package edits [3.64ms]
(pass) published minimal document fixture validates with independent namespaces and references [10.70ms]
(pass) US-001-AC1: YAML preserves long leading-indented multiline native comments [0.17ms]
(pass) US-001-AC2: JSON equality handles reference objects and method-like data keys safely [4.61ms]

tests/core/relationship-ideal.test.ts:
(pass) relationship candidate resolves keyed endpoints, participation, lifecycle and reified identity [96.81ms]
(pass) old relationship-shaped unknown members remain opaque and candidate does not infer associations [0.97ms]
(pass) candidate retains unknown meanings and rejects accessors and cyclic input without evaluation [1.13ms]

tests/core/facet-authoring.test.ts:
(pass) authored facet groups have copied provenance, exact declared bounds and verifiable JSON/YAML receipts [17.38ms]
(pass) facet updates retain unknown groups and nested qualifiers; unknown units stay uninterpreted [0.68ms]
(pass) invalid facet patches, conflicts, legacy authoring and hostile inputs refuse without mutation [1.21ms]
(pass) stale, forged and cross-document facet receipts cannot confer author provenance [1.18ms]

tests/core/relationship-transition.test.ts:
(pass) explicit 0.6 to 0.7 transition archives every module collision without interpreting it [96.96ms]
(pass) rollback restores original envelope and retains new assertions and native edits in its source [16.54ms]
(pass) forged receipts, invalid current meaning and mismatched document identities reject [19.40ms]
(pass) transition functions reject accessors without evaluating them [0.97ms]

tests/core/key-transition.test.ts:
(pass) explicit Key migration archives all element collisions without adopting author intent [42.59ms]
(pass) rollback restores exact old content and separately retains later key assertions and native edits [4.88ms]
(pass) forged receipts, wrong identities/versions and invalid current key meaning reject atomically [5.92ms]
(pass) no-collision migration and copy discipline preserve opaque scopes without getters [0.72ms]

tests/core/nullability-transition.test.ts:
(pass) explicit upgrade archives every old label and preserves roles, native refinements and references [2.95ms]
(pass) both receipt formats roll back original model while retaining subsequent availability and native edits [3.40ms]
(pass) null, empty, known, future and method-like collisions remain recoverable [3.31ms]
(pass) forged receipts, wrong identity, wrong versions and malformed current states refuse atomically [2.14ms]
(pass) 0.1.0 requires the Field transition first and the inverse chain preserves both collisions [0.90ms]
(pass) getter inputs are refused without invoking artifact code [0.06ms]

tests/core/selection.test.ts:
(pass) CONTRACT-001 selection preserves distinct contexts, core reference boundaries, cycles and unknown meaning [3.21ms]
(pass) CONTRACT-001 malformed queries and unresolved core sources fail without invoking accessors [79.80ms]
(pass) CONTRACT-001 callers can supply semantic validation without confusing selection with native dependency discovery [7.37ms]
(pass) CONTRACT-001 shared scalar selection keeps native recoveries intact across the five priority systems [610.56ms]

tests/core/facet-ideals.test.ts:
(pass) candidate facet semantics check families, roles, shape, pairs and qualified unknowns [11.15ms]
(pass) candidate JSON Schema documents structural limits; semantic comparison remains explicit [1.49ms]
(pass) facet tokens are checked before conversion; unsafe numbers and accessors refuse atomically [0.81ms]

tests/core/key-tuple.test.ts:
(pass) key tuple vectors and domain boundaries produce exact frames or atomic refusals [49.40ms]
(pass) stable key ID survives name/list changes while retained receipts detect stale context [0.95ms]
(pass) tuple verification rejects forged and nonminimal frames and altered retained inputs [1.90ms]
(pass) unknown relevant qualifiers block and unrelated native extension content survives [0.93ms]
(pass) shortest length/count framing and no getter evaluation [5.03ms]
(pass) resource bounds and a bad later component refuse the whole tuple [1.99ms]
(pass) current document context and result schema reject prior versions without downgrading [0.92ms]

tests/core/schema-properties.test.ts:
(pass) CONTRACT-049 schema properties > valid [1.67ms]
(pass) CONTRACT-049 schema properties > duplicate-equal-integers [0.95ms]
(pass) CONTRACT-049 schema properties > duplicate-equal-decimals [0.57ms]
(pass) CONTRACT-049 schema properties > duplicate-equal-binary [0.52ms]
(pass) CONTRACT-049 schema properties > invalid-default-domain [0.59ms]
(pass) CONTRACT-049 schema properties > default-not-in-set [0.56ms]
(pass) CONTRACT-049 schema properties > fractional-integer [0.52ms]
(pass) CONTRACT-049 schema properties > decimal-rounding [0.43ms]
(pass) CONTRACT-049 schema properties > collection-size [0.44ms]
(pass) CONTRACT-049 schema properties > min-length [0.56ms]
(pass) CONTRACT-049 schema properties > surrogate [0.80ms]
(pass) CONTRACT-049 schema properties > empty-range [0.63ms]
(pass) CONTRACT-049 schema properties > unpaired-flag [0.51ms]
(pass) CONTRACT-049 schema properties > inverted-length [0.47ms]
(pass) CONTRACT-049 schema properties > inverted-size [0.43ms]
(pass) CONTRACT-049 schema properties > collection-bound-on-scalar [0.61ms]
(pass) CONTRACT-049 schema properties > range-on-string [0.60ms]
(pass) CONTRACT-049 schema properties > unknown-default-behavior [0.33ms]
(pass) CONTRACT-049 schema properties > null-numeric-bound [0.70ms]
(pass) CONTRACT-049 schema properties > unknown-facet-inverted-range [0.64ms]
(pass) CONTRACT-049 schema properties > empty-discrete-integer-range [18.76ms]
(pass) CONTRACT-049 schema properties > empty-discrete-decimal-range [0.97ms]
(pass) CONTRACT-049 schema properties > signed8-min-domain-extreme-exclusive [0.18ms]
(pass) CONTRACT-049 schema properties > signed8-min-domain-extreme-inclusive [0.12ms]
(pass) CONTRACT-049 schema properties > signed8-max-domain-extreme-exclusive [0.12ms]
(pass) CONTRACT-049 schema properties > signed8-max-domain-extreme-inclusive [0.10ms]
(pass) CONTRACT-049 schema properties > unsigned8-min-domain-extreme-exclusive [0.09ms]
(pass) CONTRACT-049 schema properties > unsigned8-min-domain-extreme-inclusive [0.10ms]
(pass) CONTRACT-049 schema properties > unsigned8-max-domain-extreme-exclusive [0.09ms]
(pass) CONTRACT-049 schema properties > unsigned8-max-domain-extreme-inclusive [0.09ms]
(pass) CONTRACT-049 schema properties > decimal-scale0-min-domain-extreme-exclusive [0.13ms]
(pass) CONTRACT-049 schema properties > decimal-scale0-min-domain-extreme-inclusive [0.09ms]
(pass) CONTRACT-049 schema properties > decimal-scale0-max-domain-extreme-exclusive [0.09ms]
(pass) CONTRACT-049 schema properties > decimal-scale0-max-domain-extreme-inclusive [0.11ms]
(pass) CONTRACT-049 schema properties > decimal-scale2-min-domain-extreme-exclusive [0.09ms]
(pass) CONTRACT-049 schema properties > decimal-scale2-min-domain-extreme-inclusive [0.08ms]
(pass) CONTRACT-049 schema properties > decimal-scale2-max-domain-extreme-exclusive [0.08ms]
(pass) CONTRACT-049 schema properties > decimal-scale2-max-domain-extreme-inclusive [0.08ms]
(pass) CONTRACT-049 schema properties > public JSON/YAML round trips and input copy isolation [6.22ms]
(pass) CONTRACT-049 schema properties > document/module metadata do not change IDs [3.62ms]
(pass) CONTRACT-049 schema properties > value properties are refused on non-Field elements [2.94ms]
(pass) CONTRACT-049 schema properties > defaults distinguish missing, null and present without mutation [4.74ms]
(pass) CONTRACT-049 schema properties > exact numeric values, range boundaries and Unicode units [2.25ms]
(pass) CONTRACT-049 schema properties > minimum-only length, zero-sized collections and maps [1.24ms]
(pass) CONTRACT-049 schema properties > unknown unrelated content survives; relevant qualifiers refuse [3.04ms]
(pass) CONTRACT-049 schema properties > legacy collisions archived, rollback retains subsequent assertions [4.20ms]
(pass) CONTRACT-049 schema properties > 0.8.0 metadata selection follows item types and retains new properties [0.73ms]
(pass) CONTRACT-049 schema properties > zero maximum lengths, absolute tokens and known default preservation [3.54ms]
(pass) CONTRACT-049 schema properties > hostile accessors are never executed [0.06ms]
(pass) CONTRACT-049 schema properties > legacy lookalikes stay unknown and need explicit migration [0.34ms]

tests/core/field-transition.test.ts:
(pass) upgrade explicitly archives every legacy collision and preserves all other metadata [0.32ms]
(pass) serialized receipts support exact model rollback while retaining later assertions and native edits [2.63ms]
(pass) tampered or stale receipts fail without overwriting source or edited model [1.34ms]
(pass) null, method-like names, unknown content, and malformed inputs retain copy safety [1.76ms]

tests/core/key-operations.test.ts:
(pass) public Key authoring, inspection and stable lookup preserve copied source and both serializations [22.38ms]
(pass) key updates retain identity and unknowns, reject tuple changes and implicit primary demotion [7.21ms]
(pass) operation verification rejects forged/stale context and old profiles remain opaque [5.54ms]
(pass) 0.6.0 core operations use new receipts and refuse changes invalidating keys [31.54ms]
(pass) Key selection reports explicit member/component boundaries and traverses by identity [3.78ms]
(pass) 0.6.0 extension validators receive the actual key-bearing document and can reject it [9.33ms]
(pass) member traversal terminates on cycles and component order cannot change under a stable key ID [3.86ms]

tests/core/deep-json-equality.test.ts:
(pass) deep JSON const/enum/unique comparisons avoid exponential string escaping [4.01ms]
(pass) deep unknown native content survives TableSpec receipt verification [53.66ms]
(pass) deep unrelated metadata survives authored TableSpec projection and exact ideal recovery [36.21ms]

tests/core/relationship-operations.test.ts:
(pass) candidate authoring and stable lookup expose all authored shapes with verified serialized receipts [320.99ms]
(pass) rename and endpoint set reorder preserve stable identity and every unknown qualifier [5.11ms]
(pass) existing IDs cannot move to different endpoint keys, directions or association Records [4.69ms]
(pass) legacy values remain inspectable without authoring and future lifecycle stays uninterpreted [3.25ms]
(pass) receipt recomputation, current context and input copying reject forgeries and getters [6.97ms]

tests/core/schema-properties-review.test.ts:
(pass) extension validators receive complete isolated 0.8.0 context at every scope [6.95ms]
(pass) nullable numeric Fields reject null bounds without throwing [2.03ms]
(pass) unknown facets cannot bypass known range validation [1.20ms]
(pass) integer and fixed-scale ranges reject empty discrete intervals [4.66ms]
(pass) single exclusive bounds reject integer and decimal domain extrema [25.38ms]
(pass) range emptiness checks do not expand enormous numeric domains [0.90ms]
(pass) value and default APIs reject identity accessors without invoking them [0.18ms]
(pass) explicit malformed facet patches reject atomically [7.59ms]
(pass) unknown length units remain incomplete and block extension edits for every bound shape [7.08ms]

tests/core/relationship-selection.test.ts:
(pass) authored relationship selection resolves exact endpoint and alternate-key metadata with full source recovery [59.26ms]
(pass) filters use exact stable identities, set intersection and empty-filter semantics [7.32ms]
(pass) navigation is presentation metadata and retains undirected, inverse and association distinctions [2.87ms]
(pass) selection refuses legacy inputs and invalid filters without executing getters [0.69ms]

tests/core/javascript-numeric.test.ts:
(pass) safe integer admission and bigint boundaries [4.72ms]
(pass) decimal admission uses exact binary value rather than shortest spelling [0.41ms]
(pass) constructor retains spelling and refuses malformed and over-limit input [0.45ms]
(pass) declared decimals, exclusions, unknown qualifiers and JSON/YAML carriers [3.06ms]

tests/core/scalar.test.ts:
(pass) CONTRACT-001 scalar families are interpreted core metadata and survive both formats [1.08ms]
(pass) CONTRACT-001 unknown scalar families remain recoverable and explicitly incomplete [0.31ms]

tests/core/nullability-ideals.test.ts:
(pass) explicit nullability requires a Field and survives both formats without native interpretation [0.94ms]
(pass) missing availability does not inherit native nullable flags or defaults [0.28ms]
(pass) older envelopes preserve all colliding nullability values as opaque content [4.83ms]
(pass) unknown availability is retained, but malformed values and non-Field use fail atomically [0.74ms]
(pass) unsafe getters and unsupported future versions cannot be interpreted [0.09ms]

tests/core/facet-transition.test.ts:
(pass) explicit facet migration archives every legacy collision and recovers it through both serializations [25.80ms]
(pass) rollback restores the original without reinterpreting later bounds; forged receipts and wrong versions refuse [4.56ms]
(pass) 0.5.0 document validation and selection preserve item facets, availability, unknowns and boundaries [2.65ms]

tests/actions-reference/executor.test.ts:
(pass) native SET invocation atomically commits typed verification, replays, preserves no-op versions and rolls back audit failure [3449.72ms]
(pass) native missing/version/precondition terminal decisions persist and replay without reevaluating state [2338.26ms]
(pass) native concurrent invokes retain one same-token result and serialize distinct-token resource assertions [1966.27ms]

tests/actions-reference/admission.test.ts:
(pass) trusted issuer authenticates human and service independently and refuses credential tampering [0.38ms]
(pass) logical requests refuse spoofed context and canonicalize version assertions by declaration [0.36ms]
(pass) lossless native codec preserves every admitted string identity and refuses ambiguous representations [0.09ms]

tests/actions-reference/store.test.ts:
{"nativeVersion":"17.9 (Debian 17.9-1.pgdg13+1)","nativeVersionNumber":"170009"}
(pass) native store foundation enforces exact aliases, FKs, control serialization and atomic rollback [2251.99ms]
(pass) native lossless payloads and identity buckets preserve NUL/surrogates, large tokens/Keys and digest collisions [2382.77ms]
(pass) native qualified isolation preserves exact concurrent uniqueness and independent stores [2218.81ms]

tests/actions-reference/handlers.test.ts:
(pass) trusted handler allowlist binds exact immutable copied code and retirement cannot be silently reinstalled [0.50ms]
(pass) qualified handlers still require whole understood declaration including opaque profile members and unused model dependencies [73.39ms]

tests/actions-reference/sandbox.test.ts:
(pass) actual isolated handler foundation > copied authenticated ordered gateway calls and isolated runtime [304.98ms]
(pass) actual isolated handler foundation > asynchronous candidate dispatch is refused rather than outliving an attempt [259.22ms]
(pass) actual isolated handler foundation > deployment build mismatch refuses before dispatch [0.43ms]
(pass) actual isolated handler foundation > unauthenticated output and caught gateway refusal cannot finish successfully [574.18ms]
(pass) actual isolated handler foundation > authenticated malformed requests and stderr flooding refuse [1137.39ms]
(pass) actual isolated handler foundation > hostile numeric protocol payloads normalize to FRAME_ACCESS before dispatch [576.44ms]
(pass) actual isolated handler foundation > absolute deadline refuses success even when synchronous dispatch delays timers [3374.17ms]
(pass) actual isolated handler foundation > invalid and truncated UTF-8 fail through the profile protocol error [518.25ms]
(pass) actual isolated handler foundation > infinite computation, protocol flood and operation 257 abort [2203.43ms]

tests/actions-reference/policy.test.ts:
(pass) native current policy gates protected callbacks and serializes revocation with accepted work [1624.23ms]

tests/actions-reference/audit.test.ts:
(pass) native terminal audit protects executor attempt/profile, trusted actor/policy and omits raw inputs [1602.63ms]
(pass) native audit access denies before row queries and separates header/detail roles and family scope [2329.73ms]
(pass) native audit horizon is pinned, expiry irreversible and payload selection stops before disclosure [3353.93ms]

tests/actions-reference/evolution.test.ts:
(pass) evolution review preserves exact signature/frame/condition/policy/profile/unknown changes without proving caller compatibility [455.93ms]
(pass) native immutable revision comparison flags strengthened conditions and leaves original replay and explicit fresh selection independent [2712.77ms]

tests/actions-reference/create.test.ts:
(pass) native CREATE proves aliases, preserves pre-state, supports later SET and blocks all-Key/concurrent collisions [4563.45ms]

tests/actions-reference/receipts.test.ts:
(pass) native exact receipt map includes baseline, committed order and no-op/replay without preview writes [1916.65ms]
(pass) native no-op at genesis retains sequence-zero receipt without an outbox event [1627.70ms]
(pass) late native audit failure rolls back the tentative receipt and all business facts [2205.23ms]
(pass) native committed outbox and receipt fields reject mutation and deletion [2068.09ms]

tests/actions-reference/launch-owner.test.ts:
(pass) native delayed CREATE preserves unresolved ownership across consumer restart, never starts late and recovers only acknowledged CID [1514.72ms]
(pass) native delayed START cannot activate an acknowledged container after immutable CID removal [1649.09ms]
(pass) native handler uses the reviewed program snapshot across durable launcher admission latency [293.84ms]
(pass) stale owner cannot acknowledge into or release a subsequent slot; malformed ownership keeps admission closed [103.79ms]

tests/actions-reference/relationship-gateway.test.ts:
(pass) linked gateway validates authored endpoint orientation before absence and permanently aborts invalid calls [46.49ms]
(pass) candidate LINK/UNLINK enforce write access, preserve pre-state and discard restored membership [65.99ms]
(pass) candidate relationship mutation preserves authored target Key while accepting a read-only target reference [58.38ms]
(pass) candidate net changes retain combined first-modification order and remove restored relationships [36.99ms]

tests/actions-reference/outcomes.test.ts:
(pass) native protected terminal lookup retains original decisions across retirement, service changes and restart [2493.50ms]

tests/actions-reference/intent.test.ts:
(pass) original-revision intent uses exact typed equality, presence and declared concurrency order [136.06ms]

tests/actions-reference/discovery.test.ts:
(pass) native discovery permission protects token presence across changing revision policies before any token SQL access [2340.83ms]

tests/actions-reference/revisions.test.ts:
(pass) native revision retention preserves original source across retirement and refuses replacement [2260.61ms]

tests/actions-reference/process-recovery.test.ts:
(pass) actual command-process death before commit rolls back; death after native acknowledgement reconciles once in a fresh process [3632.07ms]

tests/actions-reference/restore.test.ts:
(pass) physical older backup stays fenced across epochs and restart; explicit validated namespace starts independent genesis [3455.87ms]
(pass) new genesis refuses alias reconciliation, unsupported domain and isolated required relationships atomically [1806.19ms]
(pass) required linked genesis remaps native IDs, preserves alternate key identity and publishes exact baseline [2094.48ms]
(pass) whole restored database fences every business and administration namespace before exposure [2079.06ms]
(pass) corrupted restored edge with both endpoint Records unrelated to authored relationship refuses without repair [2270.41ms]

tests/actions-reference/projection.test.ts:
(pass) native full graph baseline and reordered duplicate delivery preserve all primitives, exact receipts and independent named prefixes [3182.54ms]
(pass) projection authority cannot collide with business audit roles; malformed retained meaning refuses without loss [2054.79ms]
(pass) unknown native fact meaning remains queued and never advances its sequence [2031.01ms]

tests/actions-reference/sandbox-security.test.ts:
(pass) handler clears image and client proxy credentials before any program/subprocess observes environment [752.82ms]
(pass) native host sentinel/socket/listener and external route are inaccessible; kernel confinement is enforced [357.79ms]
(pass) native process bound refuses additional forks while successful children are reaped [378.45ms]
(pass) actual cgroup memory exhaustion yields LIMIT with native OOM evidence and confirmed removal [379.96ms]
(pass) timeout, malformed protocol and dispatch refusal each independently confirm owned removal [2387.60ms]
(pass) native watchdog stops an executing handler after its Bun supervisor is killed [10363.30ms]

tests/actions-reference/handler-executor.test.ts:
(pass) native isolated handler commits typed outputs, pins verification, previews without effects and replays after retirement/restart [3599.52ms]
(pass) native handler access/output/postcondition failures roll back every protected and business write [12934.53ms]
(pass) native handler creates complete Keys, returns a verified alternate identity and refuses malformed CREATE without leakage [5054.96ms]
(pass) arbitrary entity outputs disclose neither existing nor absent unselected native identities and execute zero business queries [3296.20ms]
(pass) native handler CREATE/SET/LINK then UNLINK/DELETE shares graph invariants and read-only target stamps [4472.46ms]
(pass) retirement during an admitted native handler pins its accepted build and fences subsequent fresh admission [3548.77ms]
(pass) durable operator catalog survives new consumers, scopes stores and permanently retains retirement [3777.24ms]
(pass) native catalog retirement waits for admitted handler commit then refuses fresh work [4099.18ms]

tests/actions-reference/graph.test.ts:
(pass) native final graph applies CREATE/LINK and UNLINK/DELETE deltas and sees unselected competing edges [2226.22ms]

tests/actions-reference/recipe.test.ts:
(pass) native candidate recipe orders missing inputs, versions, conditions and evaluates isolated final state [2676.27ms]

tests/actions-reference/composite-key.test.ts:
{"nativeCompositeKey":{"nativeVersion":"17.9 (Debian 17.9-1.pgdg13+1)","bun":"1.4.2","components":2,"family":"string","swappedIdentitiesDistinct":true,"commits":2,"restartedReplay":"exact","scope":"One two-component primary Key, two reversed tuples, explicit resource versions and recipe typed identities; no universal Key-domain claim"}}
(pass) native composite Keys preserve ordered components through preparation, freeze, typed results and restarted replay [2948.96ms]
{"nativeUnsupportedRelationships":{"nativeVersion":"17.9 (Debian 17.9-1.pgdg13+1)","bun":"1.4.2","declarations":["owned","association-record"],"validMetadata":true,"independentLayoutControl":"admitted","allInputsTyped":"admitted","prepare":"refused","preview":"unsupported/PARAMETER","invoke":"unsupported/PARAMETER","businessAccesses":0,"transactionalWrites":0,"allActionTablesGuarded":20,"allActionRowsUnchanged":true,"scope":"Named unqualified arrangements refuse through actual native admission; no support or generic database-trigger detection claim"}}
(pass) native owned and association-Record declarations refuse before business access or any transactional write [3100.13ms]

tests/actions-reference/preview.test.ts:
(pass) native preview is advisory, ordered and write-free under independent SQL write guards [3543.62ms]

tests/actions-reference/state.test.ts:
(pass) native frozen frames resolve primary/alternate Keys to one resource and reject duplicate alias writes atomically [1990.43ms]

tests/actions-reference/native-refinement.test.ts:
{"nativeRefinement":{"profile":"umf.actions.finite-idempotent-set/1","nativeVersion":"17.9 (Debian 17.9-1.pgdg13+1)","alphabet":["invoke-A","invoke-B","lookup-A","revoke","grant","retire"],"depth":3,"traces":216,"transitions":648,"mismatches":0,"scope":"One scalar SET, two tokens, one human/role, serial schedules; no universal graph or concurrent refinement claim"}}
(pass) native bounded traces refine independent authorization, token, retirement and atomic-state semantics [27387.42ms]
{"nativeMutation":{"nativeVersion":"17.9 (Debian 17.9-1.pgdg13+1)","killed":3,"total":3,"witnesses":[{"id":"skip-replay","sourceSha256":"a5afa95d64a42d009bdf4fc6bea47b77e4fce59b0813c19ce828ede21237d51f","mutantSha256":"6c745a46fbaf20bb4efb9e516f3a8e5d44399587fcef04aaeb9ff4172a3df67d","trace":["invoke-A","invoke-A"],"reason":"Error: NATIVE_REFINEMENT invoke-A → invoke-A exact replay expected {\"status\":\"committed\",\"revision\":{\"module\":\"sales\",\"action\":\"approve\",\"revision\":\"r\"},\"outputs\":{},\"changes\":[{\"kind\":\"updated\",\"entity\":{\"key\":{\"element\":\"order\",\"module\":\"sales\",\"key\":\"pk\"},\"components\":[{\"string\":\"one\"}]}}],\"version\":\"504207cc42f049be9b5d869727a4cad7a5e47c97b42ddfa6e535ce2d3dfcfb2c\",\"receipt\":{\"store\":\"mutant-skip-replay\",\"epoch\":\"epoch\",\"version\":\"504207cc42f049be9b5d869727a4cad7a5e47c97b42ddfa6e535ce2d3dfcfb2c\"},\"noOp\":false,\"verification\":{\"kind\":\"recipe\",\"effects\":[{\"effect\":\"approve-status\",\"status\":\"verified\",\"outcome\":\"changed\"}],\"postconditions\":[],\"frames\":\"enforced\",\"constraints\":\"verified\"}} got {\"status\":\"unsupported\",\"code\":\"TOKEN_REUSE\"}"},{"id":"ignore-role-membership","sourceSha256":"78265b7610012a9ea028ec117d6ff67608ef5bd4558eb12dabf56724eefd2865","mutantSha256":"9d9fcd5f213e9b2797c55a8bf07ebad7a0b1764f8ea91ed3fc154c30e46b9a15","trace":["invoke-A","revoke","invoke-A"],"reason":"Error: NATIVE_REFINEMENT invoke-A → revoke → invoke-A authorization expected {\"status\":\"denied\",\"code\":\"AUTHORIZATION\"} got {\"status\":\"committed\",\"revision\":{\"module\":\"sales\",\"action\":\"approve\",\"revision\":\"r\"},\"outputs\":{},\"changes\":[{\"kind\":\"updated\",\"entity\":{\"key\":{\"element\":\"order\",\"module\":\"sales\",\"key\":\"pk\"},\"components\":[{\"string\":\"one\"}]}}],\"version\":\"33f821660da3f6f27008db5587f71424c6121faa283d0f25128ad2607c19bd09\",\"receipt\":{\"store\":\"mutant-ignore-role-membership\",\"epoch\":\"epoch\",\"version\":\"33f821660da3f6f27008db5587f71424c6121faa283d0f25128ad2607c19bd09\"},\"noOp\":false,\"verification\":{\"kind\":\"recipe\",\"effects\":[{\"effect\":\"approve-status\",\"status\":\"verified\",\"outcome\":\"changed\"}],\"postconditions\":[],\"frames\":\"enforced\",\"constraints\":\"verified\"}}"},{"id":"omit-terminal-audit","sourceSha256":"a5afa95d64a42d009bdf4fc6bea47b77e4fce59b0813c19ce828ede21237d51f","mutantSha256":"e80b4a2b64ca1f21736aa52d118bc4c041670d26e4b1b00a00a3c571979d3147","trace":["invoke-A"],"reason":"Error: NATIVE_REFINEMENT invoke-A atomic audit expected 1 got 0"}]}}
(pass) native refinement kills replay, authorization and terminal-audit implementation mutants [4051.34ms]

tests/actions-reference/fresh-admission.test.ts:
(pass) native fresh admission refuses full-declaration unknowns and fences without business or terminal writes [2301.91ms]

tests/actions-reference/recovery.test.ts:
(pass) native server abort after all writes retries at most three complete transactions [7550.06ms]
(pass) injected lost acknowledgement after actual commit never retries; new connection recovers keyed original result [4690.60ms]
(pass) native backend termination before acknowledgement is indeterminate and never automatically retried [1241.61ms]
(pass) retry rechecks authorization after a native rollback and intervening revocation [2303.11ms]
(pass) native unknown-completion diagnostics never qualify as known rollback retries [4785.91ms]

tests/actions-reference/invariant-mutants.test.ts:
{"nativeInvariantMutation":{"bun":"1.4.2","nativeVersion":"17.9 (Debian 17.9-1.pgdg13+1)","killed":2,"total":2,"witnesses":[{"id":"per-key-canonical-identity","sourceSha256":"a4f5b334780f9945b26108fc7b5ac12132398961d2b6b745ba4764a4bdda3c30","mutantSha256":"1fa33c5a3edf594a89907d77267aaa04c3a6f1fe7cb1eac87c8849147991106c","baseline":"passed","boundary":"alias canonical identity","expected":["entity:2","entity:2"],"actual":["key:[\"sales\",\"order\",\"external\",\"554d464b3101040c65787465726e616c2d6f6e65\"]","key:[\"sales\",\"order\",\"pk\",\"554d464b310104036f6e65\"]"]},{"id":"skip-missing-projection-prefix","sourceSha256":"d97bb62fe3b872fb2b40d84b15bd52457ffda3011b42f9cb79cf75e902503ccd","mutantSha256":"6c95edb557b90afcb6929094fd714e1a0bb4e949479a96455815d5550186a3d8","baseline":"passed","boundary":"projection missing-prefix visibility","expected":{"delivery":{"status":"delivered","prefix":"0"},"prefix":"0","content":{"profile":{"id":"umf.actions.native-graph","version":"1"},"entities":[{"id":"5","record":{"element":"order","module":"sales"},"fields":{"[\"sales\",\"id\"]":{"string":"one"},"[\"sales\",\"status\"]":{"string":"pending"}},"version":"original-version"},{"id":"6","record":{"element":"order","module":"sales"},"fields":{"[\"sales\",\"id\"]":{"string":"two"},"[\"sales\",\"status\"]":{"string":"pending"}},"version":"original-version"}],"links":[]},"queued":["2"],"readStatus":"pending"},"actual":{"delivery":{"status":"delivered","prefix":"2"},"prefix":"2","content":{"profile":{"id":"umf.actions.native-graph","version":"1"},"entities":[{"id":"5","record":{"element":"order","module":"sales"},"fields":{"[\"sales\",\"id\"]":{"string":"one"},"[\"sales\",\"status\"]":{"string":"pending"}},"version":"original-version"},{"id":"6","record":{"element":"order","module":"sales"},"fields":{"[\"sales\",\"id\"]":{"string":"two"},"[\"sales\",\"status\"]":{"string":"approved"}},"version":"b6210f8167fd0359e4ff376202fb7b0ffc0498d68db6e1aac35c3816b563e8ab"}],"links":[]},"queued":["2"],"readStatus":"visible"}}],"scope":"One native primary/alternate alias pair and two disjoint SET commits delivered 2-before-1; actual copied implementations, exact semantic failures only; no universal refinement claim"}}
(pass) native alias and projection histories kill actual canonicalization and prefix-gap implementation mutants [3279.77ms]

tests/actions-reference/attempts.test.ts:
(pass) native early-denial journal requires no business SELECT and never records untrusted actor or secrets [2217.03ms]
(pass) native abort observations survive rollback with distinct retry IDs and one terminal atomic ID [2599.18ms]
(pass) uncertain acknowledgement shares the terminal ID without inventing rollback or retry [1667.17ms]
(pass) actual journal SQL failures and throwing diagnostics cannot replace commit or trigger business retry [1374.76ms]
(pass) operational journal reader has independent header/detail grants and irreversible visibility retention [3369.75ms]
(pass) caller mutation during journal latency cannot change the admitted invocation [2191.61ms]
(pass) late native rollback preserves attempt observations and no terminal or business write [2325.52ms]
(pass) unknown or inconsistent operational headers refuse without changing retained source [2041.69ms]
(pass) a row committed after the journal existence boundary cannot bypass native expiry [3417.33ms]
(pass) native journal lock timeout and async failing diagnostics stay outside business classification [3570.28ms]
(pass) rejected replay and token reuse attribute the original authorized revision, never the requested substitute [2385.39ms]
(pass) supervisor death after acknowledged start leaves unresolved observation and no invented business result [3039.53ms]
(pass) unqualified retained deployment meaning stays intact but never enters attempt telemetry [2604.41ms]
(pass) malformed retained details refuse only authorized detail reads while exact bytes stay intact [2220.62ms]
(pass) business audit grants cannot authorize operational attempt observations [2543.91ms]

tests/actions-reference/link-executor.test.ts:
(pass) native ordered CREATE/LINK satisfies required relationships, stamps read-only targets and replays exact typed changes [3753.47ms]
(pass) native LINK set no-ops/restoration preserve versions; hidden-edge constraints precede posts and link-only stamps conflict [4574.50ms]

tests/actions-reference/gateway.test.ts:
(pass) gateway verifies immediate writes, reports net restoration and isolates snapshots [5.21ms]
(pass) gateway permanently aborts outside-frame, immutable-Key and invalid refinement attempts [3.99ms]
(pass) gateway unions write aliases while read grants cannot widen write permission [5.77ms]
(pass) public typed input admission refuses coercible malformed literal wrappers [1.39ms]
(pass) gateway operation bound counts no-ops and permanently aborts on operation 257 [239.68ms]
(pass) gateway reads candidate state through read aliases without granting writes and keeps pre-state frozen [2.61ms]
(pass) gateway delete unions only write grants and permanently rejects canonical alias reuse [11.91ms]
(pass) gateway runtime value refinement failure has stable CONSTRAINT and permanent abort [2.54ms]
(pass) gateway CREATE keeps pre-state absent, emits one final creation and never permits created deletion [11.97ms]
(pass) gateway CREATE requires the exact frozen primary tuple and primary-origin create flag [2.71ms]
(pass) gateway CREATE cannot borrow Field permission from a proven read alias [2.56ms]

tests/actions-reference/reader-revocation.test.ts:
(pass) native audit read linearizes before queued revocation and later denial selects no protected rows [2271.12ms]
(pass) native projection read linearizes before queued revocation and later denial selects no protected rows [2362.82ms]

tests/actions-reference/preparation.test.ts:
(pass) fresh preparation gates the entire retained declaration before narrow input and rule consumers [126.57ms]
(pass) fresh preparation retains qualified create/link selectors and their ordered identities [101.36ms]
(pass) mutation endpoint invariant dependencies admit before false preconditions, including read-only targets [196.32ms]

tests/actions-reference/relationship-snapshot.test.ts:
(pass) native linked snapshots preserve direction, canonical read aliases and durable rejection under preview write guards [4849.08ms]

tests/actions-reference/delete.test.ts:
(pass) native deletion is canonical, atomic and replayable; alias reuse and remaining-link constraints roll back [3379.53ms]

tests/actions-reference/lookup-horizon.test.ts:
(pass) logical lookup malformed envelopes refuse PARAMETER before authentication or native access [0.26ms]
(pass) native namespace-lifetime token recognition survives expiry, changed intent and a fresh consumer without reexecution [1746.65ms]

tests/actions-reference/creation-relationships.test.ts:
(pass) CREATE lower bounds use targets per source and sources per target independently [77.40ms]

tests/arrow/schema.test.ts:
(pass) US-016-AC1: every authored Arrow schema survives exact UMF JSON/YAML round trips [2181.53ms]
(pass) US-016-AC2: duplicates, unknown fields/types and exact dictionary IDs stay authoritative [70.24ms]
(pass) US-016-AC3: known inconsistent shape parameters reject without claiming full native validation [15.69ms]
(pass) US-016-AC3: maps and run-end child layouts retain their native distinctions [24.08ms]
(pass) US-016-AC3: dictionary IDs validate exact tokens rather than rounded host numbers [24.48ms]

tests/arrow/ipc-consistency.test.ts:
(pass) US-016-AC10: all native corpus footers agree with their streams [1383.01ms]
(pass) US-016-AC10: validly framed native footer edits expose schema, version and block contradictions [1533.77ms]
(pass) US-016-AC10: reordered blocks are an explicit recommendation mismatch, not a validity error [337.54ms]

tests/arrow/ipc.test.ts:
(pass) US-016-AC4: guarded native schema IPC preserves known fields and blocks known native losses [928.91ms]
(pass) US-016-AC4: native edits propagate and defaults normalize without mutating source [46.91ms]
(pass) US-016-AC4: unknown content, unsafe IDs and backend semantic drift cannot leak through IPC [44.43ms]

tests/arrow/upstream.test.ts:
(pass) US-016-AC12: readable historical metadata-version discrepancies are preserved and block unqualified rewrite [425.93ms]

tests/arrow/flatbuffer-encode.test.ts:
(pass) US-016-AC8: every decoded native metadata model re-encodes with exact logical content [8645.77ms]
(pass) US-016-AC8: explicit zero defaults, empty vectors and absent fields remain distinct [76.07ms]
(pass) US-016-AC8: edits propagate and semantic drift or unknown fields block encoding [300.89ms]

tests/arrow/flatbuffer-schema.test.ts:
(pass) Arrow FlatBuffer vocabulary: all native definitions and fields are described [27.43ms]
(pass) Arrow FlatBuffer vocabulary: exact signed int64 bounds and spelling [0.70ms]
(pass) Arrow FlatBuffer vocabulary: required fields, union tags and precise IDs [2.95ms]
(pass) Arrow FlatBuffer vocabulary: logical models round-trip without native wire claims [308.16ms]

tests/arrow/flatbuffer-decode.test.ts:
(pass) US-016-AC7: all real metadata roots decode with exact source retention [2740.88ms]
(pass) US-016-AC7: unknown table slots survive in source and produce explicit diagnostics [37.07ms]
(pass) US-016-AC7: unknown enums, invalid offsets, malformed vtables and truncated bytes expose no partial model [21.90ms]
(pass) US-016-AC7: length and forward-pointer corruption fail without unbounded traversal [207.67ms]
(pass) US-016-AC7: corrupt vector count is bounded before allocation [5.15ms]

tests/arrow/ipc-rename.test.ts:
(pass) US-016-AC11: complete dataset rename preserves source and records while moving footer offsets [1166.13ms]
(pass) US-016-AC11: nested names, missing EOS and invalid paths have explicit outcomes [429.80ms]

tests/arrow/capture.test.ts:
(pass) US-016-AC5: every native IPC fixture survives both serializations, including unsupported types [390.27ms]
(pass) US-016-AC5: invalid input and trailing bytes survive without a native-validity claim [56.33ms]
(pass) US-016-AC5: input, output and backend mutations cannot alter authoritative captured bytes [19.25ms]
(pass) US-016-AC5: invalid envelopes and unknown representation content cannot silently export [15.35ms]

tests/arrow/ipc-layout.test.ts:
(pass) US-016-AC9: IPC file/stream boundaries agree with native PyArrow for all corpus inputs [1366.65ms]
(pass) US-016-AC9: optional EOS, trailing content, concatenated streams and truncation are distinct [247.19ms]
(pass) US-016-AC9: corrupt file footer offsets and magic cannot count as complete framing [22.04ms]

tests/ddd/profile.test.ts:
(pass) US-005-AC1: complete DDD profile survives JSON/YAML with distinct contexts and opaque invariants [112.17ms]
(pass) US-005-AC2: semantic boundary corruptions fail independently of structural validity [217.90ms]
(pass) US-005-AC3: unknown content and unproven equivalence survive but block conservative edits [56.24ms]
(pass) US-005-AC4: fully understood semantic edits are atomic and do not change physical meaning [37.08ms]

tests/linkml/metamodel-merge.test.ts:
(pass) US-024-AC10: every pinned metamodel entry merges under both policies with complete native comparison [4216.60ms]

tests/linkml/metamodel.test.ts:
(pass) US-024-AC4: every pinned metamodel source and metadata candidate retains native outcomes [1570.16ms]
(pass) US-024-AC4: native singleton normalization never overwrites compact source [30.21ms]
(pass) US-024-AC4: extended integer type boundaries stay numeric and exact [27.51ms]

tests/linkml/merge.test.ts:
(pass) US-024-AC9: both explicit precedence policies preserve context and candidate round trips [1501.53ms]
(pass) US-024-AC9: lookup and merge_imports differ on imported collisions; root and provenance survive [165.29ms]
(pass) US-024-AC9: ambiguous policy and malformed dictionaries cannot produce a candidate [238.11ms]
(pass) US-024-AC9: unknown imported metadata and overwritten provenance remain recoverable [93.31ms]

tests/linkml/slot-values.test.ts:
(pass) US-024-AC7: scalar effective values match native induction across both UMF formats [1384.64ms]
(pass) US-024-AC7: false/zero inheritance, usage, attributes, defaults and derived flags [127.98ms]
(pass) US-024-AC7: malformed/coercing fields or missing slots block effective values [140.06ms]
(pass) US-024-AC7: decimal comparisons retain source tokens at extreme exponents [86.01ms]
(pass) US-024-AC7: integer exponent spellings stay exact without native coercion [57.90ms]

tests/linkml/slot-corpus.test.ts:
(pass) US-024-AC8: pinned local scalar induction matches every comparable native query [25486.98ms]

tests/linkml/linkml.test.ts:
(pass) US-024-AC1/3: all upstream contracts preserve original bytes and native candidate outcomes [1339.04ms]
(pass) US-024-AC2: schema version is distinct from metamodel version and unknown content stays exact [98.96ms]

tests/linkml/class-slots.test.ts:
(pass) US-024-AC6: all pinned example/metamodel local memberships match native evidence [13556.34ms]
(pass) US-024-AC6: repeated declarations retain pointers; usage is not membership; cycles terminate [45.38ms]
(pass) US-024-AC6: malformed structure, future semantics and missing classes never appear resolved [83.64ms]
(pass) US-024-AC6: unknown metadata and escaped declaration names remain intact [18.21ms]

tests/linkml/imports.test.ts:
(pass) US-024-AC5: report schema, exact supplied sources and native reachable sets [437.57ms]
(pass) US-024-AC5: source ordering, repeated edges, cycles and importer-scoped aliases [136.85ms]
(pass) US-024-AC5: bad contexts cannot silently resolve; caller inputs remain isolated [155.98ms]

tests/dbt/rich.test.ts:
(pass) US-022-AC4: richer native build retains resource collections and distinguishes no-op outcomes [88.32ms]
(pass) US-022-AC4: 13 resource edits match independently checked outputs through both formats [8392.98ms]

tests/dbt/manifest.test.ts:
(pass) US-022-AC1/3: native-generated manifest round trips and description edits preserve resources [1075.19ms]
(pass) US-022-AC2: exact future content, invalid native shapes and atomic edit boundaries [386.35ms]
(pass) US-022-AC3: native schema and build evidence remain bound to captured inputs [87.11ms]

tests/dbt/artifact.test.ts:
(pass) US-022-AC7: native run results/catalog preserve complete content through both formats and edits [370.66ms]
(pass) US-022-AC7: observed catalog types remain separate from declarations and pinned source schemas [28.52ms]
(pass) US-022-AC7: future numbers, invalid native shapes and representation boundaries remain explicit [47.99ms]

tests/dbt/semantic-fields.test.ts:
(pass) US-022-AC12: every native field boundary agrees with independent serialized-shape evidence [61.32ms]

tests/dbt/freshness.test.ts:
(pass) US-022-AC8: emitted and runner artifacts retain distinct outcomes and native diagnostic edits [183.03ms]
(pass) US-022-AC8: native emitter omission cannot be mistaken for a successful source [72.19ms]

tests/dbt/selection.test.ts:
(pass) US-022-AC6: bounded context matches independent reachability with full source recovery [896.12ms]
(pass) US-022-AC6: roots, zero depth, limits and cycles do not silently omit context [489.96ms]

tests/dbt/graph.test.ts:
(pass) US-022-AC5: explicit edges agree with native map builders and remain copied [594.63ms]
(pass) US-022-AC5: dangling, wrong-kind and stale redundant maps are explicit without losing source [1918.49ms]
(pass) US-022-AC5: repeated macro references and recursion are retained without a cycle-legality claim [321.06ms]

tests/dbt/semantic-metrics.test.ts:
(pass) US-022-AC11: all pinned native metric types and parameter candidates retain source meaning [661.30ms]
(pass) US-022-AC11: shape acceptance does not mask native semantic rejection [28.39ms]

tests/dbt/failure.test.ts:
(pass) US-022-AC9: native errors, failed tests and skipped dependents retain distinct meanings [121.42ms]

tests/dbt/semantic.test.ts:
(pass) US-022-AC10: semantic manifest source and independent edits match native parser evidence [283.29ms]
(pass) US-022-AC10: schema derivation and native-null discrepancy are explicit and hash-bound [41.37ms]
(pass) US-022-AC10: unknown native content survives where the native parser discards it [95.16ms]

tests/owl/expressions.test.ts:
(pass) US-029 expression views retain constructor lists and exact restrictions [2432.08ms]
(pass) US-029 ambiguous and malformed expression structure blocks without source mutation [614.69ms]

tests/owl/roundtrip.test.ts:
(pass) US-029 OWL graph recovery, ontology headers and native graph oracle [657.87ms]
(pass) US-029 copied edits retain OWL terms and unknown envelope content atomically [326.71ms]
(pass) US-029 unknown encoding is recoverable but cannot be interpreted or exported [103.54ms]
(pass) US-029 headers remain multiple, explicit and source-scoped [91.03ms]

tests/owl/annotations.test.ts:
(pass) US-029 nested axiom annotations preserve term identity and source edits [745.17ms]
(pass) US-029 nested annotations expose graph links in traversal order [57.19ms]
(pass) US-029 annotation identity and malformed reifications agree with independent RDF parsing [2824.45ms]

tests/owl/axioms.test.ts:
(pass) US-029 special axioms preserve negative polarity, lists and source through recovery and edits [560.78ms]
(pass) US-029 malformed term roles reject; inverse object properties remain explicit [309.80ms]

tests/owl/list-axioms.test.ts:
(pass) US-029 list axioms preserve ordering, duplicate occurrences, annotation anchors and malformed source [607.26ms]
(pass) US-029 list axiom recovery and edits match independent local-structure comparisons [2310.74ms]
(pass) US-029 damaged nil and literal list tails cannot expose partial axioms [174.11ms]

tests/owl/declarations.test.ts:
(pass) US-029 explicit declarations preserve roles, occurrences and unknown source through both formats [1553.44ms]
(pass) US-029 declaration corpus agrees with independent explicit RDF roles after recovery and edits [2123.45ms]

tests/traceability/acceptance-ledger.test.ts:
(pass) every governed acceptance criterion has one auditable traceability classification [125.99ms]
(pass) the PostgreSQL generator browser-parity criterion retains reviewed harness evidence [78.57ms]

tests/domain-packs/supreme-court-mirror.test.ts:
(pass) Supreme Court authored HTML regression preserves counsel, rejected filings and PDF associations [55.18ms]

tests/domain-packs/schema.test.ts:
(pass) canonical pack schema is reproducible and registered without executable generators [12.75ms]
(pass) external, published synthetic and mixed source metadata remain distinct [10.01ms]

tests/domain-packs/preservation.test.ts:
(pass) preservation declarations retain annotations and refuse unsupported claims [2.02ms]

tests/domain-packs/loader-publication.test.ts:
(pass) verified bridge retains exact originals and source contexts @covers US-060-AC11 @covers US-060-AC12 [167.91ms]
(pass) enforced content pins are separate from documentary hashes @covers US-060-AC9 @covers US-060-AC12 [20.41ms]
(pass) bridge refuses aggregate context copies before allocation @covers US-060-AC12 [10.26ms]

tests/domain-packs/download.test.ts:
(pass) all nine targets retain exact source and produce complete fields [82.27ms]
(pass) unknown types and contextual nullability block rather than drop columns [15.28ms]
(pass) SQL identifier quoting and source preservation [14.70ms]
(pass) core optional members use explicit absence mapping and binary carriers [0.75ms]
(pass) Protobuf schema parses with a native source parser [215.69ms]
(pass) native recovery retains JSON Schema resource bundle [41.60ms]
(pass) human schema exports default to YAML and JSON remains selectable [33.62ms]

tests/domain-packs/catalog.test.ts:
(pass) @covers US-063-AC1 commerce has typed inventory, independent checks and graph schema closure [214.27ms]
(pass) @covers US-064-AC1 supply-chain has typed inventory, independent checks and graph schema closure [246.01ms]
(pass) @covers US-065-AC1 cybersecurity has typed inventory, independent checks and graph schema closure [207.68ms]
(pass) @covers US-066-AC1 manufacturing has typed inventory, independent checks and graph schema closure [225.04ms]
(pass) @covers US-067-AC1 payments has typed inventory, independent checks and graph schema closure [148.42ms]
(pass) @covers US-068-AC1 education has typed inventory, independent checks and graph schema closure [137.77ms]
(pass) @covers US-069-AC1 transit has typed inventory, independent checks and graph schema closure [181.96ms]
(pass) @covers US-070-AC1 real-estate has typed inventory, independent checks and graph schema closure [304.43ms]
(pass) @covers US-071-AC1 energy has typed inventory, independent checks and graph schema closure [165.44ms]
(pass) @covers US-072-AC1 hr has typed inventory, independent checks and graph schema closure [184.88ms]
(pass) @covers US-073-AC1 martech has typed inventory, independent checks and graph schema closure [252.94ms]
(pass) @covers US-074-AC1 construction has typed inventory, independent checks and graph schema closure [310.84ms]
(pass) @covers US-075-AC1 ecology has typed inventory, independent checks and graph schema closure [396.52ms]
(pass) @covers US-076-AC1 archaeology has typed inventory, independent checks and graph schema closure [454.96ms]
(pass) all sixteen packs declare graph schemas without replacing baseline source rows [134.19ms]
(pass) @covers US-060-AC3 @covers US-060-AC7 invalid target, profile, inclusion and source identities refuse admission [1.87ms]
(pass) JSON and YAML profile admission agree and malformed present profiles refuse [5.36ms]
(pass) @covers US-076-AC9 @covers US-076-AC10 @covers US-076-AC11 archaeology asset and evidence schemas retain specialist lineage and exact asset revisions [2.58ms]

tests/domain-packs/artifacts.test.ts:
(pass) collections preserve unknown annotations and permit shared sources [6.30ms]
(pass) structural and semantic refusal is explicit [5.13ms]
(pass) empty collections require an explicit valid inventory [0.18ms]
(pass) document-driven packs expose explicit original collections [60.00ms]

tests/domain-packs/graph-candidate-provenance.test.ts:
(pass) retained graph candidates preserve original provenance and explicit inventory coverage [262.91ms]

tests/domain-packs/presentation.test.ts:
(pass) human labels do not replace exact identifiers or source meaning [20.68ms]
(pass) exact huge number lexemes render without numeric conversion; annotated objects stay structured [0.06ms]
(pass) search accepts displayed labels and exact technical IDs [0.08ms]

tests/domain-packs/public-datasets.test.ts:
(pass) public packs resolve schemas, domains and source bindings without fabricated fallback [295.77ms]
(pass) public source semantics avoid invented identities, times and missing-value conversions [1.60ms]
(pass) every public pack exports and checks exact local schemas while row references remain opaque [1826.41ms]

tests/domain-packs/medical.test.ts:
(pass) medical pack shares canonical structure, pins original bytes and retains external reference-only rights [297.57ms]
(pass) explicit local source export preserves pins, refuses tampering and uncleared rights [1203.82ms]

tests/domain-packs/public-company.test.ts:
(pass) @covers US-078-AC3 exact facts preserve large tokens, duplicate context, unknowns and absent/null/zero [0.82ms]
(pass) @covers US-078-AC3 submission arrays preserve unknown columns and reject malformed identities/lengths [0.54ms]
(pass) @covers US-078-AC1 inventory has exact native recovery, key closure and valid ontology [579.46ms]
(pass) @covers US-078-AC2 screen independently selects metadata items and excludes earnings-only controls [8.16ms]
(pass) @covers US-078-AC7 lineage separates selected universe, source observations and authored hypotheses [0.66ms]
(pass) @covers US-078-AC4 rebuild is byte-identical from pinned offline inputs [438.97ms]
(pass) @covers US-078-AC6 export preserves sources and refuses corruption/uncleared rights [1763.22ms]

tests/domain-packs/medical-family.test.ts:
(pass) medical composition preserves five independent fixed profiles and ontology/table closure [245.44ms]
(pass) complete medical export recovers all original sources and preflights member failures [6202.88ms]

tests/domain-packs/medical-subpacks.test.ts:
(pass) carrier projections retain distinct native workflows, exact amounts and source namespaces [5.63ms]
(pass) epidemiology preserves observed aggregates and separates fabricated suppression from zero [0.67ms]
(pass) DICOM metadata retains private sequences, binary references and unknown content [1.29ms]
(pass) terminology exact release lookup preserves unknowns and never declares absent codes invalid [0.17ms]
(pass) medical subpacks pin every local source, validate native schemas and regenerate exactly [711.40ms]
(pass) shared source export recovers imaging bytes and refuses rights and checksum changes [837.63ms]

tests/domain-packs/export.test.ts:
(pass) local pack export checks snapshots without fetching external dataset references [1186.45ms]
(pass) schema artifact traversal refuses instead of reading outside the source pack [188.96ms]

tests/domain-packs/loader-runner.test.ts:
(pass) revisions, metadata observations and replay @covers US-060-AC9 @covers US-060-AC11 [30.32ms]
(pass) failure, empty success, retry, concurrency and commit interruption @covers US-060-AC10 [19.27ms]
(pass) rights, URL, media and budget refusal @covers US-060-AC12 [5.03ms]
(pass) A B A revisions, shared objects, removal and observation context @covers US-060-AC9 [120.80ms]
(pass) post-commit cleanup and external inventory replay refusal @covers US-060-AC10 @covers US-060-AC11 [16.99ms]
(pass) native loopback TLS streams, transient retries and timeouts @covers US-060-AC12 [1240.59ms]
(pass) aggregate bytes across retries and response refusal @covers US-060-AC12 [7.99ms]
(pass) real process interruption before and after publication commit @covers US-060-AC10 [287.79ms]
(pass) committed metadata and manifest tampering refuse replay @covers US-060-AC11 [21.28ms]
(pass) exhausted run budget starts no later requests @covers US-060-AC12 [5.14ms]
(pass) SEC profile policy and exact JSON originals @covers US-060-AC12 [5.75ms]

tests/domain-packs/ontology-browser.test.ts:
(pass) ontology inspection separates records and fields without changing relationship meaning [16.24ms]
(pass) catalog owns each ontology once and retains legacy deep-link aliases [14.08ms]

tests/domain-packs/public-company-loader.test.ts:
(pass) @covers US-078-AC6 @covers US-078-AC7 shared companion exports exact closure and replays selected retained bytes without network [488.27ms]

tests/domain-packs/loader-export.test.ts:
(pass) trusted export snapshots bytes and clean CLI installs @covers US-060-AC12 [241.08ms]
(pass) updated malicious checksum, missing closure and path collisions refuse @covers US-060-AC12 [15.43ms]
(pass) SEC exported CLI uses operator agent and replays without environment @covers US-060-AC12 [285.43ms]
(pass) large artifacts refuse before unbounded export allocation @covers US-060-AC12 [4.48ms]
(pass) special files and oversized check destinations refuse promptly @covers US-060-AC12 [16.05ms]
(pass) source annotations reuse only verified canonical companion bytes @covers US-060-AC12 [15.22ms]

tests/domain-packs/loader.test.ts:
(pass) loader metadata retains annotations and refuses unsupported versions @covers US-060-AC8 [0.33ms]

tests/domain-packs/legal.test.ts:
(pass) mixed legal corpus pins originals and keeps real evidence separate from fabricated operations [110.52ms]
(pass) legal metadata export succeeds and complete source redistribution refuses unknown rights [1116.00ms]

tests/domain-packs/legal-appellate.test.ts:
(pass) appellate originals, schema recovery and all row references retain provenance [722.89ms]
(pass) fixed replay checks independent expected receipts, recovery and missing coverage [1.53ms]
(pass) counsel has party/page/as-of evidence and absent differs from unattempted [20.01ms]
(pass) complete export preserves original bytes and refuses tampering or uncleared rights [1162.31ms]

tests/binding/indexes.test.ts:
(pass) @covers US-047-AC1 @covers US-047-AC2: ordered index capability lives only in binding [37.93ms]
(pass) @covers US-047-AC4 @covers US-047-AC5: strict blocks and report residualizes clustering [39.46ms]
(pass) @covers US-047-AC9: invalid index kind combinations and paths fail [19.55ms]
(pass) @covers US-047-AC8: target outcomes are qualified and never infer author intent [81.26ms]
(pass) @covers US-047-AC5: unknown index refinements survive but block unsafe projection [20.21ms]
(pass) @covers US-046-AC3 @covers US-047-AC9: storage alternatives and expression paths cannot be mixed [28.78ms]

tests/binding/sqlserver-tables-indexes.test.ts:
(pass) @covers US-046-AC2 @covers US-047-AC4: authored inputs alone generate the same native-valid DDL [345.33ms]
(pass) @covers US-046-AC3 @covers US-047-AC9: planned columns and predicates must be safe before index emission [178.42ms]
(pass) @covers US-046-AC2 @covers US-047-AC4: generated tables and indexes compose with explicit catalog evidence [177.51ms]
(pass) @covers US-046-AC3 @covers US-047-AC9: stale column evidence and unknown binding block [113.09ms]

tests/binding/stable-ids.test.ts:
(pass) @covers US-046-AC3 @covers US-046-AC9: stable ID survives rename and copied receipts preserve old unknown content [141.41ms]
(pass) @covers US-046-AC3 @covers US-046-AC9: duplicate, missing, stale and legacy opaque relationship references refuse [98.38ms]
(pass) @covers US-046-AC9: rollback preserves new ID-only choices and all edits as copied residuals [49.26ms]
(pass) @covers US-046-AC9: receipts are recomputed and unrelated bindings cannot roll back [87.95ms]
(pass) public binding inspection refuses mismatched profiles and accessors without invoking them [9.74ms]
(pass) published migration/receipt/rollback schema validates full retained representation and rejects missing content [112.16ms]
(pass) legacy duplicate identity uses names even when unknown id members differ [19.61ms]

tests/binding/postgresql-indexes.test.ts:
(pass) @covers US-047-AC3 @covers US-047-AC4 @covers US-047-AC5: PostgreSQL kinds, document path and clustering residual [244.14ms]
(pass) @covers US-046-AC3 @covers US-047-AC9: absent native column and unsafe predicate are not emitted [182.71ms]
(pass) @covers US-047-AC9: identifiers that PostgreSQL would truncate are refused [29.33ms]

tests/binding/sqlserver-tables.test.ts:
(pass) @covers US-046-AC2 @covers US-046-AC4 @covers US-046-AC5: explicit tables, partition family and embedded residual [60.38ms]
(pass) @covers US-046-AC3: stale model, unknown binding content and unsafe type policy block [97.13ms]
(pass) @covers US-046-AC3: stale SQL Server table policies block before DDL emission [90.58ms]
(pass) @covers US-046-AC4 @covers US-046-AC5: missing partition policy and DDD identity remain residuals [60.15ms]
(pass) @covers US-046-AC3: document-column type and path conflicts block before native DDL [54.24ms]
(pass) @covers US-046-AC6 @covers US-046-AC7: authored and native archives remain separate [50.88ms]

tests/binding/sqlserver.test.ts:
(pass) full SQL Server physical binding keyed-association-and-fk [741.47ms]
(pass) full SQL Server physical binding alternate-unique-target [689.42ms]
(pass) full SQL Server physical binding nullable-composite [782.17ms]
(pass) full SQL Server physical binding anonymous-junction [699.09ms]
(pass) full SQL Server physical binding edge [698.89ms]
(pass) full SQL Server physical binding inline-residual [755.09ms]
(pass) full SQL Server physical binding shared-edge [721.15ms]
(pass) exact mapping, association attributes, case collisions and unsupported Key widths refuse [3088.41ms]
(pass) hostile getters and noncanonical filtered predicates never execute or normalize silently [820.80ms]
(pass) optional original catalog archive recovers exact text and unrelated native content [1001.63ms]
(pass) every retained residual and mapping resolves against its declared source [2004.95ms]

tests/binding/consumer-migration.test.ts:
(pass) @covers US-046-AC10 @covers US-047-AC2: consumer selects the binding and support report before exposing index access [123.10ms]
(pass) @covers US-047-AC10 @covers US-046-AC9: index tuple order, predicate provenance and unknown content survive binding migration and edited rollback [131.45ms]

tests/binding/multi-target.test.ts:
(pass) @covers US-046-AC1 @covers US-047-AC1: one authored graph has independent physical target bindings [152.56ms]
(pass) @covers US-046-AC2 @covers US-047-AC3: shared graph Delta clustering is native-readable and unsupported kinds retain residuals [169.44ms]

tests/binding/sqlserver-indexes.test.ts:
(pass) @covers US-047-AC4 @covers US-047-AC5 @covers US-047-AC8: rowstore, unique and filtered candidates have residuals for other kinds [154.95ms]
(pass) @covers US-046-AC3 @covers US-047-AC9: unsafe filtered predicate and unknown catalog column are residuals [213.96ms]
(pass) @covers US-047-AC9: a filtered predicate must name an observed column [75.67ms]

tests/binding/delta.test.ts:
(pass) @covers US-046-AC6 @covers US-046-AC7 @covers US-047-AC6 @covers US-047-AC7: clustering action uses exact physical columns and preserves native source [95.00ms]
(pass) @covers US-046-AC4 @covers US-046-AC5 @covers US-047-AC4 @covers US-047-AC5: strict blocks unsupported index and report retains it as residual [158.08ms]
(pass) @covers US-046-AC3 @covers US-047-AC8: native partitioning and absent columns cannot silently become clustering [100.35ms]

tests/binding/package.test.ts:
(pass) @covers US-046-AC1 @covers US-046-AC2: separate binding preserves logical identity and copied choices [43.30ms]
(pass) @covers US-046-AC7: independent document round-trips in both UMF formats [43.39ms]
(pass) @covers US-046-AC3: stale model and duplicate or missing bindings fail with paths [46.66ms]
(pass) @covers US-046-AC7: unknown binding content survives but remains incomplete [33.23ms]
(pass) @covers US-046-AC2: nested DDD field resolves by owner ID and exact field key [21.31ms]

tests/binding/parquet.test.ts:
(pass) @covers US-046-AC4 @covers US-047-AC4: strict Parquet projection blocks every unsupported physical obligation [29.02ms]
(pass) @covers US-046-AC5 @covers US-047-AC5: report retains every target-specific loss and source [24.48ms]
(pass) @covers US-046-AC6 @covers US-046-AC7 @covers US-047-AC6 @covers US-047-AC7: both retained recovery directions [81.03ms]
(pass) @covers US-046-AC8 @covers US-047-AC8: Parquet version is qualified and index intent is never invented from native file [48.01ms]
(pass) @covers US-046-AC5: unknown physical refinement remains in source and blocks unsafe lowering [11.68ms]

tests/binding/iceberg.test.ts:
(pass) @covers US-046-AC4 @covers US-046-AC5 @covers US-046-AC7 @covers US-047-AC4 @covers US-047-AC5 @covers US-047-AC7: sort order is an explicit approximation and native source recovers [322.81ms]
(pass) @covers US-046-AC3 @covers US-047-AC8: unsupported index and missing storage column remain residuals [179.75ms]

tests/iceberg/table-context.test.ts:
(pass) US-021-AC4: upstream retained references resolve separately from native shape acceptance [1128.81ms]
(pass) US-021-AC4: missing/duplicate current targets block context without destroying source [907.37ms]
(pass) US-021-AC4: exact snapshot links, expired parents and main branch coherence [762.47ms]

tests/iceberg/table.test.ts:
(pass) US-021-AC1: known table fields and embedded schemas survive JSON/YAML without native defaults [1172.30ms]
(pass) US-021-AC2: exact int64 values, unknown versions/content and representation guards retain meaning [127.08ms]
(pass) US-021-AC3: candidate failures are atomic and copy access cannot mutate original metadata [105.40ms]
(pass) US-021-AC1: native parse and re-emission limits remain distinct [20.36ms]

tests/iceberg/schema.test.ts:
(pass) US-020-AC1: recursive schema shapes and exact source tokens round trip in both UMF formats [1335.34ms]
(pass) US-020-AC2: unknown representation fields remain in UMF and cannot silently export [26.28ms]
(pass) US-020-AC3: copied access and atomic nested edits preserve IDs and reject invalid candidates [78.84ms]

tests/iceberg/table-promotion.test.ts:
(pass) US-021-AC8: six primitive widenings match independent native evolution and preserve history [1861.89ms]
(pass) US-021-AC8: invalid promotions and unknown historical dependencies fail atomically [500.63ms]

tests/iceberg/upstream.test.ts:
(pass) US-020-AC4: pinned table/view resources retain exact standalone schema fragments [1229.49ms]
(pass) US-020-AC4: Java and Python parser differences are recorded without default insertion [8.99ms]

tests/iceberg/transforms.test.ts:
(pass) US-021-AC5: native transform type matrix agrees for 136 source/transform combinations [0.62ms]
(pass) US-021-AC5: unknown syntax stays uninterpreted and bounded parameters reject invalid widths [0.05ms]

tests/iceberg/table-transforms.test.ts:
(pass) US-021-AC6: selected fields bind by ID, including nested structs and names containing dots [461.96ms]
(pass) US-021-AC6: invalid current binding is diagnosed without interpreting historical specs [1149.74ms]
(pass) US-021-AC6: v3 multi-source fields preserve both formats but remain unbound [137.01ms]
(pass) US-021-AC6: struct fields within collections cannot act as scalar sources [118.80ms]
(pass) US-021-AC6: native nested tables agree; v3 multi-source parser limitation remains explicit [164.20ms]

tests/iceberg/table-rename.test.ts:
(pass) US-021-AC7: versioned rename retains histories and matches independent native evolution [1373.44ms]
(pass) US-021-AC7: failed renames are atomic and native unknown content survives [512.42ms]

tests/iceberg/promotion-data.test.ts:
(pass) US-021-AC9: data evidence binds exact files and metadata to current public candidates [1517.62ms]

tests/dashboard/profile.test.ts:
(pass) @covers US-077-AC1: the authored dashboard survives JSON/YAML with page order, datasets, visuals, text and cross-dataset filters [84.43ms]
(pass) @covers US-077-AC2: placement, reference, field, aggregation, encoding, filter, layout and trace contradictions fail semantic checks [518.10ms]
(pass) @covers US-077-AC3: unknown content, overlapping layout and opaque expressions survive but block conservative edits [44.61ms]
(pass) @covers US-077-AC4: fully understood dashboard edits are atomic and reject invalid results [45.84ms]

tests/relationship-native/observations.test.ts:
(pass) CONTRACT-041: native observations retain browser recovery evidence [10.86ms]
(pass) CONTRACT-041: RDF union-class domain is retained without authored inference [34.77ms]
(pass) CONTRACT-041: RDF domain and range remain native observations [42.40ms]
(pass) CONTRACT-041: TableSpec foreign-key metadata stays a native observation [27.69ms]
(pass) CONTRACT-041: LinkML slot and range remain native observations [38.63ms]

tests/consumers/orders.test.ts:
(pass) CONTRACT-036 seven authored consumers retain mixed native context across both UMF formats [1337.44ms]
(pass) CONTRACT-036 executable row transform rejects loss, coercion and overflow; snapshots remain isolated [147.87ms]
(pass) CONTRACT-036 safe native metadata edits propagate while inconsistent sources fail [436.91ms]

tests/consumers/projection-boundaries.test.ts:
(pass) Priority projection identifier policies require absolute end in runtime and published schemas [135.17ms]
(pass) CONTRACT-038 missing decimal scale is distinct from null and logical annotations require exact strings [547.30ms]

tests/consumers/tablespec-chain.test.ts:
(pass) CONTRACT-039 priority-system chains retain native source, every stage and qualified diagnostics [1420.50ms]
(pass) CONTRACT-039 blocked stages retain evidence without exposing a partial final target [775.90ms]

tests/relationship/graphql-target.test.ts:
(pass) @covers US-049-AC3 @covers US-049-AC5: expected SDL carries declared navigations while native import preserves source without author intent [167.95ms]

tests/relationship/postgresql-native.test.ts:
(pass) @covers US-045-AC5 @covers US-045-AC7: native FK refinements remain observations with exact source recovery [57.52ms]
(pass) @covers US-045-AC5: pinned catalog distinguishes validation, MATCH SIMPLE and alternate UNIQUE target [0.05ms]

tests/relationship/authored-corpus.test.ts:
(pass) @covers US-045-AC2: keyed authored shape corpus uses exact owned endpoint and target Key IDs [0.17ms]

tests/relationship/postgresql-target.test.ts:
(pass) @covers US-048-AC5 @covers US-048-AC7: expected relationship DDL is native-valid and its archive remains recoverable [110.20ms]

tests/relationship/keyed-ddd-graph.test.ts:
(pass) @covers US-045-AC2 @covers US-046-AC1 @covers US-048-AC1 @covers US-049-AC1: shared authored DDD graph gains explicit Key ownership without changing DDD meaning [0.26ms]

tests/relationship/native-avro-parquet.test.ts:
(pass) @covers US-045-AC4: native Avro and Parquet value/id carriers preserve sources without authored relationship inference [67.16ms]

tests/relationship/graphql-native.test.ts:
(pass) @covers US-045-AC5 @covers US-045-AC7: object-returning SDL fields stay native observations [115.07ms]
(pass) @covers US-045-AC5: two native object fields with the same type do not prove association intent [0.03ms]

tests/relationship/postgresql-layout-proposal.test.ts:
(pass) @covers US-048-AC1 @covers US-048-AC8: Key/relationship layout proposal resolves exact IDs and never widens a partitioned authored Key [0.29ms]

tests/avro/native.test.ts:
(pass) US-007-AC1: native Avro structure, metadata and logical types survive core serializations [106.48ms]
(pass) US-007-AC2: precise long defaults and newer union defaults remain explicit incomplete profiles [54.56ms]
(pass) US-007-AC3: edits are atomic, copies isolated, and unknown representation fields never discarded [85.80ms]

tests/avro/candidate-edit.test.ts:
(pass) US-007-AC9 explicit Avro candidates preserve logical annotations, unknown metadata and exact defaults [401.19ms]
(pass) US-007-AC9 candidates cannot erase representation content or attached field identity [133.07ms]

tests/avro/projection.test.ts:
(pass) US-008-AC1: Avro shapes project with explicit losses and independently validated instances [109.97ms]
(pass) US-008-AC2: strict policy and unresolved interpretation block, dependencies and recursion stay qualified [114.05ms]
(pass) US-008-AC5: official corpus projections retain sources and validate native targets [1175.98ms]

tests/avro/native-schema.test.ts:
(pass) CONTRACT-007 native syntax schema describes every schema constructor while retaining annotation limits [1564.05ms]

tests/avro/integer-metadata.test.ts:
(pass) CONTRACT-007 decimal metadata never promotes rounded precision, scale or fixed size [1150.39ms]

tests/avro/metadata.test.ts:
(pass) CONTRACT-007 core scalar metadata retains Avro field semantics [165.89ms]
(pass) CONTRACT-007 nested records, namespaces and dependency fields retain source paths [20.77ms]
(pass) CONTRACT-007 edits cannot silently reassociate attached field metadata [37.55ms]

tests/avro/tablespec-projection.test.ts:
(pass) CONTRACT-038 Avro record projections retain defaults, named dependencies and unknown metadata in source [312.65ms]
(pass) CONTRACT-038 carrier families round trip through TableSpec with independent loss reports [84.31ms]
(pass) CONTRACT-038 unsupported logical types, numeric widths, names and nullability cannot be guessed [246.88ms]

tests/avro/temporal-metadata.test.ts:
(pass) CONTRACT-007 temporal core classification requires exact annotation and carrier [2862.91ms]

tests/avro/corpus.test.ts:
(pass) US-007-AC6: pinned Apache schema corpus survives with per-file interpretation status [1221.98ms]

tests/avro/bundle.test.ts:
(pass) US-007-AC7: explicit ordered dependencies resolve native names and survive intact [142.15ms]
(pass) US-007-AC8: duplicate declarations and unknown dependency representation cannot imply complete support [44.81ms]

tests/sqlserver/indexes.test.ts:
(pass) CONTRACT-031 index observations preserve physical ordering, filter and enforcement state [129.87ms]
(pass) CONTRACT-031 v3 requires observations; older, unavailable and unknown index semantics stay qualified [306.44ms]
(pass) CONTRACT-032 index-specific losses accompany SQL Server to Avro projection [267.84ms]

tests/sqlserver/integer-tokens.test.ts:
(pass) CONTRACT-031 declared catalog integers cannot be rounded into valid native identities or qualifiers [1453.96ms]

tests/sqlserver/constraints.test.ts:
(pass) CONTRACT-031 v2 constraints retain ordering, actions, trust, disabled state and exact unknown content [92.96ms]
(pass) CONTRACT-031 old coverage, malformed sections, duplicate observations and edits remain explicit [182.01ms]

tests/sqlserver/catalog.test.ts:
(pass) CONTRACT-031 SQL Server catalog recovery retains exact native qualifiers and core families [101.07ms]
(pass) CONTRACT-031 copied candidate edits synchronize metadata and cannot lose attachments [184.43ms]
(pass) CONTRACT-031 malformed captures reject and future type identities remain unclassified [58.01ms]

tests/sqlserver/avro-projection.test.ts:
(pass) CONTRACT-032 all captured SQL Server fixture columns project with explicit representations and fidelity issues [151.89ms]
(pass) CONTRACT-032 authored precision and fixed-width boundaries are enforced before projection [187.73ms]
(pass) CONTRACT-032 unsupported precision, source state and bindings cannot masquerade as value equivalence [541.93ms]

tests/sqlserver/ddl.test.ts:
(pass) CONTRACT-037 native captures lower deterministically with explicit source-addressable losses [437.78ms]
(pass) CONTRACT-037 unsupported observations never produce partial DDL; candidate edits require explicit policy [358.81ms]
(pass) CONTRACT-037 identifiers and unknown metadata retain their boundaries [27.78ms]
(pass) CONTRACT-037 native evidence matches current generation and records declared physical losses [240.74ms]
(pass) CONTRACT-037 copied edits survive native DDL execution without changing original captures [937.11ms]

tests/sqlserver/constraint-projection.test.ts:
(pass) CONTRACT-032 every captured SQL Server constraint has a source-addressable projection loss [372.93ms]
(pass) CONTRACT-032 uncaptured v1 constraints never masquerade as an unconstrained table [58.12ms]

tests/actions/reports.test.ts:
(pass) @covers US-900-AC5: actual reports satisfy published exact report/profile schemas [52.38ms]

tests/actions/preservation.test.ts:
(pass) @covers US-900-AC6: JSON/YAML recover exact future meaning and rule text with isolated results [76.96ms]
(pass) @covers US-900-AC6: an unrelated unknown extension survives a safe known-profile action edit [29.26ms]
(pass) @covers US-900-AC8: structural/version/identity failures are atomic and getters stay inert [25.78ms]
(pass) @covers US-900-AC8: every array/expression boundary accepts its bound and refuses bound plus one [11.27ms]

tests/actions/structure.test.ts:
(pass) action structural admission (partial STP-900 evidence) > actual registry compiler accepts the complete core 0.8.0 fixture [21.16ms]
(pass) action structural admission (partial STP-900 evidence) > required policy, malformed known effects and ambiguous bindings refuse [0.72ms]
(pass) action structural admission (partial STP-900 evidence) > future effects and unrelated unknown members retain their exact data [0.13ms]
(pass) action structural admission (partial STP-900 evidence) > copy isolation and hostile getters [0.10ms]
(pass) action structural admission (partial STP-900 evidence) > non-BMP expression bounds count UTF-16 units even for opaque languages [0.64ms]
(pass) action structural admission (partial STP-900 evidence) > array and expression bounds fail before producing a typed action [0.37ms]

tests/actions/assessment.test.ts:
(pass) @covers US-900-AC5: complete exact snapshot comparison never proves execution [162.32ms]
(pass) @covers US-900-AC5: missing, unsupported, unknown and malformed claims cannot waive obligations [472.49ms]
(pass) @covers US-900-AC5: unsupported future lifecycle and transitive qualifiers stay unoverrideable [302.58ms]
(pass) @covers US-900-AC5: unknown effects and referenced native extensions are never claimed away [81.74ms]

tests/actions/interpreter.test.ts:
(pass) EX-01: exact integer equality/arithmetic never use floating-point coercion [8.77ms]
(pass) EX-01: optional absence differs from null and can be guarded left-to-right [12.67ms]
(pass) EX-01: every skipped branch is checked for syntax/type/phase/dependency/access [3.95ms]
(pass) EX-01: state existence guards absent identities; writes confer no reads [4.85ms]
(pass) EX-01: outputs and post-state are explicitly postcondition-only [5.60ms]
(pass) EX-01: depth, syntax node, text, numeric expansion and wrapper limits refuse [8.07ms]
(pass) EX-01: entity selection preserves original tuples and uses core equality bytes [3.60ms]
(pass) EX-01: ordered explicit key components require exact Fields and declared dependencies [4.74ms]
(pass) EX-01: typed admission rejects missing required, wrong wrappers and undeclared values [3.93ms]
(pass) EX-01: present does not fabricate a field value from an absent entity [2.32ms]
(pass) EX-01: relationship absence requires an explicit snapshot and exact directed read access [34.11ms]
(pass) strict consumers refuse external references and uninterpreted selected Field meaning [5.39ms]
(pass) strict reference admission covers exists frames and selected component inputs [0.38ms]
(pass) strict exists and input selection refuse transitive unknown Record and Key meaning [6.60ms]
(pass) rule literal compilation and native snapshot reads refuse coercible malformed wrappers [3.42ms]

tests/actions/corpus.test.ts:
(pass) @covers US-900-AC1 @covers US-900-AC3 @covers US-900-AC4 @covers US-900-AC6 @covers US-900-AC8 @covers US-900-AC9: language-neutral declaration corpus checks independent expected decisions [1040.52ms]

tests/actions/contracts.test.ts:
(pass) @covers US-900-AC1: exact targets and stable identity [71.66ms]
(pass) @covers US-900-AC2: rules and handlers are inert [14.49ms]
(pass) @covers US-900-AC3: ordered create link and property effects [191.95ms]
(pass) @covers US-900-AC4: mandatory execution obligations and handler output metadata [34.47ms]
(pass) @covers US-900-AC7: DDD bindings are explicit and remain independent [73.66ms]
(pass) @covers US-900-AC4: opaque policy resources preserve distinct obligations without enforcement evidence [40.09ms]
(pass) @covers US-900-AC4 @covers US-900-AC5 @covers US-900-AC6: actor profile remains preserved and cannot be claimed as enforced [29.05ms]
(pass) @covers US-900-AC5: unsupported float and temporal parameter meanings remain unclaimable [46.77ms]

tests/actions/api.test.ts:
(pass) inspection reports inert profiles and every primitive/dependency obligation [17.42ms]
(pass) duplicate registration refuses; unrelated registry semantic errors propagate [35.44ms]
(pass) semantic violations remain inspectable and prevent assessment/authoring [52.84ms]
(pass) authoring retains unknown rule/profile meaning without treating it as execution [30.93ms]
(pass) exact declaration assessment is separate from runtime verification [74.68ms]
(pass) supported claims cannot erase future effect or model meaning [42.79ms]
(pass) known roles/1 declaration permits safe editing while unrelated unknown vocabulary survives [53.82ms]
(pass) unknown package-use metadata and core availability cannot be erased by claims or edits [113.45ms]
(pass) known profile envelopes/dependencies and model qualifiers preserve unknown meaning [131.39ms]
(pass) registry callbacks cannot suppress recognized action errors [30.55ms]
(pass) warnings at existing model obligations and transitive package qualifiers block compatibility [108.12ms]
(pass) relationship dependency indexes do not import unrelated element vocabulary qualifiers [37.08ms]
(pass) unknown nested action references remain inspectable and unchecked [79.17ms]
(pass) opaque future effect objects never acquire model-reference semantics [44.76ms]
(pass) later known effect reference qualifiers are inventoried before selector compilation [40.04ms]

tests/core-ideals/facets-sqlserver-projection.test.ts:
(pass) all authored cases block explicitly or recover the ideal through both receipt formats [333.35ms]
(pass) range, coefficient and byte checks honor declared facets; string and conversion losses remain explicit [3.23ms]
(pass) unknown meaning, forged receipts, invalid identifiers and unsafe comments never disappear [3.12ms]

tests/core-ideals/record-avro.test.ts:
(pass) declared empty, nested, recursive and dependency records retain ordered direct members [2125.90ms]
(pass) one conflicting member, stale provenance, collisions or a non-declaration selection cannot publish a record [1199.86ms]

tests/core-ideals/record-postgresql-projection.test.ts:
(pass) record members compile in ideal order and recover source through both receipt formats [107.44ms]
(pass) strict losses and missing bindings expose no partial SQL or target [66.89ms]
(pass) name collisions, unknown bindings and unsafe identifiers fail without partial output [5.59ms]
(pass) stale author declarations, native edits and changed receipts fail recovery [18.46ms]

tests/core-ideals/record-postgresql.test.ts:
(pass) qualified relations remain distinct records and only selected members receive kinds [509.36ms]
(pass) one member conflict blocks the whole record in both policies [265.71ms]
(pass) ambiguous relations, unsupported kinds, collisions and stale receipts cannot imply record equivalence [620.63ms]
(pass) duplicate native member names and inconsistent ordinal order block whole-record publication [481.74ms]

tests/core-ideals/record-avro-projection.test.ts:
(pass) ordered and empty authored records emit complete Avro schemas with recoverable loss reports [400.85ms]
(pass) duplicate/colliding members, stale authors, invalid native names and edited targets fail safely [91.75ms]

tests/core-ideals/projection-policy.test.ts:
(pass) field-tablespec schema enforces strict/report loss and atomic candidate rules [3.10ms]
(pass) record-tablespec schema enforces strict/report loss and atomic candidate rules [3.99ms]
(pass) field-postgresql schema enforces strict/report loss and atomic candidate rules [2.44ms]
(pass) record-postgresql schema enforces strict/report loss and atomic candidate rules [2.77ms]

tests/core-ideals/cardinality-tablespec.test.ts:
(pass) native declaration profiles classify shape with explicit refusals and retain source text through both formats [9990.85ms]
(pass) authored intent, item references and opaque assertions cannot be overwritten by native observations [103.69ms]
(pass) tampered and stale receipts, malformed requests and legacy source versions refuse [52.98ms]
(pass) unsafe numeric coercion stays residual while exact large integer tokens remain native [372.38ms]
(pass) split archives preserve comments, unknown siblings and opaque files after classification [77.03ms]

tests/core-ideals/relationship-parquet.test.ts:
(pass) Parquet relationship one-or-more-strict [20.84ms]
(pass) Parquet relationship one-or-more-report [417.27ms]
(pass) Parquet relationship boolean-strict [5.39ms]
(pass) Parquet relationship boolean-report [395.86ms]
(pass) Parquet relationship binary-strict [5.58ms]
(pass) Parquet relationship binary-report [352.77ms]
(pass) Parquet relationship int32-strict [5.69ms]
(pass) Parquet relationship int32-report [352.14ms]
(pass) Parquet relationship duplicate-components-strict [6.11ms]
(pass) Parquet relationship duplicate-components-report [5.93ms]
(pass) Parquet relationship reserved-name-strict [5.46ms]
(pass) Parquet relationship reserved-name-report [5.11ms]
(pass) Parquet relationship many-to-one-strict [5.39ms]
(pass) Parquet relationship many-to-one-report [375.67ms]
(pass) Parquet relationship one-to-one-strict [5.44ms]
(pass) Parquet relationship one-to-one-report [357.72ms]
(pass) Parquet relationship many-to-many-strict [5.22ms]
(pass) Parquet relationship many-to-many-report [341.88ms]
(pass) Parquet relationship bounded-required-strict [5.19ms]
(pass) Parquet relationship bounded-required-report [357.38ms]
(pass) Parquet relationship owned-strict [4.87ms]
(pass) Parquet relationship owned-report [351.38ms]
(pass) Parquet relationship undirected-strict [5.16ms]
(pass) Parquet relationship undirected-report [341.15ms]
(pass) Parquet relationship heterogeneous-strict [5.33ms]
(pass) Parquet relationship heterogeneous-report [4.94ms]
(pass) Parquet relationship heterogeneous-target-strict [4.95ms]
(pass) Parquet relationship heterogeneous-target-report [4.80ms]
(pass) Parquet relationship association-strict [5.29ms]
(pass) Parquet relationship association-report [5.45ms]
(pass) Parquet relationship self-strict [4.68ms]
(pass) Parquet relationship self-report [374.10ms]
(pass) Parquet relationship alternate-strict [4.84ms]
(pass) Parquet relationship alternate-report [356.01ms]
(pass) Parquet relationship composite-strict [5.29ms]
(pass) Parquet relationship composite-report [339.54ms]
(pass) Parquet relationship unknown-strict [5.23ms]
(pass) Parquet relationship unknown-report [348.93ms]
(pass) Parquet relationship nullable-strict [4.79ms]
(pass) Parquet relationship nullable-report [371.30ms]
(pass) Parquet relationship facet-strict [7.02ms]
(pass) Parquet relationship facet-report [401.35ms]
(pass) Parquet relationship wrong-key-field-strict [5.93ms]
(pass) Parquet relationship wrong-key-field-report [5.79ms]
(pass) Parquet relationship type-conflict-strict [5.15ms]
(pass) Parquet relationship type-conflict-report [5.67ms]
(pass) Parquet relationship invalid-name-strict [5.45ms]
(pass) Parquet relationship invalid-name-report [5.50ms]
(pass) input accessors refuse without invocation [77.00ms]
(pass) native bytes with embedded Arrow schema, physical field IDs and unknown extensions remain exact [182.99ms]

tests/core-ideals/cardinality-selection.test.ts:
(pass) selection keeps shape and item identity distinct through mixed cycles, boundaries and filters [23.72ms]
(pass) older item/cardinality members remain opaque and do not add traversal edges [0.92ms]
(pass) malformed filters, unresolved item targets and getters refuse before traversal [0.31ms]

tests/core-ideals/key-avro.test.ts:
(pass) Avro Key classification: repeated-record [278.96ms]
(pass) Avro Key classification: repeated-primary-candidate [297.55ms]
(pass) Avro Key classification: repeated-alternate-candidate [303.10ms]
(pass) Avro Key classification: uninterpreted-key-metadata [312.31ms]
(pass) Avro Key classification: sort-order-not-identity [276.70ms]
(pass) Avro Key classification: nullable-union [266.08ms]
(pass) Avro Key classification: missing-defaulted-field [252.96ms]
(pass) Avro Key classification: null-required-field [244.62ms]
(pass) Avro Key classification: named-reference [266.98ms]
(pass) Avro Key classification: array-unique-hint [248.25ms]
(pass) Avro Key classification: float-narrowing [265.90ms]
(pass) Avro Key classification: unicode-distinct [248.05ms]
(pass) named dependency archives and unknown document content recover without key inference [166.78ms]
(pass) mismatched archive, unsupported profile, existing extension, forged and stale receipts refuse [207.39ms]
(pass) two pinned codecs preserve duplicates and expose narrowing instead of proving uniqueness [21.05ms]

tests/core-ideals/record-sqlserver.test.ts:
(pass) whole captured tables become ordered records with exact source recovery [7485.18ms]
(pass) one member conflict blocks the whole record and provenance cannot be silently replaced [5488.46ms]
(pass) collisions, missing identities, non-increasing ordinals and stale receipts fail safely [5631.74ms]

tests/core-ideals/json-data-assert.test.ts:
(pass) qualification compares complete JSON meaning across portable object prototypes [2.63ms]
(pass) qualification equality does not normalize hostile or non-JSON meaning [0.06ms]
(pass) native binary recovery compares every byte without entering the JSON envelope [0.19ms]
(pass) actual Avro JSON/YAML tree recovery preserves exact unknown native number tokens [19.21ms]

tests/core-ideals/relationship-avro.test.ts:
(pass) Avro relationship classification: named-reuse-is-not-identity [306.65ms]
(pass) Avro relationship classification: dangling-reference-metadata [246.49ms]
(pass) Avro relationship classification: nested-record-is-not-association [264.52ms]
(pass) Avro relationship classification: recursive-empty-children [272.35ms]
(pass) Avro relationship classification: nullable-named-reference [370.26ms]
(pass) Avro relationship classification: heterogeneous-record-union [402.04ms]
(pass) Avro relationship classification: namespace-distinguishes-records [287.06ms]
(pass) Avro relationship classification: unresolved-named-type [242.14ms]
(pass) Avro relationship classification: forward-named-type [260.00ms]
(pass) Avro relationship classification: required-record-value-missing [252.36ms]
(pass) named dependency archives and unknown document content recover without key inference [171.88ms]
(pass) mismatched archive, unsupported profile, existing extension, forged and stale receipts refuse [192.06ms]
(pass) grammar distinguishes named tokens from record endpoints and ignores metadata schema lookalikes [147.76ms]
(pass) all supported envelope versions retain modules and unknown content without migration [599.04ms]
(pass) conflicting vocabulary and dependency archive changes block; input accessors are rejected [90.69ms]
(pass) published extension package validates observations and rejects malformed node payloads [63.32ms]

tests/core-ideals/nullability-avro-projection.test.ts:
(pass) authored Avro availability projects null carriers and recovers every ideal and residual [4758.76ms]
(pass) null-only required, unbound absence and unprojected exactness cannot pass strict mode [56.11ms]
(pass) native changes, forged source/meaning and invalid Avro names refuse [80.79ms]
(pass) unmapped document, module, relationship and extension meaning remains recoverable [60.65ms]

tests/core-ideals/field-sqlserver.test.ts:
(pass) SQL Server captured members classify independently of scalar/alias/index semantics [4427.53ms]
(pass) authored conflicts block both policies, while matching authored fields remain explicit [306.36ms]
(pass) capture formatting, unknown numeric detail and index constraints survive without identity promotion [110.05ms]
(pass) stale metadata, archives, author receipts and unsupported versions cannot claim recovery [176.73ms]

tests/core-ideals/facets-avro-type.test.ts:
(pass) Avro declaration facts never claim codec enforcement or input exactness [1.68ms]
(pass) fixed exact size includes zero without relabeling a nonzero exact size as a maximum [0.93ms]
(pass) decimal coefficient domains require exact pairs and bounded signed carrier capacity [3.38ms]
(pass) unknown and invalid logical meaning stays native instead of becoming a physical scalar facet [0.27ms]
(pass) custom constraints and exact tokens remain unclaimed and copied [0.09ms]
(pass) malformed or future tagged representation refuses interpretation and does not execute getters [0.13ms]
(pass) every native discovery schema remains available with explicit declaration or refusal [1.85ms]

tests/core-ideals/key-sqlserver.test.ts:
(pass) captured enforcement never invents identity; native padding prevents exact byte/string claims [78.94ms]
(pass) strict blocks atomically and report recovers original catalog text through both serializations [515.86ms]
(pass) unknown native numeric lexemes and core extensions remain untouched [163.56ms]
(pass) forged exactness, stale targets, conflicting extension and accessors refuse [369.78ms]
(pass) SQL Server key refuses disabled disagreement [70.97ms]
(pass) SQL Server key refuses constraint kind disagreement [67.31ms]
(pass) SQL Server key refuses tuple disagreement [73.24ms]
(pass) SQL Server key refuses omitted constraint [69.45ms]
(pass) SQL Server key refuses missing component [70.31ms]
(pass) SQL Server key refuses ordinal gap [67.08ms]
(pass) SQL Server key refuses included key [67.85ms]
(pass) SQL Server key refuses wrong version [82.12ms]
(pass) SQL Server key refuses modified snapshot [68.16ms]

tests/core-ideals/classification-report.test.ts:
(pass) five native classifiers retain classified provenance, exact fragments and conflict residuals [2771.19ms]
(pass) dependency identity and tampered fragments/origin/bindings cannot change unnoticed [675.49ms]

tests/core-ideals/nullability-sqlserver-projection.test.ts:
(pass) authored availability projects with explicit scope and recovers every residual through both formats [100.75ms]
(pass) stale SQL, forged receipts and source changes cannot recover author meaning [4.35ms]
(pass) invalid permanent identifiers refuse and native nullability is always explicit [17.58ms]
(pass) programmatic metadata and unknown extension obligations survive report recovery [4.56ms]

tests/core-ideals/parquet-facet-type.test.ts:
(pass) interprets all independently emitted native scalar declarations without consuming refinements [0.85ms]
(pass) validates logical/converted integer carriers and refuses disagreements [0.19ms]
(pass) decimal capacity, exact token and annotation conflict checks retain native input [0.13ms]
(pass) fixed is exact length; floats and unknown declarations do not imply facets or enforcement [0.15ms]

tests/core-ideals/field-tablespec-projection.test.ts:
(pass) authored field projects to a complete native table and recovers author meaning with retained receipt [373.85ms]
(pass) strict blocks omitted meaning while report retains every residual and source assertion [19.76ms]
(pass) record/group cannot lower to a single column and name changes are explicit loss [20.01ms]
(pass) receipt tampering, stale native text, malformed policy and metadata omission cannot pass silently [24.23ms]
(pass) diagnostics mirror disclosed loss and legacy receipts still recover without weakening checks [40.32ms]
(pass) empty namespace permits strict projection but discarded namespace receipts cannot claim exactness [16.56ms]

tests/core-ideals/avro-cardinality-type.test.ts:
(pass) native discovery types retain outer shape, branch order and item paths without claiming item or availability equivalence [6.08ms]
(pass) qualified dependency and recursive references retain separate definition locations [0.48ms]
(pass) ambiguous, missing and invalid structural type syntax refuses rather than defaulting to one [0.96ms]
(pass) nested item/value traversal uses registered type locations and keeps container/member availability separate [1.69ms]

tests/core-ideals/cardinality-tablespec-projection.test.ts:
(pass) authored shapes and item obligations project or explicitly residualize, with both retained recovery formats [1747.31ms]
(pass) invalid native carriers, dimensions, names, getters and forged receipts cannot publish meaning [30.68ms]

tests/core-ideals/record-tablespec-projection.test.ts:
(pass) record projection orders columns by declared membership and recovers the complete ideal [86.68ms]
(pass) missing, duplicate, non-member and name-colliding bindings block atomically under either policy [12.14ms]
(pass) scalar mismatch and renamed columns are reportable but strict refuses them [27.20ms]
(pass) unknown metadata and relationship refinements survive as residuals [21.47ms]
(pass) stale member provenance and edited native/receipt data cannot claim ideal recovery [27.94ms]
(pass) an empty-namespace record can project strictly without erasing namespaced inputs [20.83ms]

tests/core-ideals/facets-postgresql-projection.test.ts:
(pass) authored facet matrix preserves every ideal and reports unsupported native representations [3697.94ms]
(pass) finite decimal checks, exact width bounds, length units and input losses are explicit [30.46ms]
(pass) unknown meaning, unsafe identifiers and changed receipts cannot be silently normalized [28.26ms]
(pass) unrepresentable comments produce retained report losses instead of losing metadata [13.23ms]

tests/core-ideals/facets-parquet.test.ts:
(pass) classifies declaration widths while retaining explicit input-conversion limits [2142.64ms]
(pass) unknown embedded metadata remains residual with exact native byte recovery [534.97ms]
(pass) fixed lengths and author provenance do not invent or overwrite assertions [497.76ms]
(pass) closed schemas, source identity and profile refusals remain explicit [277.21ms]
(pass) decimal declarations and explicit array member selection preserve context [404.42ms]

tests/core-ideals/field-parquet.test.ts:
(pass) Parquet leaves retain repetition and exact native bytes; groups cannot become primitive Fields [11519.48ms]
(pass) Parquet rejects unknown indices, invalid topology, conflicts and stale recovery [1017.01ms]

tests/core-ideals/cardinality-postgresql-projection.test.ts:
(pass) explicit carriers block losses in strict mode and retain ideal recovery in report mode [188.01ms]
(pass) exact-value requests, tampering, SQL injection and forged receipts are refused [12.43ms]
(pass) nested and cyclic items retain independent availability and unknown extensions [191.11ms]

tests/core-ideals/facets-sqlserver.test.ts:
(pass) width, decimal coefficient and byte bounds classify under explicit non-null scopes [548.40ms]
(pass) native counterexamples remain explicit and strict/report results differ [1062.31ms]
(pass) JSON and YAML receipts recover original native text for every discovery column [6052.62ms]
(pass) authored facets need fresh receipts and conflict without overwriting [279.80ms]
(pass) unknown exact tokens survive; malformed requests, getters and changed archives refuse [135.37ms]
(pass) extension schema validates real outputs and rejects forged profile [47.53ms]
(pass) computed columns, unresolved table associations and noncanonical ranges retain residuals [183.45ms]

tests/core-ideals/facets-sqlserver-composition.test.ts:
(pass) native projected schemas recover authored facets or explicit residuals without inventing authorship [93.72ms]

tests/core-ideals/cardinality-avro.test.ts:
(pass) schema shape classification publishes nested logical Fields and preserves exact native text through both receipt formats [8220.89ms]
(pass) unknown profiles, unknown item shapes and existing identities never silently acquire meaning [423.20ms]
(pass) named dependencies retain exact text and qualified scalar item meaning without losing unknown metadata [237.87ms]

tests/core-ideals/structured-report.test.ts:
(pass) record, composite, type-link and raw DDL reports retain scoped ordered native evidence [7791.95ms]
(pass) declared-only context and record mappings cannot be forged or silently resolved [2043.41ms]

tests/core-ideals/facets-avro-projection.test.ts:
(pass) authored domains distinguish exact carriers from unenforced approximations [17.06ms]
(pass) fixed bounds preserve lower-bound losses and refuse impossible or oversized carriers [4.65ms]
(pass) all profile, encoding and mode combinations recover authored ideals with explicit losses [162.67ms]
(pass) receipt integrity, unknown metadata, invalid names and exact-input counterexamples remain explicit [1.80ms]

tests/core-ideals/facets-sqlserver-projection-native.test.ts:
(pass) pinned native execution matches current authored DDL and keeps exact value counterexamples [102.33ms]

tests/core-ideals/key-avro-projection.test.ts:
(pass) Avro authored Key: primary-strict [4.65ms]
(pass) Avro authored Key: primary-report [89.96ms]
(pass) Avro authored Key: no-primary-strict [2.98ms]
(pass) Avro authored Key: no-primary-report [81.76ms]
(pass) Avro authored Key: rename-and-reorder [91.82ms]
(pass) Avro authored Key: boolean [82.22ms]
(pass) Avro authored Key: decimal [85.54ms]
(pass) Avro authored Key: binary [81.89ms]
(pass) Avro authored Key: integer-width [80.78ms]
(pass) Avro authored Key: unsigned [82.22ms]
(pass) Avro authored Key: string-length [91.56ms]
(pass) Avro authored Key: binary-length [87.60ms]
(pass) Avro authored Key: compound-ordered [83.19ms]
(pass) Avro authored Key: multiple-alternates [88.65ms]
(pass) Avro authored Key: unknown-extension [83.77ms]
(pass) Avro authored Key: unknown-key-qualifier [83.69ms]
(pass) Avro authored Key: unknown-member-qualifier [96.77ms]
(pass) Avro authored Key: unknown-facet-qualifier [88.06ms]
(pass) Avro authored Key: family-conflict [2.62ms]
(pass) Avro authored Key: quoted-identifiers [2.25ms]
(pass) stable key identities, explicit physical order and alternate residuals remain separate [41.06ms]
(pass) missing authors, stale tuples, absent membership, invalid names and mismatched fields refuse [38.45ms]
(pass) forged per-key reports, edited native schemas and getters refuse [66.03ms]
(pass) generated native proof preserves duplicates and the boolean null coercion counterexample [739.35ms]
(pass) reimport without retained authors cannot reconstruct core identity [116.16ms]
(pass) cross-record ownership, changed stable key IDs and duplicate physical mappings refuse [4.38ms]

tests/core-ideals/field-parquet-projection.test.ts:
(pass) explicit Parquet carrier/repetition schemas recover authored meaning through both formats [3318.15ms]
(pass) unsupported meaning is explicit and malformed names or wrong roles never project [108.01ms]

tests/core-ideals/relationship-tablespec-discovery.test.ts:
(pass) TableSpec relationship native carrier discovery > absent retains original metadata without authored relationships [33.22ms]
(pass) TableSpec relationship native carrier discovery > empty retains original metadata without authored relationships [13.60ms]
(pass) TableSpec relationship native carrier discovery > null-carriers retains original metadata without authored relationships [12.75ms]
(pass) TableSpec relationship native carrier discovery > foreign-key retains original metadata without authored relationships [12.69ms]
(pass) TableSpec relationship native carrier discovery > unresolved-source retains original metadata without authored relationships [12.99ms]
(pass) TableSpec relationship native carrier discovery > unresolved-target retains original metadata without authored relationships [12.90ms]
(pass) TableSpec relationship native carrier discovery > duplicate-foreign-key retains original metadata without authored relationships [12.19ms]
(pass) TableSpec relationship native carrier discovery > invalid-confidence retains original metadata without authored relationships [11.83ms]
(pass) TableSpec relationship native carrier discovery > unknown-fk-member retains original metadata without authored relationships [12.33ms]
(pass) TableSpec relationship native carrier discovery > outgoing retains original metadata without authored relationships [12.38ms]
(pass) TableSpec relationship native carrier discovery > bounded-participation retains original metadata without authored relationships [13.04ms]
(pass) TableSpec relationship native carrier discovery > malformed-multiplicity retains original metadata without authored relationships [14.43ms]
(pass) TableSpec relationship native carrier discovery > contradictory-cardinality retains original metadata without authored relationships [12.62ms]
(pass) TableSpec relationship native carrier discovery > composite-join retains original metadata without authored relationships [13.42ms]
(pass) TableSpec relationship native carrier discovery > expression-join retains original metadata without authored relationships [12.91ms]
(pass) TableSpec relationship native carrier discovery > lookup-join retains original metadata without authored relationships [12.89ms]
(pass) TableSpec relationship native carrier discovery > lookup-and-expression retains original metadata without authored relationships [12.19ms]
(pass) TableSpec relationship native carrier discovery > unknown-outgoing-member retains original metadata without authored relationships [12.49ms]
(pass) TableSpec relationship native carrier discovery > reverse-metadata retains original metadata without authored relationships [12.66ms]
(pass) TableSpec relationship native carrier discovery > unknown-carrier retains original metadata without authored relationships [11.76ms]
(pass) TableSpec relationship native carrier discovery > native model validation does not prove endpoint resolution or bound coherence [0.13ms]
(pass) TableSpec relationship native carrier discovery > split relationship metadata, unknown sidecars and numeric lexemes remain exact [16.32ms]

tests/core-ideals/parquet-facet-carrier.test.ts:
(pass) emitted native corpus is deterministic and retains field identity and opaque metadata [2668.63ms]
(pass) invalid capacities, ambiguous members and unsupported exact values refuse before emission [0.46ms]
(pass) large valid decimal declaration is distinct from reader representability [19.05ms]

tests/core-ideals/key-sqlserver-projection.test.ts:
(pass) SQL Server authored keys: primary-strict [5.69ms]
(pass) SQL Server authored keys: primary-report [13.90ms]
(pass) SQL Server authored keys: no-primary-strict [2.28ms]
(pass) SQL Server authored keys: no-primary-report [9.77ms]
(pass) SQL Server authored keys: rename-and-reorder [10.27ms]
(pass) SQL Server authored keys: boolean [10.31ms]
(pass) SQL Server authored keys: decimal [10.62ms]
(pass) SQL Server authored keys: binary [9.96ms]
(pass) SQL Server authored keys: integer-width [10.42ms]
(pass) SQL Server authored keys: unsigned [10.75ms]
(pass) SQL Server authored keys: string-length [10.99ms]
(pass) SQL Server authored keys: binary-length [11.02ms]
(pass) SQL Server authored keys: compound-ordered [9.79ms]
(pass) SQL Server authored keys: multiple-alternates [13.63ms]
(pass) SQL Server authored keys: unknown-extension [9.70ms]
(pass) SQL Server authored keys: unknown-key-qualifier [10.12ms]
(pass) SQL Server authored keys: unknown-member-qualifier [9.76ms]
(pass) SQL Server authored keys: unknown-facet-qualifier [10.72ms]
(pass) SQL Server authored keys: family-conflict [1.63ms]
(pass) SQL Server authored keys: quoted-identifiers [13.29ms]
(pass) SQL Server authored keys: missing-encoding [1.65ms]
(pass) SQL Server authored keys: alternate-byte-budget [1.62ms]
(pass) SQL Server authored keys: primary-byte-budget [1.69ms]
(pass) SQL Server authored keys: primary-byte-boundary [9.03ms]
(pass) SQL Server authored keys: alternate-byte-boundary [8.77ms]
(pass) SQL Server authored keys: alternate-byte-overflow [1.67ms]
(pass) stable identity and ordered expanded physical components remain distinct [19.78ms]
(pass) missing, duplicated and stale author declarations refuse [19.15ms]
(pass) physical name collisions, malformed binding and getters refuse atomically [11.32ms]
(pass) forged receipts, altered SQL, session settings and missing residuals refuse recovery [8.12ms]
(pass) generated native evidence records actual enforcement and source fingerprints [48.49ms]
(pass) expanded key column limit includes encoding helpers and preserves blocked source [25.23ms]
(pass) missing and cross-record membership never establishes key ownership [2.60ms]
(pass) unknown component qualifiers block an exact equality claim independently of other keys [6.24ms]

tests/core-ideals/parquet-cardinality-carrier.test.ts:
(pass) native nested schema carriers preserve exact bytes and match checked logical roles [2439.44ms]
(pass) carrier writer refuses malformed, cyclic, oversized and unknown inputs instead of dropping content [96.16ms]

tests/core-ideals/facet-operations.test.ts:
(pass) versioned existing author APIs preserve facets and both receipt serializations [12.57ms]
(pass) record-type v4 respects faceted-value conflicts and preserves unrelated facet metadata [6.51ms]
(pass) older native Cardinality bindings explicitly refuse facet-envelope declarations [46.51ms]

tests/core-ideals/facets-postgresql-discovery.test.ts:
(pass) native evidence is pinned and preserves counterexamples to direct core promotion [31.76ms]
(pass) signed numeric modifiers are decoded without importing misleading information_schema scale [1.69ms]
(pass) unknown qualifiers survive and unsafe or reserved modifier layouts cannot become native facts [0.43ms]
(pass) catalog observations and native refinements survive both envelope forms without core facet assertions [223.23ms]

tests/core-ideals/relationship-sqlserver.test.ts:
(pass) SQL Server relationship boolean-strict [31.16ms]
(pass) SQL Server relationship boolean-report [170.76ms]
(pass) SQL Server relationship tinyint-strict [15.70ms]
(pass) SQL Server relationship tinyint-report [161.10ms]
(pass) SQL Server relationship smallint-strict [16.02ms]
(pass) SQL Server relationship smallint-report [167.15ms]
(pass) SQL Server relationship int-strict [19.56ms]
(pass) SQL Server relationship int-report [165.99ms]
(pass) SQL Server relationship many-to-one-strict [16.31ms]
(pass) SQL Server relationship many-to-one-report [156.96ms]
(pass) SQL Server relationship optional-strict [15.88ms]
(pass) SQL Server relationship optional-report [164.20ms]
(pass) SQL Server relationship one-to-one-strict [16.17ms]
(pass) SQL Server relationship one-to-one-report [159.32ms]
(pass) SQL Server relationship optional-one-to-one-strict [15.67ms]
(pass) SQL Server relationship optional-one-to-one-report [157.27ms]
(pass) SQL Server relationship composite-strict [16.07ms]
(pass) SQL Server relationship composite-report [180.17ms]
(pass) SQL Server relationship optional-composite-strict [16.63ms]
(pass) SQL Server relationship optional-composite-report [166.05ms]
(pass) SQL Server relationship self-strict [15.60ms]
(pass) SQL Server relationship self-report [158.65ms]
(pass) SQL Server relationship alternate-strict [16.05ms]
(pass) SQL Server relationship alternate-report [166.12ms]
(pass) SQL Server relationship junction-strict [16.52ms]
(pass) SQL Server relationship junction-report [160.60ms]
(pass) SQL Server relationship junction-one-strict [15.83ms]
(pass) SQL Server relationship junction-one-report [163.50ms]
(pass) SQL Server relationship junction-bounded-strict [16.89ms]
(pass) SQL Server relationship junction-bounded-report [173.88ms]
(pass) SQL Server relationship owned-strict [16.24ms]
(pass) SQL Server relationship owned-report [159.23ms]
(pass) SQL Server relationship undirected-strict [15.48ms]
(pass) SQL Server relationship undirected-report [156.64ms]
(pass) SQL Server relationship cascade-strict [15.89ms]
(pass) SQL Server relationship cascade-report [167.67ms]
(pass) SQL Server relationship set-null-optional-strict [15.49ms]
(pass) SQL Server relationship set-null-optional-report [178.12ms]
(pass) SQL Server relationship unknown-binding-strict [16.53ms]
(pass) SQL Server relationship unknown-binding-report [172.59ms]
(pass) SQL Server relationship heterogeneous-strict [17.52ms]
(pass) SQL Server relationship heterogeneous-report [16.95ms]
(pass) SQL Server relationship association-strict [16.86ms]
(pass) SQL Server relationship association-report [15.98ms]
(pass) SQL Server relationship string-domain-strict [15.67ms]
(pass) SQL Server relationship string-domain-report [16.49ms]
(pass) SQL Server relationship wrong-key-strict [16.17ms]
(pass) SQL Server relationship wrong-key-report [22.92ms]
(pass) SQL Server relationship wrong-column-strict [19.13ms]
(pass) SQL Server relationship wrong-column-report [16.92ms]
(pass) stable IDs, altered binding/author, unknown content, hostile accessors and naming refusal [81.20ms]
(pass) native captured trust/actions/Keys and unknown source recover exactly [1220.49ms]
(pass) schema object and generated index naming collisions refuse; binding indexes stay residual [100.82ms]
(pass) synthetic type/collation contradictions retain refinements without compatible-enforcement claim [690.74ms]

tests/core-ideals/avro-record-type.test.ts:
(pass) Avro direct/qualified/recursive record links preserve bundle text; containers and unions block [5425.46ms]
(pass) author conflicts, existing type assertions and stale sources cannot be overwritten [743.48ms]

tests/core-ideals/cardinality-parquet.test.ts:
(pass) Parquet logical classification preserves nested Fields, map residuals and exact native bytes [10229.18ms]
(pass) unresolved profiles, wrappers and key-only maps retain residuals rather than invented meaning [382.41ms]
(pass) conflicts, forged receipts, stale targets and invalid input refuse without erasing unknown content [492.62ms]

tests/core-ideals/relationship-postgresql.test.ts:
(pass) qualified PostgreSQL FK/junction projection matrix retains authored meaning in both modes [2793.25ms]
(pass) raw native NOT VALID, MATCH and actions stay observations with exact unknown/context recovery [131.58ms]
(pass) sequential declarations remain valid while stale endpoint components and native edits refuse [892.18ms]
(pass) public classification and projection do not invoke getters [696.73ms]
(pass) captured native FK actions, alternate UNIQUE candidates and exact unknown numbers survive classification [238.99ms]
(pass) unqualified native target remains explicitly unresolved, never missing [13.65ms]
(pass) anonymous junction system-column names refuse before native emission [700.68ms]

tests/core-ideals/nullability-selection.test.ts:
(pass) 0.3 reports retain availability distinctions, namespaces, recursive boundaries and native refinements [11.21ms]
(pass) selection schema rejects inapplicable known availability [0.33ms]
(pass) 0.2 availability remains opaque through the old selection schema [0.52ms]

tests/core-ideals/nullability-tablespec.test.ts:
(pass) selected profile/context classification separates exact declarations, coercions and unknowns [17047.99ms]
(pass) unresolved carrier blocks strict mode and retains explicit residuals in report mode [42.35ms]
(pass) author provenance, role conflicts, stale models and forged binding metadata refuse [129.66ms]
(pass) unknown native precision, escaped context keys and split sidecars remain exact [83.81ms]

tests/core-ideals/key-postgresql.test.ts:
(pass) native enforcement and equality remain separate from authored identity [189.23ms]
(pass) strict blocks atomically; report receipts recover both native archives in JSON and YAML [810.63ms]
(pass) unknown native content and exact numeric tokens remain attached without interpretation [322.39ms]
(pass) forged conclusions, stale targets and duplicate classification cannot claim recovery [626.10ms]
(pass) different archives, mismatched observations and unsupported requests refuse [246.43ms]

tests/core-ideals/facets-sqlserver-constraints.test.ts:
(pass) captured CHECKs yield scoped native facts without changing source or asserting core facets [2715.10ms]
(pass) disabled, untrusted and replication checks cannot become unconditional guarantees [475.14ms]
(pass) missing inventory, column association, type and version are explicit [871.22ms]
(pass) exact native numeric tokens and future fields survive; unsafe IDs and getters refuse [154.64ms]
(pass) scope boundaries agree with pinned independent native value probes [0.19ms]
(pass) empty-string inference requires zero bytes, variable storage and scoped enforcement [477.51ms]

tests/core-ideals/facets-sqlserver-discovery.test.ts:
(pass) pinned native discovery preserves exact outputs and current inputs [9.10ms]
(pass) native type observations distinguish unsigned integers, decimal scale and storage units [1.49ms]
(pass) inconsistent and inexact native metadata refuses without normalization; unknown detail stays attached [0.83ms]

tests/core-ideals/parquet-cardinality-shape.test.ts:
(pass) Parquet Cardinality shape keeps nested roles, member meaning and native bytes separate [759.36ms]
(pass) legacy container layouts retain wrappers and key-only uncertainty; malformed structures refuse [492.69ms]
(pass) invalid indexes refuse and returned shape metadata cannot mutate the native source [52.17ms]
(pass) legacy unannotated repeated values remain unresolved without an explicit interpretation [44.06ms]

tests/core-ideals/key-postgresql-correlation.test.ts:
(pass) all pinned indexes correlate with retained catalog without claiming authentication or ideal equality [340.45ms]
(pass) correlation refuses missing index [104.90ms]
(pass) correlation refuses extra index [95.45ms]
(pass) correlation refuses wrong readiness [92.73ms]
(pass) correlation refuses wrong validity [98.79ms]
(pass) correlation refuses omitted partial predicate [92.27ms]
(pass) correlation refuses changed partial predicate [90.58ms]
(pass) correlation refuses wrong unique flag [91.42ms]
(pass) correlation refuses wrong null treatment [105.90ms]
(pass) correlation refuses wrong column nullability [106.62ms]
(pass) correlation refuses wrong column type [119.34ms]
(pass) correlation refuses wrong compound order [96.72ms]
(pass) correlation refuses omitted inherited child [102.52ms]
(pass) correlation refuses wrong expression [105.68ms]
(pass) correlation refuses included column treated as key [95.39ms]
(pass) correlation refuses wrong constraint timing [102.86ms]
(pass) correlation refuses wrong captured collation determinism [98.47ms]
(pass) correlation refuses wrong default collation identity [104.27ms]
(pass) correlation refuses omitted constraint [98.66ms]
(pass) unknown supplement metadata and numeric tokens survive correlation unchanged [99.79ms]

tests/core-ideals/facets-sqlserver-association.test.ts:
(pass) independent table declaration probes establish catalog association and counterexamples [382.45ms]

tests/core-ideals/record-report.test.ts:
(pass) common record reports retain ordered membership, member carriers and all blocked residuals [2029.73ms]
(pass) member basis and source receipt tampering are rejected, and backend remains explicit [467.61ms]

tests/core-ideals/facets-tablespec-suite.test.ts:
(pass) explicit native suites recover zero length, widths and decimal ranges independently of baseline rules [1400.88ms]
(pass) conditional, tolerant and unknown suite rules retain residuals and block strict interpretation [571.34ms]
(pass) suite output domains do not assert exact conversion or nullability [568.03ms]

tests/core-ideals/cardinality-postgresql.test.ts:
(pass) all observed native shapes retain paired archives through report classification and serialized recovery [12892.94ms]
(pass) author conflict and forged or stale recovery receipts are refused [496.15ms]
(pass) a matched basic scalar declaration classifies exactly without asserting item or availability meaning [248.67ms]
(pass) classification retains authored cyclic item references, independent availability and unknown native tokens [753.80ms]

tests/core-ideals/key-authored-roundtrips.test.ts:
(pass) Key shared authored contract preserves plural identity and rejects forged receipts across five systems [9800.08ms]
(pass) all Key bindings reject conflicting tuples, changed stable IDs and missing or cross-record ownership [9.56ms]

tests/core-ideals/facets-postgresql.test.ts:
(pass) native carriers and qualified predicates classify width, decimal and length separately from input conversion [3201.68ms]
(pass) both receipt serializations recover exact native source and supplement; edits invalidate recovery [7469.99ms]
(pass) authorship, profile uncertainty, shape conflicts and unknown metadata remain explicit [1606.30ms]
(pass) published package validates emitted bindings and rejects a forged profile [208.40ms]

tests/core-ideals/facets-sqlserver-predicate.test.ts:
(pass) bounded expressions retain exact literals and delimit identifiers [3.17ms]
(pass) unsupported syntax and resource limits refuse the entire expression [0.97ms]
(pass) captured native CHECK syntax is distinct from enabled, trusted enforcement [0.88ms]
(pass) non-string native JSON stays intact and accessors cannot execute [0.11ms]

tests/core-ideals/facets-postgresql-catalog.test.ts:
(pass) complete catalog correspondence preserves sources and verifies overlapping CHECKs [435.98ms]
(pass) omitted, extra, duplicate and inconsistent native observations cannot qualify [1215.15ms]
(pass) unknown source content and unsafe unknown numbers remain exact while owned integers reject rounding [220.59ms]

tests/core-ideals/facets-avro.test.ts:
(pass) declaration and writer profiles separate native domain from enforcement counterexamples [342.65ms]
(pass) fixed, union and explicit item selection retain native refinements [173.97ms]
(pass) original source texts, dependency order, unknown numeric tokens and defaults recover exactly [187.22ms]
(pass) authored bounds require fresh provenance and cannot be silently overwritten [169.78ms]
(pass) shape conflicts, archive changes, invalid profiles and unsafe inputs refuse [113.34ms]
(pass) closed operation and extension schemas constrain real classification output [34.11ms]
(pass) unannotated precision metadata stays unknown and authored losses point back to the ideal [90.06ms]

tests/core-ideals/facets-tablespec.test.ts:
(pass) profile-qualified classification keeps exact source and native tokens through both receipt formats [30677.22ms]
(pass) length meaning depends on raw/normalized input and consumer, with ignored conflicts retained [237.28ms]
(pass) decimal declarations, enforced domains, defaults and exact conversion are independent [259.88ms]
(pass) authored facets, unknown qualifiers and shape conflicts cannot be overwritten [136.60ms]
(pass) forged/stale receipts, invalid requests and accessors refuse; independent reads do not mutate source [66.40ms]
(pass) published facet extension validates its profile and preserves unknown future payload members [36.39ms]
(pass) exact lexical checks and split archives retain unclaimed content [182.89ms]

tests/core-ideals/record-parquet-projection.test.ts:
(pass) Parquet records preserve member order, explicit native repetition and authored recovery [1027.44ms]
(pass) collisions, duplicate bindings, stale authors and report tampering cannot yield partial records [95.28ms]

tests/core-ideals/cardinality-field-operations.test.ts:
(pass) versioned kind and record receipts retain old profiles and preserve 0.4 Cardinality [252.85ms]
(pass) Nullability authoring and inspection use v2 on containers without changing item meaning [23.98ms]
(pass) container record meaning belongs on its item Field and dependent kind edits refuse [4.17ms]
(pass) cross-version, stale and forged receipts refuse without changing original profiles [4.14ms]

tests/core-ideals/facets-postgresql-constraints.test.ts:
(pass) native supplement is pinned, fingerprinted and preserves resolved identities separately from syntax [30.39ms]
(pass) native deparsed checks replay as candidates or explicit refusals with complete retained trees [6.28ms]

tests/core-ideals/nullability-avro.test.ts:
(pass) Avro underlying-value availability matrix preserves exact source, scope and both formats [19780.94ms]
(pass) author conflicts, stale/forged receipts and malformed requests refuse without losing unknown content [435.88ms]
(pass) native names, dependencies and recursive fields resolve without claiming parent availability [381.08ms]
(pass) invalid structural types and unresolved names stay native with explicit report residuals [818.65ms]

tests/core-ideals/avro-namespace.test.ts:
(pass) Avro namespace changes report loss for both Field and record projections [239.48ms]

tests/core-ideals/facets-avro-selection.test.ts:
(pass) facet selection retains named declarations, branch order, containers and null context [3.83ms]
(pass) reference use and dependency definition retain distinct identities and unknown tokens [0.96ms]
(pass) union widths remain distinct; array/map items are never promoted onto containers [0.26ms]
(pass) facet zero-size profile does not widen previously qualified Cardinality resolution [0.29ms]
(pass) selection cannot interpret defaults, metadata, missing dependencies or duplicate names as types [0.48ms]

tests/core-ideals/nullability-postgresql.test.ts:
(pass) native catalog availability matrix retains source and scope through both serializations [33755.56ms]
(pass) domain NOT NULL, CHECK UNKNOWN, NOT VALID and generated expressions do not become column permission [870.07ms]
(pass) author conflicts, stale and forged receipts, unknown extensions and altered archives [985.98ms]
(pass) unknown exact native content remains recoverable while uncertain permission is withheld [418.13ms]
(pass) missing flags, triggers, unsupported profiles and source state remain explicit [632.75ms]

tests/core-ideals/cardinality-avro-projection.test.ts:
(pass) explicit native shape mismatches and absent item meaning are residuals with exact ideal recovery [1688.84ms]
(pass) nested item and value types map recursively with independent availability and qualified scalar families [114.80ms]
(pass) cycles, unknown metadata, native diagnostics and target edits remain explicit and recoverable [173.04ms]
(pass) dependency changes and large uninterpreted native tokens cannot be hidden by ideal recovery [356.56ms]
(pass) fresh native ingestion composes with retained ideal recovery without inventing original author intent [19271.73ms]

tests/core-ideals/record-tablespec.test.ts:
(pass) whole native table becomes a record with ordered explicit member references and unknown type preservation [93.86ms]
(pass) one conflicting member blocks the whole table in both modes without partial candidate [135.81ms]
(pass) verified member authors are retained; stale, duplicate and unrelated receipts block [160.46ms]
(pass) record classification retains split files and empty tables without inventing grouping semantics [45.65ms]
(pass) changed member references, receipts and native content invalidate classification [85.18ms]

tests/core-ideals/parquet-record-type.test.ts:
(pass) interpreted LIST struct values link to separate records without changing repetition or bytes [1422.77ms]
(pass) wrappers, primitives, root selection, author conflicts and tampered receipts refuse [1048.31ms]

tests/core-ideals/record-type.test.ts:
(pass) record-valued slots preserve qualified identity, cycles and unknown native meaning [21.20ms]
(pass) scalar/record conflicts, legacy roles and stale or forged receipt paths refuse [5.20ms]

tests/core-ideals/cardinality-sqlserver.test.ts:
(pass) logical representations retain physical scalar metadata and exact native text [9394.93ms]
(pass) existing logical and physical identities, altered receipts and stale models cannot be overwritten [206.74ms]
(pass) unknown native numeric tokens survive separate logical representation [148.02ms]
(pass) constraint association, replication exemptions and unrecognized expressions cannot prove JSON shape [432.20ms]

tests/core-ideals/field-postgresql-projection.test.ts:
(pass) explicit pg_catalog carriers compile and preserve authored meaning through both receipt formats [705.42ms]
(pass) unsafe or truncating identifiers are rejected before parser invocation [8.32ms]
(pass) strict refuses unprojected constraints, while report retains them with explicit diagnostics [18.92ms]
(pass) edited SQL or tampered receipt cannot claim recovery; record/group cannot become a column [40.11ms]

tests/core-ideals/field-selection.test.ts:
(pass) 0.2 selection schema and serialization cover qualified cycles and reference boundaries [19.44ms]
(pass) selection structure preserves legacy interpretation [2.69ms]
(pass) selection computes validation with the caller registry [8.51ms]

tests/core-ideals/key-tablespec.test.ts:
(pass) TableSpec Key native declarations > missing retains native declaration without author intent [102.72ms]
(pass) TableSpec Key native declarations > null retains native declaration without author intent [80.62ms]
(pass) TableSpec Key native declarations > empty retains native declaration without author intent [55.15ms]
(pass) TableSpec Key native declarations > primary retains native declaration without author intent [55.36ms]
(pass) TableSpec Key native declarations > compound retains native declaration without author intent [72.94ms]
(pass) TableSpec Key native declarations > duplicate-component retains native declaration without author intent [60.12ms]
(pass) TableSpec Key native declarations > missing-column retains native declaration without author intent [66.73ms]
(pass) TableSpec Key native declarations > implicit-meta-column retains native declaration without author intent [66.12ms]
(pass) TableSpec Key native declarations > wrong-primary-type retains native declaration without author intent [70.96ms]
(pass) TableSpec Key native declarations > alternate retains native declaration without author intent [73.91ms]
(pass) TableSpec Key native declarations > primary-and-alternate retains native declaration without author intent [79.49ms]
(pass) TableSpec Key native declarations > empty-alternate retains native declaration without author intent [72.87ms]
(pass) TableSpec Key native declarations > missing-alternate-column retains native declaration without author intent [69.22ms]
(pass) TableSpec Key native declarations > duplicate-alternate-component retains native declaration without author intent [77.10ms]
(pass) TableSpec Key native declarations > duplicate-alternate retains native declaration without author intent [75.44ms]
(pass) TableSpec Key native declarations > unknown-stable-id retains native declaration without author intent [81.33ms]
(pass) TableSpec Key native declarations > resolves native ordered tuples without declaring core ownership or keys [17.65ms]
(pass) TableSpec Key native declarations > malformed alternate tuples and unresolved implicit columns remain residual [94.98ms]
(pass) TableSpec Key native declarations > unknown text, exact numeric lexemes and split sidecars recover unchanged [60.75ms]
(pass) TableSpec Key native declarations > authored keys and unknown qualifiers in core 0.6 stay untouched [37.63ms]
(pass) TableSpec Key native declarations > forged and stale receipts fail; observations cannot overwrite existing content [59.08ms]
(pass) TableSpec Key native declarations > rejects unsupported requests and accessors without executing code [9.32ms]

tests/core-ideals/key-parquet-projection.test.ts:
(pass) Parquet authored Key: primary-strict [52.87ms]
(pass) Parquet authored Key: primary-report [220.72ms]
(pass) Parquet authored Key: no-primary-strict [46.47ms]
(pass) Parquet authored Key: no-primary-report [198.58ms]
(pass) Parquet authored Key: rename-and-reorder [210.33ms]
(pass) Parquet authored Key: boolean [216.70ms]
(pass) Parquet authored Key: decimal [202.06ms]
(pass) Parquet authored Key: binary [225.60ms]
(pass) Parquet authored Key: integer-width [218.44ms]
(pass) Parquet authored Key: unsigned [204.72ms]
(pass) Parquet authored Key: string-length [215.17ms]
(pass) Parquet authored Key: binary-length [227.65ms]
(pass) Parquet authored Key: compound-ordered [218.08ms]
(pass) Parquet authored Key: multiple-alternates [220.10ms]
(pass) Parquet authored Key: unknown-extension [188.29ms]
(pass) Parquet authored Key: unknown-key-qualifier [201.12ms]
(pass) Parquet authored Key: unknown-member-qualifier [194.92ms]
(pass) Parquet authored Key: unknown-facet-qualifier [188.11ms]
(pass) Parquet authored Key: family-conflict [43.85ms]
(pass) Parquet authored Key: quoted-identifiers [202.67ms]
(pass) Parquet authored Key: fixed-binary [199.93ms]
(pass) Parquet authored Key: decimal-int32 [206.88ms]
(pass) Parquet authored Key: decimal-bytes [182.33ms]
(pass) Parquet authored Key: decimal-fixed [175.39ms]
(pass) stable IDs and compound field ordering remain distinct from native field IDs [98.50ms]
(pass) missing or stale authors, changed tuples, ownership conflicts and malformed physical mappings refuse [46.65ms]
(pass) forged residuals, edited original bytes and getters cannot recover authorship [134.13ms]
(pass) native-only reimport cannot reconstruct authored keys [128.89ms]
(pass) native generated-schema proof verifies actual types, duplicate writing and retained file bytes [1529.49ms]

tests/core-ideals/relationship-avro-carrier.test.ts:
(pass) reference carrier retained recovery: dangling-key-value [160.50ms]
(pass) reference carrier retained recovery: required-reference-missing [139.93ms]
(pass) reference carrier retained recovery: singular-null-rejected [134.31ms]
(pass) reference carrier retained recovery: nullable-reference [147.90ms]
(pass) reference carrier retained recovery: empty-reference-array [144.53ms]
(pass) reference carrier retained recovery: duplicate-references [140.55ms]
(pass) reference carrier retained recovery: composite-reference [151.03ms]
(pass) reference carrier retained recovery: self-reference-key [149.59ms]
(pass) reference carrier retained recovery: boolean-key [138.40ms]
(pass) reference carrier retained recovery: binary-key [141.84ms]
(pass) reference carrier retained recovery: float-key-narrows [137.96ms]
(pass) reference carrier retained recovery: double-key-preserves-probe [147.79ms]
(pass) invalid explicit native choices never emit a partial schema or execute accessors [0.24ms]
(pass) both pinned codecs independently accept carriers and expose unenforced references and narrowing [22.28ms]

tests/core-ideals/relationship-extras.test.ts:
(pass) CONTRACT-041 extras authored one-to-one-graphql-strict [20.13ms]
(pass) CONTRACT-041 extras authored one-to-one-graphql-report [474.10ms]
(pass) CONTRACT-041 extras authored one-to-one-rdf-strict [8.16ms]
(pass) CONTRACT-041 extras authored one-to-one-rdf-report [210.35ms]
(pass) CONTRACT-041 extras authored one-to-one-linkml-strict [7.27ms]
(pass) CONTRACT-041 extras authored one-to-one-linkml-report [179.04ms]
(pass) CONTRACT-041 extras authored owned-one-to-many-graphql-strict [6.94ms]
(pass) CONTRACT-041 extras authored owned-one-to-many-graphql-report [489.57ms]
(pass) CONTRACT-041 extras authored owned-one-to-many-rdf-strict [6.96ms]
(pass) CONTRACT-041 extras authored owned-one-to-many-rdf-report [191.95ms]
(pass) CONTRACT-041 extras authored owned-one-to-many-linkml-strict [6.26ms]
(pass) CONTRACT-041 extras authored owned-one-to-many-linkml-report [191.16ms]
(pass) CONTRACT-041 extras authored many-to-one-alternate-key-graphql-strict [6.81ms]
(pass) CONTRACT-041 extras authored many-to-one-alternate-key-graphql-report [476.86ms]
(pass) CONTRACT-041 extras authored many-to-one-alternate-key-rdf-strict [6.77ms]
(pass) CONTRACT-041 extras authored many-to-one-alternate-key-rdf-report [186.72ms]
(pass) CONTRACT-041 extras authored many-to-one-alternate-key-linkml-strict [6.23ms]
(pass) CONTRACT-041 extras authored many-to-one-alternate-key-linkml-report [170.22ms]
(pass) CONTRACT-041 extras authored many-to-many-graphql-strict [6.35ms]
(pass) CONTRACT-041 extras authored many-to-many-graphql-report [491.54ms]
(pass) CONTRACT-041 extras authored many-to-many-rdf-strict [6.55ms]
(pass) CONTRACT-041 extras authored many-to-many-rdf-report [205.10ms]
(pass) CONTRACT-041 extras authored many-to-many-linkml-strict [6.49ms]
(pass) CONTRACT-041 extras authored many-to-many-linkml-report [171.81ms]
(pass) CONTRACT-041 extras authored heterogeneous-source-graphql-strict [6.20ms]
(pass) CONTRACT-041 extras authored heterogeneous-source-graphql-report [484.36ms]
(pass) CONTRACT-041 extras authored heterogeneous-source-rdf-strict [6.67ms]
(pass) CONTRACT-041 extras authored heterogeneous-source-rdf-report [188.57ms]
(pass) CONTRACT-041 extras authored heterogeneous-source-linkml-strict [6.09ms]
(pass) CONTRACT-041 extras authored heterogeneous-source-linkml-report [185.51ms]
(pass) CONTRACT-041 extras authored self-referential-graphql-strict [6.15ms]
(pass) CONTRACT-041 extras authored self-referential-graphql-report [463.90ms]
(pass) CONTRACT-041 extras authored self-referential-rdf-strict [6.78ms]
(pass) CONTRACT-041 extras authored self-referential-rdf-report [194.27ms]
(pass) CONTRACT-041 extras authored self-referential-linkml-strict [6.33ms]
(pass) CONTRACT-041 extras authored self-referential-linkml-report [177.76ms]
(pass) CONTRACT-041 extras authored undirected-graphql-strict [6.30ms]
(pass) CONTRACT-041 extras authored undirected-graphql-report [477.71ms]
(pass) CONTRACT-041 extras authored undirected-rdf-strict [6.62ms]
(pass) CONTRACT-041 extras authored undirected-rdf-report [179.44ms]
(pass) CONTRACT-041 extras authored undirected-linkml-strict [5.99ms]
(pass) CONTRACT-041 extras authored undirected-linkml-report [179.51ms]
(pass) CONTRACT-041 extras authored reified-association-graphql-strict [6.41ms]
(pass) CONTRACT-041 extras authored reified-association-graphql-report [472.13ms]
(pass) CONTRACT-041 extras authored reified-association-rdf-strict [6.64ms]
(pass) CONTRACT-041 extras authored reified-association-rdf-report [211.80ms]
(pass) CONTRACT-041 extras authored reified-association-linkml-strict [7.04ms]
(pass) CONTRACT-041 extras authored reified-association-linkml-report [209.25ms]
(pass) CONTRACT-041 extras authored heterogeneous-target-graphql-strict [7.11ms]
(pass) CONTRACT-041 extras authored heterogeneous-target-graphql-report [494.55ms]
(pass) CONTRACT-041 extras authored heterogeneous-target-rdf-strict [6.32ms]
(pass) CONTRACT-041 extras authored heterogeneous-target-rdf-report [200.49ms]
(pass) CONTRACT-041 extras authored heterogeneous-target-linkml-strict [6.08ms]
(pass) CONTRACT-041 extras authored heterogeneous-target-linkml-report [5.84ms]
(pass) CONTRACT-041 extras native-only archives retain unknown content without authoring [772.64ms]
(pass) CONTRACT-041 extras stale authors, receipts, targets and accessors refuse [222.16ms]
(pass) CONTRACT-041 extras every unsafe policy or unknown governing qualifier refuses atomically [57.57ms]
(pass) CONTRACT-041 extras complete result schema rejects incomplete policy, source and native targets [137.12ms]
(pass) CONTRACT-041 extras native identifiers reject scalar collisions and RDF injection while retaining Unicode IRIs [98.76ms]
(pass) CONTRACT-041 extras unknown LinkML metamodel is retained without claiming pinned interpretation [26.98ms]

tests/core-ideals/postgresql-composite.test.ts:
(pass) catalog composites expose ordered fields without formatted-type guessing and recover exact source [1884.87ms]
(pass) collisions, duplicate names/order, ambiguity and stale archives cannot publish false roles [622.38ms]
(pass) unknown composite refinements remain recoverable and future server versions are refused [131.48ms]

tests/core-ideals/field-tablespec.test.ts:
(pass) classifies an unknown native column type without inventing scalar family and recovers exact text [45.21ms]
(pass) verified authored field agrees; authored record/group and unknown or unverified labels block atomically [97.40ms]
(pass) stale author receipts and metadata cannot be used as a native classification basis [32.54ms]
(pass) split sources retain sidecars and shadowed metadata after classification [22.12ms]
(pass) native classification receipts reject tampering and subsequent native changes [33.27ms]
(pass) new results always diagnose conflicts while historical receipts remain verifiable [46.91ms]

tests/core-ideals/facets-postgresql-predicate.test.ts:
(pass) closed predicate syntax retains exact bounds without claiming resolved enforcement [0.77ms]
(pass) lookalikes and extra syntax stay native; conjuncts never produce partial claims [0.85ms]
(pass) unknown AST content, forged versions and unsafe objects are never interpreted [0.27ms]

tests/core-ideals/cardinality-postgresql-catalog.test.ts:
(pass) resolves observed arrays, domain wrappers and domain members without category guessing [8.35ms]
(pass) rejects ambiguity, broken edges, impossible observations and domain cycles [7.80ms]
(pass) preserves exact unknown tokens and source text; unknown versions are unqualified [2.55ms]
(pass) does not return rounded unknown metadata in interpreted views [0.96ms]
(pass) correlates capture observations and refuses mismatches without asserting transaction provenance [353.68ms]

tests/core-ideals/key-tablespec-projection.test.ts:
(pass) authored TableSpec projection: primary-strict [6.05ms]
(pass) authored TableSpec projection: primary-report [78.24ms]
(pass) authored TableSpec projection: no-primary-strict [2.15ms]
(pass) authored TableSpec projection: no-primary-report [69.61ms]
(pass) authored TableSpec projection: rename-and-reorder [67.95ms]
(pass) authored TableSpec projection: unknown-key-field-content [71.12ms]
(pass) authored TableSpec projection: family-boolean [68.13ms]
(pass) authored TableSpec projection: family-decimal [69.20ms]
(pass) authored TableSpec projection: family-binary [2.43ms]
(pass) authored TableSpec projection: compound-ordered [68.53ms]
(pass) authored TableSpec projection: native-name-table-max-length [80.82ms]
(pass) authored TableSpec projection: native-name-column-max-length [71.67ms]
(pass) authored TableSpec projection: native-name-table-over-length [2.04ms]
(pass) authored TableSpec projection: native-name-column-over-length [2.02ms]
(pass) authored TableSpec projection: native-name-table-unicode [1.75ms]
(pass) authored TableSpec projection: native-name-column-unicode [1.76ms]
(pass) authored TableSpec projection: native-name-table-leading-digit [1.71ms]
(pass) authored TableSpec projection: native-name-column-leading-digit [1.67ms]
(pass) authored TableSpec projection: native-name-table-trailing-newline [1.69ms]
(pass) authored TableSpec projection: native-name-column-trailing-newline [1.91ms]
(pass) authored TableSpec projection: native-name-table-quoted [1.72ms]
(pass) authored TableSpec projection: native-name-column-quoted [1.80ms]
(pass) authored TableSpec projection: native-name-table-underscore [1.89ms]
(pass) authored TableSpec projection: native-name-column-underscore [1.74ms]
(pass) authored TableSpec projection: native-name-table-valid-underscore [70.58ms]
(pass) authored TableSpec projection: native-name-column-valid-underscore [69.11ms]
(pass) authored TableSpec projection: multiple-alternates-report [74.70ms]
(pass) authored TableSpec projection: multiple-alternates-strict [2.89ms]
(pass) stable IDs, primary marker and names survive rename and reordered key list [22.78ms]
(pass) rejects missing, duplicate, forged, mismatched and stale authors [5.34ms]
(pass) rejects incomplete column bindings, unknown ownership, native family mismatch and getters [4.60ms]
(pass) forged residuals, omitted per-key losses and stale native documents cannot recover ideal [25.05ms]
(pass) compound key order is explicit and changing it invalidates retained authorship [23.51ms]
(pass) missing or shared Record ownership cannot be projected in report mode [0.77ms]
(pass) unknown ownership, key reference and native extension content survives both formats [23.35ms]

tests/core-ideals/key-native-roundtrips.test.ts:
(pass) five-system native Key observations preserve unknown meanings and exact archives without author inference [19977.78ms]

tests/core-ideals/nullability-postgresql-projection.test.ts:
(pass) authored availability projects with explicit scope and recovers every residual through both formats [1984.29ms]
(pass) stale SQL, forged receipts and source changes cannot recover author meaning [42.71ms]
(pass) identifiers cannot be truncated and strict loss does not invoke the parser [9.61ms]
(pass) programmatic metadata and unknown extension obligations survive report recovery [25.91ms]

tests/core-ideals/field-postgresql.test.ts:
(pass) catalog fields include native domains, arrays and unknown scalar refinements without erasure [4158.38ms]
(pass) native text formatting and unknown numeric metadata survive both receipt formats [552.87ms]
(pass) verified authored conflict blocks both modes without a partial target [296.35ms]
(pass) stale core metadata, mismatched archives, future servers and edited receipts fail [406.14ms]

tests/core-ideals/field-sqlserver-projection.test.ts:
(pass) explicit carriers emit complete SQL artifacts and retained receipts recover authored fields [40.83ms]
(pass) strict/report loss, structured-kind refusal, Unicode guards and stale artifacts remain explicit [3.10ms]

tests/core-ideals/nullability-parquet.test.ts:
(pass) native-backed row/entry context matrix preserves exact bytes, metadata and both serializations [101485.27ms]
(pass) optional ancestors contribute absence while repeated paths require an explicit entry context [313.65ms]
(pass) author conflicts, altered scope/ancestry, changed targets and unsafe requests refuse [1037.30ms]
(pass) legacy repeated primitive entries remain required within the selected entry, with exact byte recovery [490.45ms]

tests/core-ideals/record-sqlserver-projection.test.ts:
(pass) record member order and strict/report policies produce atomic SQL with exact ideal recovery [47.76ms]
(pass) empty records, collisions, stale provenance and altered SQL cannot publish or recover false meaning [11.40ms]

tests/core-ideals/cardinality-sqlserver-projection.test.ts:
(pass) scalar/JSON carriers retain nested/cyclic items, availability and unknown metadata through both formats [146.61ms]
(pass) unsafe types, malformed identifiers, exact-value demands and changed receipts refuse [6.41ms]

tests/core-ideals/facets-parquet-projection.test.ts:
(pass) integer widths and decimal carriers project only matched declared domains [739.99ms]
(pass) native validity, reader limitations and non-enforcing length metadata stay separate [198.62ms]
(pass) profile/mode/encoding matrix recovers full authored ideals in both serializations [3645.09ms]
(pass) unknown content, false authorship, changed bytes and unsafe inputs cannot pass recovery [106.14ms]

tests/core-ideals/record-parquet.test.ts:
(pass) Parquet root records keep ordered value slots separate from container and struct definitions [2506.38ms]
(pass) Parquet LIST wrappers block; interpreted two-level struct elements supply records [545.61ms]
(pass) Parquet record conflicts, collisions and receipt edits block atomically [436.90ms]

tests/core-ideals/field-avro-projection.test.ts:
(pass) explicit Avro carriers preserve field docs and recover ideal through serialized reports [877.19ms]
(pass) strict/report loss, invalid names, structured-kind refusals and stale schemas fail explicitly [103.42ms]

tests/core-ideals/nullability-tablespec-projection.test.ts:
(pass) authored availability projects under explicit profiles with atomic strict/report loss and exact ideal recovery [6820.94ms]
(pass) names, unknown obligations, scalar mismatches and unsafe or forged inputs cannot silently succeed [42.13ms]
(pass) context keys are exact data and other elements/modules remain explicit residuals [70.71ms]

tests/core-ideals/key-sqlserver-encoding.test.ts:
(pass) native encoding evidence asserts actual values, failures and pinned source fingerprints [19.56ms]
(pass) stored byte vectors preserve the distinct core tuple values in the qualified examples [5.92ms]
(pass) computed native keys remain observations and all encoding metadata recovers [203.28ms]

tests/core-ideals/facets-postgresql-resolved.test.ts:
(pass) complete resolved expressions yield exact predicates and explicit value scope [1.28ms]
(pass) unknown nodes, forged resolution, context changes and hidden conjuncts refuse atomically [0.91ms]
(pass) bounded node reader rejects duplicate fields, malformed structure and resource abuse [0.20ms]
(pass) Datum64 integers remain exact beyond JavaScript precision [0.16ms]
(pass) independent native Datum corpus replays exactly and fingerprints are current [19.45ms]
(pass) emitted bigint bounds resolve mixed-width and full-width native operators [17.18ms]

tests/core-ideals/nullability-parquet-projection.test.ts:
(pass) authored Parquet availability emits explicit leaf repetition and recovers all ideals/residuals [7341.55ms]
(pass) scope, cardinality, defaults and precision obligations remain explicit losses [470.73ms]
(pass) changed bytes, forged receipts, stale authors and invalid native names refuse [142.63ms]
(pass) document/module metadata and relationships survive report-mode ideal recovery [90.10ms]

tests/core-ideals/relationship-tablespec-projection.test.ts:
(pass) many-to-one-strict has qualified projection and recovery [47.09ms]
(pass) many-to-one-report has qualified projection and recovery [440.29ms]
(pass) one-to-one-strict has qualified projection and recovery [20.18ms]
(pass) one-to-one-report has qualified projection and recovery [414.10ms]
(pass) many-to-many-strict has qualified projection and recovery [19.36ms]
(pass) many-to-many-report has qualified projection and recovery [416.66ms]
(pass) bounded-required-strict has qualified projection and recovery [19.33ms]
(pass) bounded-required-report has qualified projection and recovery [414.10ms]
(pass) owned-strict has qualified projection and recovery [19.21ms]
(pass) owned-report has qualified projection and recovery [424.00ms]
(pass) undirected-strict has qualified projection and recovery [20.68ms]
(pass) undirected-report has qualified projection and recovery [422.70ms]
(pass) heterogeneous-strict has qualified projection and recovery [21.44ms]
(pass) heterogeneous-report has qualified projection and recovery [20.53ms]
(pass) association-strict has qualified projection and recovery [20.48ms]
(pass) association-report has qualified projection and recovery [19.66ms]
(pass) self-strict has qualified projection and recovery [20.77ms]
(pass) self-report has qualified projection and recovery [418.41ms]
(pass) alternate-strict has qualified projection and recovery [20.81ms]
(pass) alternate-report has qualified projection and recovery [414.92ms]
(pass) composite-strict has qualified projection and recovery [20.61ms]
(pass) composite-report has qualified projection and recovery [455.53ms]
(pass) unknown-strict has qualified projection and recovery [21.59ms]
(pass) unknown-report has qualified projection and recovery [433.26ms]
(pass) missing-column-strict has qualified projection and recovery [19.17ms]
(pass) missing-column-report has qualified projection and recovery [18.96ms]
(pass) wrong-key-field-strict has qualified projection and recovery [19.72ms]
(pass) wrong-key-field-report has qualified projection and recovery [19.38ms]
(pass) type-conflict-strict has qualified projection and recovery [20.38ms]
(pass) type-conflict-report has qualified projection and recovery [21.52ms]
(pass) existing-conflict-strict has qualified projection and recovery [21.42ms]
(pass) existing-conflict-report has qualified projection and recovery [21.23ms]
(pass) existing-unrelated-strict has qualified projection and recovery [20.69ms]
(pass) existing-unrelated-report has qualified projection and recovery [435.00ms]
(pass) split-strict has qualified projection and recovery [20.64ms]
(pass) split-report has qualified projection and recovery [427.92ms]
(pass) invalid-native-primary-strict has qualified projection and recovery [19.31ms]
(pass) invalid-native-primary-report has qualified projection and recovery [19.19ms]
(pass) invalid-native-context-strict has qualified projection and recovery [18.68ms]
(pass) invalid-native-context-report has qualified projection and recovery [19.37ms]
(pass) invalid-native-dimension-strict has qualified projection and recovery [19.14ms]
(pass) invalid-native-dimension-report has qualified projection and recovery [19.16ms]
(pass) invalid-native-jdbc-both-strict has qualified projection and recovery [20.97ms]
(pass) invalid-native-jdbc-both-report has qualified projection and recovery [19.14ms]
(pass) invalid-native-jdbc-neither-strict has qualified projection and recovery [18.97ms]
(pass) invalid-native-jdbc-neither-report has qualified projection and recovery [18.91ms]
(pass) valid-jdbc-table-strict has qualified projection and recovery [27.93ms]
(pass) valid-jdbc-table-report has qualified projection and recovery [412.07ms]
(pass) valid-jdbc-query-strict has qualified projection and recovery [21.27ms]
(pass) valid-jdbc-query-report has qualified projection and recovery [449.60ms]
(pass) invalid-native-json-coverage-strict has qualified projection and recovery [19.94ms]
(pass) invalid-native-json-coverage-report has qualified projection and recovery [20.02ms]
(pass) invalid-native-json-duplicate-strict has qualified projection and recovery [20.40ms]
(pass) invalid-native-json-duplicate-report has qualified projection and recovery [19.81ms]
(pass) invalid-native-json-path-strict has qualified projection and recovery [19.26ms]
(pass) invalid-native-json-path-report has qualified projection and recovery [20.18ms]
(pass) valid-json-source-strict has qualified projection and recovery [20.41ms]
(pass) valid-json-source-report has qualified projection and recovery [422.88ms]
(pass) invalid-native-derivation-strict has qualified projection and recovery [20.00ms]
(pass) invalid-native-derivation-report has qualified projection and recovery [19.77ms]
(pass) valid-derivation-strict has qualified projection and recovery [20.01ms]
(pass) valid-derivation-report has qualified projection and recovery [417.25ms]
(pass) domain-address_line_1-unconstrained-strict has qualified projection and recovery [19.41ms]
(pass) domain-address_line_1-unconstrained-report has qualified projection and recovery [418.29ms]
(pass) domain-amisys_member_id-unconstrained-strict has qualified projection and recovery [18.70ms]
(pass) domain-amisys_member_id-unconstrained-report has qualified projection and recovery [423.45ms]
(pass) domain-bill_type_code-unconstrained-strict has qualified projection and recovery [21.56ms]
(pass) domain-bill_type_code-unconstrained-report has qualified projection and recovery [433.70ms]
(pass) domain-birth_date-valid-strict has qualified projection and recovery [21.19ms]
(pass) domain-birth_date-valid-report has qualified projection and recovery [419.33ms]
(pass) domain-birth_date-invalid-strict has qualified projection and recovery [19.90ms]
(pass) domain-birth_date-invalid-report has qualified projection and recovery [18.85ms]
(pass) domain-birth_date-formatted-strict has qualified projection and recovery [19.23ms]
(pass) domain-birth_date-formatted-report has qualified projection and recovery [454.75ms]
(pass) domain-boolean_flag-unconstrained-strict has qualified projection and recovery [25.14ms]
(pass) domain-boolean_flag-unconstrained-report has qualified projection and recovery [442.36ms]
(pass) domain-calendar_year-valid-strict has qualified projection and recovery [20.90ms]
(pass) domain-calendar_year-valid-report has qualified projection and recovery [424.88ms]
(pass) domain-calendar_year-invalid-strict has qualified projection and recovery [19.01ms]
(pass) domain-calendar_year-invalid-report has qualified projection and recovery [19.04ms]
(pass) domain-calendar_year-formatted-strict has qualified projection and recovery [19.13ms]
(pass) domain-calendar_year-formatted-report has qualified projection and recovery [446.50ms]
(pass) domain-city-unconstrained-strict has qualified projection and recovery [18.92ms]
(pass) domain-city-unconstrained-report has qualified projection and recovery [418.35ms]
(pass) domain-claim_number-unconstrained-strict has qualified projection and recovery [18.80ms]
(pass) domain-claim_number-unconstrained-report has qualified projection and recovery [418.63ms]
(pass) domain-claim_status-unconstrained-strict has qualified projection and recovery [21.56ms]
(pass) domain-claim_status-unconstrained-report has qualified projection and recovery [427.66ms]
(pass) domain-drg_code-unconstrained-strict has qualified projection and recovery [19.79ms]
(pass) domain-drg_code-unconstrained-report has qualified projection and recovery [418.90ms]
(pass) domain-email-unconstrained-strict has qualified projection and recovery [22.44ms]
(pass) domain-email-unconstrained-report has qualified projection and recovery [466.73ms]
(pass) domain-gender-unconstrained-strict has qualified projection and recovery [20.50ms]
(pass) domain-gender-unconstrained-report has qualified projection and recovery [419.90ms]
(pass) domain-load_mode-unconstrained-strict has qualified projection and recovery [19.46ms]
(pass) domain-load_mode-unconstrained-report has qualified projection and recovery [486.40ms]
(pass) domain-lob-unconstrained-strict has qualified projection and recovery [20.82ms]
(pass) domain-lob-unconstrained-report has qualified projection and recovery [456.65ms]
(pass) domain-loinc_code-unconstrained-strict has qualified projection and recovery [21.81ms]
(pass) domain-loinc_code-unconstrained-report has qualified projection and recovery [435.60ms]
(pass) domain-member_id-unconstrained-strict has qualified projection and recovery [21.98ms]
(pass) domain-member_id-unconstrained-report has qualified projection and recovery [459.71ms]
(pass) domain-modifier_code-unconstrained-strict has qualified projection and recovery [20.04ms]
(pass) domain-modifier_code-unconstrained-report has qualified projection and recovery [429.80ms]
(pass) domain-ndc_code-unconstrained-strict has qualified projection and recovery [27.52ms]
(pass) domain-ndc_code-unconstrained-report has qualified projection and recovery [434.14ms]
(pass) domain-npi-unconstrained-strict has qualified projection and recovery [20.47ms]
(pass) domain-npi-unconstrained-report has qualified projection and recovery [452.48ms]
(pass) domain-person_first_name-unconstrained-strict has qualified projection and recovery [19.49ms]
(pass) domain-person_first_name-unconstrained-report has qualified projection and recovery [431.53ms]
(pass) domain-person_last_name-unconstrained-strict has qualified projection and recovery [20.74ms]
(pass) domain-person_last_name-unconstrained-report has qualified projection and recovery [421.18ms]
(pass) domain-phone_number-unconstrained-strict has qualified projection and recovery [19.19ms]
(pass) domain-phone_number-unconstrained-report has qualified projection and recovery [451.54ms]
(pass) domain-place_of_service-unconstrained-strict has qualified projection and recovery [35.31ms]
(pass) domain-place_of_service-unconstrained-report has qualified projection and recovery [550.63ms]
(pass) domain-plan_description-unconstrained-strict has qualified projection and recovery [20.71ms]
(pass) domain-plan_description-unconstrained-report has qualified projection and recovery [466.81ms]
(pass) domain-population_type-unconstrained-strict has qualified projection and recovery [22.18ms]
(pass) domain-population_type-unconstrained-report has qualified projection and recovery [554.74ms]
(pass) domain-project_code-unconstrained-strict has qualified projection and recovery [55.17ms]
(pass) domain-project_code-unconstrained-report has qualified projection and recovery [568.84ms]
(pass) domain-project_number-valid-strict has qualified projection and recovery [21.48ms]
(pass) domain-project_number-valid-report has qualified projection and recovery [464.34ms]
(pass) domain-project_number-invalid-strict has qualified projection and recovery [19.49ms]
(pass) domain-project_number-invalid-report has qualified projection and recovery [19.17ms]
(pass) domain-project_number-formatted-strict has qualified projection and recovery [19.26ms]
(pass) domain-project_number-formatted-report has qualified projection and recovery [425.41ms]
(pass) domain-ranking_tier-unconstrained-strict has qualified projection and recovery [20.40ms]
(pass) domain-ranking_tier-unconstrained-report has qualified projection and recovery [460.81ms]
(pass) domain-reporting_population-unconstrained-strict has qualified projection and recovery [21.14ms]
(pass) domain-reporting_population-unconstrained-report has qualified projection and recovery [478.88ms]
(pass) domain-revenue_code-unconstrained-strict has qualified projection and recovery [21.64ms]
(pass) domain-revenue_code-unconstrained-report has qualified projection and recovery [472.85ms]
(pass) domain-schedule_type-unconstrained-strict has qualified projection and recovery [23.44ms]
(pass) domain-schedule_type-unconstrained-report has qualified projection and recovery [504.24ms]
(pass) domain-service_date-valid-strict has qualified projection and recovery [22.96ms]
(pass) domain-service_date-valid-report has qualified projection and recovery [443.98ms]
(pass) domain-service_date-invalid-strict has qualified projection and recovery [20.00ms]
(pass) domain-service_date-invalid-report has qualified projection and recovery [19.43ms]
(pass) domain-service_date-formatted-strict has qualified projection and recovery [19.48ms]
(pass) domain-service_date-formatted-report has qualified projection and recovery [422.21ms]
(pass) domain-service_type-unconstrained-strict has qualified projection and recovery [21.14ms]
(pass) domain-service_type-unconstrained-report has qualified projection and recovery [426.68ms]
(pass) domain-tax_id-unconstrained-strict has qualified projection and recovery [19.37ms]
(pass) domain-tax_id-unconstrained-report has qualified projection and recovery [413.34ms]
(pass) domain-timestamp-valid-strict has qualified projection and recovery [19.38ms]
(pass) domain-timestamp-valid-report has qualified projection and recovery [429.17ms]
(pass) domain-timestamp-invalid-strict has qualified projection and recovery [22.81ms]
(pass) domain-timestamp-invalid-report has qualified projection and recovery [22.22ms]
(pass) domain-timestamp-formatted-strict has qualified projection and recovery [21.98ms]
(pass) domain-timestamp-formatted-report has qualified projection and recovery [454.92ms]
(pass) domain-unmapped-unconstrained-strict has qualified projection and recovery [20.22ms]
(pass) domain-unmapped-unconstrained-report has qualified projection and recovery [425.62ms]
(pass) domain-us_county-unconstrained-strict has qualified projection and recovery [20.30ms]
(pass) domain-us_county-unconstrained-report has qualified projection and recovery [447.35ms]
(pass) domain-us_state_code-unconstrained-strict has qualified projection and recovery [20.84ms]
(pass) domain-us_state_code-unconstrained-report has qualified projection and recovery [465.85ms]
(pass) domain-vendor_identifier-unconstrained-strict has qualified projection and recovery [20.10ms]
(pass) domain-vendor_identifier-unconstrained-report has qualified projection and recovery [467.39ms]
(pass) domain-visit_count-valid-strict has qualified projection and recovery [20.47ms]
(pass) domain-visit_count-valid-report has qualified projection and recovery [430.59ms]
(pass) domain-visit_count-invalid-strict has qualified projection and recovery [20.04ms]
(pass) domain-visit_count-invalid-report has qualified projection and recovery [19.61ms]
(pass) domain-visit_count-formatted-strict has qualified projection and recovery [19.34ms]
(pass) domain-visit_count-formatted-report has qualified projection and recovery [479.88ms]
(pass) domain-yes_no_flag-unconstrained-strict has qualified projection and recovery [19.26ms]
(pass) domain-yes_no_flag-unconstrained-report has qualified projection and recovery [429.93ms]
(pass) domain-zip_code-unconstrained-strict has qualified projection and recovery [22.05ms]
(pass) domain-zip_code-unconstrained-report has qualified projection and recovery [475.94ms]
(pass) domain-__unknown_domain__-unconstrained-strict has qualified projection and recovery [21.49ms]
(pass) domain-__unknown_domain__-unconstrained-report has qualified projection and recovery [482.40ms]
(pass) changed author, endpoint component and request accessors reject [33.70ms]
(pass) unknown residual retains exactly the value at its qualified path [46.52ms]

tests/core-ideals/key-parquet.test.ts:
(pass) Parquet Key observation: required-embedded [178.49ms]
(pass) Parquet Key observation: required-no-arrow [182.81ms]
(pass) Parquet Key observation: sorting-not-enforced [163.41ms]
(pass) Parquet Key observation: nullable [160.87ms]
(pass) Parquet Key observation: repeated-list [171.58ms]
(pass) Parquet Key observation: float-narrowing [161.91ms]
(pass) Parquet Key observation: integer-input-truncation [155.69ms]
(pass) Parquet Key observation: binary-metadata [43.31ms]
(pass) opaque UMF content, metadata and malformed bytes remain separate from identity [79.52ms]
(pass) existing observations, unknown profiles, forged identity, stale bytes and getters refuse [73.21ms]
(pass) pinned native counterexamples and source fingerprints match [62.32ms]

tests/core-ideals/facets-postgresql-projection-native.test.ts:
(pass) emitted PostgreSQL DDL and independent values have current pinned evidence [22.02ms]

tests/core-ideals/nullability-sqlserver.test.ts:
(pass) native catalog availability matrix retains source and scope through both serializations [36355.23ms]
(pass) CHECK UNKNOWN and untrusted constraints do not become unconditional permission [316.56ms]
(pass) author conflicts, stale and forged receipts, unknown extensions and altered archives [599.27ms]
(pass) unknown native fields, legacy evidence and rules retain residuals with exact source recovery [1653.20ms]
(pass) modified captures, incorrect envelope versions and unsafe numeric refinements refuse interpretation [339.23ms]

tests/core-ideals/sql-namespace.test.ts:
(pass) PostgreSQL and SQL Server schema moves disclose every selected namespace [76.32ms]

tests/core-ideals/facets-postgresql-composition.test.ts:
(pass) native emitted schemas recover authored facets or explicit residuals and retain native refinements [70.51ms]

tests/core-ideals/relationship-avro-projection.test.ts:
(pass) authored Avro relationship: one-or-more-strict [10.69ms]
(pass) authored Avro relationship: one-or-more-report [494.20ms]
(pass) authored Avro relationship: boolean-strict [4.65ms]
(pass) authored Avro relationship: boolean-report [422.61ms]
(pass) authored Avro relationship: binary-strict [4.90ms]
(pass) authored Avro relationship: binary-report [445.61ms]
(pass) authored Avro relationship: int32-strict [5.03ms]
(pass) authored Avro relationship: int32-report [413.17ms]
(pass) authored Avro relationship: duplicate-components-strict [5.31ms]
(pass) authored Avro relationship: duplicate-components-report [4.39ms]
(pass) authored Avro relationship: reserved-name-strict [4.31ms]
(pass) authored Avro relationship: reserved-name-report [4.48ms]
(pass) authored Avro relationship: many-to-one-strict [4.26ms]
(pass) authored Avro relationship: many-to-one-report [426.26ms]
(pass) authored Avro relationship: one-to-one-strict [4.86ms]
(pass) authored Avro relationship: one-to-one-report [426.50ms]
(pass) authored Avro relationship: many-to-many-strict [4.73ms]
(pass) authored Avro relationship: many-to-many-report [428.14ms]
(pass) authored Avro relationship: bounded-required-strict [4.54ms]
(pass) authored Avro relationship: bounded-required-report [403.44ms]
(pass) authored Avro relationship: owned-strict [4.45ms]
(pass) authored Avro relationship: owned-report [429.78ms]
(pass) authored Avro relationship: undirected-strict [4.79ms]
(pass) authored Avro relationship: undirected-report [398.47ms]
(pass) authored Avro relationship: heterogeneous-strict [4.50ms]
(pass) authored Avro relationship: heterogeneous-report [4.34ms]
(pass) authored Avro relationship: heterogeneous-target-strict [4.18ms]
(pass) authored Avro relationship: heterogeneous-target-report [4.05ms]
(pass) authored Avro relationship: association-strict [4.31ms]
(pass) authored Avro relationship: association-report [4.10ms]
(pass) authored Avro relationship: self-strict [4.32ms]
(pass) authored Avro relationship: self-report [398.20ms]
(pass) authored Avro relationship: alternate-strict [4.62ms]
(pass) authored Avro relationship: alternate-report [454.71ms]
(pass) authored Avro relationship: composite-strict [4.71ms]
(pass) authored Avro relationship: composite-report [579.51ms]
(pass) authored Avro relationship: unknown-strict [5.10ms]
(pass) authored Avro relationship: unknown-report [451.66ms]
(pass) authored Avro relationship: nullable-strict [5.44ms]
(pass) authored Avro relationship: nullable-report [574.82ms]
(pass) authored Avro relationship: facet-strict [7.44ms]
(pass) authored Avro relationship: facet-report [544.01ms]
(pass) authored Avro relationship: wrong-key-field-strict [5.12ms]
(pass) authored Avro relationship: wrong-key-field-report [4.62ms]
(pass) authored Avro relationship: type-conflict-strict [4.93ms]
(pass) authored Avro relationship: type-conflict-report [4.73ms]
(pass) authored Avro relationship: invalid-name-strict [4.63ms]
(pass) authored Avro relationship: invalid-name-report [4.73ms]
(pass) forged author, stale keys/components, reordered tuples and accessors reject [15.40ms]
(pass) float Key equality remains invalid instead of being legitimized by an Avro float carrier [2.11ms]
(pass) generated authored carriers match the pinned native validation evidence [427.56ms]

tests/core-ideals/field-avro.test.ts:
(pass) Avro nested, recursive, union and dependency fields retain source-qualified roles and exact bundles [1896.71ms]
(pass) missing/reordered dependency archives, authored conflicts and stale receipts are refused [230.35ms]

tests/core-ideals/key-postgresql-projection.test.ts:
(pass) PostgreSQL authored keys: primary-strict [6.75ms]
(pass) PostgreSQL authored keys: primary-report [57.44ms]
(pass) PostgreSQL authored keys: no-primary-strict [2.59ms]
(pass) PostgreSQL authored keys: no-primary-report [50.30ms]
(pass) PostgreSQL authored keys: rename-and-reorder [50.67ms]
(pass) PostgreSQL authored keys: boolean [50.52ms]
(pass) PostgreSQL authored keys: decimal [81.11ms]
(pass) PostgreSQL authored keys: binary [58.16ms]
(pass) PostgreSQL authored keys: integer-width [80.13ms]
(pass) PostgreSQL authored keys: unsigned [78.43ms]
(pass) PostgreSQL authored keys: string-length [72.74ms]
(pass) PostgreSQL authored keys: binary-length [62.17ms]
(pass) PostgreSQL authored keys: compound-ordered [53.45ms]
(pass) PostgreSQL authored keys: multiple-alternates [58.95ms]
(pass) PostgreSQL authored keys: unknown-extension [59.25ms]
(pass) PostgreSQL authored keys: unknown-key-qualifier [52.04ms]
(pass) PostgreSQL authored keys: unknown-member-qualifier [50.87ms]
(pass) PostgreSQL authored keys: unknown-facet-qualifier [56.50ms]
(pass) PostgreSQL authored keys: family-conflict [2.29ms]
(pass) PostgreSQL authored keys: quoted-identifiers [55.58ms]
(pass) stable identity, compound ordering and explicit native names remain independent [32.26ms]
(pass) missing, forged, stale and cross-record authors and column bindings refuse [27.50ms]
(pass) unsafe names, getters and native constraint namespace collisions refuse [15.57ms]
(pass) forged receipts, edited SQL and omitted per-key residuals cannot recover [35.93ms]
(pass) unknown key, membership and component qualifiers recover without becoming native semantics [39.11ms]
(pass) oversized key tuple blocks atomically and preserves all components as residual [25.28ms]

tests/core-ideals/field-report.test.ts:
(pass) five-system common metadata retains checked receipts, versioned basis and recoverable residuals [446.91ms]
(pass) tampered summaries, original receipts and missing PostgreSQL backend are refused [104.00ms]

tests/core-ideals/classification-policy.test.ts:
(pass) tablespec-field-classification rejects inconsistent success and blocked metadata [1.62ms]
(pass) tablespec-record-classification rejects inconsistent success and blocked metadata [1.56ms]
(pass) postgresql-field-classification rejects inconsistent success and blocked metadata [2.92ms]
(pass) postgresql-record-classification rejects inconsistent success and blocked metadata [3.12ms]
(pass) postgresql-composite-classification rejects inconsistent success and blocked metadata [2.46ms]
(pass) postgresql-ddl-kinds rejects inconsistent success and blocked metadata [2.06ms]

tests/core-ideals/relationship-avro-discovery.test.ts:
(pass) Avro relationship discovery preserves named-reuse-is-not-identity [62.53ms]
(pass) Avro relationship discovery preserves dangling-reference-metadata [56.79ms]
(pass) Avro relationship discovery preserves nested-record-is-not-association [57.00ms]
(pass) Avro relationship discovery preserves recursive-empty-children [57.12ms]
(pass) Avro relationship discovery preserves nullable-named-reference [57.14ms]
(pass) Avro relationship discovery preserves heterogeneous-record-union [56.34ms]
(pass) Avro relationship discovery preserves namespace-distinguishes-records [57.12ms]
(pass) Avro relationship discovery preserves unresolved-named-type [53.88ms]
(pass) Avro relationship discovery preserves forward-named-type [76.68ms]
(pass) Avro relationship discovery preserves required-record-value-missing [72.62ms]
(pass) native schema names and custom relationship metadata do not enforce record identity or participation [3.05ms]
(pass) unknown metadata number lexemes and named dependencies survive native/UMF recovery [74.79ms]

tests/core-ideals/facets-tablespec-projection.test.ts:
(pass) authored facet matrix projects or explicitly residualizes with exact retained ideal recovery [19869.19ms]
(pass) positive projections are required, including zero length and narrow signed/unsigned widths [36.90ms]
(pass) unknown source and facet refinements survive receipts; Field-kind receipts cannot establish facet authorship [25.21ms]
(pass) forged receipts, stale native text, accessors and invalid native requests refuse [21.28ms]
(pass) unsupported widths and carriers cannot pass strict mode; float exactness has a permanent counterexample [74.98ms]

tests/core-ideals/cardinality-parquet-projection.test.ts:
(pass) Parquet projection reports shape mismatch and unasserted item meaning, recovering every emitted ideal [6560.37ms]
(pass) nested item Fields retain independent availability; MAP uniqueness and exactness block strict lowering [445.43ms]
(pass) cycles, metadata, unknown native carrier content and altered receipts cannot be silently normalized [300.76ms]

tests/core-ideals/key-postgresql-catalog.test.ts:
(pass) all native observations retain enforcement, scope, null and comparator refinements [5.46ms]
(pass) unknown numbers and content stay exact in source and tagged tree, not rounded into interpreted view [3.52ms]
(pass) rejects unsafe declared integers, missing fields, invalid positions and mismatched constraints [14.66ms]

tests/core-ideals/relationship-tablespec.test.ts:
(pass) TableSpec relationship classification > absent reports native observations and preserves source [65.47ms]
(pass) TableSpec relationship classification > empty reports native observations and preserves source [61.61ms]
(pass) TableSpec relationship classification > null-carriers reports native observations and preserves source [64.77ms]
(pass) TableSpec relationship classification > foreign-key reports native observations and preserves source [77.50ms]
(pass) TableSpec relationship classification > unresolved-source reports native observations and preserves source [67.26ms]
(pass) TableSpec relationship classification > unresolved-target reports native observations and preserves source [61.13ms]
(pass) TableSpec relationship classification > duplicate-foreign-key reports native observations and preserves source [71.19ms]
(pass) TableSpec relationship classification > invalid-confidence reports native observations and preserves source [69.78ms]
(pass) TableSpec relationship classification > unknown-fk-member reports native observations and preserves source [70.71ms]
(pass) TableSpec relationship classification > outgoing reports native observations and preserves source [83.36ms]
(pass) TableSpec relationship classification > bounded-participation reports native observations and preserves source [71.23ms]
(pass) TableSpec relationship classification > malformed-multiplicity reports native observations and preserves source [73.48ms]
(pass) TableSpec relationship classification > contradictory-cardinality reports native observations and preserves source [70.34ms]
(pass) TableSpec relationship classification > composite-join reports native observations and preserves source [72.57ms]
(pass) TableSpec relationship classification > expression-join reports native observations and preserves source [73.18ms]
(pass) TableSpec relationship classification > lookup-join reports native observations and preserves source [71.68ms]
(pass) TableSpec relationship classification > lookup-and-expression reports native observations and preserves source [63.29ms]
(pass) TableSpec relationship classification > unknown-outgoing-member reports native observations and preserves source [64.04ms]
(pass) TableSpec relationship classification > reverse-metadata reports native observations and preserves source [59.50ms]
(pass) TableSpec relationship classification > unknown-carrier reports native observations and preserves source [66.69ms]
(pass) TableSpec relationship classification > resolves only local native source columns and retains all endpoint refinements [11.76ms]
(pass) TableSpec relationship classification > malformed carrier and entry shapes have source-qualified residuals [55.79ms]
(pass) TableSpec relationship classification > preserves authored 0.7 relationships without replacing their intent [32.68ms]
(pass) TableSpec relationship classification > split bundles and unknown exact-number metadata survive classification [49.79ms]
(pass) TableSpec relationship classification > conflicting payloads and versions block; unsafe accessors never execute [42.54ms]

tests/core-ideals/postgresql-ddl-kinds.test.ts:
(pass) declared records retain source SQL and distinguish unresolved namespace from catalog facts [2279.06ms]
(pass) collisions, edited AST archives and stale receipts cannot silently publish new roles [191.19ms]
(pass) composite attributes preserve collations and unresolved nested types without scalar flattening [346.27ms]

tests/core-ideals/facets-tablespec-discovery.test.ts:
(pass) TableSpec native facet evidence is pinned and separates generator and execution profiles [252.40ms]
(pass) all discovery inputs retain exact native text through both envelope serializations and explicit migrations [608.70ms]
(pass) unsafe native integer metadata and unknown width stay native instead of becoming core assertions [28.07ms]

tests/core-ideals/nullability-field-operations.test.ts:
(pass) versioned kind and record type receipts preserve availability, recursion and native content [104.58ms]
(pass) availability prevents role erasure and receipts refuse changed versions, sources and provenance [44.79ms]
(pass) new roles allow availability authoring, with whole-document receipt freshness [1.48ms]

tests/odcs/relationships.test.ts:
(pass) US-023-AC5: relationship reports preserve source, atomic pairings and native shape discrepancies [1299.87ms]
(pass) US-023-AC5: bounded traversal and unknown relationship semantics keep full source [125.11ms]

tests/odcs/odcs.test.ts:
(pass) US-023-AC1/3: all upstream contracts preserve original bytes and native candidate outcomes [5720.74ms]
(pass) US-023-AC2: exact future values, invalid native shapes and representation boundaries remain explicit [96.81ms]

tests/odcs/references.test.ts:
(pass) US-023-AC4: specification-derived local reference vectors preserve source and explicit boundaries [505.12ms]
(pass) US-023-AC4: stable IDs survive rename/reordering; duplicates and unknown versions block [106.52ms]

tests/odcs/rename.test.ts:
(pass) US-023-AC6: renames preserve ordered endpoints and native evidence through both formats [2002.49ms]
(pass) US-023-AC6: blocked rename is atomic and publishes neither candidate nor partial edits [396.91ms]

tests/parquet/transform.test.ts:
(pass) US-019-AC10: encoding preserves all native wire observations and guarded metadata transforms preserve data [3518.66ms]
(pass) US-019-AC10: unsafe metadata edits fail without losing source or publishing output [152.28ms]
(pass) US-019-AC10: encoder rejects lossy or oversized wire inputs and preserves UUID bits [8.48ms]

tests/parquet/avro-arrow-loss.test.ts:
(pass) CONTRACT-035 Arrow refinements require explicit losses even when physical Avro schemas agree [524.12ms]
(pass) CONTRACT-035 malformed or ambiguous Arrow metadata blocks physical-only projection [279.96ms]

tests/parquet/arrow-schema.test.ts:
(pass) CONTRACT-019 embedded Arrow schema preserves meanings absent from physical Parquet [299.20ms]
(pass) CONTRACT-019 embedded schema rejects ambiguity and malformed framing without losing source [529.95ms]
(pass) CONTRACT-019 extracted Arrow messages re-encode and support detached schema transforms [422.39ms]

tests/parquet/schema.test.ts:
(pass) US-019-AC7: physical schema trees and levels match native columns [1023.17ms]
(pass) US-019-AC7: inconsistent topology/links block; literal dots remain path components [241.51ms]

tests/parquet/offset-repair.test.ts:
(pass) US-019-AC20: explicit legacy offset repair preserves source and every byte before footer [571.31ms]
(pass) US-019-AC20: already-correct files and damaged dictionaries do not produce repair candidates [216.30ms]

tests/parquet/containers.test.ts:
(pass) US-019-AC9: container interpretations preserve source and match qualified native evidence [914.35ms]
(pass) US-019-AC9: preserve key-only map intent and diagnose repeated map values [25.71ms]

tests/parquet/hybrid.test.ts:
(pass) US-019-AC15: hybrid decoding matches independently read native dictionary pages [12.13ms]
(pass) US-019-AC15: unsigned widths, final padding and strict bounds do not allocate from hostile run counts [0.48ms]

tests/parquet/bodies.test.ts:
(pass) US-019-AC14: bounded physical page bodies and CRCs match independent native decompression [2082.38ms]
(pass) US-019-AC14: Snappy copy/literal variants match native vectors and malformed blocks fail [19.03ms]
(pass) US-019-AC14: actual corrupted bodies fail without publishing partial pages [58.09ms]

tests/parquet/field-metadata.test.ts:
(pass) CONTRACT-019 core field families respect native logical and physical meanings [1752.11ms]
(pass) CONTRACT-019 native rename synchronizes materialized fields without losing attachments [184.57ms]

tests/parquet/logical.test.ts:
(pass) US-019-AC8: scalar annotations match native acceptance while preserving all sources [1068.23ms]
(pass) US-019-AC8: local time meaning, legacy defaults/conflicts and incomplete containers remain explicit [36.43ms]

tests/parquet/avro-projection.test.ts:
(pass) CONTRACT-035 nested Parquet shapes preserve nullable lists, map entries and scalar precision in Avro [386.77ms]
(pass) CONTRACT-035 logical and legacy container corpora lower or report blocked source shapes [1271.33ms]
(pass) CONTRACT-035 unknown native fields on normalized-away LIST wrappers still block lowering [37.65ms]

tests/parquet/arrow-nested.test.ts:
(pass) US-019-AC23 structural LIST/MAP correspondence retains distinct labels and inverse meaning [7021.46ms]

tests/parquet/values.test.ts:
(pass) US-019-AC19: bounded logical projections match native values and preserve sources [5050.97ms]
(pass) US-019-AC19: logical value constraints block while exact/opaque carriers remain available [1078.79ms]
(pass) US-019-AC19: bounded implementation agrees with the prior native nested-decimal/map experiment [375.69ms]
(pass) US-019-AC19: logical floating views retain NaN payloads and signed zero exactly [153.94ms]
(pass) US-019-AC19: JSON syntax validation preserves duplicates/exact text and bounds structure [6.12ms]

tests/parquet/footer.test.ts:
(pass) US-019-AC5: exact footer trees match independent Apache Thrift observations [1064.88ms]
(pass) US-019-AC5: malformed and excessive wire values fail without partial interpretation [110.16ms]
(pass) US-019-AC5: unknown UUID fields and trailing bytes remain distinct from native validity [18.39ms]

tests/parquet/pages.test.ts:
(pass) US-019-AC13: page headers and declared budgets match native corpus evidence [1057.56ms]
(pass) US-019-AC13: malformed declarations block without decoding payloads; payload corruption remains explicit [457.19ms]

tests/parquet/values-trial.test.ts:
(pass) US-019-AC12 experiment: exact nested decimals, ordered maps, hostile names and temporal meaning match native values [55.25ms]

tests/parquet/rows.test.ts:
(pass) US-019-AC18: assembled corpus rows match native-value evidence without source changes [4463.03ms]
(pass) US-019-AC18: inconsistent shared columns and row-node expansion cannot publish partial rows [2340.67ms]

tests/parquet/capture.test.ts:
(pass) US-019-AC1: bounded binary source copies exact bytes including malformed input and preserves unknown representation [49.04ms]
(pass) US-019-AC2: footer region checks do not imply metadata validity or plaintext columns [41.60ms]
(pass) US-019-AC3: pinned Parquet source hashes survive both UMF serializations [594.98ms]

tests/parquet/physical.test.ts:
(pass) US-019-AC17: physical carrier decoding matches independent corpus results [3942.63ms]
(pass) US-019-AC17: native physical boundaries preserve widths, bits, binary and dictionary carriers [894.85ms]
(pass) US-019-AC17: malformed PLAIN counts, lengths and fixed widths are rejected [0.17ms]
(pass) US-019-AC17: dictionary range and expansion budgets block without partial values [132.42ms]

tests/parquet/rename.test.ts:
(pass) US-019-AC11: rename every field in nested native files with exact data-prefix preservation [3716.28ms]
(pass) US-019-AC11: reject semantic wrapper changes, collisions, stale metadata and invalid requests [250.02ms]

tests/parquet/metadata.test.ts:
(pass) US-019-AC6: named metadata matches native generated IDL classes for every fixture [1169.32ms]
(pass) US-019-AC6: future enum codes and repeated unknown fields survive the named view [11.56ms]
(pass) US-019-AC6: missing, duplicate or mistyped known fields block mapping while retaining wire/source [43.19ms]

tests/parquet/levels.test.ts:
(pass) US-019-AC16: bounded page-level integration covers existing native files [2457.53ms]
(pass) US-019-AC16: native-authored required/optional/repeated/list pages and malformed levels [558.00ms]

tests/parquet/arrow-rename.test.ts:
(pass) US-019-AC23 coordinated renames retain data, metadata and reversible field intent [27983.29ms]
(pass) US-019-AC23 missing correspondence and invalid policies cannot produce partial files [627.85ms]

tests/tablespec/table-metadata.test.ts:
(pass) CONTRACT-030 table metadata inspection is exact, isolated and distinct from split source recovery [95.52ms]

tests/tablespec/roundtrip.test.ts:
(pass) CONTRACT-030 TableSpec ingestion exposes core scalars and preserves contextual and unknown native metadata [63.44ms]
(pass) CONTRACT-030 copied native edits synchronize scalar metadata and retain unknown content [74.37ms]

tests/tablespec/split.test.ts:
(pass) CONTRACT-030 split bundle preserves every file and derives ordered columns [65.09ms]
(pass) CONTRACT-030 split bundle rejects ambiguous or unmapped changes [22.12ms]
(pass) CONTRACT-030 filenames follow native Unicode code-point order [7.57ms]

tests/tablespec/avro-projection.test.ts:
(pass) CONTRACT-033 TableSpec primitive, temporal and vector bindings retain source and report constraints [247.00ms]
(pass) CONTRACT-033 missing context, default precision and incompatible choices never get inferred [357.39ms]

tests/tablespec/table-edits.test.ts:
(pass) CONTRACT-030 table edits repair native references and preserve monolithic/split sources [296.68ms]
(pass) CONTRACT-030 table edits cannot replace column identities or bypass encoding guards [45.96ms]

tests/tablespec/avro-integers.test.ts:
(pass) CONTRACT-033 interpreted numeric qualifiers cannot round into supported decimal or vector shapes [641.53ms]

tests/tablespec/boundaries.test.ts:
(pass) CONTRACT-030 edit mappings reject non-JSON inputs without evaluating accessors or mutating source [150.52ms]
(pass) CONTRACT-030 split column suffixes match native glob and preserve unmatched files [34.84ms]

tests/tablespec/avro-table-loss.test.ts:
(pass) CONTRACT-033 table keys, context dispatch and opaque metadata survive edits and report path-specific losses [191.69ms]

tests/generalized-rdf/dataset.test.ts:
(pass) US-027-AC1–3: generalized official cases preserve predicate identity, round trips and edits [627.94ms]
(pass) US-027-AC2: exact unknown source, scope, interpretation guards and atomic invalid edits [118.99ms]
(pass) US-027-AC3: RDF JSON literals retain exact values and legacy typed lexical forms [50.52ms]

tests/spark/schema.test.ts:
(pass) US-017-AC1: native schema cases preserve exact source through both UMF serializations [1539.19ms]
(pass) US-017-AC2: metadata integers, unknown semantics and UDT declarations remain data [39.93ms]
(pass) US-017-AC3: candidate edits validate shape, preserve unknown content and leave source untouched [42.48ms]

tests/spark/collations.test.ts:
(pass) US-017-AC2: field-local collation warnings distinguish target, path, value and provider risks [230.60ms]

tests/spark/upstream.test.ts:
(pass) US-017-AC4: pinned upstream schema examples preserve native JSON and rejection boundaries [796.26ms]

tests/spark/arrow-origin.test.ts:
(pass) US-017-AC7: Arrow-origin layouts match native recovery or block native incompatibility [1748.96ms]

tests/spark/projection.test.ts:
(pass) US-017-AC6: projection retains source and reports loss; strict policy blocks loss [86.43ms]
(pass) US-017-AC6: unknown source properties and opaque UDT block; context stays explicit [61.24ms]
(pass) US-017-AC6: native reference models match across the complete authored matrix [11148.80ms]

tests/spark/parameters.test.ts:
(pass) US-017-AC2: parameter diagnostics preserve source and distinguish configuration constraints [248.42ms]

tests/spark/reverse-projection.test.ts:
(pass) US-017-AC7: reverse projection reports nullability/layout losses and retains exact source [102.71ms]
(pass) US-017-AC7: unsigned integers, unknown table fields and malformed maps block [105.64ms]
(pass) US-017-AC7: both timestamp recovery modes match all native reference recoveries [10279.71ms]
(pass) US-017-AC7: variant recognition is explicit and cannot hide extra struct fields [86.12ms]

tests/spark/rename.test.ts:
(pass) US-017-AC5: renames exact field-local collation paths through array/map types [144.94ms]
(pass) US-017-AC5: nested structs own independent metadata and pointers select actual fields [70.43ms]
(pass) US-017-AC5: unresolved collation paths block instead of dropping or guessing their meaning [80.36ms]
(pass) US-017-AC5: empty collated names block observed native loss [27.46ms]

tests/spark/metadata.test.ts:
(pass) US-017-AC2: exact metadata warns about JVM numeric and array interpretation without normalizing [168.17ms]
(pass) US-017-AC2: nested metadata paths are escaped and missing nullable is runtime-qualified [7.63ms]

tests/spark/upstream-projection.test.ts:
(pass) US-017-AC7: complete pinned upstream IPC schema recovery agrees with native outcomes [19236.70ms]
(pass) US-017-AC7: extension semantic tags cannot be waived as generic metadata loss [107.43ms]

 1975 pass
 0 fail
 119953 expect() calls
Ran 1975 tests across 381 files. [1328.58s]
