"id","company_id","snapshot_id","accession","filing_date","report_date","form","items","primary_document","primary_url","native_path","native_json"
"[""0000320193"",""0001140361-26-035325""]","0000320193","submissions-0000320193","0001140361-26-035325","2026-09-01","2026-04-17","8-K/A","5.02","ef20081427_8ka.htm","https://www.sec.gov/Archives/edgar/data/320193/000114036126035325/ef20081427_8ka.htm","/filings/recent/0","{""accessionNumber"":""0001140361-26-035325"",""filingDate"":""2026-09-01"",""reportDate"":""2026-04-17"",""acceptanceDateTime"":""2026-09-02T00:30:35.000Z"",""act"":""34"",""form"":""8-K/A"",""fileNumber"":""001-36743"",""filmNumber"":""261351260"",""items"":""5.02"",""core_type"":""XBRL"",""size"":241262,""isXBRL"":1,""isInlineXBRL"":1,""isXBRLNumeric"":0,""primaryDocument"":""ef20081427_8ka.htm"",""primaryDocDescription"":""8-K/A""}"
"[""0000320193"",""0000320193-26-000018""]","0000320193","submissions-0000320193","0000320193-26-000018","2026-07-30","2026-07-30","8-K","2.02,9.01","aapl-20260730.htm","https://www.sec.gov/Archives/edgar/data/320193/000032019326000018/aapl-20260730.htm","/filings/recent/1","{""accessionNumber"":""0000320193-26-000018"",""filingDate"":""2026-07-30"",""reportDate"":""2026-07-30"",""acceptanceDateTime"":""2026-07-31T00:30:28.000Z"",""act"":""34"",""form"":""8-K"",""fileNumber"":""001-36743"",""filmNumber"":""261223821"",""items"":""2.02,9.01"",""core_type"":""XBRL"",""size"":417360,""isXBRL"":1,""isInlineXBRL"":1,""isXBRLNumeric"":0,""primaryDocument"":""aapl-20260730.htm"",""primaryDocDescription"":""8-K""}"
"[""0000320193"",""0000320193-26-000011""]","0000320193","submissions-0000320193","0000320193-26-000011","2026-04-30","2026-04-30","8-K","2.02,9.01","aapl-20260430.htm","https://www.sec.gov/Archives/edgar/data/320193/000032019326000011/aapl-20260430.htm","/filings/recent/2","{""accessionNumber"":""0000320193-26-000011"",""filingDate"":""2026-04-30"",""reportDate"":""2026-04-30"",""acceptanceDateTime"":""2026-05-01T00:30:41.000Z"",""act"":""34"",""form"":""8-K"",""fileNumber"":""001-36743"",""filmNumber"":""26926130"",""items"":""2.02,9.01"",""core_type"":""XBRL"",""size"":412047,""isXBRL"":1,""isInlineXBRL"":1,""isXBRLNumeric"":0,""primaryDocument"":""aapl-20260430.htm"",""primaryDocDescription"":""8-K""}"
"[""0000320193"",""0001140361-26-015711""]","0000320193","submissions-0000320193","0001140361-26-015711","2026-04-20","2026-04-17","8-K","5.02","ef20071035_8k.htm","https://www.sec.gov/Archives/edgar/data/320193/000114036126015711/ef20071035_8k.htm","/filings/recent/3","{""accessionNumber"":""0001140361-26-015711"",""filingDate"":""2026-04-20"",""reportDate"":""2026-04-17"",""acceptanceDateTime"":""2026-04-21T01:29:51.000Z"",""act"":""34"",""form"":""8-K"",""fileNumber"":""001-36743"",""filmNumber"":""26876142"",""items"":""5.02"",""core_type"":""XBRL"",""size"":239761,""isXBRL"":1,""isInlineXBRL"":1,""isXBRLNumeric"":0,""primaryDocument"":""ef20071035_8k.htm"",""primaryDocDescription"":""8-K""}"
"[""0000320193"",""0001140361-26-006577""]","0000320193","submissions-0000320193","0001140361-26-006577","2026-02-24","2026-02-24","8-K","5.07,9.01","ef20060722_8k.htm","https://www.sec.gov/Archives/edgar/data/320193/000114036126006577/ef20060722_8k.htm","/filings/recent/4","{""accessionNumber"":""0001140361-26-006577"",""filingDate"":""2026-02-24"",""reportDate"":""2026-02-24"",""acceptanceDateTime"":""2026-02-25T02:55:58.000Z"",""act"":""34"",""form"":""8-K"",""fileNumber"":""001-36743"",""filmNumber"":""26672649"",""items"":""5.07,9.01"",""core_type"":""XBRL"",""size"":415164,""isXBRL"":1,""isInlineXBRL"":1,""isXBRLNumeric"":null,""primaryDocument"":""ef20060722_8k.htm"",""primaryDocDescription"":""8-K""}"
"[""0000320193"",""0000320193-26-000005""]","0000320193","submissions-0000320193","0000320193-26-000005","2026-01-29","2026-01-29","8-K","2.02,9.01","aapl-20260129.htm","https://www.sec.gov/Archives/edgar/data/320193/000032019326000005/aapl-20260129.htm","/filings/recent/5","{""accessionNumber"":""0000320193-26-000005"",""filingDate"":""2026-01-29"",""reportDate"":""2026-01-29"",""acceptanceDateTime"":""2026-01-30T02:30:33.000Z"",""act"":""34"",""form"":""8-K"",""fileNumber"":""001-36743"",""filmNumber"":""26578546"",""items"":""2.02,9.01"",""core_type"":""XBRL"",""size"":384366,""isXBRL"":1,""isInlineXBRL"":1,""isXBRLNumeric"":null,""primaryDocument"":""aapl-20260129.htm"",""primaryDocDescription"":""8-K""}"
"[""0000320193"",""0001140361-26-000199""]","0000320193","submissions-0000320193","0001140361-26-000199","2026-01-02","2025-12-30","8-K","5.02","ef20060722_8k.htm","https://www.sec.gov/Archives/edgar/data/320193/000114036126000199/ef20060722_8k.htm","/filings/recent/6","{""accessionNumber"":""0001140361-26-000199"",""filingDate"":""2026-01-02"",""reportDate"":""2025-12-30"",""acceptanceDateTime"":""2026-01-03T02:30:52.000Z"",""act"":""34"",""form"":""8-K"",""fileNumber"":""001-36743"",""filmNumber"":""26502807"",""items"":""5.02"",""core_type"":""XBRL"",""size"":240271,""isXBRL"":1,""isInlineXBRL"":1,""isXBRLNumeric"":null,""primaryDocument"":""ef20060722_8k.htm"",""primaryDocDescription"":""8-K""}"
"[""0000320193"",""0001140361-25-044561""]","0000320193","submissions-0000320193","0001140361-25-044561","2025-12-05","2025-12-04","8-K","5.02","ef20060722_8k.htm","https://www.sec.gov/Archives/edgar/data/320193/000114036125044561/ef20060722_8k.htm","/filings/recent/7","{""accessionNumber"":""0001140361-25-044561"",""filingDate"":""2025-12-05"",""reportDate"":""2025-12-04"",""acceptanceDateTime"":""2025-12-06T02:31:42.000Z"",""act"":""34"",""form"":""8-K"",""fileNumber"":""001-36743"",""filmNumber"":""251553428"",""items"":""5.02"",""core_type"":""XBRL"",""size"":238615,""isXBRL"":1,""isInlineXBRL"":1,""isXBRLNumeric"":null,""primaryDocument"":""ef20060722_8k.htm"",""primaryDocDescription"":""8-K""}"
"[""0000320193"",""0000320193-25-000077""]","0000320193","submissions-0000320193","0000320193-25-000077","2025-10-30","2025-10-30","8-K","2.02,9.01","aapl-20251030.htm","https://www.sec.gov/Archives/edgar/data/320193/000032019325000077/aapl-20251030.htm","/filings/recent/8","{""accessionNumber"":""0000320193-25-000077"",""filingDate"":""2025-10-30"",""reportDate"":""2025-10-30"",""acceptanceDateTime"":""2025-10-31T00:30:35.000Z"",""act"":""34"",""form"":""8-K"",""fileNumber"":""001-36743"",""filmNumber"":""251436166"",""items"":""2.02,9.01"",""core_type"":""XBRL"",""size"":453184,""isXBRL"":1,""isInlineXBRL"":1,""isXBRLNumeric"":null,""primaryDocument"":""aapl-20251030.htm"",""primaryDocDescription"":""8-K""}"
"[""0000789019"",""0001193125-26-380280""]","0000789019","submissions-0000789019","0001193125-26-380280","2026-09-02","2026-09-02","8-K","7.01,9.01","d291965d8k.htm","https://www.sec.gov/Archives/edgar/data/789019/000119312526380280/d291965d8k.htm","/filings/recent/0","{""accessionNumber"":""0001193125-26-380280"",""filingDate"":""2026-09-02"",""reportDate"":""2026-09-02"",""acceptanceDateTime"":""2026-09-02T20:30:24.000Z"",""act"":""34"",""form"":""8-K"",""fileNumber"":""001-37845"",""filmNumber"":""261355301"",""items"":""7.01,9.01"",""core_type"":""XBRL"",""size"":2721504,""isXBRL"":1,""isInlineXBRL"":1,""isXBRLNumeric"":0,""primaryDocument"":""d291965d8k.htm"",""primaryDocDescription"":""8-K""}"
"[""0000789019"",""0001193125-26-323632""]","0000789019","submissions-0000789019","0001193125-26-323632","2026-07-29","2026-07-29","8-K","2.02,9.01","msft-20260729.htm","https://www.sec.gov/Archives/edgar/data/789019/000119312526323632/msft-20260729.htm","/filings/recent/1","{""accessionNumber"":""0001193125-26-323632"",""filingDate"":""2026-07-29"",""reportDate"":""2026-07-29"",""acceptanceDateTime"":""2026-07-29T20:04:53.000Z"",""act"":""34"",""form"":""8-K"",""fileNumber"":""001-37845"",""filmNumber"":""261217337"",""items"":""2.02,9.01"",""core_type"":""XBRL"",""size"":1150858,""isXBRL"":1,""isInlineXBRL"":1,""isXBRLNumeric"":0,""primaryDocument"":""msft-20260729.htm"",""primaryDocDescription"":""8-K""}"
"[""0000789019"",""0001193125-26-258667""]","0000789019","submissions-0000789019","0001193125-26-258667","2026-06-05","2026-06-02","8-K","5.02","d26760d8k.htm","https://www.sec.gov/Archives/edgar/data/789019/000119312526258667/d26760d8k.htm","/filings/recent/2","{""accessionNumber"":""0001193125-26-258667"",""filingDate"":""2026-06-05"",""reportDate"":""2026-06-02"",""acceptanceDateTime"":""2026-06-05T14:36:56.000Z"",""act"":""34"",""form"":""8-K"",""fileNumber"":""001-37845"",""filmNumber"":""261067378"",""items"":""5.02"",""core_type"":""XBRL"",""size"":178599,""isXBRL"":1,""isInlineXBRL"":1,""isXBRLNumeric"":0,""primaryDocument"":""d26760d8k.htm"",""primaryDocDescription"":""8-K""}"
"[""0000789019"",""0001193125-26-224155""]","0000789019","submissions-0000789019","0001193125-26-224155","2026-05-14","2026-05-13","8-K","5.02,9.01","d125909d8k.htm","https://www.sec.gov/Archives/edgar/data/789019/000119312526224155/d125909d8k.htm","/filings/recent/3","{""accessionNumber"":""0001193125-26-224155"",""filingDate"":""2026-05-14"",""reportDate"":""2026-05-13"",""acceptanceDateTime"":""2026-05-14T20:28:48.000Z"",""act"":""34"",""form"":""8-K"",""fileNumber"":""001-37845"",""filmNumber"":""26979509"",""items"":""5.02,9.01"",""core_type"":""XBRL"",""size"":189742,""isXBRL"":1,""isInlineXBRL"":1,""isXBRLNumeric"":0,""primaryDocument"":""d125909d8k.htm"",""primaryDocDescription"":""8-K""}"
"[""0000789019"",""0001193125-26-191457""]","0000789019","submissions-0000789019","0001193125-26-191457","2026-04-29","2026-04-29","8-K","2.02,9.01","msft-20260429.htm","https://www.sec.gov/Archives/edgar/data/789019/000119312526191457/msft-20260429.htm","/filings/recent/4","{""accessionNumber"":""0001193125-26-191457"",""filingDate"":""2026-04-29"",""reportDate"":""2026-04-29"",""acceptanceDateTime"":""2026-04-29T20:03:31.000Z"",""act"":""34"",""form"":""8-K"",""fileNumber"":""001-37845"",""filmNumber"":""26915719"",""items"":""2.02,9.01"",""core_type"":""XBRL"",""size"":1080617,""isXBRL"":1,""isInlineXBRL"":1,""isXBRLNumeric"":0,""primaryDocument"":""msft-20260429.htm"",""primaryDocDescription"":""8-K""}"
"[""0000789019"",""0001193125-26-027198""]","0000789019","submissions-0000789019","0001193125-26-027198","2026-01-28","2026-01-28","8-K","2.02,9.01","msft-20260128.htm","https://www.sec.gov/Archives/edgar/data/789019/000119312526027198/msft-20260128.htm","/filings/recent/5","{""accessionNumber"":""0001193125-26-027198"",""filingDate"":""2026-01-28"",""reportDate"":""2026-01-28"",""acceptanceDateTime"":""2026-01-28T21:04:38.000Z"",""act"":""34"",""form"":""8-K"",""fileNumber"":""001-37845"",""filmNumber"":""26572474"",""items"":""2.02,9.01"",""core_type"":""XBRL"",""size"":1150725,""isXBRL"":1,""isInlineXBRL"":1,""isXBRLNumeric"":null,""primaryDocument"":""msft-20260128.htm"",""primaryDocDescription"":""8-K""}"
"[""0000789019"",""0001193125-25-311196""]","0000789019","submissions-0000789019","0001193125-25-311196","2025-12-08","2025-12-05","8-K","5.02,5.07","d34077d8k.htm","https://www.sec.gov/Archives/edgar/data/789019/000119312525311196/d34077d8k.htm","/filings/recent/6","{""accessionNumber"":""0001193125-25-311196"",""filingDate"":""2025-12-08"",""reportDate"":""2025-12-05"",""acceptanceDateTime"":""2025-12-08T21:00:35.000Z"",""act"":""34"",""form"":""8-K"",""fileNumber"":""001-37845"",""filmNumber"":""251556046"",""items"":""5.02,5.07"",""core_type"":""XBRL"",""size"":250724,""isXBRL"":1,""isInlineXBRL"":1,""isXBRLNumeric"":null,""primaryDocument"":""d34077d8k.htm"",""primaryDocDescription"":""8-K""}"
"[""0000789019"",""0001193125-25-256310""]","0000789019","submissions-0000789019","0001193125-25-256310","2025-10-29","2025-10-28","8-K","2.02,7.01,9.01","msft-20251028.htm","https://www.sec.gov/Archives/edgar/data/789019/000119312525256310/msft-20251028.htm","/filings/recent/7","{""accessionNumber"":""0001193125-25-256310"",""filingDate"":""2025-10-29"",""reportDate"":""2025-10-28"",""acceptanceDateTime"":""2025-10-29T20:07:42.000Z"",""act"":""34"",""form"":""8-K"",""fileNumber"":""001-37845"",""filmNumber"":""251430007"",""items"":""2.02,7.01,9.01"",""core_type"":""XBRL"",""size"":9296275,""isXBRL"":1,""isInlineXBRL"":1,""isXBRLNumeric"":null,""primaryDocument"":""msft-20251028.htm"",""primaryDocDescription"":""8-K""}"
"[""0001652044"",""0001193125-26-342390""]","0001652044","submissions-0001652044","0001193125-26-342390","2026-08-10","2026-08-10","8-K","8.01,9.01","d171253d8k.htm","https://www.sec.gov/Archives/edgar/data/1652044/000119312526342390/d171253d8k.htm","/filings/recent/0","{""accessionNumber"":""0001193125-26-342390"",""filingDate"":""2026-08-10"",""reportDate"":""2026-08-10"",""acceptanceDateTime"":""2026-08-10T20:10:48.000Z"",""act"":""34"",""form"":""8-K"",""fileNumber"":""001-37580"",""filmNumber"":""261258502"",""items"":""8.01,9.01"",""core_type"":""XBRL"",""size"":1090225,""isXBRL"":1,""isInlineXBRL"":1,""isXBRLNumeric"":0,""primaryDocument"":""d171253d8k.htm"",""primaryDocDescription"":""8-K""}"
"[""0001652044"",""0001652044-26-000066""]","0001652044","submissions-0001652044","0001652044-26-000066","2026-07-22","2026-07-22","8-K","2.02,9.01","goog-20260722.htm","https://www.sec.gov/Archives/edgar/data/1652044/000165204426000066/goog-20260722.htm","/filings/recent/1","{""accessionNumber"":""0001652044-26-000066"",""filingDate"":""2026-07-22"",""reportDate"":""2026-07-22"",""acceptanceDateTime"":""2026-07-22T20:01:36.000Z"",""act"":""34"",""form"":""8-K"",""fileNumber"":""001-37580"",""filmNumber"":""261193706"",""items"":""2.02,9.01"",""core_type"":""XBRL"",""size"":815591,""isXBRL"":1,""isInlineXBRL"":1,""isXBRLNumeric"":0,""primaryDocument"":""goog-20260722.htm"",""primaryDocDescription"":""8-K""}"
"[""0001652044"",""0001193125-26-267578""]","0001652044","submissions-0001652044","0001193125-26-267578","2026-06-11","2026-06-05","8-K","5.02,5.07,9.01","d57679d8k.htm","https://www.sec.gov/Archives/edgar/data/1652044/000119312526267578/d57679d8k.htm","/filings/recent/2","{""accessionNumber"":""0001193125-26-267578"",""filingDate"":""2026-06-11"",""reportDate"":""2026-06-05"",""acceptanceDateTime"":""2026-06-11T20:17:04.000Z"",""act"":""34"",""form"":""8-K"",""fileNumber"":""001-37580"",""filmNumber"":""261083268"",""items"":""5.02,5.07,9.01"",""core_type"":""XBRL"",""size"":528809,""isXBRL"":1,""isInlineXBRL"":1,""isXBRLNumeric"":0,""primaryDocument"":""d57679d8k.htm"",""primaryDocDescription"":""8-K""}"
"[""0001652044"",""0001193125-26-259830""]","0001652044","submissions-0001652044","0001193125-26-259830","2026-06-05","2026-06-05","8-K","1.01,3.03,5.03,9.01","d36818d8k.htm","https://www.sec.gov/Archives/edgar/data/1652044/000119312526259830/d36818d8k.htm","/filings/recent/3","{""accessionNumber"":""0001193125-26-259830"",""filingDate"":""2026-06-05"",""reportDate"":""2026-06-05"",""acceptanceDateTime"":""2026-06-05T20:52:38.000Z"",""act"":""34"",""form"":""8-K"",""fileNumber"":""001-37580"",""filmNumber"":""261069961"",""items"":""1.01,3.03,5.03,9.01"",""core_type"":""XBRL"",""size"":2252045,""isXBRL"":1,""isInlineXBRL"":1,""isXBRLNumeric"":0,""primaryDocument"":""d36818d8k.htm"",""primaryDocDescription"":""8-K""}"
"[""0001652044"",""0001652044-26-000059""]","0001652044","submissions-0001652044","0001652044-26-000059","2026-06-05","2026-06-02","8-K","5.02","goog-20260602.htm","https://www.sec.gov/Archives/edgar/data/1652044/000165204426000059/goog-20260602.htm","/filings/recent/4","{""accessionNumber"":""0001652044-26-000059"",""filingDate"":""2026-06-05"",""reportDate"":""2026-06-02"",""acceptanceDateTime"":""2026-06-05T20:40:20.000Z"",""act"":""34"",""form"":""8-K"",""fileNumber"":""001-37580"",""filmNumber"":""261069851"",""items"":""5.02"",""core_type"":""XBRL"",""size"":411629,""isXBRL"":1,""isInlineXBRL"":1,""isXBRLNumeric"":0,""primaryDocument"":""goog-20260602.htm"",""primaryDocDescription"":""8-K""}"
"[""0001652044"",""0001193125-26-257724""]","0001652044","submissions-0001652044","0001193125-26-257724","2026-06-04","2026-06-04","8-K","1.01,7.01,8.01,9.01","d83560d8k.htm","https://www.sec.gov/Archives/edgar/data/1652044/000119312526257724/d83560d8k.htm","/filings/recent/5","{""accessionNumber"":""0001193125-26-257724"",""filingDate"":""2026-06-04"",""reportDate"":""2026-06-04"",""acceptanceDateTime"":""2026-06-04T21:07:39.000Z"",""act"":""34"",""form"":""8-K"",""fileNumber"":""001-37580"",""filmNumber"":""261065929"",""items"":""1.01,7.01,8.01,9.01"",""core_type"":""XBRL"",""size"":663609,""isXBRL"":1,""isInlineXBRL"":1,""isXBRLNumeric"":0,""primaryDocument"":""d83560d8k.htm"",""primaryDocDescription"":""8-K""}"
"[""0001652044"",""0001193125-26-234488""]","0001652044","submissions-0001652044","0001193125-26-234488","2026-05-21","2026-05-21","8-K","8.01,9.01","d144566d8k.htm","https://www.sec.gov/Archives/edgar/data/1652044/000119312526234488/d144566d8k.htm","/filings/recent/6","{""accessionNumber"":""0001193125-26-234488"",""filingDate"":""2026-05-21"",""reportDate"":""2026-05-21"",""acceptanceDateTime"":""2026-05-21T20:25:10.000Z"",""act"":""34"",""form"":""8-K"",""fileNumber"":""001-37580"",""filmNumber"":""261008859"",""items"":""8.01,9.01"",""core_type"":""XBRL"",""size"":862390,""isXBRL"":1,""isInlineXBRL"":1,""isXBRLNumeric"":0,""primaryDocument"":""d144566d8k.htm"",""primaryDocDescription"":""8-K""}"
"[""0001652044"",""0001193125-26-216986""]","0001652044","submissions-0001652044","0001193125-26-216986","2026-05-11","2026-05-11","8-K","8.01,9.01","d109021d8k.htm","https://www.sec.gov/Archives/edgar/data/1652044/000119312526216986/d109021d8k.htm","/filings/recent/7","{""accessionNumber"":""0001193125-26-216986"",""filingDate"":""2026-05-11"",""reportDate"":""2026-05-11"",""acceptanceDateTime"":""2026-05-11T20:45:29.000Z"",""act"":""34"",""form"":""8-K"",""fileNumber"":""001-37580"",""filmNumber"":""26964033"",""items"":""8.01,9.01"",""core_type"":""XBRL"",""size"":1281660,""isXBRL"":1,""isInlineXBRL"":1,""isXBRLNumeric"":0,""primaryDocument"":""d109021d8k.htm"",""primaryDocDescription"":""8-K""}"
"[""0001652044"",""0001652044-26-000043""]","0001652044","submissions-0001652044","0001652044-26-000043","2026-04-29","2026-04-29","8-K","2.02,9.01","goog-20260429.htm","https://www.sec.gov/Archives/edgar/data/1652044/000165204426000043/goog-20260429.htm","/filings/recent/8","{""accessionNumber"":""0001652044-26-000043"",""filingDate"":""2026-04-29"",""reportDate"":""2026-04-29"",""acceptanceDateTime"":""2026-04-29T20:01:35.000Z"",""act"":""34"",""form"":""8-K"",""fileNumber"":""001-37580"",""filmNumber"":""26915610"",""items"":""2.02,9.01"",""core_type"":""XBRL"",""size"":682750,""isXBRL"":1,""isInlineXBRL"":1,""isXBRLNumeric"":0,""primaryDocument"":""goog-20260429.htm"",""primaryDocDescription"":""8-K""}"
"[""0001652044"",""0001652044-26-000034""]","0001652044","submissions-0001652044","0001652044-26-000034","2026-04-10","2026-04-07","8-K","5.02","goog-20260407.htm","https://www.sec.gov/Archives/edgar/data/1652044/000165204426000034/goog-20260407.htm","/filings/recent/9","{""accessionNumber"":""0001652044-26-000034"",""filingDate"":""2026-04-10"",""reportDate"":""2026-04-07"",""acceptanceDateTime"":""2026-04-10T20:16:53.000Z"",""act"":""34"",""form"":""8-K"",""fileNumber"":""001-37580"",""filmNumber"":""26855091"",""items"":""5.02"",""core_type"":""XBRL"",""size"":353124,""isXBRL"":1,""isInlineXBRL"":1,""isXBRLNumeric"":0,""primaryDocument"":""goog-20260407.htm"",""primaryDocDescription"":""8-K""}"
"[""0001652044"",""0001652044-26-000031""]","0001652044","submissions-0001652044","0001652044-26-000031","2026-04-02","2026-03-30","8-K","5.02","goog-20260330.htm","https://www.sec.gov/Archives/edgar/data/1652044/000165204426000031/goog-20260330.htm","/filings/recent/10","{""accessionNumber"":""0001652044-26-000031"",""filingDate"":""2026-04-02"",""reportDate"":""2026-03-30"",""acceptanceDateTime"":""2026-04-02T20:18:28.000Z"",""act"":""34"",""form"":""8-K"",""fileNumber"":""001-37580"",""filmNumber"":""26833839"",""items"":""5.02"",""core_type"":""XBRL"",""size"":343931,""isXBRL"":1,""isInlineXBRL"":1,""isXBRLNumeric"":null,""primaryDocument"":""goog-20260330.htm"",""primaryDocDescription"":""8-K""}"
"[""0001652044"",""0001652044-26-000026""]","0001652044","submissions-0001652044","0001652044-26-000026","2026-03-06","2026-03-04","8-K","5.02","goog-20260304.htm","https://www.sec.gov/Archives/edgar/data/1652044/000165204426000026/goog-20260304.htm","/filings/recent/11","{""accessionNumber"":""0001652044-26-000026"",""filingDate"":""2026-03-06"",""reportDate"":""2026-03-04"",""acceptanceDateTime"":""2026-03-06T22:21:44.000Z"",""act"":""34"",""form"":""8-K"",""fileNumber"":""001-37580"",""filmNumber"":""26732300"",""items"":""5.02"",""core_type"":""XBRL"",""size"":314898,""isXBRL"":1,""isInlineXBRL"":1,""isXBRLNumeric"":null,""primaryDocument"":""goog-20260304.htm"",""primaryDocDescription"":""8-K""}"
"[""0001652044"",""0001193125-26-051423""]","0001652044","submissions-0001652044","0001193125-26-051423","2026-02-13","2026-02-13","8-K","8.01,9.01","d946885d8k.htm","https://www.sec.gov/Archives/edgar/data/1652044/000119312526051423/d946885d8k.htm","/filings/recent/12","{""accessionNumber"":""0001193125-26-051423"",""filingDate"":""2026-02-13"",""reportDate"":""2026-02-13"",""acceptanceDateTime"":""2026-02-13T21:16:46.000Z"",""act"":""34"",""form"":""8-K"",""fileNumber"":""001-37580"",""filmNumber"":""26633088"",""items"":""8.01,9.01"",""core_type"":""XBRL"",""size"":1164536,""isXBRL"":1,""isInlineXBRL"":1,""isXBRLNumeric"":null,""primaryDocument"":""d946885d8k.htm"",""primaryDocDescription"":""8-K""}"
"[""0001652044"",""0001652044-26-000012""]","0001652044","submissions-0001652044","0001652044-26-000012","2026-02-04","2026-02-04","8-K","2.02,9.01","goog-20260204.htm","https://www.sec.gov/Archives/edgar/data/1652044/000165204426000012/goog-20260204.htm","/filings/recent/13","{""accessionNumber"":""0001652044-26-000012"",""filingDate"":""2026-02-04"",""reportDate"":""2026-02-04"",""acceptanceDateTime"":""2026-02-04T21:01:37.000Z"",""act"":""34"",""form"":""8-K"",""fileNumber"":""001-37580"",""filmNumber"":""26598078"",""items"":""2.02,9.01"",""core_type"":""XBRL"",""size"":752694,""isXBRL"":1,""isInlineXBRL"":1,""isXBRLNumeric"":null,""primaryDocument"":""goog-20260204.htm"",""primaryDocDescription"":""8-K""}"
"[""0001652044"",""0001193125-25-269979""]","0001652044","submissions-0001652044","0001193125-25-269979","2025-11-06","2025-11-06","8-K","8.01,9.01","d56115d8k.htm","https://www.sec.gov/Archives/edgar/data/1652044/000119312525269979/d56115d8k.htm","/filings/recent/14","{""accessionNumber"":""0001193125-25-269979"",""filingDate"":""2025-11-06"",""reportDate"":""2025-11-06"",""acceptanceDateTime"":""2025-11-06T21:47:26.000Z"",""act"":""34"",""form"":""8-K"",""fileNumber"":""001-37580"",""filmNumber"":""251459234"",""items"":""8.01,9.01"",""core_type"":""XBRL"",""size"":1308321,""isXBRL"":1,""isInlineXBRL"":1,""isXBRLNumeric"":null,""primaryDocument"":""d56115d8k.htm"",""primaryDocDescription"":""8-K""}"
"[""0001652044"",""0001652044-25-000087""]","0001652044","submissions-0001652044","0001652044-25-000087","2025-10-29","2025-10-29","8-K","2.02,9.01","goog-20251029.htm","https://www.sec.gov/Archives/edgar/data/1652044/000165204425000087/goog-20251029.htm","/filings/recent/15","{""accessionNumber"":""0001652044-25-000087"",""filingDate"":""2025-10-29"",""reportDate"":""2025-10-29"",""acceptanceDateTime"":""2025-10-29T20:01:48.000Z"",""act"":""34"",""form"":""8-K"",""fileNumber"":""001-37580"",""filmNumber"":""251429895"",""items"":""2.02,9.01"",""core_type"":""XBRL"",""size"":622894,""isXBRL"":1,""isInlineXBRL"":1,""isXBRLNumeric"":null,""primaryDocument"":""goog-20251029.htm"",""primaryDocDescription"":""8-K""}"
"[""0001018724"",""0001104659-26-107526""]","0001018724","submissions-0001018724","0001104659-26-107526","2026-09-14","2026-09-14","8-K","8.01,9.01","tm2624614d5_8k.htm","https://www.sec.gov/Archives/edgar/data/1018724/000110465926107526/tm2624614d5_8k.htm","/filings/recent/0","{""accessionNumber"":""0001104659-26-107526"",""filingDate"":""2026-09-14"",""reportDate"":""2026-09-14"",""acceptanceDateTime"":""2026-09-15T00:45:41.000Z"",""act"":""34"",""form"":""8-K"",""fileNumber"":""001-43202"",""filmNumber"":""261377929"",""items"":""8.01,9.01"",""core_type"":""XBRL"",""size"":1021063,""isXBRL"":1,""isInlineXBRL"":1,""isXBRLNumeric"":0,""primaryDocument"":""tm2624614d5_8k.htm"",""primaryDocDescription"":""FORM 8-K""}"
"[""0001018724"",""0001018724-26-000036""]","0001018724","submissions-0001018724","0001018724-26-000036","2026-09-09","2026-09-08","8-K","5.02","amzn-20260908.htm","https://www.sec.gov/Archives/edgar/data/1018724/000101872426000036/amzn-20260908.htm","/filings/recent/1","{""accessionNumber"":""0001018724-26-000036"",""filingDate"":""2026-09-09"",""reportDate"":""2026-09-08"",""acceptanceDateTime"":""2026-09-10T00:28:21.000Z"",""act"":""34"",""form"":""8-K"",""fileNumber"":""001-43202"",""filmNumber"":""261368466"",""items"":""5.02"",""core_type"":""XBRL"",""size"":243964,""isXBRL"":1,""isInlineXBRL"":1,""isXBRLNumeric"":0,""primaryDocument"":""amzn-20260908.htm"",""primaryDocDescription"":""8-K""}"
"[""0001018724"",""0001018724-26-000024""]","0001018724","submissions-0001018724","0001018724-26-000024","2026-07-30","2026-07-30","8-K","2.02,9.01","amzn-20260730.htm","https://www.sec.gov/Archives/edgar/data/1018724/000101872426000024/amzn-20260730.htm","/filings/recent/2","{""accessionNumber"":""0001018724-26-000024"",""filingDate"":""2026-07-30"",""reportDate"":""2026-07-30"",""acceptanceDateTime"":""2026-07-31T00:06:23.000Z"",""act"":""34"",""form"":""8-K"",""fileNumber"":""001-43202"",""filmNumber"":""261223294"",""items"":""2.02,9.01"",""core_type"":""XBRL"",""size"":1308541,""isXBRL"":1,""isInlineXBRL"":1,""isXBRLNumeric"":0,""primaryDocument"":""amzn-20260730.htm"",""primaryDocDescription"":""8-K""}"
"[""0001018724"",""0001104659-26-082293""]","0001018724","submissions-0001018724","0001104659-26-082293","2026-07-09","2026-07-09","8-K","8.01,9.01","tm2619352d4_8k.htm","https://www.sec.gov/Archives/edgar/data/1018724/000110465926082293/tm2619352d4_8k.htm","/filings/recent/3","{""accessionNumber"":""0001104659-26-082293"",""filingDate"":""2026-07-09"",""reportDate"":""2026-07-09"",""acceptanceDateTime"":""2026-07-10T00:46:08.000Z"",""act"":""34"",""form"":""8-K"",""fileNumber"":""001-43202"",""filmNumber"":""261166177"",""items"":""8.01,9.01"",""core_type"":""XBRL"",""size"":1312626,""isXBRL"":1,""isInlineXBRL"":1,""isXBRLNumeric"":0,""primaryDocument"":""tm2619352d4_8k.htm"",""primaryDocDescription"":""FORM 8-K""}"
"[""0001018724"",""0001104659-26-073562""]","0001018724","submissions-0001018724","0001104659-26-073562","2026-06-12","2026-06-12","8-K","8.01,9.01","tm2613616d5_8k.htm","https://www.sec.gov/Archives/edgar/data/1018724/000110465926073562/tm2613616d5_8k.htm","/filings/recent/4","{""accessionNumber"":""0001104659-26-073562"",""filingDate"":""2026-06-12"",""reportDate"":""2026-06-12"",""acceptanceDateTime"":""2026-06-13T01:00:28.000Z"",""act"":""34"",""form"":""8-K"",""fileNumber"":""001-43202"",""filmNumber"":""261087747"",""items"":""8.01,9.01"",""core_type"":""XBRL"",""size"":1054406,""isXBRL"":1,""isInlineXBRL"":1,""isXBRLNumeric"":0,""primaryDocument"":""tm2613616d5_8k.htm"",""primaryDocDescription"":""FORM 8-K""}"
"[""0001018724"",""0001104659-26-072140""]","0001018724","submissions-0001018724","0001104659-26-072140","2026-06-10","2026-06-08","8-K","1.01,2.03,9.01","tm2613616d4_8k.htm","https://www.sec.gov/Archives/edgar/data/1018724/000110465926072140/tm2613616d4_8k.htm","/filings/recent/5","{""accessionNumber"":""0001104659-26-072140"",""filingDate"":""2026-06-10"",""reportDate"":""2026-06-08"",""acceptanceDateTime"":""2026-06-10T17:00:19.000Z"",""act"":""34"",""form"":""8-K"",""fileNumber"":""001-43202"",""filmNumber"":""261078350"",""items"":""1.01,2.03,9.01"",""core_type"":""XBRL"",""size"":1025222,""isXBRL"":1,""isInlineXBRL"":1,""isXBRLNumeric"":0,""primaryDocument"":""tm2613616d4_8k.htm"",""primaryDocDescription"":""FORM 8-K""}"
"[""0001018724"",""0001104659-26-065717""]","0001018724","submissions-0001018724","0001104659-26-065717","2026-05-22","2026-05-20","8-K","5.07","tm2614288d1_8k.htm","https://www.sec.gov/Archives/edgar/data/1018724/000110465926065717/tm2614288d1_8k.htm","/filings/recent/6","{""accessionNumber"":""0001104659-26-065717"",""filingDate"":""2026-05-22"",""reportDate"":""2026-05-20"",""acceptanceDateTime"":""2026-05-23T00:12:53.000Z"",""act"":""34"",""form"":""8-K"",""fileNumber"":""001-43202"",""filmNumber"":""261013891"",""items"":""5.07"",""core_type"":""XBRL"",""size"":319842,""isXBRL"":1,""isInlineXBRL"":1,""isXBRLNumeric"":0,""primaryDocument"":""tm2614288d1_8k.htm"",""primaryDocDescription"":""FORM 8-K""}"
"[""0001018724"",""0001018724-26-000012""]","0001018724","submissions-0001018724","0001018724-26-000012","2026-04-29","2026-04-29","8-K","2.02,9.01","amzn-20260429.htm","https://www.sec.gov/Archives/edgar/data/1018724/000101872426000012/amzn-20260429.htm","/filings/recent/7","{""accessionNumber"":""0001018724-26-000012"",""filingDate"":""2026-04-29"",""reportDate"":""2026-04-29"",""acceptanceDateTime"":""2026-04-30T00:18:55.000Z"",""act"":""34"",""form"":""8-K"",""fileNumber"":""001-43202"",""filmNumber"":""26916390"",""items"":""2.02,9.01"",""core_type"":""XBRL"",""size"":1021531,""isXBRL"":1,""isInlineXBRL"":1,""isXBRLNumeric"":0,""primaryDocument"":""amzn-20260429.htm"",""primaryDocDescription"":""8-K""}"
"[""0001018724"",""0001104659-26-042880""]","0001018724","submissions-0001018724","0001104659-26-042880","2026-04-14","2026-04-14","8-K","7.01,9.01","tm2611746d1_8k.htm","https://www.sec.gov/Archives/edgar/data/1018724/000110465926042880/tm2611746d1_8k.htm","/filings/recent/8","{""accessionNumber"":""0001104659-26-042880"",""filingDate"":""2026-04-14"",""reportDate"":""2026-04-14"",""acceptanceDateTime"":""2026-04-14T16:04:26.000Z"",""act"":""34"",""form"":""8-K"",""fileNumber"":""001-43202"",""filmNumber"":""26859209"",""items"":""7.01,9.01"",""core_type"":""XBRL"",""size"":346135,""isXBRL"":1,""isInlineXBRL"":1,""isXBRLNumeric"":0,""primaryDocument"":""tm2611746d1_8k.htm"",""primaryDocDescription"":""FORM 8-K""}"
"[""0001018724"",""0001104659-26-041034""]","0001018724","submissions-0001018724","0001104659-26-041034","2026-04-09","2026-04-09","8-K","7.01,9.01","tm263815d2_8k.htm","https://www.sec.gov/Archives/edgar/data/1018724/000110465926041034/tm263815d2_8k.htm","/filings/recent/9","{""accessionNumber"":""0001104659-26-041034"",""filingDate"":""2026-04-09"",""reportDate"":""2026-04-09"",""acceptanceDateTime"":""2026-04-09T02:02:20.000Z"",""act"":""34"",""form"":""8-K"",""fileNumber"":""001-43202"",""filmNumber"":""26849260"",""items"":""7.01,9.01"",""core_type"":""XBRL"",""size"":487362,""isXBRL"":1,""isInlineXBRL"":1,""isXBRLNumeric"":0,""primaryDocument"":""tm263815d2_8k.htm"",""primaryDocDescription"":""FORM 8-K""}"
"[""0001018724"",""0001104659-26-028556""]","0001018724","submissions-0001018724","0001104659-26-028556","2026-03-16","2026-03-16","8-K","8.01,9.01","tm266670d9_8k.htm","https://www.sec.gov/Archives/edgar/data/1018724/000110465926028556/tm266670d9_8k.htm","/filings/recent/10","{""accessionNumber"":""0001104659-26-028556"",""filingDate"":""2026-03-16"",""reportDate"":""2026-03-16"",""acceptanceDateTime"":""2026-03-17T00:54:55.000Z"",""act"":""34"",""form"":""8-K"",""fileNumber"":""000-22513"",""filmNumber"":""26757634"",""items"":""8.01,9.01"",""core_type"":""XBRL"",""size"":1413948,""isXBRL"":1,""isInlineXBRL"":1,""isXBRLNumeric"":null,""primaryDocument"":""tm266670d9_8k.htm"",""primaryDocDescription"":""FORM 8-K""}"
"[""0001018724"",""0001104659-26-027729""]","0001018724","submissions-0001018724","0001104659-26-027729","2026-03-13","2026-03-13","8-K","8.01,9.01","tm266670d8_8k.htm","https://www.sec.gov/Archives/edgar/data/1018724/000110465926027729/tm266670d8_8k.htm","/filings/recent/11","{""accessionNumber"":""0001104659-26-027729"",""filingDate"":""2026-03-13"",""reportDate"":""2026-03-13"",""acceptanceDateTime"":""2026-03-14T01:01:35.000Z"",""act"":""34"",""form"":""8-K"",""fileNumber"":""000-22513"",""filmNumber"":""26753334"",""items"":""8.01,9.01"",""core_type"":""XBRL"",""size"":1423162,""isXBRL"":1,""isInlineXBRL"":1,""isXBRLNumeric"":null,""primaryDocument"":""tm266670d8_8k.htm"",""primaryDocDescription"":""FORM 8-K""}"
"[""0001018724"",""0001104659-26-021050""]","0001018724","submissions-0001018724","0001104659-26-021050","2026-02-27","2026-02-27","8-K","1.01,7.01,8.01,9.01","tm267374d1_8k.htm","https://www.sec.gov/Archives/edgar/data/1018724/000110465926021050/tm267374d1_8k.htm","/filings/recent/12","{""accessionNumber"":""0001104659-26-021050"",""filingDate"":""2026-02-27"",""reportDate"":""2026-02-27"",""acceptanceDateTime"":""2026-02-27T18:36:30.000Z"",""act"":""34"",""form"":""8-K"",""fileNumber"":""000-22513"",""filmNumber"":""26692853"",""items"":""1.01,7.01,8.01,9.01"",""core_type"":""XBRL"",""size"":349624,""isXBRL"":1,""isInlineXBRL"":1,""isXBRLNumeric"":null,""primaryDocument"":""tm267374d1_8k.htm"",""primaryDocDescription"":""FORM 8-K""}"
"[""0001018724"",""0001018724-26-000002""]","0001018724","submissions-0001018724","0001018724-26-000002","2026-02-05","2026-02-05","8-K","2.02,9.01","amzn-20260205.htm","https://www.sec.gov/Archives/edgar/data/1018724/000101872426000002/amzn-20260205.htm","/filings/recent/13","{""accessionNumber"":""0001018724-26-000002"",""filingDate"":""2026-02-05"",""reportDate"":""2026-02-05"",""acceptanceDateTime"":""2026-02-06T02:25:12.000Z"",""act"":""34"",""form"":""8-K"",""fileNumber"":""000-22513"",""filmNumber"":""26603275"",""items"":""2.02,9.01"",""core_type"":""XBRL"",""size"":975624,""isXBRL"":1,""isInlineXBRL"":1,""isXBRLNumeric"":null,""primaryDocument"":""amzn-20260205.htm"",""primaryDocDescription"":""8-K""}"
"[""0001018724"",""0001104659-25-114647""]","0001018724","submissions-0001018724","0001104659-25-114647","2025-11-20","2025-11-20","8-K","8.01,9.01","tm2530638d3_8k.htm","https://www.sec.gov/Archives/edgar/data/1018724/000110465925114647/tm2530638d3_8k.htm","/filings/recent/14","{""accessionNumber"":""0001104659-25-114647"",""filingDate"":""2025-11-20"",""reportDate"":""2025-11-20"",""acceptanceDateTime"":""2025-11-21T03:00:42.000Z"",""act"":""34"",""form"":""8-K"",""fileNumber"":""000-22513"",""filmNumber"":""251503814"",""items"":""8.01,9.01"",""core_type"":""XBRL"",""size"":879979,""isXBRL"":1,""isInlineXBRL"":1,""isXBRLNumeric"":null,""primaryDocument"":""tm2530638d3_8k.htm"",""primaryDocDescription"":""FORM 8-K""}"
"[""0001018724"",""0001018724-25-000121""]","0001018724","submissions-0001018724","0001018724-25-000121","2025-10-30","2025-10-30","8-K","2.02,9.01","amzn-20251030.htm","https://www.sec.gov/Archives/edgar/data/1018724/000101872425000121/amzn-20251030.htm","/filings/recent/15","{""accessionNumber"":""0001018724-25-000121"",""filingDate"":""2025-10-30"",""reportDate"":""2025-10-30"",""acceptanceDateTime"":""2025-10-31T00:13:01.000Z"",""act"":""34"",""form"":""8-K"",""fileNumber"":""000-22513"",""filmNumber"":""251435692"",""items"":""2.02,9.01"",""core_type"":""XBRL"",""size"":993044,""isXBRL"":1,""isInlineXBRL"":1,""isXBRLNumeric"":null,""primaryDocument"":""amzn-20251030.htm"",""primaryDocDescription"":""8-K""}"
"[""0001326801"",""0001628280-26-050596""]","0001326801","submissions-0001326801","0001628280-26-050596","2026-07-29","2026-07-29","8-K","2.02,9.01","meta-20260729.htm","https://www.sec.gov/Archives/edgar/data/1326801/000162828026050596/meta-20260729.htm","/filings/recent/0","{""accessionNumber"":""0001628280-26-050596"",""filingDate"":""2026-07-29"",""reportDate"":""2026-07-29"",""acceptanceDateTime"":""2026-07-30T00:03:23.000Z"",""act"":""34"",""form"":""8-K"",""fileNumber"":""001-35551"",""filmNumber"":""261217312"",""items"":""2.02,9.01"",""core_type"":""XBRL"",""size"":478017,""isXBRL"":1,""isInlineXBRL"":1,""isXBRLNumeric"":0,""primaryDocument"":""meta-20260729.htm"",""primaryDocDescription"":""8-K""}"
"[""0001326801"",""0001628280-26-039193""]","0001326801","submissions-0001326801","0001628280-26-039193","2026-05-29","2026-05-27","8-K","5.07","meta-20260527.htm","https://www.sec.gov/Archives/edgar/data/1326801/000162828026039193/meta-20260527.htm","/filings/recent/1","{""accessionNumber"":""0001628280-26-039193"",""filingDate"":""2026-05-29"",""reportDate"":""2026-05-27"",""acceptanceDateTime"":""2026-05-30T00:16:13.000Z"",""act"":""34"",""form"":""8-K"",""fileNumber"":""001-35551"",""filmNumber"":""261044694"",""items"":""5.07"",""core_type"":""XBRL"",""size"":239349,""isXBRL"":1,""isInlineXBRL"":1,""isXBRLNumeric"":0,""primaryDocument"":""meta-20260527.htm"",""primaryDocDescription"":""8-K""}"
"[""0001326801"",""0001193125-26-204128""]","0001326801","submissions-0001326801","0001193125-26-204128","2026-05-04","2026-04-30","8-K","8.01,9.01","d134616d8k.htm","https://www.sec.gov/Archives/edgar/data/1326801/000119312526204128/d134616d8k.htm","/filings/recent/2","{""accessionNumber"":""0001193125-26-204128"",""filingDate"":""2026-05-04"",""reportDate"":""2026-04-30"",""acceptanceDateTime"":""2026-05-05T00:36:02.000Z"",""act"":""34"",""form"":""8-K"",""fileNumber"":""001-35551"",""filmNumber"":""26938376"",""items"":""8.01,9.01"",""core_type"":""XBRL"",""size"":625250,""isXBRL"":1,""isInlineXBRL"":1,""isXBRLNumeric"":0,""primaryDocument"":""d134616d8k.htm"",""primaryDocDescription"":""8-K""}"
"[""0001326801"",""0001628280-26-028364""]","0001326801","submissions-0001326801","0001628280-26-028364","2026-04-29","2026-04-29","8-K","2.02,9.01","meta-20260429.htm","https://www.sec.gov/Archives/edgar/data/1326801/000162828026028364/meta-20260429.htm","/filings/recent/3","{""accessionNumber"":""0001628280-26-028364"",""filingDate"":""2026-04-29"",""reportDate"":""2026-04-29"",""acceptanceDateTime"":""2026-04-30T00:05:41.000Z"",""act"":""34"",""form"":""8-K"",""fileNumber"":""001-35551"",""filmNumber"":""26915849"",""items"":""2.02,9.01"",""core_type"":""XBRL"",""size"":410993,""isXBRL"":1,""isInlineXBRL"":1,""isXBRLNumeric"":0,""primaryDocument"":""meta-20260429.htm"",""primaryDocDescription"":""8-K""}"
"[""0001326801"",""0001628280-26-025108""]","0001326801","submissions-0001326801","0001628280-26-025108","2026-04-14","2026-04-08","8-K","5.02","meta-20260408.htm","https://www.sec.gov/Archives/edgar/data/1326801/000162828026025108/meta-20260408.htm","/filings/recent/4","{""accessionNumber"":""0001628280-26-025108"",""filingDate"":""2026-04-14"",""reportDate"":""2026-04-08"",""acceptanceDateTime"":""2026-04-15T01:01:31.000Z"",""act"":""34"",""form"":""8-K"",""fileNumber"":""001-35551"",""filmNumber"":""26861514"",""items"":""5.02"",""core_type"":""XBRL"",""size"":180212,""isXBRL"":1,""isInlineXBRL"":1,""isXBRLNumeric"":0,""primaryDocument"":""meta-20260408.htm"",""primaryDocDescription"":""8-K""}"
"[""0001326801"",""0001628280-26-003832""]","0001326801","submissions-0001326801","0001628280-26-003832","2026-01-28","2026-01-28","8-K","2.02,9.01","meta-20260128.htm","https://www.sec.gov/Archives/edgar/data/1326801/000162828026003832/meta-20260128.htm","/filings/recent/5","{""accessionNumber"":""0001628280-26-003832"",""filingDate"":""2026-01-28"",""reportDate"":""2026-01-28"",""acceptanceDateTime"":""2026-01-29T02:04:20.000Z"",""act"":""34"",""form"":""8-K"",""fileNumber"":""001-35551"",""filmNumber"":""26572471"",""items"":""2.02,9.01"",""core_type"":""XBRL"",""size"":495724,""isXBRL"":1,""isInlineXBRL"":1,""isXBRLNumeric"":null,""primaryDocument"":""meta-20260128.htm"",""primaryDocDescription"":""8-K""}"
"[""0001326801"",""0001628280-26-002429""]","0001326801","submissions-0001326801","0001628280-26-002429","2026-01-16","2026-01-12","8-K","5.02","meta-20260112.htm","https://www.sec.gov/Archives/edgar/data/1326801/000162828026002429/meta-20260112.htm","/filings/recent/6","{""accessionNumber"":""0001628280-26-002429"",""filingDate"":""2026-01-16"",""reportDate"":""2026-01-12"",""acceptanceDateTime"":""2026-01-17T02:56:58.000Z"",""act"":""34"",""form"":""8-K"",""fileNumber"":""001-35551"",""filmNumber"":""26540204"",""items"":""5.02"",""core_type"":""XBRL"",""size"":185570,""isXBRL"":1,""isInlineXBRL"":1,""isXBRLNumeric"":null,""primaryDocument"":""meta-20260112.htm"",""primaryDocDescription"":""8-K""}"
"[""0001326801"",""0001628280-25-058337""]","0001326801","submissions-0001326801","0001628280-25-058337","2025-12-19","2025-12-19","8-K","5.02","meta-20251219.htm","https://www.sec.gov/Archives/edgar/data/1326801/000162828025058337/meta-20251219.htm","/filings/recent/7","{""accessionNumber"":""0001628280-25-058337"",""filingDate"":""2025-12-19"",""reportDate"":""2025-12-19"",""acceptanceDateTime"":""2025-12-20T03:00:37.000Z"",""act"":""34"",""form"":""8-K"",""fileNumber"":""001-35551"",""filmNumber"":""251588385"",""items"":""5.02"",""core_type"":""XBRL"",""size"":179965,""isXBRL"":1,""isInlineXBRL"":1,""isXBRLNumeric"":null,""primaryDocument"":""meta-20251219.htm"",""primaryDocDescription"":""8-K""}"
"[""0001326801"",""0001628280-25-056768""]","0001326801","submissions-0001326801","0001628280-25-056768","2025-12-12","2025-12-05","8-K","8.01,9.01","meta-20251205.htm","https://www.sec.gov/Archives/edgar/data/1326801/000162828025056768/meta-20251205.htm","/filings/recent/8","{""accessionNumber"":""0001628280-25-056768"",""filingDate"":""2025-12-12"",""reportDate"":""2025-12-05"",""acceptanceDateTime"":""2025-12-13T02:14:29.000Z"",""act"":""34"",""form"":""8-K"",""fileNumber"":""001-35551"",""filmNumber"":""251568245"",""items"":""8.01,9.01"",""core_type"":""XBRL"",""size"":639312,""isXBRL"":1,""isInlineXBRL"":1,""isXBRLNumeric"":null,""primaryDocument"":""meta-20251205.htm"",""primaryDocDescription"":""8-K""}"
"[""0001326801"",""0001193125-25-262593""]","0001326801","submissions-0001326801","0001193125-25-262593","2025-11-03","2025-10-30","8-K","8.01,9.01","d75422d8k.htm","https://www.sec.gov/Archives/edgar/data/1326801/000119312525262593/d75422d8k.htm","/filings/recent/9","{""accessionNumber"":""0001193125-25-262593"",""filingDate"":""2025-11-03"",""reportDate"":""2025-10-30"",""acceptanceDateTime"":""2025-11-04T02:18:13.000Z"",""act"":""34"",""form"":""8-K"",""fileNumber"":""001-35551"",""filmNumber"":""251444345"",""items"":""8.01,9.01"",""core_type"":""XBRL"",""size"":635017,""isXBRL"":1,""isInlineXBRL"":1,""isXBRLNumeric"":null,""primaryDocument"":""d75422d8k.htm"",""primaryDocDescription"":""8-K""}"
"[""0001326801"",""0001628280-25-047114""]","0001326801","submissions-0001326801","0001628280-25-047114","2025-10-29","2025-10-29","8-K","2.02,9.01","meta-20251029.htm","https://www.sec.gov/Archives/edgar/data/1326801/000162828025047114/meta-20251029.htm","/filings/recent/10","{""accessionNumber"":""0001628280-25-047114"",""filingDate"":""2025-10-29"",""reportDate"":""2025-10-29"",""acceptanceDateTime"":""2025-10-30T00:08:34.000Z"",""act"":""34"",""form"":""8-K"",""fileNumber"":""001-35551"",""filmNumber"":""251430021"",""items"":""2.02,9.01"",""core_type"":""XBRL"",""size"":481783,""isXBRL"":1,""isInlineXBRL"":1,""isXBRLNumeric"":null,""primaryDocument"":""meta-20251029.htm"",""primaryDocDescription"":""8-K""}"
"[""0001045810"",""0001045810-26-000078""]","0001045810","submissions-0001045810","0001045810-26-000078","2026-09-03","2026-09-02","8-K","8.01","nvda-20260902.htm","https://www.sec.gov/Archives/edgar/data/1045810/000104581026000078/nvda-20260902.htm","/filings/recent/0","{""accessionNumber"":""0001045810-26-000078"",""filingDate"":""2026-09-03"",""reportDate"":""2026-09-02"",""acceptanceDateTime"":""2026-09-03T12:03:56.000Z"",""act"":""34"",""form"":""8-K"",""fileNumber"":""000-23985"",""filmNumber"":""261356746"",""items"":""8.01"",""core_type"":""XBRL"",""size"":146499,""isXBRL"":1,""isInlineXBRL"":1,""isXBRLNumeric"":0,""primaryDocument"":""nvda-20260902.htm"",""primaryDocDescription"":""8-K""}"
"[""0001045810"",""0001045810-26-000073""]","0001045810","submissions-0001045810","0001045810-26-000073","2026-08-26","2026-08-26","8-K","2.02,9.01","nvda-20260826.htm","https://www.sec.gov/Archives/edgar/data/1045810/000104581026000073/nvda-20260826.htm","/filings/recent/1","{""accessionNumber"":""0001045810-26-000073"",""filingDate"":""2026-08-26"",""reportDate"":""2026-08-26"",""acceptanceDateTime"":""2026-08-26T20:21:19.000Z"",""act"":""34"",""form"":""8-K"",""fileNumber"":""000-23985"",""filmNumber"":""261323290"",""items"":""2.02,9.01"",""core_type"":""XBRL"",""size"":802000,""isXBRL"":1,""isInlineXBRL"":1,""isXBRLNumeric"":0,""primaryDocument"":""nvda-20260826.htm"",""primaryDocDescription"":""8-K""}"
"[""0001045810"",""0001045810-26-000069""]","0001045810","submissions-0001045810","0001045810-26-000069","2026-08-17","2026-08-17","8-K","1.01,2.03,7.01","nvda-20260817.htm","https://www.sec.gov/Archives/edgar/data/1045810/000104581026000069/nvda-20260817.htm","/filings/recent/2","{""accessionNumber"":""0001045810-26-000069"",""filingDate"":""2026-08-17"",""reportDate"":""2026-08-17"",""acceptanceDateTime"":""2026-08-17T12:41:33.000Z"",""act"":""34"",""form"":""8-K"",""fileNumber"":""000-23985"",""filmNumber"":""261284957"",""items"":""1.01,2.03,7.01"",""core_type"":""XBRL"",""size"":178196,""isXBRL"":1,""isInlineXBRL"":1,""isXBRLNumeric"":0,""primaryDocument"":""nvda-20260817.htm"",""primaryDocDescription"":""8-K""}"
"[""0001045810"",""0001045810-26-000060""]","0001045810","submissions-0001045810","0001045810-26-000060","2026-07-02","2026-06-28","8-K","5.02","nvda-20260628.htm","https://www.sec.gov/Archives/edgar/data/1045810/000104581026000060/nvda-20260628.htm","/filings/recent/3","{""accessionNumber"":""0001045810-26-000060"",""filingDate"":""2026-07-02"",""reportDate"":""2026-06-28"",""acceptanceDateTime"":""2026-07-02T13:23:16.000Z"",""act"":""34"",""form"":""8-K"",""fileNumber"":""000-23985"",""filmNumber"":""261148237"",""items"":""5.02"",""core_type"":""XBRL"",""size"":138094,""isXBRL"":1,""isInlineXBRL"":1,""isXBRLNumeric"":0,""primaryDocument"":""nvda-20260628.htm"",""primaryDocDescription"":""8-K""}"
"[""0001045810"",""0001045810-26-000056""]","0001045810","submissions-0001045810","0001045810-26-000056","2026-06-30","2026-06-24","8-K","5.07","nvda-20260624.htm","https://www.sec.gov/Archives/edgar/data/1045810/000104581026000056/nvda-20260624.htm","/filings/recent/4","{""accessionNumber"":""0001045810-26-000056"",""filingDate"":""2026-06-30"",""reportDate"":""2026-06-24"",""acceptanceDateTime"":""2026-06-30T20:27:26.000Z"",""act"":""34"",""form"":""8-K"",""fileNumber"":""000-23985"",""filmNumber"":""261140846"",""items"":""5.07"",""core_type"":""XBRL"",""size"":178639,""isXBRL"":1,""isInlineXBRL"":1,""isXBRLNumeric"":0,""primaryDocument"":""nvda-20260624.htm"",""primaryDocDescription"":""8-K""}"
"[""0001045810"",""0001193125-26-275783""]","0001045810","submissions-0001045810","0001193125-26-275783","2026-06-18","2026-06-15","8-K","8.01,9.01","d48176d8k.htm","https://www.sec.gov/Archives/edgar/data/1045810/000119312526275783/d48176d8k.htm","/filings/recent/5","{""accessionNumber"":""0001193125-26-275783"",""filingDate"":""2026-06-18"",""reportDate"":""2026-06-15"",""acceptanceDateTime"":""2026-06-18T20:00:24.000Z"",""act"":""34"",""form"":""8-K"",""fileNumber"":""000-23985"",""filmNumber"":""261102367"",""items"":""8.01,9.01"",""core_type"":""XBRL"",""size"":1038210,""isXBRL"":1,""isInlineXBRL"":1,""isXBRLNumeric"":0,""primaryDocument"":""d48176d8k.htm"",""primaryDocDescription"":""8-K""}"
"[""0001045810"",""0001045810-26-000051""]","0001045810","submissions-0001045810","0001045810-26-000051","2026-05-20","2026-05-20","8-K","2.02,9.01","nvda-20260520.htm","https://www.sec.gov/Archives/edgar/data/1045810/000104581026000051/nvda-20260520.htm","/filings/recent/6","{""accessionNumber"":""0001045810-26-000051"",""filingDate"":""2026-05-20"",""reportDate"":""2026-05-20"",""acceptanceDateTime"":""2026-05-20T20:21:19.000Z"",""act"":""34"",""form"":""8-K"",""fileNumber"":""000-23985"",""filmNumber"":""261004320"",""items"":""2.02,9.01"",""core_type"":""XBRL"",""size"":637530,""isXBRL"":1,""isInlineXBRL"":1,""isXBRLNumeric"":0,""primaryDocument"":""nvda-20260520.htm"",""primaryDocDescription"":""8-K""}"
"[""0001045810"",""0001045810-26-000028""]","0001045810","submissions-0001045810","0001045810-26-000028","2026-05-08","2026-05-07","8-K","5.02","nvda-20260507.htm","https://www.sec.gov/Archives/edgar/data/1045810/000104581026000028/nvda-20260507.htm","/filings/recent/7","{""accessionNumber"":""0001045810-26-000028"",""filingDate"":""2026-05-08"",""reportDate"":""2026-05-07"",""acceptanceDateTime"":""2026-05-08T20:35:07.000Z"",""act"":""34"",""form"":""8-K"",""fileNumber"":""000-23985"",""filmNumber"":""26959034"",""items"":""5.02"",""core_type"":""XBRL"",""size"":135276,""isXBRL"":1,""isInlineXBRL"":1,""isXBRLNumeric"":0,""primaryDocument"":""nvda-20260507.htm"",""primaryDocDescription"":""8-K""}"
"[""0001045810"",""0001045810-26-000026""]","0001045810","submissions-0001045810","0001045810-26-000026","2026-04-27","2026-04-24","8-K","5.02","nvda-20260424.htm","https://www.sec.gov/Archives/edgar/data/1045810/000104581026000026/nvda-20260424.htm","/filings/recent/8","{""accessionNumber"":""0001045810-26-000026"",""filingDate"":""2026-04-27"",""reportDate"":""2026-04-24"",""acceptanceDateTime"":""2026-04-27T20:10:30.000Z"",""act"":""34"",""form"":""8-K"",""fileNumber"":""000-23985"",""filmNumber"":""26900997"",""items"":""5.02"",""core_type"":""XBRL"",""size"":137916,""isXBRL"":1,""isInlineXBRL"":1,""isXBRLNumeric"":0,""primaryDocument"":""nvda-20260424.htm"",""primaryDocDescription"":""8-K""}"
"[""0001045810"",""0001045810-26-000024""]","0001045810","submissions-0001045810","0001045810-26-000024","2026-03-06","2026-03-02","8-K","5.02,9.01","nvda-20260302.htm","https://www.sec.gov/Archives/edgar/data/1045810/000104581026000024/nvda-20260302.htm","/filings/recent/9","{""accessionNumber"":""0001045810-26-000024"",""filingDate"":""2026-03-06"",""reportDate"":""2026-03-02"",""acceptanceDateTime"":""2026-03-06T21:11:25.000Z"",""act"":""34"",""form"":""8-K"",""fileNumber"":""000-23985"",""filmNumber"":""26731070"",""items"":""5.02,9.01"",""core_type"":""XBRL"",""size"":165811,""isXBRL"":1,""isInlineXBRL"":1,""isXBRLNumeric"":null,""primaryDocument"":""nvda-20260302.htm"",""primaryDocDescription"":""8-K""}"
"[""0001045810"",""0001045810-26-000019""]","0001045810","submissions-0001045810","0001045810-26-000019","2026-02-25","2026-02-25","8-K","2.02,9.01","nvda-20260225.htm","https://www.sec.gov/Archives/edgar/data/1045810/000104581026000019/nvda-20260225.htm","/filings/recent/10","{""accessionNumber"":""0001045810-26-000019"",""filingDate"":""2026-02-25"",""reportDate"":""2026-02-25"",""acceptanceDateTime"":""2026-02-25T21:31:25.000Z"",""act"":""34"",""form"":""8-K"",""fileNumber"":""000-23985"",""filmNumber"":""26679278"",""items"":""2.02,9.01"",""core_type"":""XBRL"",""size"":859465,""isXBRL"":1,""isInlineXBRL"":1,""isXBRLNumeric"":null,""primaryDocument"":""nvda-20260225.htm"",""primaryDocDescription"":""8-K""}"
"[""0001045810"",""0001045810-26-000003""]","0001045810","submissions-0001045810","0001045810-26-000003","2026-01-23","2026-01-20","8-K","5.02","nvda-20260120.htm","https://www.sec.gov/Archives/edgar/data/1045810/000104581026000003/nvda-20260120.htm","/filings/recent/11","{""accessionNumber"":""0001045810-26-000003"",""filingDate"":""2026-01-23"",""reportDate"":""2026-01-20"",""acceptanceDateTime"":""2026-01-23T22:01:33.000Z"",""act"":""34"",""form"":""8-K"",""fileNumber"":""000-23985"",""filmNumber"":""26557477"",""items"":""5.02"",""core_type"":""XBRL"",""size"":133891,""isXBRL"":1,""isInlineXBRL"":1,""isXBRLNumeric"":null,""primaryDocument"":""nvda-20260120.htm"",""primaryDocDescription"":""8-K""}"
"[""0001045810"",""0001045810-25-000228""]","0001045810","submissions-0001045810","0001045810-25-000228","2025-11-19","2025-11-19","8-K","2.02,9.01","nvda-20251119.htm","https://www.sec.gov/Archives/edgar/data/1045810/000104581025000228/nvda-20251119.htm","/filings/recent/12","{""accessionNumber"":""0001045810-25-000228"",""filingDate"":""2025-11-19"",""reportDate"":""2025-11-19"",""acceptanceDateTime"":""2025-11-19T21:20:44.000Z"",""act"":""34"",""form"":""8-K"",""fileNumber"":""000-23985"",""filmNumber"":""251499607"",""items"":""2.02,9.01"",""core_type"":""XBRL"",""size"":794045,""isXBRL"":1,""isInlineXBRL"":1,""isXBRLNumeric"":null,""primaryDocument"":""nvda-20251119.htm"",""primaryDocDescription"":""8-K""}"
"[""0000019617"",""0001193125-26-314128""]","0000019617","submissions-0000019617","0001193125-26-314128","2026-07-23","2026-07-23","8-K","8.01,9.01","d103985d8k.htm","https://www.sec.gov/Archives/edgar/data/19617/000119312526314128/d103985d8k.htm","/filings/recent/0","{""accessionNumber"":""0001193125-26-314128"",""filingDate"":""2026-07-23"",""reportDate"":""2026-07-23"",""acceptanceDateTime"":""2026-07-24T00:15:21.000Z"",""act"":""34"",""form"":""8-K"",""fileNumber"":""001-05805"",""filmNumber"":""261197214"",""items"":""8.01,9.01"",""core_type"":""XBRL"",""size"":294357,""isXBRL"":1,""isInlineXBRL"":1,""isXBRLNumeric"":0,""primaryDocument"":""d103985d8k.htm"",""primaryDocDescription"":""8-K""}"
"[""0000019617"",""0000019617-26-000288""]","0000019617","submissions-0000019617","0000019617-26-000288","2026-07-23","2026-07-21","8-K","5.03","jpm-20260721.htm","https://www.sec.gov/Archives/edgar/data/19617/000001961726000288/jpm-20260721.htm","/filings/recent/1","{""accessionNumber"":""0000019617-26-000288"",""filingDate"":""2026-07-23"",""reportDate"":""2026-07-21"",""acceptanceDateTime"":""2026-07-24T00:15:21.000Z"",""act"":""34"",""form"":""8-K"",""fileNumber"":""001-05805"",""filmNumber"":""261197215"",""items"":""5.03"",""core_type"":""XBRL"",""size"":15894680,""isXBRL"":1,""isInlineXBRL"":1,""isXBRLNumeric"":0,""primaryDocument"":""jpm-20260721.htm"",""primaryDocDescription"":""8-K""}"
"[""0000019617"",""0001628280-26-048086""]","0000019617","submissions-0000019617","0001628280-26-048086","2026-07-14","2026-07-14","8-K","7.01,9.01","jpm-20260714.htm","https://www.sec.gov/Archives/edgar/data/19617/000162828026048086/jpm-20260714.htm","/filings/recent/2","{""accessionNumber"":""0001628280-26-048086"",""filingDate"":""2026-07-14"",""reportDate"":""2026-07-14"",""acceptanceDateTime"":""2026-07-14T17:52:21.000Z"",""act"":""34"",""form"":""8-K"",""fileNumber"":""001-05805"",""filmNumber"":""261172879"",""items"":""7.01,9.01"",""core_type"":""XBRL"",""size"":2848767,""isXBRL"":1,""isInlineXBRL"":1,""isXBRLNumeric"":0,""primaryDocument"":""jpm-20260714.htm"",""primaryDocDescription"":""8-K""}"
"[""0000019617"",""0001628280-26-048078""]","0000019617","submissions-0000019617","0001628280-26-048078","2026-07-14","2026-07-14","8-K","2.02,9.01","jpm-20260714.htm","https://www.sec.gov/Archives/edgar/data/19617/000162828026048078/jpm-20260714.htm","/filings/recent/3","{""accessionNumber"":""0001628280-26-048078"",""filingDate"":""2026-07-14"",""reportDate"":""2026-07-14"",""acceptanceDateTime"":""2026-07-14T14:30:38.000Z"",""act"":""34"",""form"":""8-K"",""fileNumber"":""001-05805"",""filmNumber"":""261172502"",""items"":""2.02,9.01"",""core_type"":""XBRL"",""size"":4085434,""isXBRL"":1,""isInlineXBRL"":1,""isXBRLNumeric"":0,""primaryDocument"":""jpm-20260714.htm"",""primaryDocDescription"":""8-K""}"
"[""0000019617"",""0000019617-26-000241""]","0000019617","submissions-0000019617","0000019617-26-000241","2026-06-25","2026-06-24","8-K","5.02","jpm-20260624.htm","https://www.sec.gov/Archives/edgar/data/19617/000001961726000241/jpm-20260624.htm","/filings/recent/4","{""accessionNumber"":""0000019617-26-000241"",""filingDate"":""2026-06-25"",""reportDate"":""2026-06-24"",""acceptanceDateTime"":""2026-06-25T15:59:33.000Z"",""act"":""34"",""form"":""8-K"",""fileNumber"":""001-05805"",""filmNumber"":""261117732"",""items"":""5.02"",""core_type"":""XBRL"",""size"":680336,""isXBRL"":1,""isInlineXBRL"":1,""isXBRLNumeric"":0,""primaryDocument"":""jpm-20260624.htm"",""primaryDocDescription"":""8-K""}"
"[""0000019617"",""0001628280-26-045169""]","0000019617","submissions-0000019617","0001628280-26-045169","2026-06-24","2026-06-24","8-K","7.01,9.01","jpm-20260624.htm","https://www.sec.gov/Archives/edgar/data/19617/000162828026045169/jpm-20260624.htm","/filings/recent/5","{""accessionNumber"":""0001628280-26-045169"",""filingDate"":""2026-06-24"",""reportDate"":""2026-06-24"",""acceptanceDateTime"":""2026-06-25T00:07:40.000Z"",""act"":""34"",""form"":""8-K"",""fileNumber"":""001-05805"",""filmNumber"":""261115925"",""items"":""7.01,9.01"",""core_type"":""XBRL"",""size"":3394232,""isXBRL"":1,""isInlineXBRL"":1,""isXBRLNumeric"":0,""primaryDocument"":""jpm-20260624.htm"",""primaryDocDescription"":""8-K""}"
"[""0000019617"",""0001628280-26-045167""]","0000019617","submissions-0000019617","0001628280-26-045167","2026-06-24","2026-06-24","8-K","8.01,9.01","jpm-20260624.htm","https://www.sec.gov/Archives/edgar/data/19617/000162828026045167/jpm-20260624.htm","/filings/recent/6","{""accessionNumber"":""0001628280-26-045167"",""filingDate"":""2026-06-24"",""reportDate"":""2026-06-24"",""acceptanceDateTime"":""2026-06-25T00:06:40.000Z"",""act"":""34"",""form"":""8-K"",""fileNumber"":""001-05805"",""filmNumber"":""261115917"",""items"":""8.01,9.01"",""core_type"":""XBRL"",""size"":299749,""isXBRL"":1,""isInlineXBRL"":1,""isXBRLNumeric"":0,""primaryDocument"":""jpm-20260624.htm"",""primaryDocDescription"":""8-K""}"
"[""0000019617"",""0001193125-26-253533""]","0000019617","submissions-0000019617","0001193125-26-253533","2026-06-02","2026-06-02","8-K","8.01,9.01","d113536d8k.htm","https://www.sec.gov/Archives/edgar/data/19617/000119312526253533/d113536d8k.htm","/filings/recent/7","{""accessionNumber"":""0001193125-26-253533"",""filingDate"":""2026-06-02"",""reportDate"":""2026-06-02"",""acceptanceDateTime"":""2026-06-03T00:15:25.000Z"",""act"":""34"",""form"":""8-K"",""fileNumber"":""001-05805"",""filmNumber"":""261056209"",""items"":""8.01,9.01"",""core_type"":""XBRL"",""size"":280070,""isXBRL"":1,""isInlineXBRL"":1,""isXBRLNumeric"":0,""primaryDocument"":""d113536d8k.htm"",""primaryDocDescription"":""8-K""}"
"[""0000019617"",""0001193125-26-242018""]","0000019617","submissions-0000019617","0001193125-26-242018","2026-05-27","2026-05-27","8-K","8.01,9.01","d51433d8k.htm","https://www.sec.gov/Archives/edgar/data/19617/000119312526242018/d51433d8k.htm","/filings/recent/8","{""accessionNumber"":""0001193125-26-242018"",""filingDate"":""2026-05-27"",""reportDate"":""2026-05-27"",""acceptanceDateTime"":""2026-05-28T00:39:34.000Z"",""act"":""34"",""form"":""8-K"",""fileNumber"":""001-05805"",""filmNumber"":""261026921"",""items"":""8.01,9.01"",""core_type"":""XBRL"",""size"":279105,""isXBRL"":1,""isInlineXBRL"":1,""isXBRLNumeric"":0,""primaryDocument"":""d51433d8k.htm"",""primaryDocDescription"":""8-K""}"
"[""0000019617"",""0000019617-26-000228""]","0000019617","submissions-0000019617","0000019617-26-000228","2026-05-21","2026-05-19","8-K","5.07","jpm-20260519.htm","https://www.sec.gov/Archives/edgar/data/19617/000001961726000228/jpm-20260519.htm","/filings/recent/9","{""accessionNumber"":""0000019617-26-000228"",""filingDate"":""2026-05-21"",""reportDate"":""2026-05-19"",""acceptanceDateTime"":""2026-05-22T00:15:13.000Z"",""act"":""34"",""form"":""8-K"",""fileNumber"":""001-05805"",""filmNumber"":""261008604"",""items"":""5.07"",""core_type"":""XBRL"",""size"":312933,""isXBRL"":1,""isInlineXBRL"":1,""isXBRLNumeric"":0,""primaryDocument"":""jpm-20260519.htm"",""primaryDocDescription"":""8-K""}"
"[""0000019617"",""0001193125-26-211978""]","0000019617","submissions-0000019617","0001193125-26-211978","2026-05-07","2026-05-06","8-K","3.03,5.03,8.01,9.01","d903351d8k.htm","https://www.sec.gov/Archives/edgar/data/19617/000119312526211978/d903351d8k.htm","/filings/recent/10","{""accessionNumber"":""0001193125-26-211978"",""filingDate"":""2026-05-07"",""reportDate"":""2026-05-06"",""acceptanceDateTime"":""2026-05-08T00:16:48.000Z"",""act"":""34"",""form"":""8-K"",""fileNumber"":""001-05805"",""filmNumber"":""26953605"",""items"":""3.03,5.03,8.01,9.01"",""core_type"":""XBRL"",""size"":622524,""isXBRL"":1,""isInlineXBRL"":1,""isXBRLNumeric"":0,""primaryDocument"":""d903351d8k.htm"",""primaryDocDescription"":""8-K""}"
"[""0000019617"",""0000019617-26-000119""]","0000019617","submissions-0000019617","0000019617-26-000119","2026-04-24","2026-04-21","8-K","5.03","jpm-20260421.htm","https://www.sec.gov/Archives/edgar/data/19617/000001961726000119/jpm-20260421.htm","/filings/recent/11","{""accessionNumber"":""0000019617-26-000119"",""filingDate"":""2026-04-24"",""reportDate"":""2026-04-21"",""acceptanceDateTime"":""2026-04-25T00:16:13.000Z"",""act"":""34"",""form"":""8-K"",""fileNumber"":""001-05805"",""filmNumber"":""26894242"",""items"":""5.03"",""core_type"":""XBRL"",""size"":16084396,""isXBRL"":1,""isInlineXBRL"":1,""isXBRLNumeric"":0,""primaryDocument"":""jpm-20260421.htm"",""primaryDocDescription"":""8-K""}"
"[""0000019617"",""0001193125-26-173739""]","0000019617","submissions-0000019617","0001193125-26-173739","2026-04-23","2026-04-23","8-K","8.01,9.01","d235028d8k.htm","https://www.sec.gov/Archives/edgar/data/19617/000119312526173739/d235028d8k.htm","/filings/recent/12","{""accessionNumber"":""0001193125-26-173739"",""filingDate"":""2026-04-23"",""reportDate"":""2026-04-23"",""acceptanceDateTime"":""2026-04-24T00:15:28.000Z"",""act"":""34"",""form"":""8-K"",""fileNumber"":""001-05805"",""filmNumber"":""26888841"",""items"":""8.01,9.01"",""core_type"":""XBRL"",""size"":280009,""isXBRL"":1,""isInlineXBRL"":1,""isXBRLNumeric"":0,""primaryDocument"":""d235028d8k.htm"",""primaryDocDescription"":""8-K""}"
"[""0000019617"",""0001628280-26-025013""]","0000019617","submissions-0000019617","0001628280-26-025013","2026-04-14","2026-04-14","8-K","7.01,9.01","jpm-20260414.htm","https://www.sec.gov/Archives/edgar/data/19617/000162828026025013/jpm-20260414.htm","/filings/recent/13","{""accessionNumber"":""0001628280-26-025013"",""filingDate"":""2026-04-14"",""reportDate"":""2026-04-14"",""acceptanceDateTime"":""2026-04-14T18:05:26.000Z"",""act"":""34"",""form"":""8-K"",""fileNumber"":""001-05805"",""filmNumber"":""26859490"",""items"":""7.01,9.01"",""core_type"":""XBRL"",""size"":3014521,""isXBRL"":1,""isInlineXBRL"":1,""isXBRLNumeric"":0,""primaryDocument"":""jpm-20260414.htm"",""primaryDocDescription"":""8-K""}"
"[""0000019617"",""0001628280-26-024990""]","0000019617","submissions-0000019617","0001628280-26-024990","2026-04-14","2026-04-14","8-K","2.02,9.01","jpm-20260414.htm","https://www.sec.gov/Archives/edgar/data/19617/000162828026024990/jpm-20260414.htm","/filings/recent/14","{""accessionNumber"":""0001628280-26-024990"",""filingDate"":""2026-04-14"",""reportDate"":""2026-04-14"",""acceptanceDateTime"":""2026-04-14T14:32:42.000Z"",""act"":""34"",""form"":""8-K"",""fileNumber"":""001-05805"",""filmNumber"":""26859117"",""items"":""2.02,9.01"",""core_type"":""XBRL"",""size"":3502338,""isXBRL"":1,""isInlineXBRL"":1,""isXBRLNumeric"":0,""primaryDocument"":""jpm-20260414.htm"",""primaryDocDescription"":""8-K""}"
"[""0000019617"",""0001628280-26-010693""]","0000019617","submissions-0000019617","0001628280-26-010693","2026-02-23","2026-02-23","8-K","7.01,9.01","jpm-20260223.htm","https://www.sec.gov/Archives/edgar/data/19617/000162828026010693/jpm-20260223.htm","/filings/recent/15","{""accessionNumber"":""0001628280-26-010693"",""filingDate"":""2026-02-23"",""reportDate"":""2026-02-23"",""acceptanceDateTime"":""2026-02-24T02:39:11.000Z"",""act"":""34"",""form"":""8-K"",""fileNumber"":""001-05805"",""filmNumber"":""26665902"",""items"":""7.01,9.01"",""core_type"":""XBRL"",""size"":6051542,""isXBRL"":1,""isInlineXBRL"":1,""isXBRLNumeric"":null,""primaryDocument"":""jpm-20260223.htm"",""primaryDocDescription"":""8-K""}"
"[""0000019617"",""0001193125-26-039427""]","0000019617","submissions-0000019617","0001193125-26-039427","2026-02-05","2026-02-05","8-K","8.01,9.01","d23804d8k.htm","https://www.sec.gov/Archives/edgar/data/19617/000119312526039427/d23804d8k.htm","/filings/recent/16","{""accessionNumber"":""0001193125-26-039427"",""filingDate"":""2026-02-05"",""reportDate"":""2026-02-05"",""acceptanceDateTime"":""2026-02-06T02:17:31.000Z"",""act"":""34"",""form"":""8-K"",""fileNumber"":""001-05805"",""filmNumber"":""26603131"",""items"":""8.01,9.01"",""core_type"":""XBRL"",""size"":274544,""isXBRL"":1,""isInlineXBRL"":1,""isXBRLNumeric"":null,""primaryDocument"":""d23804d8k.htm"",""primaryDocDescription"":""8-K""}"
"[""0000019617"",""0000019617-26-000052""]","0000019617","submissions-0000019617","0000019617-26-000052","2026-01-22","2026-01-20","8-K","5.02","jpm-20260120.htm","https://www.sec.gov/Archives/edgar/data/19617/000001961726000052/jpm-20260120.htm","/filings/recent/17","{""accessionNumber"":""0000019617-26-000052"",""filingDate"":""2026-01-22"",""reportDate"":""2026-01-20"",""acceptanceDateTime"":""2026-01-23T02:30:18.000Z"",""act"":""34"",""form"":""8-K"",""fileNumber"":""001-05805"",""filmNumber"":""26552088"",""items"":""5.02"",""core_type"":""XBRL"",""size"":287432,""isXBRL"":1,""isInlineXBRL"":1,""isXBRLNumeric"":null,""primaryDocument"":""jpm-20260120.htm"",""primaryDocDescription"":""8-K""}"
"[""0000019617"",""0001193125-26-019450""]","0000019617","submissions-0000019617","0001193125-26-019450","2026-01-22","2026-01-22","8-K","8.01,9.01","d18152d8k.htm","https://www.sec.gov/Archives/edgar/data/19617/000119312526019450/d18152d8k.htm","/filings/recent/18","{""accessionNumber"":""0001193125-26-019450"",""filingDate"":""2026-01-22"",""reportDate"":""2026-01-22"",""acceptanceDateTime"":""2026-01-23T02:15:33.000Z"",""act"":""34"",""form"":""8-K"",""fileNumber"":""001-05805"",""filmNumber"":""26551725"",""items"":""8.01,9.01"",""core_type"":""XBRL"",""size"":276192,""isXBRL"":1,""isInlineXBRL"":1,""isXBRLNumeric"":null,""primaryDocument"":""d18152d8k.htm"",""primaryDocDescription"":""8-K""}"
"[""0000019617"",""0001628280-26-001915""]","0000019617","submissions-0000019617","0001628280-26-001915","2026-01-13","2026-01-13","8-K","7.01,9.01","jpm-20260113.htm","https://www.sec.gov/Archives/edgar/data/19617/000162828026001915/jpm-20260113.htm","/filings/recent/19","{""accessionNumber"":""0001628280-26-001915"",""filingDate"":""2026-01-13"",""reportDate"":""2026-01-13"",""acceptanceDateTime"":""2026-01-13T20:09:19.000Z"",""act"":""34"",""form"":""8-K"",""fileNumber"":""001-05805"",""filmNumber"":""26528752"",""items"":""7.01,9.01"",""core_type"":""XBRL"",""size"":4044732,""isXBRL"":1,""isInlineXBRL"":1,""isXBRLNumeric"":null,""primaryDocument"":""jpm-20260113.htm"",""primaryDocDescription"":""8-K""}"
"[""0000019617"",""0001628280-26-001902""]","0000019617","submissions-0000019617","0001628280-26-001902","2026-01-13","2026-01-13","8-K","2.02,9.01","jpm-20260113.htm","https://www.sec.gov/Archives/edgar/data/19617/000162828026001902/jpm-20260113.htm","/filings/recent/20","{""accessionNumber"":""0001628280-26-001902"",""filingDate"":""2026-01-13"",""reportDate"":""2026-01-13"",""acceptanceDateTime"":""2026-01-13T16:41:09.000Z"",""act"":""34"",""form"":""8-K"",""fileNumber"":""001-05805"",""filmNumber"":""26528368"",""items"":""2.02,9.01"",""core_type"":""XBRL"",""size"":4017631,""isXBRL"":1,""isInlineXBRL"":1,""isXBRLNumeric"":null,""primaryDocument"":""jpm-20260113.htm"",""primaryDocDescription"":""8-K""}"
"[""0000019617"",""0000019617-25-001100""]","0000019617","submissions-0000019617","0000019617-25-001100","2025-12-08","2025-12-07","8-K","5.02","jpm-20251207.htm","https://www.sec.gov/Archives/edgar/data/19617/000001961725001100/jpm-20251207.htm","/filings/recent/21","{""accessionNumber"":""0000019617-25-001100"",""filingDate"":""2025-12-08"",""reportDate"":""2025-12-07"",""acceptanceDateTime"":""2025-12-08T16:30:37.000Z"",""act"":""34"",""form"":""8-K"",""fileNumber"":""001-05805"",""filmNumber"":""251554567"",""items"":""5.02"",""core_type"":""XBRL"",""size"":274833,""isXBRL"":1,""isInlineXBRL"":1,""isXBRLNumeric"":null,""primaryDocument"":""jpm-20251207.htm"",""primaryDocDescription"":""8-K""}"
"[""0000019617"",""0001193125-25-246803""]","0000019617","submissions-0000019617","0001193125-25-246803","2025-10-22","2025-10-22","8-K","8.01,9.01","d33741d8k.htm","https://www.sec.gov/Archives/edgar/data/19617/000119312525246803/d33741d8k.htm","/filings/recent/22","{""accessionNumber"":""0001193125-25-246803"",""filingDate"":""2025-10-22"",""reportDate"":""2025-10-22"",""acceptanceDateTime"":""2025-10-23T00:17:53.000Z"",""act"":""34"",""form"":""8-K"",""fileNumber"":""001-05805"",""filmNumber"":""251410340"",""items"":""8.01,9.01"",""core_type"":""XBRL"",""size"":275915,""isXBRL"":1,""isInlineXBRL"":1,""isXBRLNumeric"":null,""primaryDocument"":""d33741d8k.htm"",""primaryDocDescription"":""8-K""}"
"[""0000019617"",""0001628280-25-044887""]","0000019617","submissions-0000019617","0001628280-25-044887","2025-10-14","2025-10-14","8-K","7.01,9.01","jpm-20251014.htm","https://www.sec.gov/Archives/edgar/data/19617/000162828025044887/jpm-20251014.htm","/filings/recent/23","{""accessionNumber"":""0001628280-25-044887"",""filingDate"":""2025-10-14"",""reportDate"":""2025-10-14"",""acceptanceDateTime"":""2025-10-14T17:49:09.000Z"",""act"":""34"",""form"":""8-K"",""fileNumber"":""001-05805"",""filmNumber"":""251390144"",""items"":""7.01,9.01"",""core_type"":""XBRL"",""size"":2858065,""isXBRL"":1,""isInlineXBRL"":1,""isXBRLNumeric"":null,""primaryDocument"":""jpm-20251014.htm"",""primaryDocDescription"":""8-K""}"
"[""0000019617"",""0001628280-25-044845""]","0000019617","submissions-0000019617","0001628280-25-044845","2025-10-14","2025-10-14","8-K","2.02,9.01","jpm-20251014.htm","https://www.sec.gov/Archives/edgar/data/19617/000162828025044845/jpm-20251014.htm","/filings/recent/24","{""accessionNumber"":""0001628280-25-044845"",""filingDate"":""2025-10-14"",""reportDate"":""2025-10-14"",""acceptanceDateTime"":""2025-10-14T14:30:57.000Z"",""act"":""34"",""form"":""8-K"",""fileNumber"":""001-05805"",""filmNumber"":""251389469"",""items"":""2.02,9.01"",""core_type"":""XBRL"",""size"":4003372,""isXBRL"":1,""isInlineXBRL"":1,""isXBRLNumeric"":null,""primaryDocument"":""jpm-20251014.htm"",""primaryDocDescription"":""8-K""}"
"[""0001403161"",""0001403161-26-000121""]","0001403161","submissions-0001403161","0001403161-26-000121","2026-09-23","2026-09-18","8-K","8.01","v-20260918.htm","https://www.sec.gov/Archives/edgar/data/1403161/000140316126000121/v-20260918.htm","/filings/recent/0","{""accessionNumber"":""0001403161-26-000121"",""filingDate"":""2026-09-23"",""reportDate"":""2026-09-18"",""acceptanceDateTime"":""2026-09-23T20:06:31.000Z"",""act"":""34"",""form"":""8-K"",""fileNumber"":""001-33977"",""filmNumber"":""261401101"",""items"":""8.01"",""core_type"":""XBRL"",""size"":650729,""isXBRL"":1,""isInlineXBRL"":1,""isXBRLNumeric"":0,""primaryDocument"":""v-20260918.htm"",""primaryDocDescription"":""8-K""}"
"[""0001403161"",""0001403161-26-000103""]","0001403161","submissions-0001403161","0001403161-26-000103","2026-07-28","2026-07-28","8-K","2.02,8.01,9.01","v-20260728.htm","https://www.sec.gov/Archives/edgar/data/1403161/000140316126000103/v-20260728.htm","/filings/recent/1","{""accessionNumber"":""0001403161-26-000103"",""filingDate"":""2026-07-28"",""reportDate"":""2026-07-28"",""acceptanceDateTime"":""2026-07-28T20:05:26.000Z"",""act"":""34"",""form"":""8-K"",""fileNumber"":""001-33977"",""filmNumber"":""261211836"",""items"":""2.02,8.01,9.01"",""core_type"":""XBRL"",""size"":1363168,""isXBRL"":1,""isInlineXBRL"":1,""isXBRLNumeric"":0,""primaryDocument"":""v-20260728.htm"",""primaryDocDescription"":""8-K""}"
"[""0001403161"",""0001403161-26-000096""]","0001403161","submissions-0001403161","0001403161-26-000096","2026-07-15","2026-07-14","8-K","5.03,9.01","v-20260714.htm","https://www.sec.gov/Archives/edgar/data/1403161/000140316126000096/v-20260714.htm","/filings/recent/2","{""accessionNumber"":""0001403161-26-000096"",""filingDate"":""2026-07-15"",""reportDate"":""2026-07-14"",""acceptanceDateTime"":""2026-07-15T20:23:24.000Z"",""act"":""34"",""form"":""8-K"",""fileNumber"":""001-33977"",""filmNumber"":""261177627"",""items"":""5.03,9.01"",""core_type"":""XBRL"",""size"":945626,""isXBRL"":1,""isInlineXBRL"":1,""isXBRLNumeric"":0,""primaryDocument"":""v-20260714.htm"",""primaryDocDescription"":""8-K""}"
"[""0001403161"",""0001403161-26-000086""]","0001403161","submissions-0001403161","0001403161-26-000086","2026-06-26","2026-06-24","8-K","8.01","v-20260624.htm","https://www.sec.gov/Archives/edgar/data/1403161/000140316126000086/v-20260624.htm","/filings/recent/3","{""accessionNumber"":""0001403161-26-000086"",""filingDate"":""2026-06-26"",""reportDate"":""2026-06-24"",""acceptanceDateTime"":""2026-06-26T20:07:23.000Z"",""act"":""34"",""form"":""8-K"",""fileNumber"":""001-33977"",""filmNumber"":""261129250"",""items"":""8.01"",""core_type"":""XBRL"",""size"":654093,""isXBRL"":1,""isInlineXBRL"":1,""isXBRLNumeric"":0,""primaryDocument"":""v-20260624.htm"",""primaryDocDescription"":""8-K""}"
"[""0001403161"",""0001193125-26-219432""]","0001403161","submissions-0001403161","0001193125-26-219432","2026-05-12","2026-05-11","8-K","1.01,8.01,9.01","d64238d8k.htm","https://www.sec.gov/Archives/edgar/data/1403161/000119312526219432/d64238d8k.htm","/filings/recent/4","{""accessionNumber"":""0001193125-26-219432"",""filingDate"":""2026-05-12"",""reportDate"":""2026-05-11"",""acceptanceDateTime"":""2026-05-12T20:11:02.000Z"",""act"":""34"",""form"":""8-K"",""fileNumber"":""001-33977"",""filmNumber"":""26968611"",""items"":""1.01,8.01,9.01"",""core_type"":""XBRL"",""size"":373175,""isXBRL"":1,""isInlineXBRL"":1,""isXBRLNumeric"":0,""primaryDocument"":""d64238d8k.htm"",""primaryDocDescription"":""8-K""}"
"[""0001403161"",""0001193125-26-215875""]","0001403161","submissions-0001403161","0001193125-26-215875","2026-05-11","2026-05-11","8-K","7.01,9.01","d59695d8k.htm","https://www.sec.gov/Archives/edgar/data/1403161/000119312526215875/d59695d8k.htm","/filings/recent/5","{""accessionNumber"":""0001193125-26-215875"",""filingDate"":""2026-05-11"",""reportDate"":""2026-05-11"",""acceptanceDateTime"":""2026-05-11T13:10:25.000Z"",""act"":""34"",""form"":""8-K"",""fileNumber"":""001-33977"",""filmNumber"":""26961134"",""items"":""7.01,9.01"",""core_type"":""XBRL"",""size"":249737,""isXBRL"":1,""isInlineXBRL"":1,""isXBRLNumeric"":0,""primaryDocument"":""d59695d8k.htm"",""primaryDocDescription"":""8-K""}"
"[""0001403161"",""0001403161-26-000077""]","0001403161","submissions-0001403161","0001403161-26-000077","2026-04-28","2026-04-28","8-K","2.02,8.01,9.01","v-20260428.htm","https://www.sec.gov/Archives/edgar/data/1403161/000140316126000077/v-20260428.htm","/filings/recent/6","{""accessionNumber"":""0001403161-26-000077"",""filingDate"":""2026-04-28"",""reportDate"":""2026-04-28"",""acceptanceDateTime"":""2026-04-28T20:05:56.000Z"",""act"":""34"",""form"":""8-K"",""fileNumber"":""001-33977"",""filmNumber"":""26907606"",""items"":""2.02,8.01,9.01"",""core_type"":""XBRL"",""size"":1340015,""isXBRL"":1,""isInlineXBRL"":1,""isXBRLNumeric"":0,""primaryDocument"":""v-20260428.htm"",""primaryDocDescription"":""8-K""}"
"[""0001403161"",""0001403161-26-000063""]","0001403161","submissions-0001403161","0001403161-26-000063","2026-02-27","2026-02-25","8-K","8.01","v-20260225.htm","https://www.sec.gov/Archives/edgar/data/1403161/000140316126000063/v-20260225.htm","/filings/recent/7","{""accessionNumber"":""0001403161-26-000063"",""filingDate"":""2026-02-27"",""reportDate"":""2026-02-25"",""acceptanceDateTime"":""2026-02-27T21:06:59.000Z"",""act"":""34"",""form"":""8-K"",""fileNumber"":""001-33977"",""filmNumber"":""26699685"",""items"":""8.01"",""core_type"":""XBRL"",""size"":659336,""isXBRL"":1,""isInlineXBRL"":1,""isXBRLNumeric"":null,""primaryDocument"":""v-20260225.htm"",""primaryDocDescription"":""8-K""}"
"[""0001403161"",""0001403161-26-000049""]","0001403161","submissions-0001403161","0001403161-26-000049","2026-02-13","2026-02-13","8-K","7.01","v-20260213.htm","https://www.sec.gov/Archives/edgar/data/1403161/000140316126000049/v-20260213.htm","/filings/recent/8","{""accessionNumber"":""0001403161-26-000049"",""filingDate"":""2026-02-13"",""reportDate"":""2026-02-13"",""acceptanceDateTime"":""2026-02-13T13:45:50.000Z"",""act"":""34"",""form"":""8-K"",""fileNumber"":""001-33977"",""filmNumber"":""26629100"",""items"":""7.01"",""core_type"":""XBRL"",""size"":3143224,""isXBRL"":1,""isInlineXBRL"":1,""isXBRLNumeric"":null,""primaryDocument"":""v-20260213.htm"",""primaryDocDescription"":""8-K""}"
"[""0001403161"",""0001628280-26-007709""]","0001403161","submissions-0001403161","0001628280-26-007709","2026-02-12","2026-02-03","8-K","8.01,9.01","v-20260203.htm","https://www.sec.gov/Archives/edgar/data/1403161/000162828026007709/v-20260203.htm","/filings/recent/9","{""accessionNumber"":""0001628280-26-007709"",""filingDate"":""2026-02-12"",""reportDate"":""2026-02-03"",""acceptanceDateTime"":""2026-02-12T21:30:37.000Z"",""act"":""34"",""form"":""8-K"",""fileNumber"":""001-33977"",""filmNumber"":""26626762"",""items"":""8.01,9.01"",""core_type"":""XBRL"",""size"":3808124,""isXBRL"":1,""isInlineXBRL"":1,""isXBRLNumeric"":null,""primaryDocument"":""v-20260203.htm"",""primaryDocDescription"":""8-K""}"
"[""0001403161"",""0001403161-26-000044""]","0001403161","submissions-0001403161","0001403161-26-000044","2026-01-29","2026-01-27","8-K","2.02,8.01,9.01","v-20260127.htm","https://www.sec.gov/Archives/edgar/data/1403161/000140316126000044/v-20260127.htm","/filings/recent/10","{""accessionNumber"":""0001403161-26-000044"",""filingDate"":""2026-01-29"",""reportDate"":""2026-01-27"",""acceptanceDateTime"":""2026-01-29T21:05:49.000Z"",""act"":""34"",""form"":""8-K"",""fileNumber"":""001-33977"",""filmNumber"":""26577916"",""items"":""2.02,8.01,9.01"",""core_type"":""XBRL"",""size"":1272112,""isXBRL"":1,""isInlineXBRL"":1,""isXBRLNumeric"":null,""primaryDocument"":""v-20260127.htm"",""primaryDocDescription"":""8-K""}"
"[""0001403161"",""0001403161-26-000029""]","0001403161","submissions-0001403161","0001403161-26-000029","2026-01-28","2026-01-27","8-K","5.03,5.07","v-20260127.htm","https://www.sec.gov/Archives/edgar/data/1403161/000140316126000029/v-20260127.htm","/filings/recent/11","{""accessionNumber"":""0001403161-26-000029"",""filingDate"":""2026-01-28"",""reportDate"":""2026-01-27"",""acceptanceDateTime"":""2026-01-28T21:43:36.000Z"",""act"":""34"",""form"":""8-K"",""fileNumber"":""001-33977"",""filmNumber"":""26573160"",""items"":""5.03,5.07"",""core_type"":""XBRL"",""size"":1368642,""isXBRL"":1,""isInlineXBRL"":1,""isXBRLNumeric"":null,""primaryDocument"":""v-20260127.htm"",""primaryDocDescription"":""8-K""}"
"[""0001403161"",""0001403161-25-000137""]","0001403161","submissions-0001403161","0001403161-25-000137","2025-12-30","2025-12-30","8-K","8.01","v-20251230.htm","https://www.sec.gov/Archives/edgar/data/1403161/000140316125000137/v-20251230.htm","/filings/recent/12","{""accessionNumber"":""0001403161-25-000137"",""filingDate"":""2025-12-30"",""reportDate"":""2025-12-30"",""acceptanceDateTime"":""2025-12-30T21:07:17.000Z"",""act"":""34"",""form"":""8-K"",""fileNumber"":""001-33977"",""filmNumber"":""251614314"",""items"":""8.01"",""core_type"":""XBRL"",""size"":657761,""isXBRL"":1,""isInlineXBRL"":1,""isXBRLNumeric"":null,""primaryDocument"":""v-20251230.htm"",""primaryDocDescription"":""8-K""}"
"[""0001403161"",""0001403161-25-000134""]","0001403161","submissions-0001403161","0001403161-25-000134","2025-12-23","2025-12-23","8-K","8.01","v-20251223.htm","https://www.sec.gov/Archives/edgar/data/1403161/000140316125000134/v-20251223.htm","/filings/recent/13","{""accessionNumber"":""0001403161-25-000134"",""filingDate"":""2025-12-23"",""reportDate"":""2025-12-23"",""acceptanceDateTime"":""2025-12-23T21:06:56.000Z"",""act"":""34"",""form"":""8-K"",""fileNumber"":""001-33977"",""filmNumber"":""251600566"",""items"":""8.01"",""core_type"":""XBRL"",""size"":657021,""isXBRL"":1,""isInlineXBRL"":1,""isXBRLNumeric"":null,""primaryDocument"":""v-20251223.htm"",""primaryDocDescription"":""8-K""}"
"[""0001403161"",""0001403161-25-000093""]","0001403161","submissions-0001403161","0001403161-25-000093","2025-11-10","2025-11-10","8-K","8.01,9.01","v-20251110.htm","https://www.sec.gov/Archives/edgar/data/1403161/000140316125000093/v-20251110.htm","/filings/recent/14","{""accessionNumber"":""0001403161-25-000093"",""filingDate"":""2025-11-10"",""reportDate"":""2025-11-10"",""acceptanceDateTime"":""2025-11-10T13:30:43.000Z"",""act"":""34"",""form"":""8-K"",""fileNumber"":""001-33977"",""filmNumber"":""251464547"",""items"":""8.01,9.01"",""core_type"":""XBRL"",""size"":4226147,""isXBRL"":1,""isInlineXBRL"":1,""isXBRLNumeric"":null,""primaryDocument"":""v-20251110.htm"",""primaryDocDescription"":""8-K""}"
"[""0001403161"",""0001403161-25-000077""]","0001403161","submissions-0001403161","0001403161-25-000077","2025-10-28","2025-10-28","8-K","2.02,8.01,9.01","v-20251028.htm","https://www.sec.gov/Archives/edgar/data/1403161/000140316125000077/v-20251028.htm","/filings/recent/15","{""accessionNumber"":""0001403161-25-000077"",""filingDate"":""2025-10-28"",""reportDate"":""2025-10-28"",""acceptanceDateTime"":""2025-10-28T20:06:03.000Z"",""act"":""34"",""form"":""8-K"",""fileNumber"":""001-33977"",""filmNumber"":""251424811"",""items"":""2.02,8.01,9.01"",""core_type"":""XBRL"",""size"":1382093,""isXBRL"":1,""isInlineXBRL"":1,""isXBRLNumeric"":null,""primaryDocument"":""v-20251028.htm"",""primaryDocDescription"":""8-K""}"
"[""0000070858"",""0000070858-26-000364""]","0000070858","submissions-0000070858","0000070858-26-000364","2026-07-24","2026-07-23","8-K","8.01,9.01","bac-20260723.htm","https://www.sec.gov/Archives/edgar/data/70858/000007085826000364/bac-20260723.htm","/filings/recent/0","{""accessionNumber"":""0000070858-26-000364"",""filingDate"":""2026-07-24"",""reportDate"":""2026-07-23"",""acceptanceDateTime"":""2026-07-24T15:07:02.000Z"",""act"":""34"",""form"":""8-K"",""fileNumber"":""001-06523"",""filmNumber"":""261198441"",""items"":""8.01,9.01"",""core_type"":""XBRL"",""size"":380245,""isXBRL"":1,""isInlineXBRL"":1,""isXBRLNumeric"":0,""primaryDocument"":""bac-20260723.htm"",""primaryDocDescription"":""8-K""}"
"[""0000070858"",""0000070858-26-000353""]","0000070858","submissions-0000070858","0000070858-26-000353","2026-07-14","2026-07-14","8-K","2.02,7.01,9.01","bac-20260714.htm","https://www.sec.gov/Archives/edgar/data/70858/000007085826000353/bac-20260714.htm","/filings/recent/1","{""accessionNumber"":""0000070858-26-000353"",""filingDate"":""2026-07-14"",""reportDate"":""2026-07-14"",""acceptanceDateTime"":""2026-07-14T14:45:08.000Z"",""act"":""34"",""form"":""8-K"",""fileNumber"":""001-06523"",""filmNumber"":""261172507"",""items"":""2.02,7.01,9.01"",""core_type"":""XBRL"",""size"":16811551,""isXBRL"":1,""isInlineXBRL"":1,""isXBRLNumeric"":0,""primaryDocument"":""bac-20260714.htm"",""primaryDocDescription"":""8-K""}"
"[""0000070858"",""0000070858-26-000273""]","0000070858","submissions-0000070858","0000070858-26-000273","2026-05-06","2026-05-04","8-K","5.07","bac-20260504.htm","https://www.sec.gov/Archives/edgar/data/70858/000007085826000273/bac-20260504.htm","/filings/recent/2","{""accessionNumber"":""0000070858-26-000273"",""filingDate"":""2026-05-06"",""reportDate"":""2026-05-04"",""acceptanceDateTime"":""2026-05-07T00:34:21.000Z"",""act"":""34"",""form"":""8-K"",""fileNumber"":""001-06523"",""filmNumber"":""26949104"",""items"":""5.07"",""core_type"":""XBRL"",""size"":375544,""isXBRL"":1,""isInlineXBRL"":1,""isXBRLNumeric"":0,""primaryDocument"":""bac-20260504.htm"",""primaryDocDescription"":""8-K""}"
"[""0000070858"",""0000070858-26-000222""]","0000070858","submissions-0000070858","0000070858-26-000222","2026-04-15","2026-04-15","8-K","2.02,7.01,9.01","bac-20260415.htm","https://www.sec.gov/Archives/edgar/data/70858/000007085826000222/bac-20260415.htm","/filings/recent/3","{""accessionNumber"":""0000070858-26-000222"",""filingDate"":""2026-04-15"",""reportDate"":""2026-04-15"",""acceptanceDateTime"":""2026-04-15T14:44:44.000Z"",""act"":""34"",""form"":""8-K"",""fileNumber"":""001-06523"",""filmNumber"":""26862495"",""items"":""2.02,7.01,9.01"",""core_type"":""XBRL"",""size"":16853351,""isXBRL"":1,""isInlineXBRL"":1,""isXBRLNumeric"":0,""primaryDocument"":""bac-20260415.htm"",""primaryDocDescription"":""8-K""}"
"[""0000070858"",""0000070858-26-000088""]","0000070858","submissions-0000070858","0000070858-26-000088","2026-02-13","2026-02-13","8-K","8.01","bac-20260213.htm","https://www.sec.gov/Archives/edgar/data/70858/000007085826000088/bac-20260213.htm","/filings/recent/4","{""accessionNumber"":""0000070858-26-000088"",""filingDate"":""2026-02-13"",""reportDate"":""2026-02-13"",""acceptanceDateTime"":""2026-02-14T02:44:13.000Z"",""act"":""34"",""form"":""8-K"",""fileNumber"":""001-06523"",""filmNumber"":""26633966"",""items"":""8.01"",""core_type"":""XBRL"",""size"":352972,""isXBRL"":1,""isInlineXBRL"":1,""isXBRLNumeric"":null,""primaryDocument"":""bac-20260213.htm"",""primaryDocDescription"":""8-K""}"
"[""0000070858"",""0000070858-26-000020""]","0000070858","submissions-0000070858","0000070858-26-000020","2026-01-14","2026-01-14","8-K","2.02,7.01,9.01","bac-20260114.htm","https://www.sec.gov/Archives/edgar/data/70858/000007085826000020/bac-20260114.htm","/filings/recent/5","{""accessionNumber"":""0000070858-26-000020"",""filingDate"":""2026-01-14"",""reportDate"":""2026-01-14"",""acceptanceDateTime"":""2026-01-14T16:45:47.000Z"",""act"":""34"",""form"":""8-K"",""fileNumber"":""001-06523"",""filmNumber"":""26531426"",""items"":""2.02,7.01,9.01"",""core_type"":""XBRL"",""size"":16697184,""isXBRL"":1,""isInlineXBRL"":1,""isXBRLNumeric"":null,""primaryDocument"":""bac-20260114.htm"",""primaryDocDescription"":""8-K""}"
"[""0000070858"",""0000070858-26-000011""]","0000070858","submissions-0000070858","0000070858-26-000011","2026-01-06","2026-01-06","8-K","7.01,9.01","bac-20260106.htm","https://www.sec.gov/Archives/edgar/data/70858/000007085826000011/bac-20260106.htm","/filings/recent/6","{""accessionNumber"":""0000070858-26-000011"",""filingDate"":""2026-01-06"",""reportDate"":""2026-01-06"",""acceptanceDateTime"":""2026-01-07T02:43:32.000Z"",""act"":""34"",""form"":""8-K"",""fileNumber"":""001-06523"",""filmNumber"":""26512368"",""items"":""7.01,9.01"",""core_type"":""XBRL"",""size"":3286536,""isXBRL"":1,""isInlineXBRL"":1,""isXBRLNumeric"":null,""primaryDocument"":""bac-20260106.htm"",""primaryDocDescription"":""8-K""}"
"[""0000070858"",""0001193125-25-300649""]","0000070858","submissions-0000070858","0001193125-25-300649","2025-11-26","2025-11-20","8-K","5.02","d949286d8k.htm","https://www.sec.gov/Archives/edgar/data/70858/000119312525300649/d949286d8k.htm","/filings/recent/7","{""accessionNumber"":""0001193125-25-300649"",""filingDate"":""2025-11-26"",""reportDate"":""2025-11-20"",""acceptanceDateTime"":""2025-11-27T02:30:36.000Z"",""act"":""34"",""form"":""8-K"",""fileNumber"":""001-06523"",""filmNumber"":""251530809"",""items"":""5.02"",""core_type"":""XBRL"",""size"":343255,""isXBRL"":1,""isInlineXBRL"":1,""isXBRLNumeric"":null,""primaryDocument"":""d949286d8k.htm"",""primaryDocDescription"":""8-K""}"
"[""0000070858"",""0000070858-25-000395""]","0000070858","submissions-0000070858","0000070858-25-000395","2025-10-16","2025-10-16","8-K","9.01","bac-20251016.htm","https://www.sec.gov/Archives/edgar/data/70858/000007085825000395/bac-20251016.htm","/filings/recent/8","{""accessionNumber"":""0000070858-25-000395"",""filingDate"":""2025-10-16"",""reportDate"":""2025-10-16"",""acceptanceDateTime"":""2025-10-17T01:06:20.000Z"",""act"":""34"",""form"":""8-K"",""fileNumber"":""001-06523"",""filmNumber"":""251398308"",""items"":""9.01"",""core_type"":""XBRL"",""size"":391412,""isXBRL"":1,""isInlineXBRL"":1,""isXBRLNumeric"":null,""primaryDocument"":""bac-20251016.htm"",""primaryDocDescription"":""8-K""}"
"[""0000070858"",""0000070858-25-000390""]","0000070858","submissions-0000070858","0000070858-25-000390","2025-10-15","2025-10-15","8-K","2.02,7.01,9.01","bac-20251015.htm","https://www.sec.gov/Archives/edgar/data/70858/000007085825000390/bac-20251015.htm","/filings/recent/9","{""accessionNumber"":""0000070858-25-000390"",""filingDate"":""2025-10-15"",""reportDate"":""2025-10-15"",""acceptanceDateTime"":""2025-10-15T14:50:29.000Z"",""act"":""34"",""form"":""8-K"",""fileNumber"":""001-06523"",""filmNumber"":""251393385"",""items"":""2.02,7.01,9.01"",""core_type"":""XBRL"",""size"":16260289,""isXBRL"":1,""isInlineXBRL"":1,""isXBRLNumeric"":null,""primaryDocument"":""bac-20251015.htm"",""primaryDocDescription"":""8-K""}"
"[""0000034088"",""0001193125-26-291986""]","0000034088","submissions-0000034088","0001193125-26-291986","2026-07-01","2026-07-01","8-K","1.01,2.01,3.01,3.03,5.02,5.03,9.01","d70995d8k.htm","https://www.sec.gov/Archives/edgar/data/34088/000119312526291986/d70995d8k.htm","/filings/recent/0","{""accessionNumber"":""0001193125-26-291986"",""filingDate"":""2026-07-01"",""reportDate"":""2026-07-01"",""acceptanceDateTime"":""2026-07-01T16:34:56.000Z"",""act"":""34"",""form"":""8-K"",""fileNumber"":""001-02256"",""filmNumber"":""261143831"",""items"":""1.01,2.01,3.01,3.03,5.02,5.03,9.01"",""core_type"":""XBRL"",""size"":316427,""isXBRL"":1,""isInlineXBRL"":1,""isXBRLNumeric"":0,""primaryDocument"":""d70995d8k.htm"",""primaryDocDescription"":""8-K""}"
"[""0000034088"",""0000034088-26-000078""]","0000034088","submissions-0000034088","0000034088-26-000078","2026-05-29","2026-05-27","8-K","5.07","xom-20260527.htm","https://www.sec.gov/Archives/edgar/data/34088/000003408826000078/xom-20260527.htm","/filings/recent/1","{""accessionNumber"":""0000034088-26-000078"",""filingDate"":""2026-05-29"",""reportDate"":""2026-05-27"",""acceptanceDateTime"":""2026-05-29T19:37:06.000Z"",""act"":""34"",""form"":""8-K"",""fileNumber"":""001-02256"",""filmNumber"":""261043818"",""items"":""5.07"",""core_type"":""XBRL"",""size"":255817,""isXBRL"":1,""isInlineXBRL"":1,""isXBRLNumeric"":0,""primaryDocument"":""xom-20260527.htm"",""primaryDocDescription"":""FORM 8-K""}"
"[""0000034088"",""0000034088-26-000069""]","0000034088","submissions-0000034088","0000034088-26-000069","2026-05-04","2026-04-28","8-K","5.02","xom-20260428.htm","https://www.sec.gov/Archives/edgar/data/34088/000003408826000069/xom-20260428.htm","/filings/recent/2","{""accessionNumber"":""0000034088-26-000069"",""filingDate"":""2026-05-04"",""reportDate"":""2026-04-28"",""acceptanceDateTime"":""2026-05-04T20:14:04.000Z"",""act"":""34"",""form"":""8-K"",""fileNumber"":""001-02256"",""filmNumber"":""26937753"",""items"":""5.02"",""core_type"":""XBRL"",""size"":203147,""isXBRL"":1,""isInlineXBRL"":1,""isXBRLNumeric"":0,""primaryDocument"":""xom-20260428.htm"",""primaryDocDescription"":""FORM 8-K""}"
"[""0000034088"",""0000034088-26-000065""]","0000034088","submissions-0000034088","0000034088-26-000065","2026-05-01","2026-05-01","8-K","2.02,7.01","xom-20260501.htm","https://www.sec.gov/Archives/edgar/data/34088/000003408826000065/xom-20260501.htm","/filings/recent/3","{""accessionNumber"":""0000034088-26-000065"",""filingDate"":""2026-05-01"",""reportDate"":""2026-05-01"",""acceptanceDateTime"":""2026-05-01T10:31:52.000Z"",""act"":""34"",""form"":""8-K"",""fileNumber"":""001-02256"",""filmNumber"":""26928777"",""items"":""2.02,7.01"",""core_type"":""XBRL"",""size"":2497766,""isXBRL"":1,""isInlineXBRL"":1,""isXBRLNumeric"":0,""primaryDocument"":""xom-20260501.htm"",""primaryDocDescription"":""FORM 8-K""}"
"[""0000034088"",""0000034088-26-000056""]","0000034088","submissions-0000034088","0000034088-26-000056","2026-04-08","2026-04-08","8-K","7.01","xom-20260408.htm","https://www.sec.gov/Archives/edgar/data/34088/000003408826000056/xom-20260408.htm","/filings/recent/4","{""accessionNumber"":""0000034088-26-000056"",""filingDate"":""2026-04-08"",""reportDate"":""2026-04-08"",""acceptanceDateTime"":""2026-04-08T10:45:20.000Z"",""act"":""34"",""form"":""8-K"",""fileNumber"":""001-02256"",""filmNumber"":""26846486"",""items"":""7.01"",""core_type"":""XBRL"",""size"":383467,""isXBRL"":1,""isInlineXBRL"":1,""isXBRLNumeric"":0,""primaryDocument"":""xom-20260408.htm"",""primaryDocDescription"":""FORM 8-K""}"
"[""0000034088"",""0001193125-26-134838""]","0000034088","submissions-0000034088","0001193125-26-134838","2026-03-31","2026-03-26","8-K","8.01,9.01","d121881d8k.htm","https://www.sec.gov/Archives/edgar/data/34088/000119312526134838/d121881d8k.htm","/filings/recent/5","{""accessionNumber"":""0001193125-26-134838"",""filingDate"":""2026-03-31"",""reportDate"":""2026-03-26"",""acceptanceDateTime"":""2026-03-31T20:52:12.000Z"",""act"":""34"",""form"":""8-K"",""fileNumber"":""001-02256"",""filmNumber"":""26822982"",""items"":""8.01,9.01"",""core_type"":""XBRL"",""size"":540977,""isXBRL"":1,""isInlineXBRL"":1,""isXBRLNumeric"":null,""primaryDocument"":""d121881d8k.htm"",""primaryDocDescription"":""8-K""}"
"[""0000034088"",""0000034088-26-000047""]","0000034088","submissions-0000034088","0000034088-26-000047","2026-02-20","2026-02-18","8-K","5.02","xom-20260218.htm","https://www.sec.gov/Archives/edgar/data/34088/000003408826000047/xom-20260218.htm","/filings/recent/6","{""accessionNumber"":""0000034088-26-000047"",""filingDate"":""2026-02-20"",""reportDate"":""2026-02-18"",""acceptanceDateTime"":""2026-02-20T21:15:04.000Z"",""act"":""34"",""form"":""8-K"",""fileNumber"":""001-02256"",""filmNumber"":""26660085"",""items"":""5.02"",""core_type"":""XBRL"",""size"":203393,""isXBRL"":1,""isInlineXBRL"":1,""isXBRLNumeric"":null,""primaryDocument"":""xom-20260218.htm"",""primaryDocDescription"":""FORM 8-K""}"
"[""0000034088"",""0000034088-26-000033""]","0000034088","submissions-0000034088","0000034088-26-000033","2026-01-30","2026-01-30","8-K","2.02,7.01","xom-20260130.htm","https://www.sec.gov/Archives/edgar/data/34088/000003408826000033/xom-20260130.htm","/filings/recent/7","{""accessionNumber"":""0000034088-26-000033"",""filingDate"":""2026-01-30"",""reportDate"":""2026-01-30"",""acceptanceDateTime"":""2026-01-30T11:31:24.000Z"",""act"":""34"",""form"":""8-K"",""fileNumber"":""001-02256"",""filmNumber"":""26580451"",""items"":""2.02,7.01"",""core_type"":""XBRL"",""size"":1683894,""isXBRL"":1,""isInlineXBRL"":1,""isXBRLNumeric"":null,""primaryDocument"":""xom-20260130.htm"",""primaryDocDescription"":""FORM 8-K""}"
"[""0000034088"",""0000034088-26-000030""]","0000034088","submissions-0000034088","0000034088-26-000030","2026-01-07","2026-01-07","8-K","7.01","xom-20260107.htm","https://www.sec.gov/Archives/edgar/data/34088/000003408826000030/xom-20260107.htm","/filings/recent/8","{""accessionNumber"":""0000034088-26-000030"",""filingDate"":""2026-01-07"",""reportDate"":""2026-01-07"",""acceptanceDateTime"":""2026-01-07T21:03:17.000Z"",""act"":""34"",""form"":""8-K"",""fileNumber"":""001-02256"",""filmNumber"":""26515670"",""items"":""7.01"",""core_type"":""XBRL"",""size"":255527,""isXBRL"":1,""isInlineXBRL"":1,""isXBRLNumeric"":null,""primaryDocument"":""xom-20260107.htm"",""primaryDocDescription"":""FORM 8-K""}"
"[""0000034088"",""0000034088-25-000122""]","0000034088","submissions-0000034088","0000034088-25-000122","2025-12-09","2025-12-08","8-K","5.02","xom-20251208.htm","https://www.sec.gov/Archives/edgar/data/34088/000003408825000122/xom-20251208.htm","/filings/recent/9","{""accessionNumber"":""0000034088-25-000122"",""filingDate"":""2025-12-09"",""reportDate"":""2025-12-08"",""acceptanceDateTime"":""2025-12-09T18:16:10.000Z"",""act"":""34"",""form"":""8-K"",""fileNumber"":""001-02256"",""filmNumber"":""251558358"",""items"":""5.02"",""core_type"":""XBRL"",""size"":210865,""isXBRL"":1,""isInlineXBRL"":1,""isXBRLNumeric"":null,""primaryDocument"":""xom-20251208.htm"",""primaryDocDescription"":""FORM 8-K""}"
"[""0000034088"",""0000034088-25-000074""]","0000034088","submissions-0000034088","0000034088-25-000074","2025-11-18","2025-11-18","8-K","8.01","xom-20251118.htm","https://www.sec.gov/Archives/edgar/data/34088/000003408825000074/xom-20251118.htm","/filings/recent/10","{""accessionNumber"":""0000034088-25-000074"",""filingDate"":""2025-11-18"",""reportDate"":""2025-11-18"",""acceptanceDateTime"":""2025-11-18T18:17:48.000Z"",""act"":""34"",""form"":""8-K"",""fileNumber"":""001-02256"",""filmNumber"":""251493696"",""items"":""8.01"",""core_type"":""XBRL"",""size"":203460,""isXBRL"":1,""isInlineXBRL"":1,""isXBRLNumeric"":null,""primaryDocument"":""xom-20251118.htm"",""primaryDocDescription"":""FORM 8-K""}"
"[""0000034088"",""0001193125-25-279379""]","0000034088","submissions-0000034088","0001193125-25-279379","2025-11-13","2025-11-07","8-K","8.01,9.01","d82416d8k.htm","https://www.sec.gov/Archives/edgar/data/34088/000119312525279379/d82416d8k.htm","/filings/recent/11","{""accessionNumber"":""0001193125-25-279379"",""filingDate"":""2025-11-13"",""reportDate"":""2025-11-07"",""acceptanceDateTime"":""2025-11-13T16:04:02.000Z"",""act"":""34"",""form"":""8-K"",""fileNumber"":""001-02256"",""filmNumber"":""251476236"",""items"":""8.01,9.01"",""core_type"":""XBRL"",""size"":530385,""isXBRL"":1,""isInlineXBRL"":1,""isXBRLNumeric"":null,""primaryDocument"":""d82416d8k.htm"",""primaryDocDescription"":""8-K""}"
"[""0000034088"",""0000034088-25-000063""]","0000034088","submissions-0000034088","0000034088-25-000063","2025-11-03","2025-10-28","8-K","5.02","xom-20251028.htm","https://www.sec.gov/Archives/edgar/data/34088/000003408825000063/xom-20251028.htm","/filings/recent/12","{""accessionNumber"":""0000034088-25-000063"",""filingDate"":""2025-11-03"",""reportDate"":""2025-10-28"",""acceptanceDateTime"":""2025-11-03T20:14:35.000Z"",""act"":""34"",""form"":""8-K"",""fileNumber"":""001-02256"",""filmNumber"":""251443689"",""items"":""5.02"",""core_type"":""XBRL"",""size"":204433,""isXBRL"":1,""isInlineXBRL"":1,""isXBRLNumeric"":null,""primaryDocument"":""xom-20251028.htm"",""primaryDocDescription"":""FORM 8-K""}"
"[""0000034088"",""0000034088-25-000059""]","0000034088","submissions-0000034088","0000034088-25-000059","2025-10-31","2025-10-31","8-K","2.02,7.01","xom-20251031.htm","https://www.sec.gov/Archives/edgar/data/34088/000003408825000059/xom-20251031.htm","/filings/recent/13","{""accessionNumber"":""0000034088-25-000059"",""filingDate"":""2025-10-31"",""reportDate"":""2025-10-31"",""acceptanceDateTime"":""2025-10-31T10:31:49.000Z"",""act"":""34"",""form"":""8-K"",""fileNumber"":""001-02256"",""filmNumber"":""251437860"",""items"":""2.02,7.01"",""core_type"":""XBRL"",""size"":1569988,""isXBRL"":1,""isInlineXBRL"":1,""isXBRLNumeric"":null,""primaryDocument"":""xom-20251031.htm"",""primaryDocDescription"":""FORM 8-K""}"
"[""0000034088"",""0000034088-25-000055""]","0000034088","submissions-0000034088","0000034088-25-000055","2025-10-06","2025-10-06","8-K","7.01","xom-20251006.htm","https://www.sec.gov/Archives/edgar/data/34088/000003408825000055/xom-20251006.htm","/filings/recent/14","{""accessionNumber"":""0000034088-25-000055"",""filingDate"":""2025-10-06"",""reportDate"":""2025-10-06"",""acceptanceDateTime"":""2025-10-06T20:05:15.000Z"",""act"":""34"",""form"":""8-K"",""fileNumber"":""001-02256"",""filmNumber"":""251376883"",""items"":""7.01"",""core_type"":""XBRL"",""size"":249936,""isXBRL"":1,""isInlineXBRL"":1,""isXBRLNumeric"":null,""primaryDocument"":""xom-20251006.htm"",""primaryDocDescription"":""FORM 8-K""}"
"[""0000093410"",""0000093410-26-000162""]","0000093410","submissions-0000093410","0000093410-26-000162","2026-07-31","2026-07-31","8-K","2.02,9.01","cvx-20260731.htm","https://www.sec.gov/Archives/edgar/data/93410/000009341026000162/cvx-20260731.htm","/filings/recent/0","{""accessionNumber"":""0000093410-26-000162"",""filingDate"":""2026-07-31"",""reportDate"":""2026-07-31"",""acceptanceDateTime"":""2026-07-31T14:16:46.000Z"",""act"":""34"",""form"":""8-K"",""fileNumber"":""001-00368"",""filmNumber"":""261225296"",""items"":""2.02,9.01"",""core_type"":""XBRL"",""size"":741863,""isXBRL"":1,""isInlineXBRL"":1,""isXBRLNumeric"":0,""primaryDocument"":""cvx-20260731.htm"",""primaryDocDescription"":""8-K""}"
"[""0000093410"",""0000093410-26-000125""]","0000093410","submissions-0000093410","0000093410-26-000125","2026-05-29","2026-05-27","8-K","5.07","cvx-20260527.htm","https://www.sec.gov/Archives/edgar/data/93410/000009341026000125/cvx-20260527.htm","/filings/recent/1","{""accessionNumber"":""0000093410-26-000125"",""filingDate"":""2026-05-29"",""reportDate"":""2026-05-27"",""acceptanceDateTime"":""2026-05-29T18:12:25.000Z"",""act"":""34"",""form"":""8-K"",""fileNumber"":""001-00368"",""filmNumber"":""261039927"",""items"":""5.07"",""core_type"":""XBRL"",""size"":184177,""isXBRL"":1,""isInlineXBRL"":1,""isXBRLNumeric"":0,""primaryDocument"":""cvx-20260527.htm"",""primaryDocDescription"":""8-K""}"
"[""0000093410"",""0000093410-26-000123""]","0000093410","submissions-0000093410","0000093410-26-000123","2026-05-29","2026-05-27","8-K","5.02","cvx-20260527.htm","https://www.sec.gov/Archives/edgar/data/93410/000009341026000123/cvx-20260527.htm","/filings/recent/2","{""accessionNumber"":""0000093410-26-000123"",""filingDate"":""2026-05-29"",""reportDate"":""2026-05-27"",""acceptanceDateTime"":""2026-05-29T17:13:55.000Z"",""act"":""34"",""form"":""8-K"",""fileNumber"":""001-00368"",""filmNumber"":""261039431"",""items"":""5.02"",""core_type"":""XBRL"",""size"":141947,""isXBRL"":1,""isInlineXBRL"":1,""isXBRLNumeric"":0,""primaryDocument"":""cvx-20260527.htm"",""primaryDocDescription"":""8-K""}"
"[""0000093410"",""0000093410-26-000110""]","0000093410","submissions-0000093410","0000093410-26-000110","2026-05-01","2026-05-01","8-K","2.02,9.01","cvx-20260501.htm","https://www.sec.gov/Archives/edgar/data/93410/000009341026000110/cvx-20260501.htm","/filings/recent/3","{""accessionNumber"":""0000093410-26-000110"",""filingDate"":""2026-05-01"",""reportDate"":""2026-05-01"",""acceptanceDateTime"":""2026-05-01T14:16:43.000Z"",""act"":""34"",""form"":""8-K"",""fileNumber"":""001-00368"",""filmNumber"":""26928761"",""items"":""2.02,9.01"",""core_type"":""XBRL"",""size"":570968,""isXBRL"":1,""isInlineXBRL"":1,""isXBRLNumeric"":0,""primaryDocument"":""cvx-20260501.htm"",""primaryDocDescription"":""8-K""}"
"[""0000093410"",""0000093410-26-000108""]","0000093410","submissions-0000093410","0000093410-26-000108","2026-04-09","2026-04-09","8-K","2.02","cvx-20260409.htm","https://www.sec.gov/Archives/edgar/data/93410/000009341026000108/cvx-20260409.htm","/filings/recent/4","{""accessionNumber"":""0000093410-26-000108"",""filingDate"":""2026-04-09"",""reportDate"":""2026-04-09"",""acceptanceDateTime"":""2026-04-09T15:00:12.000Z"",""act"":""34"",""form"":""8-K"",""fileNumber"":""001-00368"",""filmNumber"":""26849784"",""items"":""2.02"",""core_type"":""XBRL"",""size"":171729,""isXBRL"":1,""isInlineXBRL"":1,""isXBRLNumeric"":0,""primaryDocument"":""cvx-20260409.htm"",""primaryDocDescription"":""8-K""}"
"[""0000093410"",""0000093410-26-000103""]","0000093410","submissions-0000093410","0000093410-26-000103","2026-03-25","2026-03-25","8-K","5.03,9.01","cvx-20260325.htm","https://www.sec.gov/Archives/edgar/data/93410/000009341026000103/cvx-20260325.htm","/filings/recent/5","{""accessionNumber"":""0000093410-26-000103"",""filingDate"":""2026-03-25"",""reportDate"":""2026-03-25"",""acceptanceDateTime"":""2026-03-26T00:36:44.000Z"",""act"":""34"",""form"":""8-K"",""fileNumber"":""001-00368"",""filmNumber"":""26792982"",""items"":""5.03,9.01"",""core_type"":""XBRL"",""size"":314170,""isXBRL"":1,""isInlineXBRL"":1,""isXBRLNumeric"":null,""primaryDocument"":""cvx-20260325.htm"",""primaryDocDescription"":""8-K""}"
"[""0000093410"",""0000093410-26-000021""]","0000093410","submissions-0000093410","0000093410-26-000021","2026-01-30","2026-01-28","8-K","5.02","cvx-20260128.htm","https://www.sec.gov/Archives/edgar/data/93410/000009341026000021/cvx-20260128.htm","/filings/recent/6","{""accessionNumber"":""0000093410-26-000021"",""filingDate"":""2026-01-30"",""reportDate"":""2026-01-28"",""acceptanceDateTime"":""2026-01-31T02:30:32.000Z"",""act"":""34"",""form"":""8-K"",""fileNumber"":""001-00368"",""filmNumber"":""26583891"",""items"":""5.02"",""core_type"":""XBRL"",""size"":144535,""isXBRL"":1,""isInlineXBRL"":1,""isXBRLNumeric"":null,""primaryDocument"":""cvx-20260128.htm"",""primaryDocDescription"":""8-K""}"
"[""0000093410"",""0000093410-26-000019""]","0000093410","submissions-0000093410","0000093410-26-000019","2026-01-30","2026-01-30","8-K","2.02,9.01","cvx-20260130.htm","https://www.sec.gov/Archives/edgar/data/93410/000009341026000019/cvx-20260130.htm","/filings/recent/7","{""accessionNumber"":""0000093410-26-000019"",""filingDate"":""2026-01-30"",""reportDate"":""2026-01-30"",""acceptanceDateTime"":""2026-01-30T16:16:19.000Z"",""act"":""34"",""form"":""8-K"",""fileNumber"":""001-00368"",""filmNumber"":""26580381"",""items"":""2.02,9.01"",""core_type"":""XBRL"",""size"":766161,""isXBRL"":1,""isInlineXBRL"":1,""isXBRLNumeric"":null,""primaryDocument"":""cvx-20260130.htm"",""primaryDocDescription"":""8-K""}"
"[""0000093410"",""0000093410-26-000010""]","0000093410","submissions-0000093410","0000093410-26-000010","2026-01-27","2026-01-27","8-K","5.02","cvx-20260127.htm","https://www.sec.gov/Archives/edgar/data/93410/000009341026000010/cvx-20260127.htm","/filings/recent/8","{""accessionNumber"":""0000093410-26-000010"",""filingDate"":""2026-01-27"",""reportDate"":""2026-01-27"",""acceptanceDateTime"":""2026-01-28T02:45:32.000Z"",""act"":""34"",""form"":""8-K"",""fileNumber"":""001-00368"",""filmNumber"":""26566396"",""items"":""5.02"",""core_type"":""XBRL"",""size"":142812,""isXBRL"":1,""isInlineXBRL"":1,""isXBRLNumeric"":null,""primaryDocument"":""cvx-20260127.htm"",""primaryDocDescription"":""8-K""}"
"[""0000093410"",""0000093410-25-000130""]","0000093410","submissions-0000093410","0000093410-25-000130","2025-12-19","2025-07-28","8-K/A","5.02","cvx-20250728.htm","https://www.sec.gov/Archives/edgar/data/93410/000009341025000130/cvx-20250728.htm","/filings/recent/9","{""accessionNumber"":""0000093410-25-000130"",""filingDate"":""2025-12-19"",""reportDate"":""2025-07-28"",""acceptanceDateTime"":""2025-12-20T02:25:35.000Z"",""act"":""34"",""form"":""8-K/A"",""fileNumber"":""001-00368"",""filmNumber"":""251587890"",""items"":""5.02"",""core_type"":""XBRL"",""size"":145052,""isXBRL"":1,""isInlineXBRL"":1,""isXBRLNumeric"":null,""primaryDocument"":""cvx-20250728.htm"",""primaryDocDescription"":""8-K/A""}"
"[""0000093410"",""0001193125-25-312771""]","0000093410","submissions-0000093410","0001193125-25-312771","2025-12-09","2025-12-09","8-K","8.01,9.01","d47665d8k.htm","https://www.sec.gov/Archives/edgar/data/93410/000119312525312771/d47665d8k.htm","/filings/recent/10","{""accessionNumber"":""0001193125-25-312771"",""filingDate"":""2025-12-09"",""reportDate"":""2025-12-09"",""acceptanceDateTime"":""2025-12-10T02:18:53.000Z"",""act"":""34"",""form"":""8-K"",""fileNumber"":""001-00368"",""filmNumber"":""251559308"",""items"":""8.01,9.01"",""core_type"":""XBRL"",""size"":599326,""isXBRL"":1,""isInlineXBRL"":1,""isXBRLNumeric"":null,""primaryDocument"":""d47665d8k.htm"",""primaryDocDescription"":""8-K""}"
"[""0000093410"",""0000093410-25-000122""]","0000093410","submissions-0000093410","0000093410-25-000122","2025-12-05","2025-12-03","8-K","5.03,8.01,9.01","cvx-20251203.htm","https://www.sec.gov/Archives/edgar/data/93410/000009341025000122/cvx-20251203.htm","/filings/recent/11","{""accessionNumber"":""0000093410-25-000122"",""filingDate"":""2025-12-05"",""reportDate"":""2025-12-03"",""acceptanceDateTime"":""2025-12-06T02:21:15.000Z"",""act"":""34"",""form"":""8-K"",""fileNumber"":""001-00368"",""filmNumber"":""251553233"",""items"":""5.03,8.01,9.01"",""core_type"":""XBRL"",""size"":324465,""isXBRL"":1,""isInlineXBRL"":1,""isXBRLNumeric"":null,""primaryDocument"":""cvx-20251203.htm"",""primaryDocDescription"":""8-K""}"
"[""0000093410"",""0000093410-25-000105""]","0000093410","submissions-0000093410","0000093410-25-000105","2025-11-03","2025-10-29","8-K","5.02","cvx-20251029.htm","https://www.sec.gov/Archives/edgar/data/93410/000009341025000105/cvx-20251029.htm","/filings/recent/12","{""accessionNumber"":""0000093410-25-000105"",""filingDate"":""2025-11-03"",""reportDate"":""2025-10-29"",""acceptanceDateTime"":""2025-11-03T18:11:08.000Z"",""act"":""34"",""form"":""8-K"",""fileNumber"":""001-00368"",""filmNumber"":""251442195"",""items"":""5.02"",""core_type"":""XBRL"",""size"":141714,""isXBRL"":1,""isInlineXBRL"":1,""isXBRLNumeric"":null,""primaryDocument"":""cvx-20251029.htm"",""primaryDocDescription"":""8-K""}"
"[""0000093410"",""0000093410-25-000103""]","0000093410","submissions-0000093410","0000093410-25-000103","2025-10-31","2025-10-31","8-K","2.02,9.01","cvx-20251031.htm","https://www.sec.gov/Archives/edgar/data/93410/000009341025000103/cvx-20251031.htm","/filings/recent/13","{""accessionNumber"":""0000093410-25-000103"",""filingDate"":""2025-10-31"",""reportDate"":""2025-10-31"",""acceptanceDateTime"":""2025-10-31T14:16:33.000Z"",""act"":""34"",""form"":""8-K"",""fileNumber"":""001-00368"",""filmNumber"":""251437848"",""items"":""2.02,9.01"",""core_type"":""XBRL"",""size"":724851,""isXBRL"":1,""isInlineXBRL"":1,""isXBRLNumeric"":null,""primaryDocument"":""cvx-20251031.htm"",""primaryDocDescription"":""8-K""}"
"[""0000200406"",""0000200406-26-000167""]","0000200406","submissions-0000200406","0000200406-26-000167","2026-08-04","2026-08-04","8-K","5.02,9.01","jnj-20260804.htm","https://www.sec.gov/Archives/edgar/data/200406/000020040626000167/jnj-20260804.htm","/filings/recent/0","{""accessionNumber"":""0000200406-26-000167"",""filingDate"":""2026-08-04"",""reportDate"":""2026-08-04"",""acceptanceDateTime"":""2026-08-04T12:48:52.000Z"",""act"":""34"",""form"":""8-K"",""fileNumber"":""001-03215"",""filmNumber"":""261235694"",""items"":""5.02,9.01"",""core_type"":""XBRL"",""size"":285329,""isXBRL"":1,""isInlineXBRL"":1,""isXBRLNumeric"":0,""primaryDocument"":""jnj-20260804.htm"",""primaryDocDescription"":""8-K""}"
"[""0000200406"",""0000200406-26-000163""]","0000200406","submissions-0000200406","0000200406-26-000163","2026-07-29","2026-07-29","8-K","7.01,9.01","jnj-20260729.htm","https://www.sec.gov/Archives/edgar/data/200406/000020040626000163/jnj-20260729.htm","/filings/recent/1","{""accessionNumber"":""0000200406-26-000163"",""filingDate"":""2026-07-29"",""reportDate"":""2026-07-29"",""acceptanceDateTime"":""2026-07-29T21:25:05.000Z"",""act"":""34"",""form"":""8-K"",""fileNumber"":""001-03215"",""filmNumber"":""261219298"",""items"":""7.01,9.01"",""core_type"":""XBRL"",""size"":418260,""isXBRL"":1,""isInlineXBRL"":1,""isXBRLNumeric"":0,""primaryDocument"":""jnj-20260729.htm"",""primaryDocDescription"":""8-K""}"
"[""0000200406"",""0000200406-26-000155""]","0000200406","submissions-0000200406","0000200406-26-000155","2026-07-28","2026-07-27","8-K","7.01,9.01","jnj-20260727.htm","https://www.sec.gov/Archives/edgar/data/200406/000020040626000155/jnj-20260727.htm","/filings/recent/2","{""accessionNumber"":""0000200406-26-000155"",""filingDate"":""2026-07-28"",""reportDate"":""2026-07-27"",""acceptanceDateTime"":""2026-07-28T00:15:31.000Z"",""act"":""34"",""form"":""8-K"",""fileNumber"":""001-03215"",""filmNumber"":""261207169"",""items"":""7.01,9.01"",""core_type"":""XBRL"",""size"":308807,""isXBRL"":1,""isInlineXBRL"":1,""isXBRLNumeric"":0,""primaryDocument"":""jnj-20260727.htm"",""primaryDocDescription"":""8-K""}"
"[""0000200406"",""0000200406-26-000146""]","0000200406","submissions-0000200406","0000200406-26-000146","2026-07-15","2026-07-15","8-K","2.02,9.01","jnj-20260715.htm","https://www.sec.gov/Archives/edgar/data/200406/000020040626000146/jnj-20260715.htm","/filings/recent/3","{""accessionNumber"":""0000200406-26-000146"",""filingDate"":""2026-07-15"",""reportDate"":""2026-07-15"",""acceptanceDateTime"":""2026-07-15T11:49:04.000Z"",""act"":""34"",""form"":""8-K"",""fileNumber"":""001-03215"",""filmNumber"":""261175893"",""items"":""2.02,9.01"",""core_type"":""XBRL"",""size"":1531831,""isXBRL"":1,""isInlineXBRL"":1,""isXBRLNumeric"":0,""primaryDocument"":""jnj-20260715.htm"",""primaryDocDescription"":""8-K""}"
"[""0000200406"",""0000200406-26-000089""]","0000200406","submissions-0000200406","0000200406-26-000089","2026-04-28","2026-04-23","8-K","5.07,9.01","jnj-20260423.htm","https://www.sec.gov/Archives/edgar/data/200406/000020040626000089/jnj-20260423.htm","/filings/recent/4","{""accessionNumber"":""0000200406-26-000089"",""filingDate"":""2026-04-28"",""reportDate"":""2026-04-23"",""acceptanceDateTime"":""2026-04-27T21:33:52.000Z"",""act"":""34"",""form"":""8-K"",""fileNumber"":""001-03215"",""filmNumber"":""26902320"",""items"":""5.07,9.01"",""core_type"":""XBRL"",""size"":299260,""isXBRL"":1,""isInlineXBRL"":1,""isXBRLNumeric"":0,""primaryDocument"":""jnj-20260423.htm"",""primaryDocDescription"":""8-K""}"
"[""0000200406"",""0000200406-26-000076""]","0000200406","submissions-0000200406","0000200406-26-000076","2026-04-14","2026-04-14","8-K","2.02,8.01,9.01","jnj-20260414.htm","https://www.sec.gov/Archives/edgar/data/200406/000020040626000076/jnj-20260414.htm","/filings/recent/5","{""accessionNumber"":""0000200406-26-000076"",""filingDate"":""2026-04-14"",""reportDate"":""2026-04-14"",""acceptanceDateTime"":""2026-04-14T11:35:25.000Z"",""act"":""34"",""form"":""8-K"",""fileNumber"":""001-03215"",""filmNumber"":""26859172"",""items"":""2.02,8.01,9.01"",""core_type"":""XBRL"",""size"":965787,""isXBRL"":1,""isInlineXBRL"":1,""isXBRLNumeric"":0,""primaryDocument"":""jnj-20260414.htm"",""primaryDocDescription"":""8-K""}"
"[""0000200406"",""0000200406-26-000002""]","0000200406","submissions-0000200406","0000200406-26-000002","2026-01-21","2026-01-21","8-K","2.02,9.01","jnj-20260121.htm","https://www.sec.gov/Archives/edgar/data/200406/000020040626000002/jnj-20260121.htm","/filings/recent/6","{""accessionNumber"":""0000200406-26-000002"",""filingDate"":""2026-01-21"",""reportDate"":""2026-01-21"",""acceptanceDateTime"":""2026-01-21T12:46:18.000Z"",""act"":""34"",""form"":""8-K"",""fileNumber"":""001-03215"",""filmNumber"":""26544810"",""items"":""2.02,9.01"",""core_type"":""XBRL"",""size"":1555763,""isXBRL"":1,""isInlineXBRL"":1,""isXBRLNumeric"":null,""primaryDocument"":""jnj-20260121.htm"",""primaryDocDescription"":""8-K""}"
"[""0000200406"",""0000200406-25-000201""]","0000200406","submissions-0000200406","0000200406-25-000201","2025-10-14","2025-10-14","8-K","2.02,8.01,9.01","jnj-20251014.htm","https://www.sec.gov/Archives/edgar/data/200406/000020040625000201/jnj-20251014.htm","/filings/recent/7","{""accessionNumber"":""0000200406-25-000201"",""filingDate"":""2025-10-14"",""reportDate"":""2025-10-14"",""acceptanceDateTime"":""2025-10-14T11:22:58.000Z"",""act"":""34"",""form"":""8-K"",""fileNumber"":""001-03215"",""filmNumber"":""251389620"",""items"":""2.02,8.01,9.01"",""core_type"":""XBRL"",""size"":1553094,""isXBRL"":1,""isInlineXBRL"":1,""isXBRLNumeric"":null,""primaryDocument"":""jnj-20251014.htm"",""primaryDocDescription"":""8-K""}"
"[""0001318605"",""0001628280-26-063820""]","0001318605","submissions-0001318605","0001628280-26-063820","2026-09-29","2026-09-29","8-K","1.01,1.02,2.03,9.01","tsla-20260929.htm","https://www.sec.gov/Archives/edgar/data/1318605/000162828026063820/tsla-20260929.htm","/filings/recent/0","{""accessionNumber"":""0001628280-26-063820"",""filingDate"":""2026-09-29"",""reportDate"":""2026-09-29"",""acceptanceDateTime"":""2026-09-29T20:38:50.000Z"",""act"":""34"",""form"":""8-K"",""fileNumber"":""001-34756"",""filmNumber"":""261424407"",""items"":""1.01,1.02,2.03,9.01"",""core_type"":""XBRL"",""size"":158715,""isXBRL"":1,""isInlineXBRL"":1,""isXBRLNumeric"":0,""primaryDocument"":""tsla-20260929.htm"",""primaryDocDescription"":""8-K""}"
"[""0001318605"",""0001628280-26-049213""]","0001318605","submissions-0001318605","0001628280-26-049213","2026-07-22","2026-07-22","8-K","2.02,9.01","tsla-20260722.htm","https://www.sec.gov/Archives/edgar/data/1318605/000162828026049213/tsla-20260722.htm","/filings/recent/1","{""accessionNumber"":""0001628280-26-049213"",""filingDate"":""2026-07-22"",""reportDate"":""2026-07-22"",""acceptanceDateTime"":""2026-07-22T20:35:52.000Z"",""act"":""34"",""form"":""8-K"",""fileNumber"":""001-34756"",""filmNumber"":""261194091"",""items"":""2.02,9.01"",""core_type"":""XBRL"",""size"":5540214,""isXBRL"":1,""isInlineXBRL"":1,""isXBRLNumeric"":0,""primaryDocument"":""tsla-20260722.htm"",""primaryDocDescription"":""8-K""}"
"[""0001318605"",""0001628280-26-046717""]","0001318605","submissions-0001318605","0001628280-26-046717","2026-07-02","2026-07-02","8-K","2.02,9.01","tsla-20260702.htm","https://www.sec.gov/Archives/edgar/data/1318605/000162828026046717/tsla-20260702.htm","/filings/recent/2","{""accessionNumber"":""0001628280-26-046717"",""filingDate"":""2026-07-02"",""reportDate"":""2026-07-02"",""acceptanceDateTime"":""2026-07-02T13:01:26.000Z"",""act"":""34"",""form"":""8-K"",""fileNumber"":""001-34756"",""filmNumber"":""261148032"",""items"":""2.02,9.01"",""core_type"":""XBRL"",""size"":156958,""isXBRL"":1,""isInlineXBRL"":1,""isXBRLNumeric"":0,""primaryDocument"":""tsla-20260702.htm"",""primaryDocDescription"":""8-K""}"
"[""0001318605"",""0001628280-26-026551""]","0001318605","submissions-0001318605","0001628280-26-026551","2026-04-22","2026-04-22","8-K","2.02,9.01","tsla-20260422.htm","https://www.sec.gov/Archives/edgar/data/1318605/000162828026026551/tsla-20260422.htm","/filings/recent/3","{""accessionNumber"":""0001628280-26-026551"",""filingDate"":""2026-04-22"",""reportDate"":""2026-04-22"",""acceptanceDateTime"":""2026-04-22T20:10:44.000Z"",""act"":""34"",""form"":""8-K"",""fileNumber"":""001-34756"",""filmNumber"":""26883889"",""items"":""2.02,9.01"",""core_type"":""XBRL"",""size"":5825753,""isXBRL"":1,""isInlineXBRL"":1,""isXBRLNumeric"":0,""primaryDocument"":""tsla-20260422.htm"",""primaryDocDescription"":""8-K""}"
"[""0001318605"",""0001628280-26-022956""]","0001318605","submissions-0001318605","0001628280-26-022956","2026-04-02","2026-04-02","8-K","2.02,9.01","tsla-20260402.htm","https://www.sec.gov/Archives/edgar/data/1318605/000162828026022956/tsla-20260402.htm","/filings/recent/4","{""accessionNumber"":""0001628280-26-022956"",""filingDate"":""2026-04-02"",""reportDate"":""2026-04-02"",""acceptanceDateTime"":""2026-04-02T13:07:13.000Z"",""act"":""34"",""form"":""8-K"",""fileNumber"":""001-34756"",""filmNumber"":""26830913"",""items"":""2.02,9.01"",""core_type"":""XBRL"",""size"":156981,""isXBRL"":1,""isInlineXBRL"":1,""isXBRLNumeric"":null,""primaryDocument"":""tsla-20260402.htm"",""primaryDocDescription"":""8-K""}"
"[""0001318605"",""0001628280-26-003837""]","0001318605","submissions-0001318605","0001628280-26-003837","2026-01-28","2026-01-28","8-K","2.02,9.01","tsla-20260128.htm","https://www.sec.gov/Archives/edgar/data/1318605/000162828026003837/tsla-20260128.htm","/filings/recent/5","{""accessionNumber"":""0001628280-26-003837"",""filingDate"":""2026-01-28"",""reportDate"":""2026-01-28"",""acceptanceDateTime"":""2026-01-28T21:11:04.000Z"",""act"":""34"",""form"":""8-K"",""fileNumber"":""001-34756"",""filmNumber"":""26572582"",""items"":""2.02,9.01"",""core_type"":""XBRL"",""size"":5270374,""isXBRL"":1,""isInlineXBRL"":1,""isXBRLNumeric"":null,""primaryDocument"":""tsla-20260128.htm"",""primaryDocDescription"":""8-K""}"
"[""0001318605"",""0001628280-26-000016""]","0001318605","submissions-0001318605","0001628280-26-000016","2026-01-02","2026-01-02","8-K","2.02,9.01","tsla-20260102.htm","https://www.sec.gov/Archives/edgar/data/1318605/000162828026000016/tsla-20260102.htm","/filings/recent/6","{""accessionNumber"":""0001628280-26-000016"",""filingDate"":""2026-01-02"",""reportDate"":""2026-01-02"",""acceptanceDateTime"":""2026-01-02T14:20:13.000Z"",""act"":""34"",""form"":""8-K"",""fileNumber"":""001-34756"",""filmNumber"":""26500435"",""items"":""2.02,9.01"",""core_type"":""XBRL"",""size"":161994,""isXBRL"":1,""isInlineXBRL"":1,""isXBRLNumeric"":null,""primaryDocument"":""tsla-20260102.htm"",""primaryDocDescription"":""8-K""}"
"[""0001318605"",""0001104659-25-108507""]","0001318605","submissions-0001318605","0001104659-25-108507","2025-11-07","2025-11-06","8-K","5.02,5.07,9.01","tm2530590d1_8k.htm","https://www.sec.gov/Archives/edgar/data/1318605/000110465925108507/tm2530590d1_8k.htm","/filings/recent/7","{""accessionNumber"":""0001104659-25-108507"",""filingDate"":""2025-11-07"",""reportDate"":""2025-11-06"",""acceptanceDateTime"":""2025-11-07T21:27:23.000Z"",""act"":""34"",""form"":""8-K"",""fileNumber"":""001-34756"",""filmNumber"":""251463044"",""items"":""5.02,5.07,9.01"",""core_type"":""XBRL"",""size"":691121,""isXBRL"":1,""isInlineXBRL"":1,""isXBRLNumeric"":null,""primaryDocument"":""tm2530590d1_8k.htm"",""primaryDocDescription"":""FORM 8-K""}"
"[""0001318605"",""0001628280-25-045861""]","0001318605","submissions-0001318605","0001628280-25-045861","2025-10-22","2025-10-22","8-K","2.02,9.01","tsla-20251022.htm","https://www.sec.gov/Archives/edgar/data/1318605/000162828025045861/tsla-20251022.htm","/filings/recent/8","{""accessionNumber"":""0001628280-25-045861"",""filingDate"":""2025-10-22"",""reportDate"":""2025-10-22"",""acceptanceDateTime"":""2025-10-22T20:06:36.000Z"",""act"":""34"",""form"":""8-K"",""fileNumber"":""001-34756"",""filmNumber"":""251410180"",""items"":""2.02,9.01"",""core_type"":""XBRL"",""size"":4330240,""isXBRL"":1,""isInlineXBRL"":1,""isXBRLNumeric"":null,""primaryDocument"":""tsla-20251022.htm"",""primaryDocDescription"":""8-K""}"
"[""0001318605"",""0001628280-25-043530""]","0001318605","submissions-0001318605","0001628280-25-043530","2025-10-02","2025-10-02","8-K","2.02,9.01","tsla-20251002.htm","https://www.sec.gov/Archives/edgar/data/1318605/000162828025043530/tsla-20251002.htm","/filings/recent/9","{""accessionNumber"":""0001628280-25-043530"",""filingDate"":""2025-10-02"",""reportDate"":""2025-10-02"",""acceptanceDateTime"":""2025-10-02T13:04:54.000Z"",""act"":""34"",""form"":""8-K"",""fileNumber"":""001-34756"",""filmNumber"":""251367164"",""items"":""2.02,9.01"",""core_type"":""XBRL"",""size"":157635,""isXBRL"":1,""isInlineXBRL"":1,""isXBRLNumeric"":null,""primaryDocument"":""tsla-20251002.htm"",""primaryDocDescription"":""8-K""}"
"[""0000731766"",""0000731766-26-000205""]","0000731766","submissions-0000731766","0000731766-26-000205","2026-09-08","2026-09-08","8-K","7.01","unh-20260908.htm","https://www.sec.gov/Archives/edgar/data/731766/000073176626000205/unh-20260908.htm","/filings/recent/0","{""accessionNumber"":""0000731766-26-000205"",""filingDate"":""2026-09-08"",""reportDate"":""2026-09-08"",""acceptanceDateTime"":""2026-09-09T00:04:56.000Z"",""act"":""34"",""form"":""8-K"",""fileNumber"":""001-10864"",""filmNumber"":""261365074"",""items"":""7.01"",""core_type"":""XBRL"",""size"":190607,""isXBRL"":1,""isInlineXBRL"":1,""isXBRLNumeric"":0,""primaryDocument"":""unh-20260908.htm"",""primaryDocDescription"":""8-K""}"
"[""0000731766"",""0000731766-26-000191""]","0000731766","submissions-0000731766","0000731766-26-000191","2026-07-16","2026-07-16","8-K","2.02,9.01","unh-20260716.htm","https://www.sec.gov/Archives/edgar/data/731766/000073176626000191/unh-20260716.htm","/filings/recent/1","{""accessionNumber"":""0000731766-26-000191"",""filingDate"":""2026-07-16"",""reportDate"":""2026-07-16"",""acceptanceDateTime"":""2026-07-16T14:00:59.000Z"",""act"":""34"",""form"":""8-K"",""fileNumber"":""001-10864"",""filmNumber"":""261178595"",""items"":""2.02,9.01"",""core_type"":""XBRL"",""size"":8982219,""isXBRL"":1,""isInlineXBRL"":1,""isXBRLNumeric"":0,""primaryDocument"":""unh-20260716.htm"",""primaryDocDescription"":""8-K""}"
"[""0000731766"",""0000731766-26-000138""]","0000731766","submissions-0000731766","0000731766-26-000138","2026-06-05","2026-06-01","8-K","5.07","unh-20260601.htm","https://www.sec.gov/Archives/edgar/data/731766/000073176626000138/unh-20260601.htm","/filings/recent/2","{""accessionNumber"":""0000731766-26-000138"",""filingDate"":""2026-06-05"",""reportDate"":""2026-06-01"",""acceptanceDateTime"":""2026-06-06T00:17:52.000Z"",""act"":""34"",""form"":""8-K"",""fileNumber"":""001-10864"",""filmNumber"":""261069353"",""items"":""5.07"",""core_type"":""XBRL"",""size"":216996,""isXBRL"":1,""isInlineXBRL"":1,""isXBRLNumeric"":0,""primaryDocument"":""unh-20260601.htm"",""primaryDocDescription"":""8-K""}"
"[""0000731766"",""0000731766-26-000129""]","0000731766","submissions-0000731766","0000731766-26-000129","2026-05-11","2026-05-11","8-K","7.01","unh-20260511.htm","https://www.sec.gov/Archives/edgar/data/731766/000073176626000129/unh-20260511.htm","/filings/recent/3","{""accessionNumber"":""0000731766-26-000129"",""filingDate"":""2026-05-11"",""reportDate"":""2026-05-11"",""acceptanceDateTime"":""2026-05-12T01:28:55.000Z"",""act"":""34"",""form"":""8-K"",""fileNumber"":""001-10864"",""filmNumber"":""26964626"",""items"":""7.01"",""core_type"":""XBRL"",""size"":190186,""isXBRL"":1,""isInlineXBRL"":1,""isXBRLNumeric"":0,""primaryDocument"":""unh-20260511.htm"",""primaryDocDescription"":""8-K""}"
"[""0000731766"",""0000731766-26-000121""]","0000731766","submissions-0000731766","0000731766-26-000121","2026-04-21","2026-04-21","8-K","2.02,9.01","unh-20260421.htm","https://www.sec.gov/Archives/edgar/data/731766/000073176626000121/unh-20260421.htm","/filings/recent/4","{""accessionNumber"":""0000731766-26-000121"",""filingDate"":""2026-04-21"",""reportDate"":""2026-04-21"",""acceptanceDateTime"":""2026-04-21T14:02:24.000Z"",""act"":""34"",""form"":""8-K"",""fileNumber"":""001-10864"",""filmNumber"":""26876639"",""items"":""2.02,9.01"",""core_type"":""XBRL"",""size"":7884736,""isXBRL"":1,""isInlineXBRL"":1,""isXBRLNumeric"":0,""primaryDocument"":""unh-20260421.htm"",""primaryDocDescription"":""8-K""}"
"[""0000731766"",""0000731766-26-000067""]","0000731766","submissions-0000731766","0000731766-26-000067","2026-03-09","2026-03-09","8-K","7.01","unh-20260309.htm","https://www.sec.gov/Archives/edgar/data/731766/000073176626000067/unh-20260309.htm","/filings/recent/5","{""accessionNumber"":""0000731766-26-000067"",""filingDate"":""2026-03-09"",""reportDate"":""2026-03-09"",""acceptanceDateTime"":""2026-03-10T00:33:13.000Z"",""act"":""34"",""form"":""8-K"",""fileNumber"":""001-10864"",""filmNumber"":""26735519"",""items"":""7.01"",""core_type"":""XBRL"",""size"":190536,""isXBRL"":1,""isInlineXBRL"":1,""isXBRLNumeric"":null,""primaryDocument"":""unh-20260309.htm"",""primaryDocDescription"":""8-K""}"
"[""0000731766"",""0000731766-26-000064""]","0000731766","submissions-0000731766","0000731766-26-000064","2026-03-02","2026-02-24","8-K","5.02","unh-20260224.htm","https://www.sec.gov/Archives/edgar/data/731766/000073176626000064/unh-20260224.htm","/filings/recent/6","{""accessionNumber"":""0000731766-26-000064"",""filingDate"":""2026-03-02"",""reportDate"":""2026-02-24"",""acceptanceDateTime"":""2026-03-02T19:21:03.000Z"",""act"":""34"",""form"":""8-K"",""fileNumber"":""001-10864"",""filmNumber"":""26703877"",""items"":""5.02"",""core_type"":""XBRL"",""size"":193291,""isXBRL"":1,""isInlineXBRL"":1,""isXBRLNumeric"":null,""primaryDocument"":""unh-20260224.htm"",""primaryDocDescription"":""8-K""}"
"[""0000731766"",""0000731766-26-000046""]","0000731766","submissions-0000731766","0000731766-26-000046","2026-02-25","2026-02-23","8-K","5.02","unh-20260223.htm","https://www.sec.gov/Archives/edgar/data/731766/000073176626000046/unh-20260223.htm","/filings/recent/7","{""accessionNumber"":""0000731766-26-000046"",""filingDate"":""2026-02-25"",""reportDate"":""2026-02-23"",""acceptanceDateTime"":""2026-02-25T16:23:37.000Z"",""act"":""34"",""form"":""8-K"",""fileNumber"":""001-10864"",""filmNumber"":""26674089"",""items"":""5.02"",""core_type"":""XBRL"",""size"":189537,""isXBRL"":1,""isInlineXBRL"":1,""isXBRLNumeric"":null,""primaryDocument"":""unh-20260223.htm"",""primaryDocDescription"":""8-K""}"
"[""0000731766"",""0000731766-26-000025""]","0000731766","submissions-0000731766","0000731766-26-000025","2026-01-27","2026-01-27","8-K","2.02,9.01","unh-20260127.htm","https://www.sec.gov/Archives/edgar/data/731766/000073176626000025/unh-20260127.htm","/filings/recent/8","{""accessionNumber"":""0000731766-26-000025"",""filingDate"":""2026-01-27"",""reportDate"":""2026-01-27"",""acceptanceDateTime"":""2026-01-27T16:02:29.000Z"",""act"":""34"",""form"":""8-K"",""fileNumber"":""001-10864"",""filmNumber"":""26561969"",""items"":""2.02,9.01"",""core_type"":""XBRL"",""size"":10406438,""isXBRL"":1,""isInlineXBRL"":1,""isXBRLNumeric"":null,""primaryDocument"":""unh-20260127.htm"",""primaryDocDescription"":""8-K""}"
"[""0000731766"",""0000731766-26-000020""]","0000731766","submissions-0000731766","0000731766-26-000020","2026-01-12","2026-01-12","8-K","7.01","unh-20260112.htm","https://www.sec.gov/Archives/edgar/data/731766/000073176626000020/unh-20260112.htm","/filings/recent/9","{""accessionNumber"":""0000731766-26-000020"",""filingDate"":""2026-01-12"",""reportDate"":""2026-01-12"",""acceptanceDateTime"":""2026-01-12T16:58:08.000Z"",""act"":""34"",""form"":""8-K"",""fileNumber"":""001-10864"",""filmNumber"":""26524610"",""items"":""7.01"",""core_type"":""XBRL"",""size"":190206,""isXBRL"":1,""isInlineXBRL"":1,""isXBRLNumeric"":null,""primaryDocument"":""unh-20260112.htm"",""primaryDocDescription"":""8-K""}"
"[""0000731766"",""0000731766-25-000314""]","0000731766","submissions-0000731766","0000731766-25-000314","2025-11-21","2025-11-18","8-K","5.02","unh-20251118.htm","https://www.sec.gov/Archives/edgar/data/731766/000073176625000314/unh-20251118.htm","/filings/recent/10","{""accessionNumber"":""0000731766-25-000314"",""filingDate"":""2025-11-21"",""reportDate"":""2025-11-18"",""acceptanceDateTime"":""2025-11-22T03:20:04.000Z"",""act"":""34"",""form"":""8-K"",""fileNumber"":""001-10864"",""filmNumber"":""251509039"",""items"":""5.02"",""core_type"":""XBRL"",""size"":194794,""isXBRL"":1,""isInlineXBRL"":1,""isXBRLNumeric"":null,""primaryDocument"":""unh-20251118.htm"",""primaryDocDescription"":""8-K""}"
"[""0000731766"",""0000731766-25-000310""]","0000731766","submissions-0000731766","0000731766-25-000310","2025-11-13","2025-11-06","8-K","5.03","unh-20251106.htm","https://www.sec.gov/Archives/edgar/data/731766/000073176625000310/unh-20251106.htm","/filings/recent/11","{""accessionNumber"":""0000731766-25-000310"",""filingDate"":""2025-11-13"",""reportDate"":""2025-11-06"",""acceptanceDateTime"":""2025-11-14T02:02:22.000Z"",""act"":""34"",""form"":""8-K"",""fileNumber"":""001-10864"",""filmNumber"":""251478208"",""items"":""5.03"",""core_type"":""XBRL"",""size"":376712,""isXBRL"":1,""isInlineXBRL"":1,""isXBRLNumeric"":null,""primaryDocument"":""unh-20251106.htm"",""primaryDocDescription"":""8-K""}"
"[""0000731766"",""0000731766-25-000308""]","0000731766","submissions-0000731766","0000731766-25-000308","2025-11-07","2025-11-07","8-K","7.01","unh-20251107.htm","https://www.sec.gov/Archives/edgar/data/731766/000073176625000308/unh-20251107.htm","/filings/recent/12","{""accessionNumber"":""0000731766-25-000308"",""filingDate"":""2025-11-07"",""reportDate"":""2025-11-07"",""acceptanceDateTime"":""2025-11-08T02:13:36.000Z"",""act"":""34"",""form"":""8-K"",""fileNumber"":""001-10864"",""filmNumber"":""251462801"",""items"":""7.01"",""core_type"":""XBRL"",""size"":191397,""isXBRL"":1,""isInlineXBRL"":1,""isXBRLNumeric"":null,""primaryDocument"":""unh-20251107.htm"",""primaryDocDescription"":""8-K""}"
"[""0000731766"",""0000731766-25-000301""]","0000731766","submissions-0000731766","0000731766-25-000301","2025-10-28","2025-10-28","8-K","2.02,9.01","unh-20251028.htm","https://www.sec.gov/Archives/edgar/data/731766/000073176625000301/unh-20251028.htm","/filings/recent/13","{""accessionNumber"":""0000731766-25-000301"",""filingDate"":""2025-10-28"",""reportDate"":""2025-10-28"",""acceptanceDateTime"":""2025-10-28T14:02:08.000Z"",""act"":""34"",""form"":""8-K"",""fileNumber"":""001-10864"",""filmNumber"":""251421177"",""items"":""2.02,9.01"",""core_type"":""XBRL"",""size"":520841,""isXBRL"":1,""isInlineXBRL"":1,""isXBRLNumeric"":null,""primaryDocument"":""unh-20251028.htm"",""primaryDocDescription"":""8-K""}"
"[""0000080424"",""0000080424-26-000097""]","0000080424","submissions-0000080424","0000080424-26-000097","2026-07-29","2026-07-29","8-K","7.01,9.01","pg-20260729.htm","https://www.sec.gov/Archives/edgar/data/80424/000008042426000097/pg-20260729.htm","/filings/recent/0","{""accessionNumber"":""0000080424-26-000097"",""filingDate"":""2026-07-29"",""reportDate"":""2026-07-29"",""acceptanceDateTime"":""2026-07-29T18:38:23.000Z"",""act"":""34"",""form"":""8-K"",""fileNumber"":""001-00434"",""filmNumber"":""261214850"",""items"":""7.01,9.01"",""core_type"":""XBRL"",""size"":6255479,""isXBRL"":1,""isInlineXBRL"":1,""isXBRLNumeric"":0,""primaryDocument"":""pg-20260729.htm"",""primaryDocDescription"":""8-K""}"
"[""0000080424"",""0000080424-26-000094""]","0000080424","submissions-0000080424","0000080424-26-000094","2026-07-29","2026-07-29","8-K","5.02,7.01,9.01","pg-20260729.htm","https://www.sec.gov/Archives/edgar/data/80424/000008042426000094/pg-20260729.htm","/filings/recent/1","{""accessionNumber"":""0000080424-26-000094"",""filingDate"":""2026-07-29"",""reportDate"":""2026-07-29"",""acceptanceDateTime"":""2026-07-29T15:05:06.000Z"",""act"":""34"",""form"":""8-K"",""fileNumber"":""001-00434"",""filmNumber"":""261213939"",""items"":""5.02,7.01,9.01"",""core_type"":""XBRL"",""size"":404915,""isXBRL"":1,""isInlineXBRL"":1,""isXBRLNumeric"":0,""primaryDocument"":""pg-20260729.htm"",""primaryDocDescription"":""8-K""}"
"[""0000080424"",""0000080424-26-000093""]","0000080424","submissions-0000080424","0000080424-26-000093","2026-07-29","2026-07-29","8-K","2.02,9.01","pg-20260729.htm","https://www.sec.gov/Archives/edgar/data/80424/000008042426000093/pg-20260729.htm","/filings/recent/2","{""accessionNumber"":""0000080424-26-000093"",""filingDate"":""2026-07-29"",""reportDate"":""2026-07-29"",""acceptanceDateTime"":""2026-07-29T15:03:12.000Z"",""act"":""34"",""form"":""8-K"",""fileNumber"":""001-00434"",""filmNumber"":""261213934"",""items"":""2.02,9.01"",""core_type"":""XBRL"",""size"":841200,""isXBRL"":1,""isInlineXBRL"":1,""isXBRLNumeric"":0,""primaryDocument"":""pg-20260729.htm"",""primaryDocDescription"":""FY2526 Q4 AMJ 8-K""}"
"[""0000080424"",""0000080424-26-000082""]","0000080424","submissions-0000080424","0000080424-26-000082","2026-07-14","2026-07-14","8-K","7.01,9.01","pg-20260714.htm","https://www.sec.gov/Archives/edgar/data/80424/000008042426000082/pg-20260714.htm","/filings/recent/3","{""accessionNumber"":""0000080424-26-000082"",""filingDate"":""2026-07-14"",""reportDate"":""2026-07-14"",""acceptanceDateTime"":""2026-07-15T00:19:08.000Z"",""act"":""34"",""form"":""8-K"",""fileNumber"":""001-00434"",""filmNumber"":""261174490"",""items"":""7.01,9.01"",""core_type"":""XBRL"",""size"":403769,""isXBRL"":1,""isInlineXBRL"":1,""isXBRLNumeric"":0,""primaryDocument"":""pg-20260714.htm"",""primaryDocDescription"":""8-K""}"
"[""0000080424"",""0000080424-26-000057""]","0000080424","submissions-0000080424","0000080424-26-000057","2026-04-24","2026-04-24","8-K","7.01,9.01","pg-20260424.htm","https://www.sec.gov/Archives/edgar/data/80424/000008042426000057/pg-20260424.htm","/filings/recent/4","{""accessionNumber"":""0000080424-26-000057"",""filingDate"":""2026-04-24"",""reportDate"":""2026-04-24"",""acceptanceDateTime"":""2026-04-24T18:02:12.000Z"",""act"":""34"",""form"":""8-K"",""fileNumber"":""001-00434"",""filmNumber"":""26890982"",""items"":""7.01,9.01"",""core_type"":""XBRL"",""size"":4978131,""isXBRL"":1,""isInlineXBRL"":1,""isXBRLNumeric"":0,""primaryDocument"":""pg-20260424.htm"",""primaryDocDescription"":""8-K""}"
"[""0000080424"",""0000080424-26-000056""]","0000080424","submissions-0000080424","0000080424-26-000056","2026-04-24","2026-04-24","8-K","2.02,9.01","pg-20260424.htm","https://www.sec.gov/Archives/edgar/data/80424/000008042426000056/pg-20260424.htm","/filings/recent/5","{""accessionNumber"":""0000080424-26-000056"",""filingDate"":""2026-04-24"",""reportDate"":""2026-04-24"",""acceptanceDateTime"":""2026-04-24T15:01:47.000Z"",""act"":""34"",""form"":""8-K"",""fileNumber"":""001-00434"",""filmNumber"":""26890438"",""items"":""2.02,9.01"",""core_type"":""XBRL"",""size"":669517,""isXBRL"":1,""isInlineXBRL"":1,""isXBRLNumeric"":0,""primaryDocument"":""pg-20260424.htm"",""primaryDocDescription"":""FY2526 Q3 JFM 8-K""}"
"[""0000080424"",""0000080424-26-000048""]","0000080424","submissions-0000080424","0000080424-26-000048","2026-04-14","2026-04-14","8-K","7.01,9.01","pg-20260414.htm","https://www.sec.gov/Archives/edgar/data/80424/000008042426000048/pg-20260414.htm","/filings/recent/6","{""accessionNumber"":""0000080424-26-000048"",""filingDate"":""2026-04-14"",""reportDate"":""2026-04-14"",""acceptanceDateTime"":""2026-04-15T00:17:07.000Z"",""act"":""34"",""form"":""8-K"",""fileNumber"":""001-00434"",""filmNumber"":""26861017"",""items"":""7.01,9.01"",""core_type"":""XBRL"",""size"":404416,""isXBRL"":1,""isInlineXBRL"":1,""isXBRLNumeric"":0,""primaryDocument"":""pg-20260414.htm"",""primaryDocDescription"":""8-K""}"
"[""0000080424"",""0000080424-26-000009""]","0000080424","submissions-0000080424","0000080424-26-000009","2026-01-22","2026-01-22","8-K","7.01,9.01","pg-20260122.htm","https://www.sec.gov/Archives/edgar/data/80424/000008042426000009/pg-20260122.htm","/filings/recent/7","{""accessionNumber"":""0000080424-26-000009"",""filingDate"":""2026-01-22"",""reportDate"":""2026-01-22"",""acceptanceDateTime"":""2026-01-22T21:53:22.000Z"",""act"":""34"",""form"":""8-K"",""fileNumber"":""001-00434"",""filmNumber"":""26550513"",""items"":""7.01,9.01"",""core_type"":""XBRL"",""size"":4609913,""isXBRL"":1,""isInlineXBRL"":1,""isXBRLNumeric"":null,""primaryDocument"":""pg-20260122.htm"",""primaryDocDescription"":""8-K""}"
"[""0000080424"",""0000080424-26-000006""]","0000080424","submissions-0000080424","0000080424-26-000006","2026-01-22","2026-01-22","8-K","2.02,9.01","pg-20260122.htm","https://www.sec.gov/Archives/edgar/data/80424/000008042426000006/pg-20260122.htm","/filings/recent/8","{""accessionNumber"":""0000080424-26-000006"",""filingDate"":""2026-01-22"",""reportDate"":""2026-01-22"",""acceptanceDateTime"":""2026-01-22T17:02:05.000Z"",""act"":""34"",""form"":""8-K"",""fileNumber"":""001-00434"",""filmNumber"":""26549669"",""items"":""2.02,9.01"",""core_type"":""XBRL"",""size"":658025,""isXBRL"":1,""isInlineXBRL"":1,""isXBRLNumeric"":null,""primaryDocument"":""pg-20260122.htm"",""primaryDocDescription"":""FY2526 Q2 OND 8-K""}"
"[""0000080424"",""0000080424-26-000002""]","0000080424","submissions-0000080424","0000080424-26-000002","2026-01-13","2026-01-13","8-K","7.01,9.01","pg-20260113.htm","https://www.sec.gov/Archives/edgar/data/80424/000008042426000002/pg-20260113.htm","/filings/recent/9","{""accessionNumber"":""0000080424-26-000002"",""filingDate"":""2026-01-13"",""reportDate"":""2026-01-13"",""acceptanceDateTime"":""2026-01-14T02:27:59.000Z"",""act"":""34"",""form"":""8-K"",""fileNumber"":""001-00434"",""filmNumber"":""26530368"",""items"":""7.01,9.01"",""core_type"":""XBRL"",""size"":401517,""isXBRL"":1,""isInlineXBRL"":1,""isXBRLNumeric"":null,""primaryDocument"":""pg-20260113.htm"",""primaryDocDescription"":""8-K""}"
"[""0000080424"",""0000080424-25-000287""]","0000080424","submissions-0000080424","0000080424-25-000287","2025-12-15","2025-12-15","8-K","5.02","pg-20251215.htm","https://www.sec.gov/Archives/edgar/data/80424/000008042425000287/pg-20251215.htm","/filings/recent/10","{""accessionNumber"":""0000080424-25-000287"",""filingDate"":""2025-12-15"",""reportDate"":""2025-12-15"",""acceptanceDateTime"":""2025-12-15T19:15:22.000Z"",""act"":""34"",""form"":""8-K"",""fileNumber"":""001-00434"",""filmNumber"":""251570188"",""items"":""5.02"",""core_type"":""XBRL"",""size"":358822,""isXBRL"":1,""isInlineXBRL"":1,""isXBRLNumeric"":null,""primaryDocument"":""pg-20251215.htm"",""primaryDocDescription"":""8-K""}"
"[""0000080424"",""0001193125-25-264728""]","0000080424","submissions-0000080424","0001193125-25-264728","2025-11-04","2025-11-04","8-K","8.01,9.01","d47629d8k.htm","https://www.sec.gov/Archives/edgar/data/80424/000119312525264728/d47629d8k.htm","/filings/recent/11","{""accessionNumber"":""0001193125-25-264728"",""filingDate"":""2025-11-04"",""reportDate"":""2025-11-04"",""acceptanceDateTime"":""2025-11-05T02:16:00.000Z"",""act"":""34"",""form"":""8-K"",""fileNumber"":""001-00434"",""filmNumber"":""251449293"",""items"":""8.01,9.01"",""core_type"":""XBRL"",""size"":341476,""isXBRL"":1,""isInlineXBRL"":1,""isXBRLNumeric"":null,""primaryDocument"":""d47629d8k.htm"",""primaryDocDescription"":""8-K""}"
"[""0000080424"",""0001193125-25-262609""]","0000080424","submissions-0000080424","0001193125-25-262609","2025-11-03","2025-11-03","8-K","8.01,9.01","d35820d8k.htm","https://www.sec.gov/Archives/edgar/data/80424/000119312525262609/d35820d8k.htm","/filings/recent/12","{""accessionNumber"":""0001193125-25-262609"",""filingDate"":""2025-11-03"",""reportDate"":""2025-11-03"",""acceptanceDateTime"":""2025-11-04T02:23:10.000Z"",""act"":""34"",""form"":""8-K"",""fileNumber"":""001-00434"",""filmNumber"":""251444443"",""items"":""8.01,9.01"",""core_type"":""XBRL"",""size"":372022,""isXBRL"":1,""isInlineXBRL"":1,""isXBRLNumeric"":null,""primaryDocument"":""d35820d8k.htm"",""primaryDocDescription"":""8-K""}"
"[""0000080424"",""0000080424-25-000243""]","0000080424","submissions-0000080424","0000080424-25-000243","2025-10-24","2025-10-24","8-K","7.01,9.01","pg-20251024.htm","https://www.sec.gov/Archives/edgar/data/80424/000008042425000243/pg-20251024.htm","/filings/recent/13","{""accessionNumber"":""0000080424-25-000243"",""filingDate"":""2025-10-24"",""reportDate"":""2025-10-24"",""acceptanceDateTime"":""2025-10-24T18:10:46.000Z"",""act"":""34"",""form"":""8-K"",""fileNumber"":""001-00434"",""filmNumber"":""251414736"",""items"":""7.01,9.01"",""core_type"":""XBRL"",""size"":4988319,""isXBRL"":1,""isInlineXBRL"":1,""isXBRLNumeric"":null,""primaryDocument"":""pg-20251024.htm"",""primaryDocDescription"":""8-K""}"
"[""0000080424"",""0000080424-25-000240""]","0000080424","submissions-0000080424","0000080424-25-000240","2025-10-24","2025-10-24","8-K","2.02,9.01","pg-20251024.htm","https://www.sec.gov/Archives/edgar/data/80424/000008042425000240/pg-20251024.htm","/filings/recent/14","{""accessionNumber"":""0000080424-25-000240"",""filingDate"":""2025-10-24"",""reportDate"":""2025-10-24"",""acceptanceDateTime"":""2025-10-24T15:04:27.000Z"",""act"":""34"",""form"":""8-K"",""fileNumber"":""001-00434"",""filmNumber"":""251414269"",""items"":""2.02,9.01"",""core_type"":""XBRL"",""size"":652781,""isXBRL"":1,""isInlineXBRL"":1,""isXBRLNumeric"":null,""primaryDocument"":""pg-20251024.htm"",""primaryDocDescription"":""FY2526 Q1 JAS 8-K""}"
"[""0000080424"",""0000080424-25-000235""]","0000080424","submissions-0000080424","0000080424-25-000235","2025-10-16","2025-10-16","8-K","5.02,5.07,9.01","pg-20251016.htm","https://www.sec.gov/Archives/edgar/data/80424/000008042425000235/pg-20251016.htm","/filings/recent/15","{""accessionNumber"":""0000080424-25-000235"",""filingDate"":""2025-10-16"",""reportDate"":""2025-10-16"",""acceptanceDateTime"":""2025-10-17T00:25:14.000Z"",""act"":""34"",""form"":""8-K"",""fileNumber"":""001-00434"",""filmNumber"":""251397939"",""items"":""5.02,5.07,9.01"",""core_type"":""XBRL"",""size"":602375,""isXBRL"":1,""isInlineXBRL"":1,""isXBRLNumeric"":null,""primaryDocument"":""pg-20251016.htm"",""primaryDocDescription"":""8-K""}"
"[""0000080424"",""0000080424-25-000217""]","0000080424","submissions-0000080424","0000080424-25-000217","2025-10-14","2025-10-14","8-K","7.01,9.01","pg-20251014.htm","https://www.sec.gov/Archives/edgar/data/80424/000008042425000217/pg-20251014.htm","/filings/recent/16","{""accessionNumber"":""0000080424-25-000217"",""filingDate"":""2025-10-14"",""reportDate"":""2025-10-14"",""acceptanceDateTime"":""2025-10-14T18:55:51.000Z"",""act"":""34"",""form"":""8-K"",""fileNumber"":""001-00434"",""filmNumber"":""251390391"",""items"":""7.01,9.01"",""core_type"":""XBRL"",""size"":390179,""isXBRL"":1,""isInlineXBRL"":1,""isXBRLNumeric"":null,""primaryDocument"":""pg-20251014.htm"",""primaryDocDescription"":""8-K""}"
"[""0000021344"",""0001628280-26-049922""]","0000021344","submissions-0000021344","0001628280-26-049922","2026-07-28","2026-07-28","8-K","2.02,9.01","ko-20260728.htm","https://www.sec.gov/Archives/edgar/data/21344/000162828026049922/ko-20260728.htm","/filings/recent/0","{""accessionNumber"":""0001628280-26-049922"",""filingDate"":""2026-07-28"",""reportDate"":""2026-07-28"",""acceptanceDateTime"":""2026-07-28T10:58:13.000Z"",""act"":""34"",""form"":""8-K"",""fileNumber"":""001-02217"",""filmNumber"":""261207488"",""items"":""2.02,9.01"",""core_type"":""XBRL"",""size"":2262633,""isXBRL"":1,""isInlineXBRL"":1,""isXBRLNumeric"":0,""primaryDocument"":""ko-20260728.htm"",""primaryDocDescription"":""8-K""}"
"[""0000021344"",""0001628280-26-048466""]","0000021344","submissions-0000021344","0001628280-26-048466","2026-07-16","2026-07-16","8-K","8.01","ko-20260716.htm","https://www.sec.gov/Archives/edgar/data/21344/000162828026048466/ko-20260716.htm","/filings/recent/1","{""accessionNumber"":""0001628280-26-048466"",""filingDate"":""2026-07-16"",""reportDate"":""2026-07-16"",""acceptanceDateTime"":""2026-07-16T20:20:56.000Z"",""act"":""34"",""form"":""8-K"",""fileNumber"":""001-02217"",""filmNumber"":""261180597"",""items"":""8.01"",""core_type"":""XBRL"",""size"":906035,""isXBRL"":1,""isInlineXBRL"":1,""isXBRLNumeric"":0,""primaryDocument"":""ko-20260716.htm"",""primaryDocDescription"":""8-K""}"
"[""0000021344"",""0001552781-26-000366""]","0000021344","submissions-0000021344","0001552781-26-000366","2026-06-25","2026-06-18","8-K","5.02,9.01","e26287_ko-8k.htm","https://www.sec.gov/Archives/edgar/data/21344/000155278126000366/e26287_ko-8k.htm","/filings/recent/2","{""accessionNumber"":""0001552781-26-000366"",""filingDate"":""2026-06-25"",""reportDate"":""2026-06-18"",""acceptanceDateTime"":""2026-06-25T20:19:25.000Z"",""act"":""34"",""form"":""8-K"",""fileNumber"":""001-02217"",""filmNumber"":""261122139"",""items"":""5.02,9.01"",""core_type"":""XBRL"",""size"":1074042,""isXBRL"":1,""isInlineXBRL"":1,""isXBRLNumeric"":0,""primaryDocument"":""e26287_ko-8k.htm"",""primaryDocDescription"":""""}"
"[""0000021344"",""0001628280-26-029230""]","0000021344","submissions-0000021344","0001628280-26-029230","2026-05-01","2026-04-29","8-K","5.07","ko-20260429.htm","https://www.sec.gov/Archives/edgar/data/21344/000162828026029230/ko-20260429.htm","/filings/recent/3","{""accessionNumber"":""0001628280-26-029230"",""filingDate"":""2026-05-01"",""reportDate"":""2026-04-29"",""acceptanceDateTime"":""2026-05-01T18:01:51.000Z"",""act"":""34"",""form"":""8-K"",""fileNumber"":""001-02217"",""filmNumber"":""26931324"",""items"":""5.07"",""core_type"":""XBRL"",""size"":956378,""isXBRL"":1,""isInlineXBRL"":1,""isXBRLNumeric"":0,""primaryDocument"":""ko-20260429.htm"",""primaryDocDescription"":""8-K""}"
"[""0000021344"",""0001628280-26-027723""]","0000021344","submissions-0000021344","0001628280-26-027723","2026-04-28","2026-04-28","8-K","2.02,9.01","ko-20260428.htm","https://www.sec.gov/Archives/edgar/data/21344/000162828026027723/ko-20260428.htm","/filings/recent/4","{""accessionNumber"":""0001628280-26-027723"",""filingDate"":""2026-04-28"",""reportDate"":""2026-04-28"",""acceptanceDateTime"":""2026-04-28T11:00:30.000Z"",""act"":""34"",""form"":""8-K"",""fileNumber"":""001-02217"",""filmNumber"":""26903072"",""items"":""2.02,9.01"",""core_type"":""XBRL"",""size"":1814254,""isXBRL"":1,""isInlineXBRL"":1,""isXBRLNumeric"":0,""primaryDocument"":""ko-20260428.htm"",""primaryDocDescription"":""8-K""}"
"[""0000021344"",""0001628280-26-010052""]","0000021344","submissions-0000021344","0001628280-26-010052","2026-02-20","2026-02-19","8-K","5.02,9.01","ko-20260219.htm","https://www.sec.gov/Archives/edgar/data/21344/000162828026010052/ko-20260219.htm","/filings/recent/5","{""accessionNumber"":""0001628280-26-010052"",""filingDate"":""2026-02-20"",""reportDate"":""2026-02-19"",""acceptanceDateTime"":""2026-02-20T15:10:16.000Z"",""act"":""34"",""form"":""8-K"",""fileNumber"":""001-02217"",""filmNumber"":""26657108"",""items"":""5.02,9.01"",""core_type"":""XBRL"",""size"":967129,""isXBRL"":1,""isInlineXBRL"":1,""isXBRLNumeric"":null,""primaryDocument"":""ko-20260219.htm"",""primaryDocDescription"":""8-K""}"
"[""0000021344"",""0001628280-26-006642""]","0000021344","submissions-0000021344","0001628280-26-006642","2026-02-10","2026-02-10","8-K","2.02,9.01","ko-20260210.htm","https://www.sec.gov/Archives/edgar/data/21344/000162828026006642/ko-20260210.htm","/filings/recent/6","{""accessionNumber"":""0001628280-26-006642"",""filingDate"":""2026-02-10"",""reportDate"":""2026-02-10"",""acceptanceDateTime"":""2026-02-10T11:59:38.000Z"",""act"":""34"",""form"":""8-K"",""fileNumber"":""001-02217"",""filmNumber"":""26613413"",""items"":""2.02,9.01"",""core_type"":""XBRL"",""size"":2254455,""isXBRL"":1,""isInlineXBRL"":1,""isXBRLNumeric"":null,""primaryDocument"":""ko-20260210.htm"",""primaryDocDescription"":""8-K""}"
"[""0000021344"",""0001552781-26-000017""]","0000021344","submissions-0000021344","0001552781-26-000017","2026-01-14","2026-01-13","8-K","5.02,9.01","e26024_ko-8k.htm","https://www.sec.gov/Archives/edgar/data/21344/000155278126000017/e26024_ko-8k.htm","/filings/recent/7","{""accessionNumber"":""0001552781-26-000017"",""filingDate"":""2026-01-14"",""reportDate"":""2026-01-13"",""acceptanceDateTime"":""2026-01-14T11:58:41.000Z"",""act"":""34"",""form"":""8-K"",""fileNumber"":""001-02217"",""filmNumber"":""26531432"",""items"":""5.02,9.01"",""core_type"":""XBRL"",""size"":982450,""isXBRL"":1,""isInlineXBRL"":1,""isXBRLNumeric"":null,""primaryDocument"":""e26024_ko-8k.htm"",""primaryDocDescription"":""""}"
"[""0000021344"",""0001552781-25-000454""]","0000021344","submissions-0000021344","0001552781-25-000454","2025-12-10","2025-12-10","8-K","5.02,9.01","e25454_ko-8k.htm","https://www.sec.gov/Archives/edgar/data/21344/000155278125000454/e25454_ko-8k.htm","/filings/recent/8","{""accessionNumber"":""0001552781-25-000454"",""filingDate"":""2025-12-10"",""reportDate"":""2025-12-10"",""acceptanceDateTime"":""2025-12-10T22:19:43.000Z"",""act"":""34"",""form"":""8-K"",""fileNumber"":""001-02217"",""filmNumber"":""251562812"",""items"":""5.02,9.01"",""core_type"":""XBRL"",""size"":985560,""isXBRL"":1,""isInlineXBRL"":1,""isXBRLNumeric"":null,""primaryDocument"":""e25454_ko-8k.htm"",""primaryDocDescription"":""""}"
"[""0000021344"",""0001628280-25-045577""]","0000021344","submissions-0000021344","0001628280-25-045577","2025-10-21","2025-10-21","8-K","2.02,9.01","ko-20251021.htm","https://www.sec.gov/Archives/edgar/data/21344/000162828025045577/ko-20251021.htm","/filings/recent/9","{""accessionNumber"":""0001628280-25-045577"",""filingDate"":""2025-10-21"",""reportDate"":""2025-10-21"",""acceptanceDateTime"":""2025-10-21T10:59:07.000Z"",""act"":""34"",""form"":""8-K"",""fileNumber"":""001-02217"",""filmNumber"":""251405337"",""items"":""2.02,9.01"",""core_type"":""XBRL"",""size"":2240480,""isXBRL"":1,""isInlineXBRL"":1,""isXBRLNumeric"":null,""primaryDocument"":""ko-20251021.htm"",""primaryDocDescription"":""8-K""}"
"[""0000021344"",""0001628280-25-045223""]","0000021344","submissions-0000021344","0001628280-25-045223","2025-10-16","2025-10-16","8-K","5.02,9.01","ko-20251016.htm","https://www.sec.gov/Archives/edgar/data/21344/000162828025045223/ko-20251016.htm","/filings/recent/10","{""accessionNumber"":""0001628280-25-045223"",""filingDate"":""2025-10-16"",""reportDate"":""2025-10-16"",""acceptanceDateTime"":""2025-10-16T20:35:16.000Z"",""act"":""34"",""form"":""8-K"",""fileNumber"":""001-02217"",""filmNumber"":""251398046"",""items"":""5.02,9.01"",""core_type"":""XBRL"",""size"":1211982,""isXBRL"":1,""isInlineXBRL"":1,""isXBRLNumeric"":null,""primaryDocument"":""ko-20251016.htm"",""primaryDocDescription"":""8-K""}"
"[""0000858877"",""0000858877-26-000106""]","0000858877","submissions-0000858877","0000858877-26-000106","2026-08-12","2026-08-12","8-K","2.02,9.01","csco-20260812.htm","https://www.sec.gov/Archives/edgar/data/858877/000085887726000106/csco-20260812.htm","/filings/recent/0","{""accessionNumber"":""0000858877-26-000106"",""filingDate"":""2026-08-12"",""reportDate"":""2026-08-12"",""acceptanceDateTime"":""2026-08-12T20:07:06.000Z"",""act"":""34"",""form"":""8-K"",""fileNumber"":""001-39940"",""filmNumber"":""261267487"",""items"":""2.02,9.01"",""core_type"":""XBRL"",""size"":940910,""isXBRL"":1,""isInlineXBRL"":1,""isXBRLNumeric"":0,""primaryDocument"":""csco-20260812.htm"",""primaryDocDescription"":""8-K""}"
"[""0000858877"",""0000858877-26-000075""]","0000858877","submissions-0000858877","0000858877-26-000075","2026-05-13","2026-05-13","8-K","2.02,2.05,9.01","csco-20260513.htm","https://www.sec.gov/Archives/edgar/data/858877/000085887726000075/csco-20260513.htm","/filings/recent/1","{""accessionNumber"":""0000858877-26-000075"",""filingDate"":""2026-05-13"",""reportDate"":""2026-05-13"",""acceptanceDateTime"":""2026-05-13T20:06:53.000Z"",""act"":""34"",""form"":""8-K"",""fileNumber"":""001-39940"",""filmNumber"":""26973265"",""items"":""2.02,2.05,9.01"",""core_type"":""XBRL"",""size"":909243,""isXBRL"":1,""isInlineXBRL"":1,""isXBRLNumeric"":0,""primaryDocument"":""csco-20260513.htm"",""primaryDocDescription"":""8-K""}"
"[""0000858877"",""0000858877-26-000057""]","0000858877","submissions-0000858877","0000858877-26-000057","2026-05-01","2026-04-27","8-K","5.02","csco-20260427.htm","https://www.sec.gov/Archives/edgar/data/858877/000085887726000057/csco-20260427.htm","/filings/recent/2","{""accessionNumber"":""0000858877-26-000057"",""filingDate"":""2026-05-01"",""reportDate"":""2026-04-27"",""acceptanceDateTime"":""2026-05-01T20:05:06.000Z"",""act"":""34"",""form"":""8-K"",""fileNumber"":""001-39940"",""filmNumber"":""26932397"",""items"":""5.02"",""core_type"":""XBRL"",""size"":143213,""isXBRL"":1,""isInlineXBRL"":1,""isXBRLNumeric"":0,""primaryDocument"":""csco-20260427.htm"",""primaryDocDescription"":""8-K""}"
"[""0000858877"",""0000858877-26-000048""]","0000858877","submissions-0000858877","0000858877-26-000048","2026-04-06","2026-03-31","8-K","5.02","csco-20260331.htm","https://www.sec.gov/Archives/edgar/data/858877/000085887726000048/csco-20260331.htm","/filings/recent/3","{""accessionNumber"":""0000858877-26-000048"",""filingDate"":""2026-04-06"",""reportDate"":""2026-03-31"",""acceptanceDateTime"":""2026-04-06T20:29:18.000Z"",""act"":""34"",""form"":""8-K"",""fileNumber"":""001-39940"",""filmNumber"":""26841596"",""items"":""5.02"",""core_type"":""XBRL"",""size"":143728,""isXBRL"":1,""isInlineXBRL"":1,""isXBRLNumeric"":0,""primaryDocument"":""csco-20260331.htm"",""primaryDocDescription"":""8-K""}"
"[""0000858877"",""0000858877-26-000006""]","0000858877","submissions-0000858877","0000858877-26-000006","2026-02-11","2026-02-11","8-K","2.02,9.01","csco-20260211.htm","https://www.sec.gov/Archives/edgar/data/858877/000085887726000006/csco-20260211.htm","/filings/recent/4","{""accessionNumber"":""0000858877-26-000006"",""filingDate"":""2026-02-11"",""reportDate"":""2026-02-11"",""acceptanceDateTime"":""2026-02-11T21:07:20.000Z"",""act"":""34"",""form"":""8-K"",""fileNumber"":""001-39940"",""filmNumber"":""26620762"",""items"":""2.02,9.01"",""core_type"":""XBRL"",""size"":892001,""isXBRL"":1,""isInlineXBRL"":1,""isXBRLNumeric"":null,""primaryDocument"":""csco-20260211.htm"",""primaryDocDescription"":""8-K""}"
"[""0000858877"",""0000858877-25-000199""]","0000858877","submissions-0000858877","0000858877-25-000199","2025-12-17","2025-12-16","8-K","5.02,5.07,9.01","csco-20251216.htm","https://www.sec.gov/Archives/edgar/data/858877/000085887725000199/csco-20251216.htm","/filings/recent/5","{""accessionNumber"":""0000858877-25-000199"",""filingDate"":""2025-12-17"",""reportDate"":""2025-12-16"",""acceptanceDateTime"":""2025-12-17T21:42:08.000Z"",""act"":""34"",""form"":""8-K"",""fileNumber"":""001-39940"",""filmNumber"":""251579873"",""items"":""5.02,5.07,9.01"",""core_type"":""XBRL"",""size"":1961261,""isXBRL"":1,""isInlineXBRL"":1,""isXBRLNumeric"":null,""primaryDocument"":""csco-20251216.htm"",""primaryDocDescription"":""8-K""}"
"[""0000858877"",""0001193125-25-277624""]","0000858877","submissions-0000858877","0001193125-25-277624","2025-11-12","2025-11-12","8-K","2.02,9.01","d484663d8k.htm","https://www.sec.gov/Archives/edgar/data/858877/000119312525277624/d484663d8k.htm","/filings/recent/6","{""accessionNumber"":""0001193125-25-277624"",""filingDate"":""2025-11-12"",""reportDate"":""2025-11-12"",""acceptanceDateTime"":""2025-11-12T21:15:30.000Z"",""act"":""34"",""form"":""8-K"",""fileNumber"":""001-39940"",""filmNumber"":""251472931"",""items"":""2.02,9.01"",""core_type"":""XBRL"",""size"":470586,""isXBRL"":1,""isInlineXBRL"":1,""isXBRLNumeric"":null,""primaryDocument"":""d484663d8k.htm"",""primaryDocDescription"":""8-K""}"
"[""0000858877"",""0000858877-25-000145""]","0000858877","submissions-0000858877","0000858877-25-000145","2025-10-17","2025-10-15","8-K","5.02","csco-20251015.htm","https://www.sec.gov/Archives/edgar/data/858877/000085887725000145/csco-20251015.htm","/filings/recent/7","{""accessionNumber"":""0000858877-25-000145"",""filingDate"":""2025-10-17"",""reportDate"":""2025-10-15"",""acceptanceDateTime"":""2025-10-17T20:13:47.000Z"",""act"":""34"",""form"":""8-K"",""fileNumber"":""001-39940"",""filmNumber"":""251400990"",""items"":""5.02"",""core_type"":""XBRL"",""size"":139013,""isXBRL"":1,""isInlineXBRL"":1,""isXBRLNumeric"":null,""primaryDocument"":""csco-20251015.htm"",""primaryDocDescription"":""8-K""}"
"[""0000063908"",""0000063908-26-000076""]","0000063908","submissions-0000063908","0000063908-26-000076","2026-09-23","2026-09-23","8-K","7.01,9.01","mcd-20260923.htm","https://www.sec.gov/Archives/edgar/data/63908/000006390826000076/mcd-20260923.htm","/filings/recent/0","{""accessionNumber"":""0000063908-26-000076"",""filingDate"":""2026-09-23"",""reportDate"":""2026-09-23"",""acceptanceDateTime"":""2026-09-23T12:01:21.000Z"",""act"":""34"",""form"":""8-K"",""fileNumber"":""001-05231"",""filmNumber"":""261398217"",""items"":""7.01,9.01"",""core_type"":""XBRL"",""size"":543711,""isXBRL"":1,""isInlineXBRL"":1,""isXBRLNumeric"":0,""primaryDocument"":""mcd-20260923.htm"",""primaryDocDescription"":""8-K""}"
"[""0000063908"",""0000063908-26-000069""]","0000063908","submissions-0000063908","0000063908-26-000069","2026-08-04","2026-08-03","8-K","5.02,7.01,9.01","mcd-20260803.htm","https://www.sec.gov/Archives/edgar/data/63908/000006390826000069/mcd-20260803.htm","/filings/recent/1","{""accessionNumber"":""0000063908-26-000069"",""filingDate"":""2026-08-04"",""reportDate"":""2026-08-03"",""acceptanceDateTime"":""2026-08-04T11:44:19.000Z"",""act"":""34"",""form"":""8-K"",""fileNumber"":""001-05231"",""filmNumber"":""261235504"",""items"":""5.02,7.01,9.01"",""core_type"":""XBRL"",""size"":1962267,""isXBRL"":1,""isInlineXBRL"":1,""isXBRLNumeric"":0,""primaryDocument"":""mcd-20260803.htm"",""primaryDocDescription"":""8-K""}"
"[""0000063908"",""0000063908-26-000067""]","0000063908","submissions-0000063908","0000063908-26-000067","2026-08-04","2026-08-04","8-K","2.02,9.01","mcd-20260804.htm","https://www.sec.gov/Archives/edgar/data/63908/000006390826000067/mcd-20260804.htm","/filings/recent/2","{""accessionNumber"":""0000063908-26-000067"",""filingDate"":""2026-08-04"",""reportDate"":""2026-08-04"",""acceptanceDateTime"":""2026-08-04T11:01:40.000Z"",""act"":""34"",""form"":""8-K"",""fileNumber"":""001-05231"",""filmNumber"":""261235399"",""items"":""2.02,9.01"",""core_type"":""XBRL"",""size"":1476391,""isXBRL"":1,""isInlineXBRL"":1,""isXBRLNumeric"":0,""primaryDocument"":""mcd-20260804.htm"",""primaryDocDescription"":""8-K""}"
"[""0000063908"",""0000063908-26-000055""]","0000063908","submissions-0000063908","0000063908-26-000055","2026-05-22","2026-05-20","8-K","5.07","mcd-20260520.htm","https://www.sec.gov/Archives/edgar/data/63908/000006390826000055/mcd-20260520.htm","/filings/recent/3","{""accessionNumber"":""0000063908-26-000055"",""filingDate"":""2026-05-22"",""reportDate"":""2026-05-20"",""acceptanceDateTime"":""2026-05-22T14:34:58.000Z"",""act"":""34"",""form"":""8-K"",""fileNumber"":""001-05231"",""filmNumber"":""261011533"",""items"":""5.07"",""core_type"":""XBRL"",""size"":1022717,""isXBRL"":1,""isInlineXBRL"":1,""isXBRLNumeric"":0,""primaryDocument"":""mcd-20260520.htm"",""primaryDocDescription"":""8-K""}"
"[""0000063908"",""0000063908-26-000048""]","0000063908","submissions-0000063908","0000063908-26-000048","2026-05-07","2026-05-07","8-K","2.02,9.01","mcd-20260507.htm","https://www.sec.gov/Archives/edgar/data/63908/000006390826000048/mcd-20260507.htm","/filings/recent/4","{""accessionNumber"":""0000063908-26-000048"",""filingDate"":""2026-05-07"",""reportDate"":""2026-05-07"",""acceptanceDateTime"":""2026-05-07T11:01:19.000Z"",""act"":""34"",""form"":""8-K"",""fileNumber"":""001-05231"",""filmNumber"":""26950767"",""items"":""2.02,9.01"",""core_type"":""XBRL"",""size"":1242514,""isXBRL"":1,""isInlineXBRL"":1,""isXBRLNumeric"":0,""primaryDocument"":""mcd-20260507.htm"",""primaryDocDescription"":""8-K""}"
"[""0000063908"",""0000063908-26-000042""]","0000063908","submissions-0000063908","0000063908-26-000042","2026-04-02","2026-03-30","8-K/A","5.02","mcd-20260330.htm","https://www.sec.gov/Archives/edgar/data/63908/000006390826000042/mcd-20260330.htm","/filings/recent/5","{""accessionNumber"":""0000063908-26-000042"",""filingDate"":""2026-04-02"",""reportDate"":""2026-03-30"",""acceptanceDateTime"":""2026-04-02T18:05:30.000Z"",""act"":""34"",""form"":""8-K/A"",""fileNumber"":""001-05231"",""filmNumber"":""26832226"",""items"":""5.02"",""core_type"":""XBRL"",""size"":729090,""isXBRL"":1,""isInlineXBRL"":1,""isXBRLNumeric"":null,""primaryDocument"":""mcd-20260330.htm"",""primaryDocDescription"":""FORM 8-K/A""}"
"[""0000063908"",""0000063908-26-000032""]","0000063908","submissions-0000063908","0000063908-26-000032","2026-02-11","2026-02-11","8-K","2.02,9.01","mcd-20260211.htm","https://www.sec.gov/Archives/edgar/data/63908/000006390826000032/mcd-20260211.htm","/filings/recent/6","{""accessionNumber"":""0000063908-26-000032"",""filingDate"":""2026-02-11"",""reportDate"":""2026-02-11"",""acceptanceDateTime"":""2026-02-11T21:02:36.000Z"",""act"":""34"",""form"":""8-K"",""fileNumber"":""001-05231"",""filmNumber"":""26620627"",""items"":""2.02,9.01"",""core_type"":""XBRL"",""size"":1584157,""isXBRL"":1,""isInlineXBRL"":1,""isXBRLNumeric"":null,""primaryDocument"":""mcd-20260211.htm"",""primaryDocDescription"":""8-K""}"
"[""0000063908"",""0000063908-26-000028""]","0000063908","submissions-0000063908","0000063908-26-000028","2026-02-10","2026-02-04","8-K","5.02,9.01","mcd-20260204.htm","https://www.sec.gov/Archives/edgar/data/63908/000006390826000028/mcd-20260204.htm","/filings/recent/7","{""accessionNumber"":""0000063908-26-000028"",""filingDate"":""2026-02-10"",""reportDate"":""2026-02-04"",""acceptanceDateTime"":""2026-02-10T15:01:46.000Z"",""act"":""34"",""form"":""8-K"",""fileNumber"":""001-05231"",""filmNumber"":""26613908"",""items"":""5.02,9.01"",""core_type"":""XBRL"",""size"":155678,""isXBRL"":1,""isInlineXBRL"":1,""isXBRLNumeric"":null,""primaryDocument"":""mcd-20260204.htm"",""primaryDocDescription"":""8-K""}"
"[""0000063908"",""0000063908-25-000057""]","0000063908","submissions-0000063908","0000063908-25-000057","2025-11-05","2025-11-05","8-K","2.02,9.01","mcd-20251105.htm","https://www.sec.gov/Archives/edgar/data/63908/000006390825000057/mcd-20251105.htm","/filings/recent/8","{""accessionNumber"":""0000063908-25-000057"",""filingDate"":""2025-11-05"",""reportDate"":""2025-11-05"",""acceptanceDateTime"":""2025-11-05T12:01:49.000Z"",""act"":""34"",""form"":""8-K"",""fileNumber"":""001-05231"",""filmNumber"":""251451701"",""items"":""2.02,9.01"",""core_type"":""XBRL"",""size"":1484311,""isXBRL"":1,""isInlineXBRL"":1,""isXBRLNumeric"":null,""primaryDocument"":""mcd-20251105.htm"",""primaryDocDescription"":""8-K""}"
"[""0000040545"",""0000040545-26-000059""]","0000040545","submissions-0000040545","0000040545-26-000059","2026-09-22","2026-09-21","8-K","5.02,8.01,9.01","ge-20260921.htm","https://www.sec.gov/Archives/edgar/data/40545/000004054526000059/ge-20260921.htm","/filings/recent/0","{""accessionNumber"":""0000040545-26-000059"",""filingDate"":""2026-09-22"",""reportDate"":""2026-09-21"",""acceptanceDateTime"":""2026-09-22T12:14:13.000Z"",""act"":""34"",""form"":""8-K"",""fileNumber"":""001-00035"",""filmNumber"":""261395293"",""items"":""5.02,8.01,9.01"",""core_type"":""XBRL"",""size"":250355,""isXBRL"":1,""isInlineXBRL"":1,""isXBRLNumeric"":0,""primaryDocument"":""ge-20260921.htm"",""primaryDocDescription"":""8-K""}"
"[""0000040545"",""0000950142-26-002501""]","0000040545","submissions-0000040545","0000950142-26-002501","2026-09-08","2026-09-08","8-K","7.01,8.01,9.01","eh260827362_8k.htm","https://www.sec.gov/Archives/edgar/data/40545/000095014226002501/eh260827362_8k.htm","/filings/recent/1","{""accessionNumber"":""0000950142-26-002501"",""filingDate"":""2026-09-08"",""reportDate"":""2026-09-08"",""acceptanceDateTime"":""2026-09-08T11:46:35.000Z"",""act"":""34"",""form"":""8-K"",""fileNumber"":""001-00035"",""filmNumber"":""261363408"",""items"":""7.01,8.01,9.01"",""core_type"":""XBRL"",""size"":2464479,""isXBRL"":1,""isInlineXBRL"":1,""isXBRLNumeric"":0,""primaryDocument"":""eh260827362_8k.htm"",""primaryDocDescription"":""FORM 8-K""}"
"[""0000040545"",""0000040545-26-000047""]","0000040545","submissions-0000040545","0000040545-26-000047","2026-07-16","2026-07-16","8-K","2.02,9.01","ge-20260716.htm","https://www.sec.gov/Archives/edgar/data/40545/000004054526000047/ge-20260716.htm","/filings/recent/2","{""accessionNumber"":""0000040545-26-000047"",""filingDate"":""2026-07-16"",""reportDate"":""2026-07-16"",""acceptanceDateTime"":""2026-07-16T10:32:37.000Z"",""act"":""34"",""form"":""8-K"",""fileNumber"":""001-00035"",""filmNumber"":""261178651"",""items"":""2.02,9.01"",""core_type"":""XBRL"",""size"":1317750,""isXBRL"":1,""isInlineXBRL"":1,""isXBRLNumeric"":0,""primaryDocument"":""ge-20260716.htm"",""primaryDocDescription"":""8-K""}"
"[""0000040545"",""0000040545-26-000042""]","0000040545","submissions-0000040545","0000040545-26-000042","2026-06-25","2026-06-25","8-K","5.03,9.01","ge-20260625.htm","https://www.sec.gov/Archives/edgar/data/40545/000004054526000042/ge-20260625.htm","/filings/recent/3","{""accessionNumber"":""0000040545-26-000042"",""filingDate"":""2026-06-25"",""reportDate"":""2026-06-25"",""acceptanceDateTime"":""2026-06-25T20:05:40.000Z"",""act"":""34"",""form"":""8-K"",""fileNumber"":""001-00035"",""filmNumber"":""261121910"",""items"":""5.03,9.01"",""core_type"":""XBRL"",""size"":384314,""isXBRL"":1,""isInlineXBRL"":1,""isXBRLNumeric"":0,""primaryDocument"":""ge-20260625.htm"",""primaryDocDescription"":""8-K""}"
"[""0000040545"",""0000040545-26-000039""]","0000040545","submissions-0000040545","0000040545-26-000039","2026-06-11","2026-06-08","8-K","5.02,9.01","ge-20260608.htm","https://www.sec.gov/Archives/edgar/data/40545/000004054526000039/ge-20260608.htm","/filings/recent/4","{""accessionNumber"":""0000040545-26-000039"",""filingDate"":""2026-06-11"",""reportDate"":""2026-06-08"",""acceptanceDateTime"":""2026-06-11T10:33:47.000Z"",""act"":""34"",""form"":""8-K"",""fileNumber"":""001-00035"",""filmNumber"":""261081391"",""items"":""5.02,9.01"",""core_type"":""XBRL"",""size"":230075,""isXBRL"":1,""isInlineXBRL"":1,""isXBRLNumeric"":0,""primaryDocument"":""ge-20260608.htm"",""primaryDocDescription"":""8-K""}"
"[""0000040545"",""0000040545-26-000032""]","0000040545","submissions-0000040545","0000040545-26-000032","2026-05-07","2026-05-05","8-K","5.02,5.07","ge-20260505.htm","https://www.sec.gov/Archives/edgar/data/40545/000004054526000032/ge-20260505.htm","/filings/recent/5","{""accessionNumber"":""0000040545-26-000032"",""filingDate"":""2026-05-07"",""reportDate"":""2026-05-05"",""acceptanceDateTime"":""2026-05-07T20:15:33.000Z"",""act"":""34"",""form"":""8-K"",""fileNumber"":""001-00035"",""filmNumber"":""26953541"",""items"":""5.02,5.07"",""core_type"":""XBRL"",""size"":242027,""isXBRL"":1,""isInlineXBRL"":1,""isXBRLNumeric"":0,""primaryDocument"":""ge-20260505.htm"",""primaryDocDescription"":""8-K""}"
"[""0000040545"",""0000040545-26-000026""]","0000040545","submissions-0000040545","0000040545-26-000026","2026-04-21","2026-04-21","8-K","2.02,9.01","ge-20260421.htm","https://www.sec.gov/Archives/edgar/data/40545/000004054526000026/ge-20260421.htm","/filings/recent/6","{""accessionNumber"":""0000040545-26-000026"",""filingDate"":""2026-04-21"",""reportDate"":""2026-04-21"",""acceptanceDateTime"":""2026-04-21T10:29:00.000Z"",""act"":""34"",""form"":""8-K"",""fileNumber"":""001-00035"",""filmNumber"":""26876673"",""items"":""2.02,9.01"",""core_type"":""XBRL"",""size"":1214256,""isXBRL"":1,""isInlineXBRL"":1,""isXBRLNumeric"":0,""primaryDocument"":""ge-20260421.htm"",""primaryDocDescription"":""8-K""}"
"[""0000040545"",""0000040545-26-000005""]","0000040545","submissions-0000040545","0000040545-26-000005","2026-01-22","2026-01-22","8-K","2.02,9.01","ge-20260122.htm","https://www.sec.gov/Archives/edgar/data/40545/000004054526000005/ge-20260122.htm","/filings/recent/7","{""accessionNumber"":""0000040545-26-000005"",""filingDate"":""2026-01-22"",""reportDate"":""2026-01-22"",""acceptanceDateTime"":""2026-01-22T11:38:59.000Z"",""act"":""34"",""form"":""8-K"",""fileNumber"":""001-00035"",""filmNumber"":""26549656"",""items"":""2.02,9.01"",""core_type"":""XBRL"",""size"":1396047,""isXBRL"":1,""isInlineXBRL"":1,""isXBRLNumeric"":null,""primaryDocument"":""ge-20260122.htm"",""primaryDocDescription"":""8-K""}"
"[""0000040545"",""0000040545-26-000002""]","0000040545","submissions-0000040545","0000040545-26-000002","2026-01-15","2026-01-15","8-K","5.02,9.01","ge-20260115.htm","https://www.sec.gov/Archives/edgar/data/40545/000004054526000002/ge-20260115.htm","/filings/recent/8","{""accessionNumber"":""0000040545-26-000002"",""filingDate"":""2026-01-15"",""reportDate"":""2026-01-15"",""acceptanceDateTime"":""2026-01-15T13:37:54.000Z"",""act"":""34"",""form"":""8-K"",""fileNumber"":""001-00035"",""filmNumber"":""26534792"",""items"":""5.02,9.01"",""core_type"":""XBRL"",""size"":236559,""isXBRL"":1,""isInlineXBRL"":1,""isXBRLNumeric"":null,""primaryDocument"":""ge-20260115.htm"",""primaryDocDescription"":""8-K""}"
"[""0000040545"",""0000040545-25-000131""]","0000040545","submissions-0000040545","0000040545-25-000131","2025-10-21","2025-10-21","8-K","2.02,9.01","ge-20251021.htm","https://www.sec.gov/Archives/edgar/data/40545/000004054525000131/ge-20251021.htm","/filings/recent/9","{""accessionNumber"":""0000040545-25-000131"",""filingDate"":""2025-10-21"",""reportDate"":""2025-10-21"",""acceptanceDateTime"":""2025-10-21T10:23:23.000Z"",""act"":""34"",""form"":""8-K"",""fileNumber"":""001-00035"",""filmNumber"":""251405314"",""items"":""2.02,9.01"",""core_type"":""XBRL"",""size"":1266190,""isXBRL"":1,""isInlineXBRL"":1,""isXBRLNumeric"":null,""primaryDocument"":""ge-20251021.htm"",""primaryDocDescription"":""8-K""}"
"[""0000040545"",""0000040545-25-000126""]","0000040545","submissions-0000040545","0000040545-25-000126","2025-10-01","2025-09-29","8-K","5.02,9.01","ge-20250929.htm","https://www.sec.gov/Archives/edgar/data/40545/000004054525000126/ge-20250929.htm","/filings/recent/10","{""accessionNumber"":""0000040545-25-000126"",""filingDate"":""2025-10-01"",""reportDate"":""2025-09-29"",""acceptanceDateTime"":""2025-10-01T10:33:18.000Z"",""act"":""34"",""form"":""8-K"",""fileNumber"":""001-00035"",""filmNumber"":""251362513"",""items"":""5.02,9.01"",""core_type"":""XBRL"",""size"":237562,""isXBRL"":1,""isInlineXBRL"":1,""isXBRLNumeric"":null,""primaryDocument"":""ge-20250929.htm"",""primaryDocDescription"":""8-K""}"
"[""0000886982"",""0001193125-26-344912""]","0000886982","submissions-0000886982","0001193125-26-344912","2026-08-11","2026-08-11","8-K","5.03,9.01","d179572d8k.htm","https://www.sec.gov/Archives/edgar/data/886982/000119312526344912/d179572d8k.htm","/filings/recent/0","{""accessionNumber"":""0001193125-26-344912"",""filingDate"":""2026-08-11"",""reportDate"":""2026-08-11"",""acceptanceDateTime"":""2026-08-12T00:50:15.000Z"",""act"":""34"",""form"":""8-K"",""fileNumber"":""001-14965"",""filmNumber"":""261264103"",""items"":""5.03,9.01"",""core_type"":""XBRL"",""size"":1157502,""isXBRL"":1,""isInlineXBRL"":1,""isXBRLNumeric"":0,""primaryDocument"":""d179572d8k.htm"",""primaryDocDescription"":""8-K""}"
"[""0000886982"",""0001193125-26-318147""]","0000886982","submissions-0000886982","0001193125-26-318147","2026-07-27","2026-07-23","8-K","3.03,5.03,9.01","d113214d8k.htm","https://www.sec.gov/Archives/edgar/data/886982/000119312526318147/d113214d8k.htm","/filings/recent/1","{""accessionNumber"":""0001193125-26-318147"",""filingDate"":""2026-07-27"",""reportDate"":""2026-07-23"",""acceptanceDateTime"":""2026-07-28T00:27:40.000Z"",""act"":""34"",""form"":""8-K"",""fileNumber"":""001-14965"",""filmNumber"":""261206181"",""items"":""3.03,5.03,9.01"",""core_type"":""XBRL"",""size"":353436,""isXBRL"":1,""isInlineXBRL"":1,""isXBRLNumeric"":0,""primaryDocument"":""d113214d8k.htm"",""primaryDocDescription"":""8-K""}"
"[""0000886982"",""0001193125-26-310408""]","0000886982","submissions-0000886982","0001193125-26-310408","2026-07-21","2026-07-21","8-K","9.01","d102046d8k.htm","https://www.sec.gov/Archives/edgar/data/886982/000119312526310408/d102046d8k.htm","/filings/recent/2","{""accessionNumber"":""0001193125-26-310408"",""filingDate"":""2026-07-21"",""reportDate"":""2026-07-21"",""acceptanceDateTime"":""2026-07-22T00:35:18.000Z"",""act"":""34"",""form"":""8-K"",""fileNumber"":""001-14965"",""filmNumber"":""261190628"",""items"":""9.01"",""core_type"":""XBRL"",""size"":248610,""isXBRL"":1,""isInlineXBRL"":1,""isXBRLNumeric"":0,""primaryDocument"":""d102046d8k.htm"",""primaryDocDescription"":""8-K""}"
"[""0000886982"",""0001193125-26-308384""]","0000886982","submissions-0000886982","0001193125-26-308384","2026-07-20","2026-07-20","8-K","8.01","d279459d8k.htm","https://www.sec.gov/Archives/edgar/data/886982/000119312526308384/d279459d8k.htm","/filings/recent/3","{""accessionNumber"":""0001193125-26-308384"",""filingDate"":""2026-07-20"",""reportDate"":""2026-07-20"",""acceptanceDateTime"":""2026-07-20T16:07:58.000Z"",""act"":""34"",""form"":""8-K"",""fileNumber"":""001-14965"",""filmNumber"":""261185220"",""items"":""8.01"",""core_type"":""XBRL"",""size"":232734,""isXBRL"":1,""isInlineXBRL"":1,""isXBRLNumeric"":0,""primaryDocument"":""d279459d8k.htm"",""primaryDocDescription"":""8-K""}"
"[""0000886982"",""0000886982-26-000294""]","0000886982","submissions-0000886982","0000886982-26-000294","2026-07-14","2026-07-14","8-K","2.02,7.01,9.01","gs-20260714.htm","https://www.sec.gov/Archives/edgar/data/886982/000088698226000294/gs-20260714.htm","/filings/recent/4","{""accessionNumber"":""0000886982-26-000294"",""filingDate"":""2026-07-14"",""reportDate"":""2026-07-14"",""acceptanceDateTime"":""2026-07-14T15:30:40.000Z"",""act"":""34"",""form"":""8-K"",""fileNumber"":""001-14965"",""filmNumber"":""261172536"",""items"":""2.02,7.01,9.01"",""core_type"":""XBRL"",""size"":3871077,""isXBRL"":1,""isInlineXBRL"":1,""isXBRLNumeric"":0,""primaryDocument"":""gs-20260714.htm"",""primaryDocDescription"":""8-K""}"
"[""0000886982"",""0001193125-26-281123""]","0000886982","submissions-0000886982","0001193125-26-281123","2026-06-24","2026-06-24","8-K","8.01,9.01","d103941d8k.htm","https://www.sec.gov/Archives/edgar/data/886982/000119312526281123/d103941d8k.htm","/filings/recent/5","{""accessionNumber"":""0001193125-26-281123"",""filingDate"":""2026-06-24"",""reportDate"":""2026-06-24"",""acceptanceDateTime"":""2026-06-25T00:28:37.000Z"",""act"":""34"",""form"":""8-K"",""fileNumber"":""001-14965"",""filmNumber"":""261116218"",""items"":""8.01,9.01"",""core_type"":""XBRL"",""size"":238116,""isXBRL"":1,""isInlineXBRL"":1,""isXBRLNumeric"":0,""primaryDocument"":""d103941d8k.htm"",""primaryDocDescription"":""8-K""}"
"[""0000886982"",""0001193125-26-255626""]","0000886982","submissions-0000886982","0001193125-26-255626","2026-06-03","2026-06-03","8-K","9.01","d107600d8k.htm","https://www.sec.gov/Archives/edgar/data/886982/000119312526255626/d107600d8k.htm","/filings/recent/6","{""accessionNumber"":""0001193125-26-255626"",""filingDate"":""2026-06-03"",""reportDate"":""2026-06-03"",""acceptanceDateTime"":""2026-06-04T00:43:35.000Z"",""act"":""34"",""form"":""8-K"",""fileNumber"":""001-14965"",""filmNumber"":""261061485"",""items"":""9.01"",""core_type"":""XBRL"",""size"":246739,""isXBRL"":1,""isInlineXBRL"":1,""isXBRLNumeric"":0,""primaryDocument"":""d107600d8k.htm"",""primaryDocDescription"":""8-K""}"
"[""0000886982"",""0001193125-26-219511""]","0000886982","submissions-0000886982","0001193125-26-219511","2026-05-12","2026-05-11","8-K","5.03,9.01","d142159d8k.htm","https://www.sec.gov/Archives/edgar/data/886982/000119312526219511/d142159d8k.htm","/filings/recent/7","{""accessionNumber"":""0001193125-26-219511"",""filingDate"":""2026-05-12"",""reportDate"":""2026-05-11"",""acceptanceDateTime"":""2026-05-13T00:18:15.000Z"",""act"":""34"",""form"":""8-K"",""fileNumber"":""001-14965"",""filmNumber"":""26968861"",""items"":""5.03,9.01"",""core_type"":""XBRL"",""size"":1158079,""isXBRL"":1,""isInlineXBRL"":1,""isXBRLNumeric"":0,""primaryDocument"":""d142159d8k.htm"",""primaryDocDescription"":""8-K""}"
"[""0000886982"",""0001193125-26-199988""]","0000886982","submissions-0000886982","0001193125-26-199988","2026-05-01","2026-04-29","8-K","5.07","gs-20260429.htm","https://www.sec.gov/Archives/edgar/data/886982/000119312526199988/gs-20260429.htm","/filings/recent/8","{""accessionNumber"":""0001193125-26-199988"",""filingDate"":""2026-05-01"",""reportDate"":""2026-04-29"",""acceptanceDateTime"":""2026-05-01T19:00:17.000Z"",""act"":""34"",""form"":""8-K"",""fileNumber"":""001-14965"",""filmNumber"":""26929947"",""items"":""5.07"",""core_type"":""XBRL"",""size"":313115,""isXBRL"":1,""isInlineXBRL"":1,""isXBRLNumeric"":0,""primaryDocument"":""gs-20260429.htm"",""primaryDocDescription"":""8-K""}"
"[""0000886982"",""0001193125-26-164058""]","0000886982","submissions-0000886982","0001193125-26-164058","2026-04-20","2026-04-20","8-K","9.01","d122102d8k.htm","https://www.sec.gov/Archives/edgar/data/886982/000119312526164058/d122102d8k.htm","/filings/recent/9","{""accessionNumber"":""0001193125-26-164058"",""filingDate"":""2026-04-20"",""reportDate"":""2026-04-20"",""acceptanceDateTime"":""2026-04-21T00:22:51.000Z"",""act"":""34"",""form"":""8-K"",""fileNumber"":""001-14965"",""filmNumber"":""26875311"",""items"":""9.01"",""core_type"":""XBRL"",""size"":247792,""isXBRL"":1,""isInlineXBRL"":1,""isXBRLNumeric"":0,""primaryDocument"":""d122102d8k.htm"",""primaryDocDescription"":""8-K""}"
"[""0000886982"",""0000886982-26-000096""]","0000886982","submissions-0000886982","0000886982-26-000096","2026-04-13","2026-04-13","8-K","2.02,7.01,9.01","gs-20260413.htm","https://www.sec.gov/Archives/edgar/data/886982/000088698226000096/gs-20260413.htm","/filings/recent/10","{""accessionNumber"":""0000886982-26-000096"",""filingDate"":""2026-04-13"",""reportDate"":""2026-04-13"",""acceptanceDateTime"":""2026-04-13T15:40:26.000Z"",""act"":""34"",""form"":""8-K"",""fileNumber"":""001-14965"",""filmNumber"":""26856470"",""items"":""2.02,7.01,9.01"",""core_type"":""XBRL"",""size"":3361866,""isXBRL"":1,""isInlineXBRL"":1,""isXBRLNumeric"":0,""primaryDocument"":""gs-20260413.htm"",""primaryDocDescription"":""8-K""}"
"[""0000886982"",""0001193125-26-105328""]","0000886982","submissions-0000886982","0001193125-26-105328","2026-03-13","2026-03-09","8-K","5.02","gs-20260309.htm","https://www.sec.gov/Archives/edgar/data/886982/000119312526105328/gs-20260309.htm","/filings/recent/11","{""accessionNumber"":""0001193125-26-105328"",""filingDate"":""2026-03-13"",""reportDate"":""2026-03-09"",""acceptanceDateTime"":""2026-03-13T19:00:25.000Z"",""act"":""34"",""form"":""8-K"",""fileNumber"":""001-14965"",""filmNumber"":""26750740"",""items"":""5.02"",""core_type"":""XBRL"",""size"":247827,""isXBRL"":1,""isInlineXBRL"":1,""isXBRLNumeric"":null,""primaryDocument"":""gs-20260309.htm"",""primaryDocDescription"":""8-K""}"
"[""0000886982"",""0001193125-26-094047""]","0000886982","submissions-0000886982","0001193125-26-094047","2026-03-05","2026-03-05","8-K","9.01","d926033d8k.htm","https://www.sec.gov/Archives/edgar/data/886982/000119312526094047/d926033d8k.htm","/filings/recent/12","{""accessionNumber"":""0001193125-26-094047"",""filingDate"":""2026-03-05"",""reportDate"":""2026-03-05"",""acceptanceDateTime"":""2026-03-06T02:30:05.000Z"",""act"":""34"",""form"":""8-K"",""fileNumber"":""001-14965"",""filmNumber"":""26726566"",""items"":""9.01"",""core_type"":""XBRL"",""size"":530347,""isXBRL"":1,""isInlineXBRL"":1,""isXBRLNumeric"":null,""primaryDocument"":""d926033d8k.htm"",""primaryDocDescription"":""8-K""}"
"[""0000886982"",""0001193125-26-051527""]","0000886982","submissions-0000886982","0001193125-26-051527","2026-02-13","2026-02-12","8-K","5.02","gs-20260212.htm","https://www.sec.gov/Archives/edgar/data/886982/000119312526051527/gs-20260212.htm","/filings/recent/13","{""accessionNumber"":""0001193125-26-051527"",""filingDate"":""2026-02-13"",""reportDate"":""2026-02-12"",""acceptanceDateTime"":""2026-02-14T02:30:27.000Z"",""act"":""34"",""form"":""8-K"",""fileNumber"":""001-14965"",""filmNumber"":""26633627"",""items"":""5.02"",""core_type"":""XBRL"",""size"":250862,""isXBRL"":1,""isInlineXBRL"":1,""isXBRLNumeric"":null,""primaryDocument"":""gs-20260212.htm"",""primaryDocDescription"":""8-K""}"
"[""0000886982"",""0001193125-26-033730""]","0000886982","submissions-0000886982","0001193125-26-033730","2026-02-02","2026-02-02","8-K","9.01","d36353d8k.htm","https://www.sec.gov/Archives/edgar/data/886982/000119312526033730/d36353d8k.htm","/filings/recent/14","{""accessionNumber"":""0001193125-26-033730"",""filingDate"":""2026-02-02"",""reportDate"":""2026-02-02"",""acceptanceDateTime"":""2026-02-03T02:23:46.000Z"",""act"":""34"",""form"":""8-K"",""fileNumber"":""001-14965"",""filmNumber"":""26588185"",""items"":""9.01"",""core_type"":""XBRL"",""size"":344698,""isXBRL"":1,""isInlineXBRL"":1,""isXBRLNumeric"":null,""primaryDocument"":""d36353d8k.htm"",""primaryDocDescription"":""8-K""}"
"[""0000886982"",""0001193125-26-020895""]","0000886982","submissions-0000886982","0001193125-26-020895","2026-01-23","2026-01-23","8-K","8.01","gs-20260123.htm","https://www.sec.gov/Archives/edgar/data/886982/000119312526020895/gs-20260123.htm","/filings/recent/15","{""accessionNumber"":""0001193125-26-020895"",""filingDate"":""2026-01-23"",""reportDate"":""2026-01-23"",""acceptanceDateTime"":""2026-01-24T01:00:24.000Z"",""act"":""34"",""form"":""8-K"",""fileNumber"":""001-14965"",""filmNumber"":""26555905"",""items"":""8.01"",""core_type"":""XBRL"",""size"":273011,""isXBRL"":1,""isInlineXBRL"":1,""isXBRLNumeric"":null,""primaryDocument"":""gs-20260123.htm"",""primaryDocDescription"":""8-K""}"
"[""0000886982"",""0001193125-26-018009""]","0000886982","submissions-0000886982","0001193125-26-018009","2026-01-21","2026-01-21","8-K","9.01","d24150d8k.htm","https://www.sec.gov/Archives/edgar/data/886982/000119312526018009/d24150d8k.htm","/filings/recent/16","{""accessionNumber"":""0001193125-26-018009"",""filingDate"":""2026-01-21"",""reportDate"":""2026-01-21"",""acceptanceDateTime"":""2026-01-22T02:28:06.000Z"",""act"":""34"",""form"":""8-K"",""fileNumber"":""001-14965"",""filmNumber"":""26548187"",""items"":""9.01"",""core_type"":""XBRL"",""size"":250490,""isXBRL"":1,""isInlineXBRL"":1,""isXBRLNumeric"":null,""primaryDocument"":""d24150d8k.htm"",""primaryDocDescription"":""8-K""}"
"[""0000886982"",""0000886982-26-000008""]","0000886982","submissions-0000886982","0000886982-26-000008","2026-01-15","2026-01-15","8-K","2.02,7.01,9.01","gs-20260115.htm","https://www.sec.gov/Archives/edgar/data/886982/000088698226000008/gs-20260115.htm","/filings/recent/17","{""accessionNumber"":""0000886982-26-000008"",""filingDate"":""2026-01-15"",""reportDate"":""2026-01-15"",""acceptanceDateTime"":""2026-01-15T17:42:42.000Z"",""act"":""34"",""form"":""8-K"",""fileNumber"":""001-14965"",""filmNumber"":""26534705"",""items"":""2.02,7.01,9.01"",""core_type"":""XBRL"",""size"":6506658,""isXBRL"":1,""isInlineXBRL"":1,""isXBRLNumeric"":null,""primaryDocument"":""gs-20260115.htm"",""primaryDocDescription"":""8-K""}"
"[""0000886982"",""0000886982-26-000004""]","0000886982","submissions-0000886982","0000886982-26-000004","2026-01-08","2026-01-07","8-K","2.02,8.01","gs-20260107.htm","https://www.sec.gov/Archives/edgar/data/886982/000088698226000004/gs-20260107.htm","/filings/recent/18","{""accessionNumber"":""0000886982-26-000004"",""filingDate"":""2026-01-08"",""reportDate"":""2026-01-07"",""acceptanceDateTime"":""2026-01-09T02:15:56.000Z"",""act"":""34"",""form"":""8-K"",""fileNumber"":""001-14965"",""filmNumber"":""26519808"",""items"":""2.02,8.01"",""core_type"":""XBRL"",""size"":3521104,""isXBRL"":1,""isInlineXBRL"":1,""isXBRLNumeric"":null,""primaryDocument"":""gs-20260107.htm"",""primaryDocDescription"":""8-K""}"
"[""0000886982"",""0001193125-25-245194""]","0000886982","submissions-0000886982","0001193125-25-245194","2025-10-21","2025-10-21","8-K","9.01","d42434d8k.htm","https://www.sec.gov/Archives/edgar/data/886982/000119312525245194/d42434d8k.htm","/filings/recent/19","{""accessionNumber"":""0001193125-25-245194"",""filingDate"":""2025-10-21"",""reportDate"":""2025-10-21"",""acceptanceDateTime"":""2025-10-22T00:29:43.000Z"",""act"":""34"",""form"":""8-K"",""fileNumber"":""001-14965"",""filmNumber"":""251407407"",""items"":""9.01"",""core_type"":""XBRL"",""size"":249831,""isXBRL"":1,""isInlineXBRL"":1,""isXBRLNumeric"":null,""primaryDocument"":""d42434d8k.htm"",""primaryDocDescription"":""8-K""}"
"[""0000886982"",""0001193125-25-238058""]","0000886982","submissions-0000886982","0001193125-25-238058","2025-10-14","2025-10-14","8-K","2.02,7.01,9.01","d899312d8k.htm","https://www.sec.gov/Archives/edgar/data/886982/000119312525238058/d899312d8k.htm","/filings/recent/20","{""accessionNumber"":""0001193125-25-238058"",""filingDate"":""2025-10-14"",""reportDate"":""2025-10-14"",""acceptanceDateTime"":""2025-10-14T15:37:10.000Z"",""act"":""34"",""form"":""8-K"",""fileNumber"":""001-14965"",""filmNumber"":""251389649"",""items"":""2.02,7.01,9.01"",""core_type"":""XBRL"",""size"":8376092,""isXBRL"":1,""isInlineXBRL"":1,""isXBRLNumeric"":null,""primaryDocument"":""d899312d8k.htm"",""primaryDocDescription"":""8-K""}"
"[""0000831001"",""0001193125-26-401022""]","0000831001","submissions-0000831001","0001193125-26-401022","2026-09-24","2026-09-17","8-K","9.01","d155919d8k.htm","https://www.sec.gov/Archives/edgar/data/831001/000119312526401022/d155919d8k.htm","/filings/recent/0","{""accessionNumber"":""0001193125-26-401022"",""filingDate"":""2026-09-24"",""reportDate"":""2026-09-17"",""acceptanceDateTime"":""2026-09-25T00:06:47.000Z"",""act"":""34"",""form"":""8-K"",""fileNumber"":""001-09924"",""filmNumber"":""261404832"",""items"":""9.01"",""core_type"":""XBRL"",""size"":232574,""isXBRL"":1,""isInlineXBRL"":1,""isXBRLNumeric"":0,""primaryDocument"":""d155919d8k.htm"",""primaryDocDescription"":""8-K""}"
"[""0000831001"",""0001104659-26-083383""]","0000831001","submissions-0000831001","0001104659-26-083383","2026-07-14","2026-07-14","8-K","2.02,9.01","c-20260714x8k.htm","https://www.sec.gov/Archives/edgar/data/831001/000110465926083383/c-20260714x8k.htm","/filings/recent/1","{""accessionNumber"":""0001104659-26-083383"",""filingDate"":""2026-07-14"",""reportDate"":""2026-07-14"",""acceptanceDateTime"":""2026-07-14T17:39:47.000Z"",""act"":""34"",""form"":""8-K"",""fileNumber"":""001-09924"",""filmNumber"":""261172847"",""items"":""2.02,9.01"",""core_type"":""XBRL"",""size"":11585489,""isXBRL"":1,""isInlineXBRL"":1,""isXBRLNumeric"":0,""primaryDocument"":""c-20260714x8k.htm"",""primaryDocDescription"":""8-K""}"
"[""0000831001"",""0001104659-26-065155""]","0000831001","submissions-0000831001","0001104659-26-065155","2026-05-21","2026-05-20","8-K","5.02,5.07,9.01","c-20260520x8k.htm","https://www.sec.gov/Archives/edgar/data/831001/000110465926065155/c-20260520x8k.htm","/filings/recent/2","{""accessionNumber"":""0001104659-26-065155"",""filingDate"":""2026-05-21"",""reportDate"":""2026-05-20"",""acceptanceDateTime"":""2026-05-22T00:15:55.000Z"",""act"":""34"",""form"":""8-K"",""fileNumber"":""001-09924"",""filmNumber"":""261008658"",""items"":""5.02,5.07,9.01"",""core_type"":""XBRL"",""size"":453274,""isXBRL"":1,""isInlineXBRL"":1,""isXBRLNumeric"":0,""primaryDocument"":""c-20260520x8k.htm"",""primaryDocDescription"":""8-K""}"
"[""0000831001"",""0001104659-26-042942""]","0000831001","submissions-0000831001","0001104659-26-042942","2026-04-14","2026-04-14","8-K","2.02,9.01","c-20260414x8k.htm","https://www.sec.gov/Archives/edgar/data/831001/000110465926042942/c-20260414x8k.htm","/filings/recent/3","{""accessionNumber"":""0001104659-26-042942"",""filingDate"":""2026-04-14"",""reportDate"":""2026-04-14"",""acceptanceDateTime"":""2026-04-14T17:42:13.000Z"",""act"":""34"",""form"":""8-K"",""fileNumber"":""001-09924"",""filmNumber"":""26859417"",""items"":""2.02,9.01"",""core_type"":""XBRL"",""size"":8767934,""isXBRL"":1,""isInlineXBRL"":1,""isXBRLNumeric"":0,""primaryDocument"":""c-20260414x8k.htm"",""primaryDocDescription"":""8-K""}"
"[""0000831001"",""0001104659-26-039663""]","0000831001","submissions-0000831001","0001104659-26-039663","2026-04-03","2026-04-03","8-K","7.01,9.01","c-20260403x8k.htm","https://www.sec.gov/Archives/edgar/data/831001/000110465926039663/c-20260403x8k.htm","/filings/recent/4","{""accessionNumber"":""0001104659-26-039663"",""filingDate"":""2026-04-03"",""reportDate"":""2026-04-03"",""acceptanceDateTime"":""2026-04-04T00:52:20.000Z"",""act"":""34"",""form"":""8-K"",""fileNumber"":""001-09924"",""filmNumber"":""26838748"",""items"":""7.01,9.01"",""core_type"":""XBRL"",""size"":24394359,""isXBRL"":1,""isInlineXBRL"":1,""isXBRLNumeric"":null,""primaryDocument"":""c-20260403x8k.htm"",""primaryDocDescription"":""8-K""}"
"[""0000831001"",""0001104659-26-014378""]","0000831001","submissions-0000831001","0001104659-26-014378","2026-02-12","2026-02-11","8-K","8.01,9.01","c-20260211x8k.htm","https://www.sec.gov/Archives/edgar/data/831001/000110465926014378/c-20260211x8k.htm","/filings/recent/5","{""accessionNumber"":""0001104659-26-014378"",""filingDate"":""2026-02-12"",""reportDate"":""2026-02-11"",""acceptanceDateTime"":""2026-02-13T02:50:24.000Z"",""act"":""34"",""form"":""8-K"",""fileNumber"":""001-09924"",""filmNumber"":""26627233"",""items"":""8.01,9.01"",""core_type"":""XBRL"",""size"":288357,""isXBRL"":1,""isInlineXBRL"":1,""isXBRLNumeric"":null,""primaryDocument"":""c-20260211x8k.htm"",""primaryDocDescription"":""8-K""}"
"[""0000831001"",""0001193125-26-048689""]","0000831001","submissions-0000831001","0001193125-26-048689","2026-02-12","2026-02-11","8-K","5.03,9.01","d881338d8k.htm","https://www.sec.gov/Archives/edgar/data/831001/000119312526048689/d881338d8k.htm","/filings/recent/6","{""accessionNumber"":""0001193125-26-048689"",""filingDate"":""2026-02-12"",""reportDate"":""2026-02-11"",""acceptanceDateTime"":""2026-02-13T02:05:39.000Z"",""act"":""34"",""form"":""8-K"",""fileNumber"":""001-09924"",""filmNumber"":""26626134"",""items"":""5.03,9.01"",""core_type"":""XBRL"",""size"":890149,""isXBRL"":1,""isInlineXBRL"":1,""isXBRLNumeric"":null,""primaryDocument"":""d881338d8k.htm"",""primaryDocDescription"":""8-K""}"
"[""0000831001"",""0001193125-26-035604""]","0000831001","submissions-0000831001","0001193125-26-035604","2026-02-03","2026-02-02","8-K","5.03,9.01","d56362d8k.htm","https://www.sec.gov/Archives/edgar/data/831001/000119312526035604/d56362d8k.htm","/filings/recent/7","{""accessionNumber"":""0001193125-26-035604"",""filingDate"":""2026-02-03"",""reportDate"":""2026-02-02"",""acceptanceDateTime"":""2026-02-04T02:20:10.000Z"",""act"":""34"",""form"":""8-K"",""fileNumber"":""001-09924"",""filmNumber"":""26593252"",""items"":""5.03,9.01"",""core_type"":""XBRL"",""size"":875776,""isXBRL"":1,""isInlineXBRL"":1,""isXBRLNumeric"":null,""primaryDocument"":""d56362d8k.htm"",""primaryDocDescription"":""8-K""}"
"[""0000831001"",""0001104659-26-003604""]","0000831001","submissions-0000831001","0001104659-26-003604","2026-01-14","2026-01-14","8-K","2.02,9.01","c-20260114x8k.htm","https://www.sec.gov/Archives/edgar/data/831001/000110465926003604/c-20260114x8k.htm","/filings/recent/8","{""accessionNumber"":""0001104659-26-003604"",""filingDate"":""2026-01-14"",""reportDate"":""2026-01-14"",""acceptanceDateTime"":""2026-01-14T20:21:44.000Z"",""act"":""34"",""form"":""8-K"",""fileNumber"":""001-09924"",""filmNumber"":""26531827"",""items"":""2.02,9.01"",""core_type"":""XBRL"",""size"":13043547,""isXBRL"":1,""isInlineXBRL"":1,""isXBRLNumeric"":null,""primaryDocument"":""c-20260114x8k.htm"",""primaryDocDescription"":""8-K""}"
"[""0000831001"",""0001193125-26-010408""]","0000831001","submissions-0000831001","0001193125-26-010408","2026-01-12","2026-01-09","8-K","9.01","d203358d8k.htm","https://www.sec.gov/Archives/edgar/data/831001/000119312526010408/d203358d8k.htm","/filings/recent/9","{""accessionNumber"":""0001193125-26-010408"",""filingDate"":""2026-01-12"",""reportDate"":""2026-01-09"",""acceptanceDateTime"":""2026-01-13T02:18:23.000Z"",""act"":""34"",""form"":""8-K"",""fileNumber"":""001-09924"",""filmNumber"":""26526920"",""items"":""9.01"",""core_type"":""XBRL"",""size"":298461,""isXBRL"":1,""isInlineXBRL"":1,""isXBRLNumeric"":null,""primaryDocument"":""d203358d8k.htm"",""primaryDocDescription"":""8-K""}"
"[""0000831001"",""0001104659-25-124865""]","0000831001","submissions-0000831001","0001104659-25-124865","2025-12-29","2025-12-29","8-K","8.01,9.01","c-20251229x8k.htm","https://www.sec.gov/Archives/edgar/data/831001/000110465925124865/c-20251229x8k.htm","/filings/recent/10","{""accessionNumber"":""0001104659-25-124865"",""filingDate"":""2025-12-29"",""reportDate"":""2025-12-29"",""acceptanceDateTime"":""2025-12-30T02:17:06.000Z"",""act"":""34"",""form"":""8-K"",""fileNumber"":""001-09924"",""filmNumber"":""251609394"",""items"":""8.01,9.01"",""core_type"":""XBRL"",""size"":265984,""isXBRL"":1,""isInlineXBRL"":1,""isXBRLNumeric"":null,""primaryDocument"":""c-20251229x8k.htm"",""primaryDocDescription"":""8-K""}"
"[""0000831001"",""0001193125-25-314169""]","0000831001","submissions-0000831001","0001193125-25-314169","2025-12-10","2025-12-09","8-K","5.03,9.01","d49770d8k.htm","https://www.sec.gov/Archives/edgar/data/831001/000119312525314169/d49770d8k.htm","/filings/recent/11","{""accessionNumber"":""0001193125-25-314169"",""filingDate"":""2025-12-10"",""reportDate"":""2025-12-09"",""acceptanceDateTime"":""2025-12-11T02:06:34.000Z"",""act"":""34"",""form"":""8-K"",""fileNumber"":""001-09924"",""filmNumber"":""251562034"",""items"":""5.03,9.01"",""core_type"":""XBRL"",""size"":877668,""isXBRL"":1,""isInlineXBRL"":1,""isXBRLNumeric"":null,""primaryDocument"":""d49770d8k.htm"",""primaryDocDescription"":""8-K""}"
"[""0000831001"",""0001104659-25-114632""]","0000831001","submissions-0000831001","0001104659-25-114632","2025-11-20","2025-11-19","8-K","5.02,9.01","c-20251119x8k.htm","https://www.sec.gov/Archives/edgar/data/831001/000110465925114632/c-20251119x8k.htm","/filings/recent/12","{""accessionNumber"":""0001104659-25-114632"",""filingDate"":""2025-11-20"",""reportDate"":""2025-11-19"",""acceptanceDateTime"":""2025-11-21T02:28:56.000Z"",""act"":""34"",""form"":""8-K"",""fileNumber"":""001-09924"",""filmNumber"":""251503419"",""items"":""5.02,9.01"",""core_type"":""XBRL"",""size"":291000,""isXBRL"":1,""isInlineXBRL"":1,""isXBRLNumeric"":null,""primaryDocument"":""c-20251119x8k.htm"",""primaryDocDescription"":""8-K""}"
"[""0000831001"",""0001104659-25-101579""]","0000831001","submissions-0000831001","0001104659-25-101579","2025-10-22","2025-10-22","8-K","5.02,9.01","c-20251022x8k.htm","https://www.sec.gov/Archives/edgar/data/831001/000110465925101579/c-20251022x8k.htm","/filings/recent/13","{""accessionNumber"":""0001104659-25-101579"",""filingDate"":""2025-10-22"",""reportDate"":""2025-10-22"",""acceptanceDateTime"":""2025-10-23T01:14:09.000Z"",""act"":""34"",""form"":""8-K"",""fileNumber"":""001-09924"",""filmNumber"":""251410832"",""items"":""5.02,9.01"",""core_type"":""XBRL"",""size"":284607,""isXBRL"":1,""isInlineXBRL"":1,""isXBRLNumeric"":null,""primaryDocument"":""c-20251022x8k.htm"",""primaryDocDescription"":""8-K""}"
"[""0000831001"",""0001193125-25-246780""]","0000831001","submissions-0000831001","0001193125-25-246780","2025-10-22","2025-10-22","8-K","9.01","d41671d8k.htm","https://www.sec.gov/Archives/edgar/data/831001/000119312525246780/d41671d8k.htm","/filings/recent/14","{""accessionNumber"":""0001193125-25-246780"",""filingDate"":""2025-10-22"",""reportDate"":""2025-10-22"",""acceptanceDateTime"":""2025-10-23T00:10:49.000Z"",""act"":""34"",""form"":""8-K"",""fileNumber"":""001-09924"",""filmNumber"":""251410239"",""items"":""9.01"",""core_type"":""XBRL"",""size"":141075,""isXBRL"":1,""isInlineXBRL"":1,""isXBRLNumeric"":null,""primaryDocument"":""d41671d8k.htm"",""primaryDocDescription"":""8-K""}"
"[""0000831001"",""0001104659-25-099097""]","0000831001","submissions-0000831001","0001104659-25-099097","2025-10-14","2025-10-14","8-K","2.02,9.01","c-20251014x8k.htm","https://www.sec.gov/Archives/edgar/data/831001/000110465925099097/c-20251014x8k.htm","/filings/recent/15","{""accessionNumber"":""0001104659-25-099097"",""filingDate"":""2025-10-14"",""reportDate"":""2025-10-14"",""acceptanceDateTime"":""2025-10-14T18:08:51.000Z"",""act"":""34"",""form"":""8-K"",""fileNumber"":""001-09924"",""filmNumber"":""251390228"",""items"":""2.02,9.01"",""core_type"":""XBRL"",""size"":8581377,""isXBRL"":1,""isInlineXBRL"":1,""isXBRLNumeric"":null,""primaryDocument"":""c-20251014x8k.htm"",""primaryDocDescription"":""8-K""}"
"[""0001067983"",""0001193125-26-344495""]","0001067983","submissions-0001067983","0001193125-26-344495","2026-08-11","2026-08-08","8-K","2.02,9.01","d159922d8k.htm","https://www.sec.gov/Archives/edgar/data/1067983/000119312526344495/d159922d8k.htm","/filings/recent/0","{""accessionNumber"":""0001193125-26-344495"",""filingDate"":""2026-08-11"",""reportDate"":""2026-08-08"",""acceptanceDateTime"":""2026-08-11T23:52:27.000Z"",""act"":""34"",""form"":""8-K"",""fileNumber"":""001-14905"",""filmNumber"":""261262957"",""items"":""2.02,9.01"",""core_type"":""XBRL"",""size"":278465,""isXBRL"":1,""isInlineXBRL"":1,""isXBRLNumeric"":0,""primaryDocument"":""d159922d8k.htm"",""primaryDocDescription"":""8-K""}"
"[""0001067983"",""0001193125-26-212148""]","0001067983","submissions-0001067983","0001193125-26-212148","2026-05-07","2026-05-02","8-K","2.02,5.02,5.03,5.07,9.01","d74313d8k.htm","https://www.sec.gov/Archives/edgar/data/1067983/000119312526212148/d74313d8k.htm","/filings/recent/1","{""accessionNumber"":""0001193125-26-212148"",""filingDate"":""2026-05-07"",""reportDate"":""2026-05-02"",""acceptanceDateTime"":""2026-05-08T00:33:34.000Z"",""act"":""34"",""form"":""8-K"",""fileNumber"":""001-14905"",""filmNumber"":""26954168"",""items"":""2.02,5.02,5.03,5.07,9.01"",""core_type"":""XBRL"",""size"":420011,""isXBRL"":1,""isInlineXBRL"":1,""isXBRLNumeric"":0,""primaryDocument"":""d74313d8k.htm"",""primaryDocDescription"":""8-K""}"
"[""0001067983"",""0001193125-26-159326""]","0001067983","submissions-0001067983","0001193125-26-159326","2026-04-16","2026-04-16","8-K","8.01,9.01","d903301d8k.htm","https://www.sec.gov/Archives/edgar/data/1067983/000119312526159326/d903301d8k.htm","/filings/recent/2","{""accessionNumber"":""0001193125-26-159326"",""filingDate"":""2026-04-16"",""reportDate"":""2026-04-16"",""acceptanceDateTime"":""2026-04-17T01:15:36.000Z"",""act"":""34"",""form"":""8-K"",""fileNumber"":""001-14905"",""filmNumber"":""26868519"",""items"":""8.01,9.01"",""core_type"":""XBRL"",""size"":992157,""isXBRL"":1,""isInlineXBRL"":1,""isXBRLNumeric"":0,""primaryDocument"":""d903301d8k.htm"",""primaryDocDescription"":""8-K""}"
"[""0001067983"",""0001193125-26-092557""]","0001067983","submissions-0001067983","0001193125-26-092557","2026-03-05","2026-03-04","8-K","8.01,9.01","d82599d8k.htm","https://www.sec.gov/Archives/edgar/data/1067983/000119312526092557/d82599d8k.htm","/filings/recent/3","{""accessionNumber"":""0001193125-26-092557"",""filingDate"":""2026-03-05"",""reportDate"":""2026-03-04"",""acceptanceDateTime"":""2026-03-05T17:25:35.000Z"",""act"":""34"",""form"":""8-K"",""fileNumber"":""001-14905"",""filmNumber"":""26724191"",""items"":""8.01,9.01"",""core_type"":""XBRL"",""size"":237443,""isXBRL"":1,""isInlineXBRL"":1,""isXBRLNumeric"":null,""primaryDocument"":""d82599d8k.htm"",""primaryDocDescription"":""8-K""}"
"[""0001067983"",""0001193125-26-085801""]","0001067983","submissions-0001067983","0001193125-26-085801","2026-03-02","2026-02-28","8-K","2.02,9.01","d117283d8k.htm","https://www.sec.gov/Archives/edgar/data/1067983/000119312526085801/d117283d8k.htm","/filings/recent/4","{""accessionNumber"":""0001193125-26-085801"",""filingDate"":""2026-03-02"",""reportDate"":""2026-02-28"",""acceptanceDateTime"":""2026-03-03T03:27:20.000Z"",""act"":""34"",""form"":""8-K"",""fileNumber"":""001-14905"",""filmNumber"":""26709583"",""items"":""2.02,9.01"",""core_type"":""XBRL"",""size"":277068,""isXBRL"":1,""isInlineXBRL"":1,""isXBRLNumeric"":null,""primaryDocument"":""d117283d8k.htm"",""primaryDocDescription"":""8-K""}"
"[""0001067983"",""0001193125-26-004727""]","0001067983","submissions-0001067983","0001193125-26-004727","2026-01-06","2025-05-03","8-K/A","5.02","d32284d8ka.htm","https://www.sec.gov/Archives/edgar/data/1067983/000119312526004727/d32284d8ka.htm","/filings/recent/5","{""accessionNumber"":""0001193125-26-004727"",""filingDate"":""2026-01-06"",""reportDate"":""2025-05-03"",""acceptanceDateTime"":""2026-01-07T03:00:33.000Z"",""act"":""34"",""form"":""8-K/A"",""fileNumber"":""001-14905"",""filmNumber"":""26512597"",""items"":""5.02"",""core_type"":""XBRL"",""size"":237846,""isXBRL"":1,""isInlineXBRL"":1,""isXBRLNumeric"":null,""primaryDocument"":""d32284d8ka.htm"",""primaryDocDescription"":""8-K/A""}"
"[""0001067983"",""0001193125-25-314935""]","0001067983","submissions-0001067983","0001193125-25-314935","2025-12-11","2025-12-08","8-K","5.02,9.01","d10933d8k.htm","https://www.sec.gov/Archives/edgar/data/1067983/000119312525314935/d10933d8k.htm","/filings/recent/6","{""accessionNumber"":""0001193125-25-314935"",""filingDate"":""2025-12-11"",""reportDate"":""2025-12-08"",""acceptanceDateTime"":""2025-12-11T16:02:16.000Z"",""act"":""34"",""form"":""8-K"",""fileNumber"":""001-14905"",""filmNumber"":""251563433"",""items"":""5.02,9.01"",""core_type"":""XBRL"",""size"":252857,""isXBRL"":1,""isInlineXBRL"":1,""isXBRLNumeric"":null,""primaryDocument"":""d10933d8k.htm"",""primaryDocDescription"":""8-K""}"
"[""0001067983"",""0001193125-25-290864""]","0001067983","submissions-0001067983","0001193125-25-290864","2025-11-21","2025-11-20","8-K","8.01,9.01","d45429d8k.htm","https://www.sec.gov/Archives/edgar/data/1067983/000119312525290864/d45429d8k.htm","/filings/recent/7","{""accessionNumber"":""0001193125-25-290864"",""filingDate"":""2025-11-21"",""reportDate"":""2025-11-20"",""acceptanceDateTime"":""2025-11-21T20:46:21.000Z"",""act"":""34"",""form"":""8-K"",""fileNumber"":""001-14905"",""filmNumber"":""251505527"",""items"":""8.01,9.01"",""core_type"":""XBRL"",""size"":802111,""isXBRL"":1,""isInlineXBRL"":1,""isXBRLNumeric"":null,""primaryDocument"":""d45429d8k.htm"",""primaryDocDescription"":""8-K""}"
"[""0001067983"",""0001193125-25-262260""]","0001067983","submissions-0001067983","0001193125-25-262260","2025-11-03","2025-11-01","8-K","2.02,9.01","d22917d8k.htm","https://www.sec.gov/Archives/edgar/data/1067983/000119312525262260/d22917d8k.htm","/filings/recent/8","{""accessionNumber"":""0001193125-25-262260"",""filingDate"":""2025-11-03"",""reportDate"":""2025-11-01"",""acceptanceDateTime"":""2025-11-03T23:48:34.000Z"",""act"":""34"",""form"":""8-K"",""fileNumber"":""001-14905"",""filmNumber"":""251443305"",""items"":""2.02,9.01"",""core_type"":""XBRL"",""size"":276672,""isXBRL"":1,""isInlineXBRL"":1,""isXBRLNumeric"":null,""primaryDocument"":""d22917d8k.htm"",""primaryDocDescription"":""8-K""}"
"[""0001067983"",""0001193125-25-229405""]","0001067983","submissions-0001067983","0001193125-25-229405","2025-10-03","2025-09-30","8-K","5.03,9.01","d84825d8k.htm","https://www.sec.gov/Archives/edgar/data/1067983/000119312525229405/d84825d8k.htm","/filings/recent/9","{""accessionNumber"":""0001193125-25-229405"",""filingDate"":""2025-10-03"",""reportDate"":""2025-09-30"",""acceptanceDateTime"":""2025-10-03T18:34:37.000Z"",""act"":""34"",""form"":""8-K"",""fileNumber"":""001-14905"",""filmNumber"":""251372422"",""items"":""5.03,9.01"",""core_type"":""XBRL"",""size"":361242,""isXBRL"":1,""isInlineXBRL"":1,""isXBRLNumeric"":null,""primaryDocument"":""d84825d8k.htm"",""primaryDocDescription"":""8-K""}"
"[""0001108524"",""0001108524-26-000210""]","0001108524","submissions-0001108524","0001108524-26-000210","2026-09-17","2026-09-16","8-K","7.01,9.01","crm-20260916.htm","https://www.sec.gov/Archives/edgar/data/1108524/000110852426000210/crm-20260916.htm","/filings/recent/0","{""accessionNumber"":""0001108524-26-000210"",""filingDate"":""2026-09-17"",""reportDate"":""2026-09-16"",""acceptanceDateTime"":""2026-09-17T01:02:48.000Z"",""act"":""34"",""form"":""8-K"",""fileNumber"":""001-32224"",""filmNumber"":""261385060"",""items"":""7.01,9.01"",""core_type"":""XBRL"",""size"":5062860,""isXBRL"":1,""isInlineXBRL"":1,""isXBRLNumeric"":0,""primaryDocument"":""crm-20260916.htm"",""primaryDocDescription"":""8-K""}"
"[""0001108524"",""0001108524-26-000197""]","0001108524","submissions-0001108524","0001108524-26-000197","2026-09-04","2026-09-02","8-K","5.02","crm-20260902.htm","https://www.sec.gov/Archives/edgar/data/1108524/000110852426000197/crm-20260902.htm","/filings/recent/1","{""accessionNumber"":""0001108524-26-000197"",""filingDate"":""2026-09-04"",""reportDate"":""2026-09-02"",""acceptanceDateTime"":""2026-09-04T20:05:24.000Z"",""act"":""34"",""form"":""8-K"",""fileNumber"":""001-32224"",""filmNumber"":""261362141"",""items"":""5.02"",""core_type"":""XBRL"",""size"":149852,""isXBRL"":1,""isInlineXBRL"":1,""isXBRLNumeric"":0,""primaryDocument"":""crm-20260902.htm"",""primaryDocDescription"":""8-K""}"
"[""0001108524"",""0001108524-26-000187""]","0001108524","submissions-0001108524","0001108524-26-000187","2026-08-26","2026-08-26","8-K","2.02,9.01","crm-20260826.htm","https://www.sec.gov/Archives/edgar/data/1108524/000110852426000187/crm-20260826.htm","/filings/recent/2","{""accessionNumber"":""0001108524-26-000187"",""filingDate"":""2026-08-26"",""reportDate"":""2026-08-26"",""acceptanceDateTime"":""2026-08-26T20:03:53.000Z"",""act"":""34"",""form"":""8-K"",""fileNumber"":""001-32224"",""filmNumber"":""261322643"",""items"":""2.02,9.01"",""core_type"":""XBRL"",""size"":783211,""isXBRL"":1,""isInlineXBRL"":1,""isXBRLNumeric"":0,""primaryDocument"":""crm-20260826.htm"",""primaryDocDescription"":""8-K""}"
"[""0001108524"",""0001108524-26-000160""]","0001108524","submissions-0001108524","0001108524-26-000160","2026-08-05","2026-08-05","8-K","5.02","crm-20260805.htm","https://www.sec.gov/Archives/edgar/data/1108524/000110852426000160/crm-20260805.htm","/filings/recent/3","{""accessionNumber"":""0001108524-26-000160"",""filingDate"":""2026-08-05"",""reportDate"":""2026-08-05"",""acceptanceDateTime"":""2026-08-05T20:36:56.000Z"",""act"":""34"",""form"":""8-K"",""fileNumber"":""001-32224"",""filmNumber"":""261244243"",""items"":""5.02"",""core_type"":""XBRL"",""size"":148262,""isXBRL"":1,""isInlineXBRL"":1,""isXBRLNumeric"":0,""primaryDocument"":""crm-20260805.htm"",""primaryDocDescription"":""8-K""}"
"[""0001108524"",""0001108524-26-000138""]","0001108524","submissions-0001108524","0001108524-26-000138","2026-06-02","2026-05-27","8-K","5.02","crm-20260527.htm","https://www.sec.gov/Archives/edgar/data/1108524/000110852426000138/crm-20260527.htm","/filings/recent/4","{""accessionNumber"":""0001108524-26-000138"",""filingDate"":""2026-06-02"",""reportDate"":""2026-05-27"",""acceptanceDateTime"":""2026-06-02T20:15:12.000Z"",""act"":""34"",""form"":""8-K"",""fileNumber"":""001-32224"",""filmNumber"":""261056183"",""items"":""5.02"",""core_type"":""XBRL"",""size"":148676,""isXBRL"":1,""isInlineXBRL"":1,""isXBRLNumeric"":0,""primaryDocument"":""crm-20260527.htm"",""primaryDocDescription"":""8-K""}"
"[""0001108524"",""0001108524-26-000131""]","0001108524","submissions-0001108524","0001108524-26-000131","2026-06-01","2026-05-28","8-K","5.02,9.01","crm-20260528.htm","https://www.sec.gov/Archives/edgar/data/1108524/000110852426000131/crm-20260528.htm","/filings/recent/5","{""accessionNumber"":""0001108524-26-000131"",""filingDate"":""2026-06-01"",""reportDate"":""2026-05-28"",""acceptanceDateTime"":""2026-06-01T20:43:09.000Z"",""act"":""34"",""form"":""8-K"",""fileNumber"":""001-32224"",""filmNumber"":""261051766"",""items"":""5.02,9.01"",""core_type"":""XBRL"",""size"":614981,""isXBRL"":1,""isInlineXBRL"":1,""isXBRLNumeric"":0,""primaryDocument"":""crm-20260528.htm"",""primaryDocDescription"":""8-K""}"
"[""0001108524"",""0001108524-26-000125""]","0001108524","submissions-0001108524","0001108524-26-000125","2026-05-27","2026-05-27","8-K","2.02,9.01","crm-20260527.htm","https://www.sec.gov/Archives/edgar/data/1108524/000110852426000125/crm-20260527.htm","/filings/recent/6","{""accessionNumber"":""0001108524-26-000125"",""filingDate"":""2026-05-27"",""reportDate"":""2026-05-27"",""acceptanceDateTime"":""2026-05-27T20:18:26.000Z"",""act"":""34"",""form"":""8-K"",""fileNumber"":""001-32224"",""filmNumber"":""261026421"",""items"":""2.02,9.01"",""core_type"":""XBRL"",""size"":628493,""isXBRL"":1,""isInlineXBRL"":1,""isXBRLNumeric"":0,""primaryDocument"":""crm-20260527.htm"",""primaryDocDescription"":""8-K""}"
"[""0001108524"",""0001193125-26-107403""]","0001108524","submissions-0001108524","0001193125-26-107403","2026-03-16","2026-03-16","8-K","7.01,9.01","d887663d8k.htm","https://www.sec.gov/Archives/edgar/data/1108524/000119312526107403/d887663d8k.htm","/filings/recent/7","{""accessionNumber"":""0001193125-26-107403"",""filingDate"":""2026-03-16"",""reportDate"":""2026-03-16"",""acceptanceDateTime"":""2026-03-16T13:13:09.000Z"",""act"":""34"",""form"":""8-K"",""fileNumber"":""001-32224"",""filmNumber"":""26754734"",""items"":""7.01,9.01"",""core_type"":""XBRL"",""size"":151711,""isXBRL"":1,""isInlineXBRL"":1,""isXBRLNumeric"":null,""primaryDocument"":""d887663d8k.htm"",""primaryDocDescription"":""8-K""}"
"[""0001108524"",""0001193125-26-106356""]","0001108524","submissions-0001108524","0001193125-26-106356","2026-03-13","2026-03-13","8-K","1.01,2.03,9.01","d114728d8k.htm","https://www.sec.gov/Archives/edgar/data/1108524/000119312526106356/d114728d8k.htm","/filings/recent/8","{""accessionNumber"":""0001193125-26-106356"",""filingDate"":""2026-03-13"",""reportDate"":""2026-03-13"",""acceptanceDateTime"":""2026-03-13T20:59:32.000Z"",""act"":""34"",""form"":""8-K"",""fileNumber"":""001-32224"",""filmNumber"":""26753291"",""items"":""1.01,2.03,9.01"",""core_type"":""XBRL"",""size"":533977,""isXBRL"":1,""isInlineXBRL"":1,""isXBRLNumeric"":null,""primaryDocument"":""d114728d8k.htm"",""primaryDocDescription"":""8-K""}"
"[""0001108524"",""0001193125-26-104282""]","0001108524","submissions-0001108524","0001193125-26-104282","2026-03-12","2026-03-11","8-K","1.01,2.03,9.01","d887348d8k.htm","https://www.sec.gov/Archives/edgar/data/1108524/000119312526104282/d887348d8k.htm","/filings/recent/9","{""accessionNumber"":""0001193125-26-104282"",""filingDate"":""2026-03-12"",""reportDate"":""2026-03-11"",""acceptanceDateTime"":""2026-03-12T20:32:21.000Z"",""act"":""34"",""form"":""8-K"",""fileNumber"":""001-32224"",""filmNumber"":""26748339"",""items"":""1.01,2.03,9.01"",""core_type"":""XBRL"",""size"":1494282,""isXBRL"":1,""isInlineXBRL"":1,""isXBRLNumeric"":null,""primaryDocument"":""d887348d8k.htm"",""primaryDocDescription"":""8-K""}"
"[""0001108524"",""0001108524-26-000062""]","0001108524","submissions-0001108524","0001108524-26-000062","2026-03-06","2026-03-06","8-K","5.02","crm-20260306.htm","https://www.sec.gov/Archives/edgar/data/1108524/000110852426000062/crm-20260306.htm","/filings/recent/10","{""accessionNumber"":""0001108524-26-000062"",""filingDate"":""2026-03-06"",""reportDate"":""2026-03-06"",""acceptanceDateTime"":""2026-03-06T21:15:12.000Z"",""act"":""34"",""form"":""8-K"",""fileNumber"":""001-32224"",""filmNumber"":""26731169"",""items"":""5.02"",""core_type"":""XBRL"",""size"":144894,""isXBRL"":1,""isInlineXBRL"":1,""isXBRLNumeric"":null,""primaryDocument"":""crm-20260306.htm"",""primaryDocDescription"":""8-K""}"
"[""0001108524"",""0001108524-26-000056""]","0001108524","submissions-0001108524","0001108524-26-000056","2026-02-25","2026-02-25","8-K","2.02,9.01","crm-20260225.htm","https://www.sec.gov/Archives/edgar/data/1108524/000110852426000056/crm-20260225.htm","/filings/recent/11","{""accessionNumber"":""0001108524-26-000056"",""filingDate"":""2026-02-25"",""reportDate"":""2026-02-25"",""acceptanceDateTime"":""2026-02-25T21:03:12.000Z"",""act"":""34"",""form"":""8-K"",""fileNumber"":""001-32224"",""filmNumber"":""26678362"",""items"":""2.02,9.01"",""core_type"":""XBRL"",""size"":775711,""isXBRL"":1,""isInlineXBRL"":1,""isXBRLNumeric"":null,""primaryDocument"":""crm-20260225.htm"",""primaryDocDescription"":""8-K""}"
"[""0001108524"",""0001108524-25-000234""]","0001108524","submissions-0001108524","0001108524-25-000234","2025-12-03","2025-12-03","8-K","2.02,9.01","crm-20251203.htm","https://www.sec.gov/Archives/edgar/data/1108524/000110852425000234/crm-20251203.htm","/filings/recent/12","{""accessionNumber"":""0001108524-25-000234"",""filingDate"":""2025-12-03"",""reportDate"":""2025-12-03"",""acceptanceDateTime"":""2025-12-03T21:04:55.000Z"",""act"":""34"",""form"":""8-K"",""fileNumber"":""001-32224"",""filmNumber"":""251546460"",""items"":""2.02,9.01"",""core_type"":""XBRL"",""size"":756367,""isXBRL"":1,""isInlineXBRL"":1,""isXBRLNumeric"":null,""primaryDocument"":""crm-20251203.htm"",""primaryDocDescription"":""8-K""}"
"[""0001108524"",""0001108524-25-000207""]","0001108524","submissions-0001108524","0001108524-25-000207","2025-11-18","2025-11-18","8-K","2.03,7.01,9.01","crm-20251118.htm","https://www.sec.gov/Archives/edgar/data/1108524/000110852425000207/crm-20251118.htm","/filings/recent/13","{""accessionNumber"":""0001108524-25-000207"",""filingDate"":""2025-11-18"",""reportDate"":""2025-11-18"",""acceptanceDateTime"":""2025-11-18T21:16:29.000Z"",""act"":""34"",""form"":""8-K"",""fileNumber"":""001-32224"",""filmNumber"":""251494876"",""items"":""2.03,7.01,9.01"",""core_type"":""XBRL"",""size"":184018,""isXBRL"":1,""isInlineXBRL"":1,""isXBRLNumeric"":null,""primaryDocument"":""crm-20251118.htm"",""primaryDocDescription"":""8-K""}"
"[""0001108524"",""0001108524-25-000168""]","0001108524","submissions-0001108524","0001108524-25-000168","2025-10-16","2025-10-15","8-K","7.01,9.01","crm-20251015.htm","https://www.sec.gov/Archives/edgar/data/1108524/000110852425000168/crm-20251015.htm","/filings/recent/14","{""accessionNumber"":""0001108524-25-000168"",""filingDate"":""2025-10-16"",""reportDate"":""2025-10-15"",""acceptanceDateTime"":""2025-10-16T01:13:50.000Z"",""act"":""34"",""form"":""8-K"",""fileNumber"":""001-32224"",""filmNumber"":""251396268"",""items"":""7.01,9.01"",""core_type"":""XBRL"",""size"":5011355,""isXBRL"":1,""isInlineXBRL"":1,""isXBRLNumeric"":null,""primaryDocument"":""crm-20251015.htm"",""primaryDocDescription"":""8-K""}"
"[""0000004962"",""0000004962-26-000353""]","0000004962","submissions-0000004962","0000004962-26-000353","2026-09-15","2026-09-15","8-K","7.01","axp-20260915.htm","https://www.sec.gov/Archives/edgar/data/4962/000000496226000353/axp-20260915.htm","/filings/recent/0","{""accessionNumber"":""0000004962-26-000353"",""filingDate"":""2026-09-15"",""reportDate"":""2026-09-15"",""acceptanceDateTime"":""2026-09-15T15:35:25.000Z"",""act"":""34"",""form"":""8-K"",""fileNumber"":""001-07657"",""filmNumber"":""261379134"",""items"":""7.01"",""core_type"":""XBRL"",""size"":263773,""isXBRL"":1,""isInlineXBRL"":1,""isXBRLNumeric"":0,""primaryDocument"":""axp-20260915.htm"",""primaryDocDescription"":""8-K""}"
"[""0000004962"",""0000004962-26-000345""]","0000004962","submissions-0000004962","0000004962-26-000345","2026-08-17","2026-08-17","8-K","7.01","axp-20260817.htm","https://www.sec.gov/Archives/edgar/data/4962/000000496226000345/axp-20260817.htm","/filings/recent/1","{""accessionNumber"":""0000004962-26-000345"",""filingDate"":""2026-08-17"",""reportDate"":""2026-08-17"",""acceptanceDateTime"":""2026-08-17T20:00:28.000Z"",""act"":""34"",""form"":""8-K"",""fileNumber"":""001-07657"",""filmNumber"":""261285690"",""items"":""7.01"",""core_type"":""XBRL"",""size"":263769,""isXBRL"":1,""isInlineXBRL"":1,""isXBRLNumeric"":0,""primaryDocument"":""axp-20260817.htm"",""primaryDocDescription"":""8-K""}"
"[""0000004962"",""0000004962-26-000338""]","0000004962","submissions-0000004962","0000004962-26-000338","2026-08-12","2026-08-12","8-K","3.03,5.03,8.01,9.01","axp-20260812.htm","https://www.sec.gov/Archives/edgar/data/4962/000000496226000338/axp-20260812.htm","/filings/recent/2","{""accessionNumber"":""0000004962-26-000338"",""filingDate"":""2026-08-12"",""reportDate"":""2026-08-12"",""acceptanceDateTime"":""2026-08-13T01:29:42.000Z"",""act"":""34"",""form"":""8-K"",""fileNumber"":""001-07657"",""filmNumber"":""261268917"",""items"":""3.03,5.03,8.01,9.01"",""core_type"":""XBRL"",""size"":1438457,""isXBRL"":1,""isInlineXBRL"":1,""isXBRLNumeric"":0,""primaryDocument"":""axp-20260812.htm"",""primaryDocDescription"":""8-K""}"
"[""0000004962"",""0000004962-26-000327""]","0000004962","submissions-0000004962","0000004962-26-000327","2026-08-05","2026-08-05","8-K","8.01","axp-20260805.htm","https://www.sec.gov/Archives/edgar/data/4962/000000496226000327/axp-20260805.htm","/filings/recent/3","{""accessionNumber"":""0000004962-26-000327"",""filingDate"":""2026-08-05"",""reportDate"":""2026-08-05"",""acceptanceDateTime"":""2026-08-05T17:10:30.000Z"",""act"":""34"",""form"":""8-K"",""fileNumber"":""001-07657"",""filmNumber"":""261241553"",""items"":""8.01"",""core_type"":""XBRL"",""size"":190301,""isXBRL"":1,""isInlineXBRL"":1,""isXBRLNumeric"":0,""primaryDocument"":""axp-20260805.htm"",""primaryDocDescription"":""8-K""}"
"[""0000004962"",""0000004962-26-000318""]","0000004962","submissions-0000004962","0000004962-26-000318","2026-07-24","2026-07-24","8-K","2.02,7.01,9.01","axp-20260724.htm","https://www.sec.gov/Archives/edgar/data/4962/000000496226000318/axp-20260724.htm","/filings/recent/4","{""accessionNumber"":""0000004962-26-000318"",""filingDate"":""2026-07-24"",""reportDate"":""2026-07-24"",""acceptanceDateTime"":""2026-07-24T15:00:28.000Z"",""act"":""34"",""form"":""8-K"",""fileNumber"":""001-07657"",""filmNumber"":""261198428"",""items"":""2.02,7.01,9.01"",""core_type"":""XBRL"",""size"":2261354,""isXBRL"":1,""isInlineXBRL"":1,""isXBRLNumeric"":0,""primaryDocument"":""axp-20260724.htm"",""primaryDocDescription"":""8-K""}"
"[""0000004962"",""0000004962-26-000302""]","0000004962","submissions-0000004962","0000004962-26-000302","2026-07-15","2026-07-15","8-K","7.01","axp-20260715.htm","https://www.sec.gov/Archives/edgar/data/4962/000000496226000302/axp-20260715.htm","/filings/recent/5","{""accessionNumber"":""0000004962-26-000302"",""filingDate"":""2026-07-15"",""reportDate"":""2026-07-15"",""acceptanceDateTime"":""2026-07-15T20:00:29.000Z"",""act"":""34"",""form"":""8-K"",""fileNumber"":""001-07657"",""filmNumber"":""261176614"",""items"":""7.01"",""core_type"":""XBRL"",""size"":270030,""isXBRL"":1,""isInlineXBRL"":1,""isXBRLNumeric"":0,""primaryDocument"":""axp-20260715.htm"",""primaryDocDescription"":""8-K""}"
"[""0000004962"",""0000004962-26-000281""]","0000004962","submissions-0000004962","0000004962-26-000281","2026-06-25","2026-06-25","8-K","7.01,9.01","axp-20260625.htm","https://www.sec.gov/Archives/edgar/data/4962/000000496226000281/axp-20260625.htm","/filings/recent/6","{""accessionNumber"":""0000004962-26-000281"",""filingDate"":""2026-06-25"",""reportDate"":""2026-06-25"",""acceptanceDateTime"":""2026-06-26T00:19:46.000Z"",""act"":""34"",""form"":""8-K"",""fileNumber"":""001-07657"",""filmNumber"":""261122144"",""items"":""7.01,9.01"",""core_type"":""XBRL"",""size"":216147,""isXBRL"":1,""isInlineXBRL"":1,""isXBRLNumeric"":0,""primaryDocument"":""axp-20260625.htm"",""primaryDocDescription"":""8-K""}"
"[""0000004962"",""0000004962-26-000270""]","0000004962","submissions-0000004962","0000004962-26-000270","2026-06-17","2026-06-17","8-K","8.01,9.01","axp-20260617.htm","https://www.sec.gov/Archives/edgar/data/4962/000000496226000270/axp-20260617.htm","/filings/recent/7","{""accessionNumber"":""0000004962-26-000270"",""filingDate"":""2026-06-17"",""reportDate"":""2026-06-17"",""acceptanceDateTime"":""2026-06-17T21:01:12.000Z"",""act"":""34"",""form"":""8-K"",""fileNumber"":""001-07657"",""filmNumber"":""261097388"",""items"":""8.01,9.01"",""core_type"":""XBRL"",""size"":650840,""isXBRL"":1,""isInlineXBRL"":1,""isXBRLNumeric"":0,""primaryDocument"":""axp-20260617.htm"",""primaryDocDescription"":""8-K""}"
"[""0000004962"",""0000004962-26-000263""]","0000004962","submissions-0000004962","0000004962-26-000263","2026-06-15","2026-06-15","8-K","7.01","axp-20260615.htm","https://www.sec.gov/Archives/edgar/data/4962/000000496226000263/axp-20260615.htm","/filings/recent/8","{""accessionNumber"":""0000004962-26-000263"",""filingDate"":""2026-06-15"",""reportDate"":""2026-06-15"",""acceptanceDateTime"":""2026-06-15T20:00:39.000Z"",""act"":""34"",""form"":""8-K"",""fileNumber"":""001-07657"",""filmNumber"":""261089784"",""items"":""7.01"",""core_type"":""XBRL"",""size"":252204,""isXBRL"":1,""isInlineXBRL"":1,""isXBRLNumeric"":0,""primaryDocument"":""axp-20260615.htm"",""primaryDocDescription"":""8-K""}"
"[""0000004962"",""0000004962-26-000249""]","0000004962","submissions-0000004962","0000004962-26-000249","2026-05-15","2026-05-15","8-K","7.01,9.01","axp-20260515.htm","https://www.sec.gov/Archives/edgar/data/4962/000000496226000249/axp-20260515.htm","/filings/recent/9","{""accessionNumber"":""0000004962-26-000249"",""filingDate"":""2026-05-15"",""reportDate"":""2026-05-15"",""acceptanceDateTime"":""2026-05-15T20:00:46.000Z"",""act"":""34"",""form"":""8-K"",""fileNumber"":""001-07657"",""filmNumber"":""26984551"",""items"":""7.01,9.01"",""core_type"":""XBRL"",""size"":425158,""isXBRL"":1,""isInlineXBRL"":1,""isXBRLNumeric"":0,""primaryDocument"":""axp-20260515.htm"",""primaryDocDescription"":""8-K""}"
"[""0000004962"",""0000004962-26-000231""]","0000004962","submissions-0000004962","0000004962-26-000231","2026-05-07","2026-05-05","8-K","5.07","axp-20260505.htm","https://www.sec.gov/Archives/edgar/data/4962/000000496226000231/axp-20260505.htm","/filings/recent/10","{""accessionNumber"":""0000004962-26-000231"",""filingDate"":""2026-05-07"",""reportDate"":""2026-05-05"",""acceptanceDateTime"":""2026-05-08T00:18:21.000Z"",""act"":""34"",""form"":""8-K"",""fileNumber"":""001-07657"",""filmNumber"":""26953664"",""items"":""5.07"",""core_type"":""XBRL"",""size"":228035,""isXBRL"":1,""isInlineXBRL"":1,""isXBRLNumeric"":0,""primaryDocument"":""axp-20260505.htm"",""primaryDocDescription"":""8-K""}"
"[""0000004962"",""0000004962-26-000207""]","0000004962","submissions-0000004962","0000004962-26-000207","2026-05-04","2026-05-04","8-K","8.01,9.01","axp-20260504.htm","https://www.sec.gov/Archives/edgar/data/4962/000000496226000207/axp-20260504.htm","/filings/recent/11","{""accessionNumber"":""0000004962-26-000207"",""filingDate"":""2026-05-04"",""reportDate"":""2026-05-04"",""acceptanceDateTime"":""2026-05-04T22:00:53.000Z"",""act"":""34"",""form"":""8-K"",""fileNumber"":""001-07657"",""filmNumber"":""26936485"",""items"":""8.01,9.01"",""core_type"":""XBRL"",""size"":219457,""isXBRL"":1,""isInlineXBRL"":1,""isXBRLNumeric"":0,""primaryDocument"":""axp-20260504.htm"",""primaryDocDescription"":""8-K""}"
"[""0000004962"",""0000004962-26-000203""]","0000004962","submissions-0000004962","0000004962-26-000203","2026-05-04","2026-05-04","8-K","7.01","axp-20260504.htm","https://www.sec.gov/Archives/edgar/data/4962/000000496226000203/axp-20260504.htm","/filings/recent/12","{""accessionNumber"":""0000004962-26-000203"",""filingDate"":""2026-05-04"",""reportDate"":""2026-05-04"",""acceptanceDateTime"":""2026-05-04T15:34:11.000Z"",""act"":""34"",""form"":""8-K"",""fileNumber"":""001-07657"",""filmNumber"":""26934653"",""items"":""7.01"",""core_type"":""XBRL"",""size"":185794,""isXBRL"":1,""isInlineXBRL"":1,""isXBRLNumeric"":0,""primaryDocument"":""axp-20260504.htm"",""primaryDocDescription"":""8-K""}"
"[""0000004962"",""0000004962-26-000188""]","0000004962","submissions-0000004962","0000004962-26-000188","2026-04-23","2026-04-23","8-K","2.02,7.01,9.01","axp-20260423.htm","https://www.sec.gov/Archives/edgar/data/4962/000000496226000188/axp-20260423.htm","/filings/recent/13","{""accessionNumber"":""0000004962-26-000188"",""filingDate"":""2026-04-23"",""reportDate"":""2026-04-23"",""acceptanceDateTime"":""2026-04-23T15:00:36.000Z"",""act"":""34"",""form"":""8-K"",""fileNumber"":""001-07657"",""filmNumber"":""26885482"",""items"":""2.02,7.01,9.01"",""core_type"":""XBRL"",""size"":1846111,""isXBRL"":1,""isInlineXBRL"":1,""isXBRLNumeric"":0,""primaryDocument"":""axp-20260423.htm"",""primaryDocDescription"":""8-K""}"
"[""0000004962"",""0000004962-26-000148""]","0000004962","submissions-0000004962","0000004962-26-000148","2026-04-15","2026-04-15","8-K","7.01","axp-20260415.htm","https://www.sec.gov/Archives/edgar/data/4962/000000496226000148/axp-20260415.htm","/filings/recent/14","{""accessionNumber"":""0000004962-26-000148"",""filingDate"":""2026-04-15"",""reportDate"":""2026-04-15"",""acceptanceDateTime"":""2026-04-15T20:01:04.000Z"",""act"":""34"",""form"":""8-K"",""fileNumber"":""001-07657"",""filmNumber"":""26863235"",""items"":""7.01"",""core_type"":""XBRL"",""size"":230456,""isXBRL"":1,""isInlineXBRL"":1,""isXBRLNumeric"":0,""primaryDocument"":""axp-20260415.htm"",""primaryDocDescription"":""8-K""}"
"[""0000004962"",""0000004962-26-000121""]","0000004962","submissions-0000004962","0000004962-26-000121","2026-03-16","2026-03-16","8-K","7.01","axp-20260316.htm","https://www.sec.gov/Archives/edgar/data/4962/000000496226000121/axp-20260316.htm","/filings/recent/15","{""accessionNumber"":""0000004962-26-000121"",""filingDate"":""2026-03-16"",""reportDate"":""2026-03-16"",""acceptanceDateTime"":""2026-03-16T20:00:25.000Z"",""act"":""34"",""form"":""8-K"",""fileNumber"":""001-07657"",""filmNumber"":""26755349"",""items"":""7.01"",""core_type"":""XBRL"",""size"":221994,""isXBRL"":1,""isInlineXBRL"":1,""isXBRLNumeric"":null,""primaryDocument"":""axp-20260316.htm"",""primaryDocDescription"":""8-K""}"
"[""0000004962"",""0000004962-26-000112""]","0000004962","submissions-0000004962","0000004962-26-000112","2026-03-02","2026-03-02","8-K","8.01,9.01","axp-20260302.htm","https://www.sec.gov/Archives/edgar/data/4962/000000496226000112/axp-20260302.htm","/filings/recent/16","{""accessionNumber"":""0000004962-26-000112"",""filingDate"":""2026-03-02"",""reportDate"":""2026-03-02"",""acceptanceDateTime"":""2026-03-03T02:18:58.000Z"",""act"":""34"",""form"":""8-K"",""fileNumber"":""001-07657"",""filmNumber"":""26707923"",""items"":""8.01,9.01"",""core_type"":""XBRL"",""size"":205705,""isXBRL"":1,""isInlineXBRL"":1,""isXBRLNumeric"":null,""primaryDocument"":""axp-20260302.htm"",""primaryDocDescription"":""8-K""}"
"[""0000004962"",""0000004962-26-000107""]","0000004962","submissions-0000004962","0000004962-26-000107","2026-02-25","2026-02-25","8-K","7.01","axp-20260225.htm","https://www.sec.gov/Archives/edgar/data/4962/000000496226000107/axp-20260225.htm","/filings/recent/17","{""accessionNumber"":""0000004962-26-000107"",""filingDate"":""2026-02-25"",""reportDate"":""2026-02-25"",""acceptanceDateTime"":""2026-02-25T19:03:16.000Z"",""act"":""34"",""form"":""8-K"",""fileNumber"":""001-07657"",""filmNumber"":""26674537"",""items"":""7.01"",""core_type"":""XBRL"",""size"":185460,""isXBRL"":1,""isInlineXBRL"":1,""isXBRLNumeric"":null,""primaryDocument"":""axp-20260225.htm"",""primaryDocDescription"":""8-K""}"
"[""0000004962"",""0000004962-26-000102""]","0000004962","submissions-0000004962","0000004962-26-000102","2026-02-17","2026-02-17","8-K","7.01","axp-20260217.htm","https://www.sec.gov/Archives/edgar/data/4962/000000496226000102/axp-20260217.htm","/filings/recent/18","{""accessionNumber"":""0000004962-26-000102"",""filingDate"":""2026-02-17"",""reportDate"":""2026-02-17"",""acceptanceDateTime"":""2026-02-17T22:00:34.000Z"",""act"":""34"",""form"":""8-K"",""fileNumber"":""001-07657"",""filmNumber"":""26638544"",""items"":""7.01"",""core_type"":""XBRL"",""size"":221967,""isXBRL"":1,""isInlineXBRL"":1,""isXBRLNumeric"":null,""primaryDocument"":""axp-20260217.htm"",""primaryDocDescription"":""8-K""}"
"[""0000004962"",""0000004962-26-000094""]","0000004962","submissions-0000004962","0000004962-26-000094","2026-02-10","2026-02-10","8-K","8.01,9.01","axp-20260210.htm","https://www.sec.gov/Archives/edgar/data/4962/000000496226000094/axp-20260210.htm","/filings/recent/19","{""accessionNumber"":""0000004962-26-000094"",""filingDate"":""2026-02-10"",""reportDate"":""2026-02-10"",""acceptanceDateTime"":""2026-02-11T01:32:52.000Z"",""act"":""34"",""form"":""8-K"",""fileNumber"":""001-07657"",""filmNumber"":""26615637"",""items"":""8.01,9.01"",""core_type"":""XBRL"",""size"":219726,""isXBRL"":1,""isInlineXBRL"":1,""isXBRLNumeric"":null,""primaryDocument"":""axp-20260210.htm"",""primaryDocDescription"":""8-K""}"
"[""0000004962"",""0000004962-26-000037""]","0000004962","submissions-0000004962","0000004962-26-000037","2026-01-30","2026-01-30","8-K","2.02,7.01,9.01","axp-20260130.htm","https://www.sec.gov/Archives/edgar/data/4962/000000496226000037/axp-20260130.htm","/filings/recent/20","{""accessionNumber"":""0000004962-26-000037"",""filingDate"":""2026-01-30"",""reportDate"":""2026-01-30"",""acceptanceDateTime"":""2026-01-30T17:00:34.000Z"",""act"":""34"",""form"":""8-K"",""fileNumber"":""001-07657"",""filmNumber"":""26580511"",""items"":""2.02,7.01,9.01"",""core_type"":""XBRL"",""size"":2720329,""isXBRL"":1,""isInlineXBRL"":1,""isXBRLNumeric"":null,""primaryDocument"":""axp-20260130.htm"",""primaryDocDescription"":""8-K""}"
"[""0000004962"",""0000004962-26-000028""]","0000004962","submissions-0000004962","0000004962-26-000028","2026-01-15","2026-01-15","8-K","7.01","axp-20260115.htm","https://www.sec.gov/Archives/edgar/data/4962/000000496226000028/axp-20260115.htm","/filings/recent/21","{""accessionNumber"":""0000004962-26-000028"",""filingDate"":""2026-01-15"",""reportDate"":""2026-01-15"",""acceptanceDateTime"":""2026-01-15T22:01:07.000Z"",""act"":""34"",""form"":""8-K"",""fileNumber"":""001-07657"",""filmNumber"":""26535314"",""items"":""7.01"",""core_type"":""XBRL"",""size"":234491,""isXBRL"":1,""isInlineXBRL"":1,""isXBRLNumeric"":null,""primaryDocument"":""axp-20260115.htm"",""primaryDocDescription"":""8-K""}"
"[""0000004962"",""0000004962-25-000265""]","0000004962","submissions-0000004962","0000004962-25-000265","2025-12-15","2025-12-15","8-K","7.01","axp-20251215.htm","https://www.sec.gov/Archives/edgar/data/4962/000000496225000265/axp-20251215.htm","/filings/recent/22","{""accessionNumber"":""0000004962-25-000265"",""filingDate"":""2025-12-15"",""reportDate"":""2025-12-15"",""acceptanceDateTime"":""2025-12-15T22:00:56.000Z"",""act"":""34"",""form"":""8-K"",""fileNumber"":""001-07657"",""filmNumber"":""251570562"",""items"":""7.01"",""core_type"":""XBRL"",""size"":221929,""isXBRL"":1,""isInlineXBRL"":1,""isXBRLNumeric"":null,""primaryDocument"":""axp-20251215.htm"",""primaryDocDescription"":""8-K""}"
"[""0000004962"",""0000004962-25-000259""]","0000004962","submissions-0000004962","0000004962-25-000259","2025-11-17","2025-11-17","8-K","7.01","axp-20251117.htm","https://www.sec.gov/Archives/edgar/data/4962/000000496225000259/axp-20251117.htm","/filings/recent/23","{""accessionNumber"":""0000004962-25-000259"",""filingDate"":""2025-11-17"",""reportDate"":""2025-11-17"",""acceptanceDateTime"":""2025-11-17T22:01:01.000Z"",""act"":""34"",""form"":""8-K"",""fileNumber"":""001-07657"",""filmNumber"":""251490098"",""items"":""7.01"",""core_type"":""XBRL"",""size"":222930,""isXBRL"":1,""isInlineXBRL"":1,""isXBRLNumeric"":null,""primaryDocument"":""axp-20251117.htm"",""primaryDocDescription"":""8-K""}"
"[""0000004962"",""0000004962-25-000231""]","0000004962","submissions-0000004962","0000004962-25-000231","2025-10-24","2025-10-24","8-K","8.01,9.01","axp-20251024.htm","https://www.sec.gov/Archives/edgar/data/4962/000000496225000231/axp-20251024.htm","/filings/recent/24","{""accessionNumber"":""0000004962-25-000231"",""filingDate"":""2025-10-24"",""reportDate"":""2025-10-24"",""acceptanceDateTime"":""2025-10-24T22:01:05.000Z"",""act"":""34"",""form"":""8-K"",""fileNumber"":""001-07657"",""filmNumber"":""251415579"",""items"":""8.01,9.01"",""core_type"":""XBRL"",""size"":215705,""isXBRL"":1,""isInlineXBRL"":1,""isXBRLNumeric"":null,""primaryDocument"":""axp-20251024.htm"",""primaryDocDescription"":""8-K""}"
"[""0000004962"",""0000004962-25-000218""]","0000004962","submissions-0000004962","0000004962-25-000218","2025-10-17","2025-10-17","8-K","2.02,7.01,9.01","axp-20251017.htm","https://www.sec.gov/Archives/edgar/data/4962/000000496225000218/axp-20251017.htm","/filings/recent/25","{""accessionNumber"":""0000004962-25-000218"",""filingDate"":""2025-10-17"",""reportDate"":""2025-10-17"",""acceptanceDateTime"":""2025-10-17T15:00:35.000Z"",""act"":""34"",""form"":""8-K"",""fileNumber"":""001-07657"",""filmNumber"":""251398889"",""items"":""2.02,7.01,9.01"",""core_type"":""XBRL"",""size"":1964180,""isXBRL"":1,""isInlineXBRL"":1,""isXBRLNumeric"":null,""primaryDocument"":""axp-20251017.htm"",""primaryDocDescription"":""8-K""}"
"[""0000004962"",""0000004962-25-000210""]","0000004962","submissions-0000004962","0000004962-25-000210","2025-10-15","2025-10-15","8-K","7.01","axp-20251015.htm","https://www.sec.gov/Archives/edgar/data/4962/000000496225000210/axp-20251015.htm","/filings/recent/26","{""accessionNumber"":""0000004962-25-000210"",""filingDate"":""2025-10-15"",""reportDate"":""2025-10-15"",""acceptanceDateTime"":""2025-10-15T20:23:17.000Z"",""act"":""34"",""form"":""8-K"",""fileNumber"":""001-07657"",""filmNumber"":""251394116"",""items"":""7.01"",""core_type"":""XBRL"",""size"":231452,""isXBRL"":1,""isInlineXBRL"":1,""isXBRLNumeric"":null,""primaryDocument"":""axp-20251015.htm"",""primaryDocDescription"":""8-K""}"
"[""0000077476"",""0000077476-26-000042""]","0000077476","submissions-0000077476","0000077476-26-000042","2026-09-17","2026-09-17","8-K","5.02","pep-20260917.htm","https://www.sec.gov/Archives/edgar/data/77476/000007747626000042/pep-20260917.htm","/filings/recent/0","{""accessionNumber"":""0000077476-26-000042"",""filingDate"":""2026-09-17"",""reportDate"":""2026-09-17"",""acceptanceDateTime"":""2026-09-18T01:10:36.000Z"",""act"":""34"",""form"":""8-K"",""fileNumber"":""001-01183"",""filmNumber"":""261387689"",""items"":""5.02"",""core_type"":""XBRL"",""size"":305872,""isXBRL"":1,""isInlineXBRL"":1,""isXBRLNumeric"":0,""primaryDocument"":""pep-20260917.htm"",""primaryDocDescription"":""8-K""}"
"[""0000077476"",""0000077476-26-000037""]","0000077476","submissions-0000077476","0000077476-26-000037","2026-07-09","2026-07-09","8-K","2.02,9.01","pep-20260709.htm","https://www.sec.gov/Archives/edgar/data/77476/000007747626000037/pep-20260709.htm","/filings/recent/1","{""accessionNumber"":""0000077476-26-000037"",""filingDate"":""2026-07-09"",""reportDate"":""2026-07-09"",""acceptanceDateTime"":""2026-07-09T01:55:54.000Z"",""act"":""34"",""form"":""8-K"",""fileNumber"":""001-01183"",""filmNumber"":""261163404"",""items"":""2.02,9.01"",""core_type"":""XBRL"",""size"":1452605,""isXBRL"":1,""isInlineXBRL"":1,""isXBRLNumeric"":0,""primaryDocument"":""pep-20260709.htm"",""primaryDocDescription"":""8-K""}"
"[""0000077476"",""0001104659-26-065758""]","0000077476","submissions-0000077476","0001104659-26-065758","2026-05-22","2026-05-22","8-K","8.01,9.01","tm2615167d1_8k.htm","https://www.sec.gov/Archives/edgar/data/77476/000110465926065758/tm2615167d1_8k.htm","/filings/recent/2","{""accessionNumber"":""0001104659-26-065758"",""filingDate"":""2026-05-22"",""reportDate"":""2026-05-22"",""acceptanceDateTime"":""2026-05-23T00:30:39.000Z"",""act"":""34"",""form"":""8-K"",""fileNumber"":""001-01183"",""filmNumber"":""261014409"",""items"":""8.01,9.01"",""core_type"":""XBRL"",""size"":1901682,""isXBRL"":1,""isInlineXBRL"":1,""isXBRLNumeric"":0,""primaryDocument"":""tm2615167d1_8k.htm"",""primaryDocDescription"":""FORM 8-K""}"
"[""0000077476"",""0000077476-26-000024""]","0000077476","submissions-0000077476","0000077476-26-000024","2026-05-08","2026-05-06","8-K","5.07","pep-20260506.htm","https://www.sec.gov/Archives/edgar/data/77476/000007747626000024/pep-20260506.htm","/filings/recent/3","{""accessionNumber"":""0000077476-26-000024"",""filingDate"":""2026-05-08"",""reportDate"":""2026-05-06"",""acceptanceDateTime"":""2026-05-09T00:19:16.000Z"",""act"":""34"",""form"":""8-K"",""fileNumber"":""001-01183"",""filmNumber"":""26958656"",""items"":""5.07"",""core_type"":""XBRL"",""size"":341559,""isXBRL"":1,""isInlineXBRL"":1,""isXBRLNumeric"":0,""primaryDocument"":""pep-20260506.htm"",""primaryDocDescription"":""8-K""}"
"[""0000077476"",""0000077476-26-000019""]","0000077476","submissions-0000077476","0000077476-26-000019","2026-04-16","2026-04-16","8-K","2.02,9.01","pep-20260416.htm","https://www.sec.gov/Archives/edgar/data/77476/000007747626000019/pep-20260416.htm","/filings/recent/4","{""accessionNumber"":""0000077476-26-000019"",""filingDate"":""2026-04-16"",""reportDate"":""2026-04-16"",""acceptanceDateTime"":""2026-04-16T02:01:12.000Z"",""act"":""34"",""form"":""8-K"",""fileNumber"":""001-01183"",""filmNumber"":""26865153"",""items"":""2.02,9.01"",""core_type"":""XBRL"",""size"":979037,""isXBRL"":1,""isInlineXBRL"":1,""isXBRLNumeric"":0,""primaryDocument"":""pep-20260416.htm"",""primaryDocDescription"":""8-K""}"
"[""0000077476"",""0001104659-26-013379""]","0000077476","submissions-0000077476","0001104659-26-013379","2026-02-11","2026-02-11","8-K","8.01,9.01","tm265086d1_8k.htm","https://www.sec.gov/Archives/edgar/data/77476/000110465926013379/tm265086d1_8k.htm","/filings/recent/5","{""accessionNumber"":""0001104659-26-013379"",""filingDate"":""2026-02-11"",""reportDate"":""2026-02-11"",""acceptanceDateTime"":""2026-02-12T02:15:36.000Z"",""act"":""34"",""form"":""8-K"",""fileNumber"":""001-01183"",""filmNumber"":""26620924"",""items"":""8.01,9.01"",""core_type"":""XBRL"",""size"":813928,""isXBRL"":1,""isInlineXBRL"":1,""isXBRLNumeric"":null,""primaryDocument"":""tm265086d1_8k.htm"",""primaryDocDescription"":""FORM 8-K""}"
"[""0000077476"",""0000077476-26-000009""]","0000077476","submissions-0000077476","0000077476-26-000009","2026-02-03","2026-02-03","8-K","2.02,9.01","pep-20260203.htm","https://www.sec.gov/Archives/edgar/data/77476/000007747626000009/pep-20260203.htm","/filings/recent/6","{""accessionNumber"":""0000077476-26-000009"",""filingDate"":""2026-02-03"",""reportDate"":""2026-02-03"",""acceptanceDateTime"":""2026-02-03T04:12:16.000Z"",""act"":""34"",""form"":""8-K"",""fileNumber"":""001-01183"",""filmNumber"":""26589299"",""items"":""2.02,9.01"",""core_type"":""XBRL"",""size"":1751959,""isXBRL"":1,""isInlineXBRL"":1,""isXBRLNumeric"":null,""primaryDocument"":""pep-20260203.htm"",""primaryDocDescription"":""8-K""}"
"[""0000077476"",""0000077476-25-000062""]","0000077476","submissions-0000077476","0000077476-25-000062","2025-12-15","2025-12-15","8-K","5.02","pep-20251215.htm","https://www.sec.gov/Archives/edgar/data/77476/000007747625000062/pep-20251215.htm","/filings/recent/7","{""accessionNumber"":""0000077476-25-000062"",""filingDate"":""2025-12-15"",""reportDate"":""2025-12-15"",""acceptanceDateTime"":""2025-12-15T18:00:55.000Z"",""act"":""34"",""form"":""8-K"",""fileNumber"":""001-01183"",""filmNumber"":""251570072"",""items"":""5.02"",""core_type"":""XBRL"",""size"":279631,""isXBRL"":1,""isInlineXBRL"":1,""isXBRLNumeric"":null,""primaryDocument"":""pep-20251215.htm"",""primaryDocDescription"":""8-K""}"
"[""0000077476"",""0000077476-25-000059""]","0000077476","submissions-0000077476","0000077476-25-000059","2025-12-08","2025-12-08","8-K","7.01,9.01","pep-20251208.htm","https://www.sec.gov/Archives/edgar/data/77476/000007747625000059/pep-20251208.htm","/filings/recent/8","{""accessionNumber"":""0000077476-25-000059"",""filingDate"":""2025-12-08"",""reportDate"":""2025-12-08"",""acceptanceDateTime"":""2025-12-09T02:34:02.000Z"",""act"":""34"",""form"":""8-K"",""fileNumber"":""001-01183"",""filmNumber"":""251556528"",""items"":""7.01,9.01"",""core_type"":""XBRL"",""size"":395768,""isXBRL"":1,""isInlineXBRL"":1,""isXBRLNumeric"":null,""primaryDocument"":""pep-20251208.htm"",""primaryDocDescription"":""8-K""}"
"[""0000077476"",""0000077476-25-000055""]","0000077476","submissions-0000077476","0000077476-25-000055","2025-10-09","2025-10-03","8-K","2.02,5.02,9.01","pep-20251003.htm","https://www.sec.gov/Archives/edgar/data/77476/000007747625000055/pep-20251003.htm","/filings/recent/9","{""accessionNumber"":""0000077476-25-000055"",""filingDate"":""2025-10-09"",""reportDate"":""2025-10-03"",""acceptanceDateTime"":""2025-10-09T03:16:09.000Z"",""act"":""34"",""form"":""8-K"",""fileNumber"":""001-01183"",""filmNumber"":""251383380"",""items"":""2.02,5.02,9.01"",""core_type"":""XBRL"",""size"":1591271,""isXBRL"":1,""isInlineXBRL"":1,""isXBRLNumeric"":null,""primaryDocument"":""pep-20251003.htm"",""primaryDocDescription"":""8-K""}"
